participant id	Opportunities should be just as open to women as men.	Women and men have different strengths.	Females are just as capable as males.	Everybody should have the right to live regardless of gender.	Gender never makes someone look dull instead it makes a person look lively.	Public and private institutions should hire people based on skills not gender to achieve positive economic impact.	Gender equality is not inline with religion.	Education empowers a business and further education among women benefits an employer.	Gender inequality is the main source of sexual harrasment in various countries.	Abolition of gender discriminating laws.	The bibles role models are dumb and should be discarded.	Gender equality provides empowerment for everyone.	Women should be able to move up in the workplace without discrimination.	What a man can do a woman can do better.	Females and males are equal.	Everybody should have the right to work regardless of gender.	You should be judged on who you are not your gender.	Gender equality is desired by the majority of people.	Places don't hire people based on gender.	People shouldn't look at things such as man or woman.	Every gender should have specific duties and rights.	Gender inequality affects both genders.	Gender should be overlooked when choosing criteria comes in.	Gender inequality must be eliminated.	Decreasing the importance of women in the workforce does not improve work performances.	When a woman is educated she lifts the community and the nation.	Women are the mothers of the society.	We should have more campaigns against gender discrimination.	Gender quotas support economic growth.	Women fought hard for rights and should be treated as equals.	Men need women.	Not having good role models make children to fall into crimes.	Gender equiality is a must.	All people should be treated equally.	Women are often discriminated against in the workforce and that needs to change.	Men and women have innate differences.	Everyone is equal.	Women should be given a chance like men.	Families were stronger when women stayed home and only the men worked.	Gender discrimination should be frown at.	Gender equality is against religion.	God created man and woman to be together.	The wage gap is a made up thing.	Gender equality is a global need.	It is a woman's choice to be educated or a mother.	Gender does not prevent females to do what the want.	Women and men should be treated the same.	There are some jobs that women are better suited for just as there are some jobs men are better suited for.	Instead of fighting for gender equality, we must fight for gender equity.	Everybody should be treated equally regardless of gender.	The society has to understand that women are equal to men.	Women should have more access to affordable childcare.	Women can be as good workers as men.	Women should not be in the army (direct combat forces).	Gender Equality exposes women to risks.	Women should be treated as men.	Gender equality is the state of equal ease of access to resources and opportunities regardless of gender.	Human right can be achieved regardless of gender equality.	Sanctions should be applied to gender discriminators.	Women should have the same opportunities as men.	What's good for a man is also good for a woman.	Womenâ€™s rights have well found legal basis.	No one should judge a person by their gender.	Sexism in the workplace is a thing of the past.	The rights of women are equal to those of men.	Gender equality is about the acceptance of role models.	Gender equality is part of human rights.	Women should be paid the same as men.	There is no such thing as a glass ceiling anymore.	A family must have a paternal and maternal figure.	Women should be paid less because they are more expensive employees.	Women should be paid equal to men.	Public and private institutions should hire people based.	Hiring should be done on a person's talent and not their gender.	Gender equality has come a long way.	Companies should promote gender equity.	Gender inequality hinders the rights of people.	More women are becoming better educated than men.	There is no clear link between having gender quotas and economic growth.	Human rights cannot be achieved until there is gender equality.	Women should have the same rights as men.	Women are just as capable as men.	If someone wants to hire a male over a female then let them.	Not having a family in classic role models does not set a good example for the child.	Wages should not be based on gender.	Recognition in professional contribution must be evaluated by the ability and skill of the individual, not by their gender.	A woman's physical condition makes her unsuitable for certain jobs.	Gender equality is a basic human right.	Women can be as successful as men.	Gender equality can cause problems with the Constitution.	The condition of woman's mother makes her different from men.	Equality is not limited by law.	Women are more powerful than men.	Education empowers women and girls as well as the employment community.	We should promote the inclusion of women in men's activities.	Women are more capable than men for many things.	Gender Equality can generate great advances.	Women need men.	Women should be able to have the same opportunities as men.	Public and private institutions should hire people based on skills not gender.	We shouldnâ€™t oppose biblical roles of husbands & wives.	Women are usually stereotyped into the housewife role.	Woman should be provided the sam benefits as a man for doing the same job.	Sexual harrasment has done more harm to women.	Women should have the same right as men.	Women are as important as men.	Women can be bread winners in the household.	The society needs woman.	Gender equality is good for the society.	Men can easily be home stay at home dads.	Same rights same duties.	If women want to be paid the same as men, then they need to work just as hard.	A woman is a man's best friend.	Gender equality is a desired, possible and realistic goal.	Gender equality is stupid.	Feminists are way too out of proportions.	A woman should have the right to choose her own path.	Women should have the same rights than men.	There are laws that should be better enforced to protect womens rights.	The training of women in scientific knowledge gives them legitimacy to defend themselves and dismantle negative stereotypes.	Women are not taken seriously in business.	Employers benefit when hiring based an skill and capability, not gender.	Women who choose to be stay at home mothers should not be looked down on by society.	A women should be hired and promoted based on merit alone.	If a female wants to work and the guy wants to stay home, who cares.	Women can be as hard workers as men.	Skills and qualifications should matter more than gender.	Feminism is nothing but a male bashing movement.	Gender equality opens opportunities for the female community.	Mens should help their wifes at home duties.	faultyAD	faultyBW	participant id	age	gender	affiliation	education	family status	profession	race	religion	ties2overseas	US citizen
42703498	0	0	0	0	0	0	1	0	0	0	1	0	0	0	0	0	0	0	0	0	1	1	0	1	1	1	0	0	0	0	1	0	0	1	1	1	1	0	0	0	1	0	0	1	0	0	0	1	1	0	0	1	0	0	0	0	0	1	1	0	1	1	1	1	1	1	1	0	0	0	0	0	0	1	0	0	0	0	0	0	0	0	0	0	1	0	0	1	1	1	1	1	0	0	1	0	0	0	0	0	0	0	0	0	0	0	0	0	0	0	0	1	0	0	0	1	0	0	0	0	0	1	1	1	0	1	1	0	0	0	0	1	
22139728	0	0	0	0	0	1	1	0	0	0	0	0	0	0	0	0	1	0	0	1	1	1	1	1	0	0	0	1	0	0	0	1	1	0	0	0	1	0	0	1	1	1	1	1	1	0	0	1	0	0	0	0	1	0	1	0	1	1	1	1	0	1	0	0	0	0	1	0	1	0	0	0	0	0	0	0	0	0	0	0	0	0	0	1	0	0	1	0	0	0	0	0	0	0	0	0	1	-1	1	1	1	1	1	1	0	1	0	0	1	-1	0	0	0	1	1	0	0	1	1	1	1	0	0	0	0	0	0	1	0	0	0	16	22139728	32	female	democrat	master	single_living_alone	employee	black_or_african_american	other:Christian	yes	yes
43856538	0	0	1	1	1	0	0	1	1	0	0	0	0	0	0	0	0	0	1	1	0	0	0	0	1	1	1	1	0	0	0	0	1	1	1	1	0	0	0	0	0	0	0	0	0	0	1	0	0	0	0	1	0	0	0	1	1	0	0	1	0	1	0	0	0	0	0	0	0	0	0	0	0	0	0	1	0	1	0	0	0	1	0	0	0	0	0	0	0	0	0	0	0	1	1	0	0	0	0	0	0	0	1	0	1	0	0	0	0	0	0	0	0	0	0	0	0	0	0	1	1	0	0	0	0	1	0	0	1	1	0	7	
43736722	0	0	0	0	0	0	0	0	0	0	0	0	0	0	-1	0	0	0	1	0	0	0	0	0	0	0	0	1	0	0	0	0	0	0	0	0	0	0	0	0	0	0	0	0	0	0	0	0	0	-1	0	0	0	0	0	0	0	0	0	0	0	0	0	0	-1	1	-1	1	0	0	0	0	0	0	0	-1	-1	1	1	1	0	0	0	0	0	0	0	0	0	0	1	0	0	0	0	0	0	0	0	0	-1	0	0	0	0	0	0	-1	0	0	0	0	0	0	0	0	0	0	0	0	1	1	-1	-1	0	0	0	0	0	0	0	1	43736722	22	female	independent	some_college	single_living_alone	employee	hispanic_american	other:Christian	yes	no
43860631	1	1	0	0	0	1	-1	0	1	1	1	0	1	0	1	1	-1	1	0	1	-1	0	1	0	0	1	1	1	0	0	1	1	1	1	1	1	1	1	-1	1	0	0	0	1	-1	0	0	1	0	0	1	0	0	-1	0	1	0	1	1	0	1	0	0	-1	0	1	0	1	1	0	1	1	0	1	0	0	0	0	0	1	0	0	1	0	0	1	0	1	1	0	1	1	1	0	0	1	1	0	0	0	0	1	1	1	1	1	1	1	1	1	1	1	1	0	0	1	1	1	1	1	0	1	-1	0	1	1	1	-1	1	1	4	10	
5007431	1	0	0	0	1	1	0	0	-1	0	0	0	1	-1	-1	1	1	1	-1	-1	0	0	0	0	0	0	0	0	0	0	0	0	0	0	0	0	0	0	-1	0	-1	0	0	0	0	0	0	0	1	0	0	0	0	0	0	0	0	0	0	0	0	0	0	0	1	0	0	0	0	1	0	1	0	1	1	1	0	0	0	0	0	1	0	0	0	0	0	1	1	-1	-1	1	0	0	0	0	0	1	0	0	0	0	0	0	0	0	1	0	0	0	0	0	-1	0	0	0	0	0	0	0	0	0	0	1	0	0	0	0	1	0	1	0	
42468998	1	1	0	-1	1	-1	1	1	1	0	0	0	1	0	-1	0	0	0	0	0	1	0	0	1	0	0	0	0	0	0	0	0	-1	1	0	0	-1	1	1	0	1	0	0	0	0	1	0	1	1	0	0	0	0	0	0	0	0	0	0	0	0	0	0	1	-1	0	0	0	1	0	0	1	1	1	1	0	0	-1	1	0	1	1	0	1	0	0	0	0	0	0	0	1	-1	1	1	1	1	0	0	1	0	0	0	0	0	0	1	0	-1	1	0	0	1	0	0	-1	0	0	1	0	0	0	0	1	0	0	0	0	0	0	1	0	
27914150	1	-1	1	1	0	0	0	0	0	0	0	0	0	0	0	0	0	0	0	0	-1	1	1	1	0	0	0	0	0	0	0	0	0	0	0	0	0	0	0	0	-1	-1	-1	1	0	0	0	0	0	0	0	0	1	0	0	0	0	0	0	0	0	0	0	0	0	0	0	0	0	0	0	0	0	0	0	0	0	0	0	0	0	0	0	0	0	0	0	0	0	0	0	0	0	0	0	0	0	0	0	0	0	0	0	0	0	1	0	0	0	0	0	0	0	0	-1	0	0	0	0	1	0	0	0	0	0	0	0	0	0	0	0	0	
38548574	0	0	0	0	0	0	0	0	0	0	0	0	0	0	0	0	0	0	0	0	0	0	0	0	0	0	0	0	0	0	0	0	0	0	0	0	0	0	0	0	0	0	0	0	0	0	0	0	0	0	0	0	0	0	0	0	0	0	0	0	0	0	0	0	0	0	0	0	0	0	0	0	0	0	0	0	0	0	0	0	0	0	0	0	1	1	-1	1	0	0	0	0	0	0	0	0	0	0	0	0	0	0	0	0	0	0	0	0	0	0	0	0	0	0	0	0	0	0	0	0	0	0	0	0	0	0	0	0	0	0	0	1	
27748798	0	0	1	0	0	1	0	0	0	0	0	0	0	0	0	0	0	0	-1	-1	0	0	0	0	0	1	0	0	0	0	0	0	-1	0	1	1	0	0	-1	0	0	0	0	0	0	0	1	0	0	0	0	0	0	-1	0	0	0	0	0	0	0	0	0	0	0	0	0	0	0	0	0	0	0	0	0	0	0	0	0	0	0	0	0	0	0	0	0	0	0	0	0	0	-1	0	0	-1	1	1	1	1	0	0	0	0	1	0	0	0	0	0	0	0	0	1	0	0	1	0	0	0	0	0	0	0	0	0	0	0	0	0	0	1	
1933319	0	0	0	0	0	0	0	0	0	0	0	0	0	0	0	0	0	0	0	0	0	0	0	0	0	0	0	0	0	0	0	0	0	0	0	0	0	0	0	0	0	0	0	0	0	0	0	0	0	0	0	0	0	0	0	0	0	0	0	0	0	0	0	0	1	-1	1	1	0	0	0	0	0	0	0	0	0	0	0	0	0	0	0	0	0	0	0	0	0	0	0	0	0	0	0	0	0	0	0	0	0	0	0	0	0	0	0	0	0	0	0	0	0	0	0	0	0	0	0	0	0	0	0	0	0	0	0	0	0	0	0	1	1933319	37	male	independent	some_college	single_living_alone	employee	white	Protestant	yes	yes
14070474	0	0	0	0	0	0	0	0	0	0	0	0	0	0	0	0	0	0	0	0	0	0	0	0	0	0	-1	0	0	0	0	0	0	0	0	0	0	0	0	0	0	0	0	0	0	0	0	0	0	0	0	0	0	0	0	0	0	0	0	0	0	0	0	0	0	0	0	0	0	1	0	0	0	0	0	0	0	0	0	0	0	0	0	0	0	0	0	0	0	0	1	0	0	0	0	0	0	0	0	0	0	0	0	0	0	0	0	0	0	0	0	0	0	0	0	0	0	0	-1	0	0	0	0	0	0	0	0	0	0	0	0	0	14070474	69	female	republican	bachelor	single_living_with_partner	employee	white	Protestant	no	yes
41966239	0	0	0	0	0	0	0	0	0	0	0	0	0	0	0	0	0	0	0	0	0	0	0	0	0	0	0	0	0	0	0	0	0	0	0	0	0	0	0	0	0	0	0	0	0	0	0	0	0	0	0	0	0	0	0	0	0	0	0	0	0	0	0	0	0	0	0	0	0	0	0	0	0	0	0	0	0	0	0	0	0	0	0	0	1	0	0	0	0	0	0	0	1	0	0	0	0	0	0	0	0	0	0	0	0	0	0	0	0	0	0	0	0	0	0	0	0	0	0	0	0	0	1	0	0	0	0	0	0	1	0	0	
21467491	0	0	0	0	0	0	0	0	0	0	0	0	0	0	0	0	0	0	0	0	0	0	0	0	0	0	1	0	0	0	0	0	0	0	0	0	0	0	0	0	0	0	0	0	0	0	0	0	0	0	0	0	0	0	0	0	0	0	0	0	0	0	0	0	0	0	0	0	0	-1	0	0	0	0	0	0	0	0	0	0	0	0	0	0	0	0	0	0	0	0	1	0	0	0	0	0	0	0	0	0	0	0	0	0	0	0	0	0	0	0	0	0	0	0	0	0	0	0	1	0	0	0	0	0	0	0	0	0	0	0	0	0	21467491	41	female	democrat	vocational_secondary_certification	single_living_with_partner	employee	other	other:baptist	no	yes
43837109	0	0	0	0	0	1	1	0	0	0	0	0	0	0	0	0	1	0	0	-1	1	1	1	1	0	0	0	1	0	1	0	1	1	0	0	0	0	0	0	1	1	1	0	1	1	0	0	1	0	0	0	0	1	0	-1	0	1	1	1	1	0	1	0	0	0	0	1	0	1	0	0	0	0	0	0	0	0	0	0	1	0	0	0	0	0	0	1	0	0	0	0	0	0	0	0	0	1	1	0	1	1	1	1	1	0	1	0	0	1	-1	0	0	0	1	1	0	0	1	1	1	-1	0	0	0	0	0	0	1	0	0	3	2	
19302668	1	1	0	0	0	0	0	1	1	1	-1	1	0	0	0	0	1	1	0	0	0	0	0	1	1	0	1	0	0	0	1	1	1	1	0	-1	0	1	0	1	0	0	0	0	0	-1	1	0	0	0	1	0	1	-1	0	-1	0	-1	1	1	0	0	0	-1	0	-1	0	-1	0	0	0	0	0	1	0	1	1	0	0	0	1	0	-1	0	1	1	-1	1	0	0	0	-1	-1	0	0	-1	1	1	0	1	0	0	0	0	1	1	1	1	1	1	0	1	-1	0	-1	-1	0	1	0	0	0	1	0	0	1	1	1	-1	0	1	3	2	19302668	44	female	democrat	high_school	married	employee	white	other:Christian	no	yes
20244740	1	1	0	0	0	0	1	0	0	0	0	1	1	-1	-1	1	0	0	0	0	1	0	0	0	0	-1	-1	0	0	0	-1	0	0	1	-1	0	1	0	0	0	0	0	0	1	0	0	0	-1	0	0	0	0	0	0	0	0	0	0	0	0	-1	0	1	-1	1	0	0	0	0	0	0	1	-1	1	0	0	0	0	0	1	0	1	0	0	1	0	0	0	1	0	0	1	0	0	1	0	0	0	0	0	0	0	0	0	0	0	1	0	0	0	0	0	-1	0	0	-1	0	0	0	0	0	1	1	-1	-1	-1	1	0	0	0	2	5	
43676331	0	0	1	0	0	0	0	1	0	0	0	0	0	0	0	0	0	0	1	0	0	0	0	0	1	1	1	1	0	0	0	0	0	0	0	0	0	0	0	0	0	0	0	0	0	0	0	0	0	0	0	0	0	0	0	0	0	0	0	0	0	1	0	0	0	0	0	0	0	0	0	0	0	0	0	0	0	0	0	0	0	0	0	0	0	0	0	0	0	0	0	0	0	0	0	0	0	0	0	0	0	0	0	0	0	0	0	0	0	0	0	0	0	0	0	0	0	0	0	0	0	0	0	0	0	0	0	0	0	0	0	0	
33708599	0	0	0	0	0	1	0	0	0	0	0	0	0	-1	1	0	0	0	-1	-1	-1	-1	1	1	0	0	0	1	-1	0	1	0	1	0	0	0	0	0	0	0	-1	-1	-1	1	1	0	0	0	0	1	0	0	1	0	0	0	0	0	0	0	0	0	1	0	1	-1	1	1	0	0	0	0	1	0	1	1	1	-1	1	1	1	0	0	0	0	1	0	0	0	0	-1	0	0	0	1	-1	1	-1	1	1	-1	0	0	0	0	1	0	1	0	0	0	0	0	1	-1	0	0	0	0	-1	1	1	1	1	0	0	0	0	1	0	0	0	33708599	31	female	none	bachelor	single_living_with_partner	employee	white	other:Non religious	yes	yes
39021669	1	0	0	0	0	1	0	0	0	0	-1	0	1	-1	1	1	0	0	-1	0	0	1	0	0	0	0	0	-1	-1	0	1	1	0	0	0	0	0	0	0	0	0	0	0	0	0	0	1	0	0	1	0	0	1	0	0	0	0	0	0	1	0	0	1	0	1	1	1	1	0	0	0	0	0	0	0	1	1	1	-1	1	1	1	1	0	0	1	0	0	0	0	-1	1	0	0	0	0	0	1	0	1	-1	0	0	0	0	1	1	1	0	1	0	0	0	0	0	0	0	0	0	0	1	1	1	1	0	0	0	0	1	0	1	2	39021669	43	female	democrat	vocational_secondary_certification	single_living_with_partner	employee	other	Roman Catholic	yes	yes
34070076	1	1	0	0	-1	1	-1	1	0	0	0	0	0	1	0	1	0	0	0	0	1	0	1	1	0	0	1	0	0	1	0	0	0	0	0	0	1	0	-1	0	-1	1	0	0	0	0	0	0	-1	1	1	1	0	0	0	0	1	0	0	0	0	0	0	0	0	0	0	1	0	1	0	1	0	0	1	0	0	1	-1	1	0	1	-1	-1	0	0	1	0	0	0	-1	0	0	1	0	0	0	0	1	0	0	0	1	0	0	0	0	1	1	1	1	0	0	1	0	-1	1	1	1	1	0	0	0	0	1	0	0	0	1	0	0	1	34070076	30	male	none	bachelor	single_living_alone	employee	asien	Roman Catholic	yes	yes
43847840	1	0	1	0	0	1	0	0	0	0	0	0	1	1	1	1	0	0	1	0	0	1	0	0	0	1	0	1	0	0	0	0	0	0	1	1	1	0	1	0	0	0	0	0	0	0	0	0	0	1	0	0	0	0	0	0	0	-1	0	0	0	0	1	1	1	-1	1	1	0	0	0	0	1	0	0	1	1	-1	1	1	0	1	0	0	1	0	0	0	0	0	-1	0	-1	0	-1	0	0	0	0	0	1	0	0	0	0	0	1	1	0	0	0	0	0	0	0	0	1	0	0	0	0	1	0	1	0	0	1	0	1	0	0	0	43847840	31	male	democrat	bachelor	single_living_alone	selfemployed	black_or_african_american	Roman Catholic	yes	yes
31888345	1	0	1	1	0	0	0	0	0	0	0	1	1	-1	1	1	0	0	0	-1	0	1	0	0	0	0	0	0	0	0	0	0	0	0	0	0	-1	0	0	0	0	0	0	0	0	0	0	0	0	0	0	1	0	0	0	0	0	0	0	0	0	0	0	0	1	0	0	0	0	0	-1	0	0	0	0	0	0	1	0	0	0	0	0	0	0	0	0	0	0	0	0	0	0	0	-1	0	0	0	0	0	0	0	-1	0	0	0	1	0	0	0	0	0	0	1	0	0	0	0	0	0	-1	0	0	0	0	0	0	0	0	1	1	0	31888345	23	female	republican	bachelor	single_living_with_parents	unemployedseeking_employment	asien	Atheist / Agnostic	yes	yes
43855522	0	0	1	0	0	-1	0	0	1	0	0	-1	0	0	0	0	1	1	0	1	-1	1	1	1	0	0	0	0	1	1	1	0	1	0	0	0	1	0	0	0	1	1	-1	1	0	0	0	0	0	0	0	1	1	0	1	0	0	0	0	0	0	0	1	0	0	0	0	0	0	0	1	0	1	0	0	0	-1	0	0	1	1	0	0	0	1	1	0	0	0	0	0	0	-1	0	0	0	1	1	1	-1	0	0	0	0	0	1	0	0	0	0	0	0	0	1	-1	0	0	0	0	1	1	1	1	-1	0	0	0	0	1	1	0	5	43855522	26	male	democrat	bachelor	single_living_alone	employee	white	Roman Catholic	yes	yes
43943585	0	0	0	0	0	1	0	0	0	0	0	0	0	0	0	0	0	0	0	1	0	0	0	0	0	0	0	0	0	0	0	0	1	0	0	0	0	0	0	0	0	0	0	0	0	0	0	1	0	0	0	0	1	0	0	0	0	-1	0	0	0	1	0	0	0	0	0	0	0	0	0	0	0	0	0	0	0	0	0	0	0	0	0	-1	0	0	0	0	0	0	0	0	0	0	0	0	1	1	1	1	-1	1	1	1	0	1	0	0	1	0	0	0	0	1	-1	0	0	0	1	1	0	0	0	0	0	0	0	0	0	0	0	0	43943585	27	female	independent	associate_degree	single_living_alone	civil_servant	white	Atheist / Agnostic	yes	no
15193250	0	0	1	0	0	0	0	1	0	1	0	1	0	-1	0	0	0	-1	1	0	0	0	0	0	1	1	1	1	0	0	0	0	1	1	1	1	1	1	1	1	0	1	-1	0	1	1	1	1	0	0	1	0	1	1	1	1	0	-1	1	1	0	1	0	0	0	0	0	1	0	0	-1	1	1	1	1	1	0	0	1	0	0	0	0	0	1	1	-1	1	1	-1	0	0	0	0	0	0	1	0	0	0	0	0	1	1	1	0	0	1	0	0	1	1	-1	1	-1	1	0	0	0	0	0	1	0	0	1	0	0	0	0	0	0	4	
34854490	0	0	0	0	0	0	0	0	0	0	0	0	0	0	0	0	0	0	0	0	0	0	0	0	0	0	0	0	0	0	0	0	0	0	0	0	0	0	0	0	0	0	0	0	0	0	1	0	0	0	0	0	0	-1	0	0	0	0	0	0	0	0	0	0	0	0	0	0	0	0	0	0	0	0	0	0	0	0	0	0	0	0	0	0	0	0	0	0	0	0	0	0	0	0	0	-1	0	0	0	0	0	0	0	0	1	0	0	0	0	0	0	0	0	0	0	0	0	0	0	0	0	0	0	0	0	0	0	0	0	0	0	0	34854490	35	male	democrat	bachelor	single_living_with_parents	other:caregiver	asien	Atheist / Agnostic	yes	yes
43981010	0	0	0	0	0	0	0	0	0	0	0	0	0	0	0	0	0	0	0	0	0	1	0	1	0	0	0	0	0	0	0	0	0	0	-1	1	1	0	0	0	0	0	0	0	0	0	0	0	0	0	0	0	0	0	0	0	0	1	0	0	0	0	0	0	0	0	0	0	0	0	0	0	0	0	0	0	0	0	0	0	0	0	0	0	0	0	0	1	0	-1	0	0	0	0	0	0	0	0	0	0	0	0	0	0	0	0	0	0	0	0	0	0	0	0	0	0	0	0	0	0	0	0	0	0	0	0	0	0	0	0	0	0	
19638651	0	0	0	0	0	0	0	0	1	0	0	0	0	0	0	0	0	0	0	0	0	0	0	0	0	0	0	0	0	0	0	0	0	0	0	0	0	0	-1	0	0	0	0	0	0	0	0	0	0	0	0	0	0	0	0	0	0	0	0	0	0	0	0	0	0	0	0	0	0	0	0	0	-1	1	-1	1	0	0	0	0	0	0	0	0	0	0	0	0	0	0	0	0	0	0	0	0	0	0	0	0	0	0	0	0	0	0	1	0	0	0	0	0	-1	0	0	0	0	0	0	0	0	0	0	0	0	0	0	0	0	0	0	1	
11521789	1	0	0	1	1	1	-1	1	1	0	-1	0	1	0	0	0	1	1	-1	1	-1	0	1	0	0	0	0	1	-1	1	0	0	1	1	0	0	0	1	1	0	1	0	0	1	0	0	1	1	-1	0	0	1	0	0	0	0	1	0	0	0	0	0	0	0	1	0	0	0	-1	0	0	1	1	1	-1	1	0	-1	1	0	1	1	0	-1	1	0	1	1	0	0	0	1	-1	1	-1	-1	1	-1	0	1	0	0	0	1	0	0	1	0	1	1	0	0	1	0	-1	1	0	0	1	0	-1	0	1	1	0	0	0	0	0	0	1	1	11521789	54	male	republican	some_college	other:Separated	employee	asien	Protestant	yes	yes
41841195	0	0	0	0	0	0	0	0	1	0	0	0	0	0	0	0	1	-1	0	0	0	0	0	0	0	0	0	0	0	1	0	0	0	0	0	0	0	0	0	0	0	0	0	0	0	0	0	0	0	0	0	0	1	0	-1	0	0	0	0	0	0	0	0	0	0	0	0	0	0	0	0	0	0	0	0	0	1	0	0	1	1	1	-1	-1	0	0	0	0	0	0	0	0	0	0	0	0	0	0	0	0	0	0	0	0	0	0	0	0	0	0	0	0	0	0	0	0	0	0	0	0	0	0	0	0	0	0	0	0	0	0	0	0	41841195	32	female	independent	some_college	single_living_with_partner	other:homemaker	white	Atheist / Agnostic	no	yes
40668212	0	0	0	1	0	0	-1	0	0	0	0	0	1	0	0	0	0	0	0	0	0	0	0	0	0	0	0	0	0	0	0	0	1	0	0	0	0	1	0	0	0	0	0	0	0	0	0	0	0	0	0	0	0	0	0	0	0	0	0	0	0	0	0	0	0	0	0	0	0	0	0	0	0	0	0	0	0	0	0	0	0	0	0	0	0	0	0	0	0	0	0	1	0	0	0	0	1	0	0	0	0	0	0	0	0	0	0	0	0	0	0	0	0	0	0	0	0	0	1	0	0	0	0	0	0	0	0	0	0	0	0	0	
34689613	0	0	0	0	0	0	0	1	0	0	0	0	0	0	0	-1	0	0	0	0	0	0	-1	0	0	0	0	0	0	0	0	0	0	0	0	0	0	0	0	0	0	0	0	0	0	0	0	0	0	1	0	0	0	0	1	0	0	0	0	0	0	0	0	0	0	0	0	0	0	0	0	0	0	0	0	0	0	1	1	0	0	0	-1	0	0	0	0	0	1	0	0	0	0	0	0	0	0	0	1	0	0	1	0	0	0	0	0	0	0	0	1	0	0	0	0	0	-1	0	0	1	0	0	0	0	0	0	-1	0	0	0	0	40	
40790579	0	0	0	1	1	1	0	0	1	0	1	0	0	0	1	0	0	0	1	1	1	1	1	0	0	0	0	1	1	1	1	0	1	1	1	1	0	0	0	0	0	0	0	1	1	0	1	0	0	1	1	1	0	0	0	0	1	0	0	0	0	0	1	0	1	1	1	1	0	0	0	0	1	0	0	1	1	1	1	1	1	0	0	0	1	1	0	0	1	0	1	0	0	1	0	0	1	1	1	1	1	0	0	1	0	0	0	1	0	0	0	0	1	1	1	1	0	0	0	0	1	1	1	1	0	0	0	0	1	0	0	0	40790579	29	male	democrat	bachelor	single_living_alone	employee	other	Muslim	no	no
43943676	0	0	0	0	1	0	0	0	1	1	1	-1	0	-1	1	0	0	0	0	0	0	0	0	0	0	0	0	0	0	0	0	0	0	1	0	0	1	0	-1	1	-1	1	0	0	0	1	0	0	1	0	0	0	0	0	0	0	0	0	0	1	0	0	0	0	1	1	1	1	-1	1	-1	1	1	1	1	1	1	-1	-1	1	0	0	0	0	0	0	0	0	0	0	0	0	0	0	0	0	0	0	0	0	0	0	0	0	1	1	1	1	1	1	1	1	1	0	0	-1	0	0	0	0	0	1	0	1	1	1	1	-1	0	1	0	0	
43606269	1	0	0	0	0	1	0	0	0	0	1	0	1	1	1	1	0	0	0	0	0	1	0	1	1	0	0	0	0	0	0	0	0	0	1	1	1	0	0	0	1	0	0	0	1	0	0	0	1	0	0	1	0	0	0	0	0	1	1	0	1	1	1	1	1	1	1	0	0	0	0	0	1	0	1	0	0	0	0	0	0	1	0	0	0	0	0	1	1	1	1	1	0	0	1	1	0	0	0	0	0	0	0	0	0	0	1	0	0	0	0	1	0	1	0	0	0	0	0	0	0	0	0	1	0	0	0	0	1	0	0	0	
43869435	0	0	1	0	0	0	1	0	-1	0	0	-1	0	0	0	0	-1	1	0	0	0	0	0	0	0	0	0	1	0	1	0	1	0	0	0	0	1	0	0	1	0	1	-1	1	1	0	0	1	0	0	0	1	1	0	-1	0	1	1	1	1	0	1	0	0	0	0	1	0	1	0	-1	0	0	0	0	0	1	0	0	-1	0	0	0	0	1	0	-1	0	0	0	0	0	-1	0	0	0	0	-1	1	0	1	1	1	0	0	1	0	0	1	1	0	0	0	0	0	0	0	1	1	0	1	0	1	0	0	0	0	0	0	1	3	0	
43510526	0	0	0	1	-1	0	0	0	1	0	0	0	0	0	0	0	0	0	0	0	0	0	0	0	0	0	0	1	0	0	0	0	0	0	0	0	0	0	0	0	0	0	0	0	0	0	1	0	0	0	0	1	0	0	0	0	1	0	0	0	0	0	0	0	0	0	0	0	0	0	0	0	0	0	0	1	0	0	0	0	0	0	0	0	0	0	0	0	0	0	0	0	0	0	0	0	0	0	0	0	0	0	0	0	0	0	0	0	0	0	0	0	0	0	0	0	0	0	0	0	0	0	0	0	0	0	0	0	0	0	0	0	43510526	30	female	none	bachelor	single_living_alone	retired	hispanic_american	Russian Orthodox	yes	no
43857136	0	0	0	0	1	0	0	0	0	0	0	0	0	0	0	0	1	-1	1	1	0	0	0	0	0	0	0	0	1	0	0	0	1	0	0	0	0	0	0	0	0	0	0	0	0	0	0	0	0	0	0	0	0	0	0	0	0	0	0	0	0	0	0	0	0	0	0	0	0	1	0	0	0	0	0	0	0	0	0	0	1	0	0	0	0	0	-1	1	0	0	0	0	0	0	0	0	0	1	0	0	0	0	0	0	0	0	0	1	0	0	1	0	0	0	-1	0	0	0	0	0	0	1	0	0	0	0	0	0	0	0	0	0	
31613324	0	0	1	0	0	0	1	0	1	0	0	1	0	0	0	0	1	1	0	0	0	0	0	0	0	0	0	1	0	1	0	1	0	0	0	0	1	0	0	1	0	1	1	1	1	0	0	1	0	0	0	1	1	0	0	0	1	1	1	1	0	1	0	0	0	0	1	0	1	0	-1	0	0	0	0	0	1	0	0	1	0	0	0	1	1	0	1	0	0	0	0	0	1	0	0	0	0	1	1	0	1	1	1	1	0	1	0	0	1	1	0	0	0	0	0	0	0	1	1	0	1	0	1	0	0	0	0	0	0	1	2	2	
43650804	0	0	0	0	0	0	1	0	0	0	0	0	0	0	0	0	0	0	0	0	0	0	1	0	0	1	1	0	0	0	0	-1	0	0	1	0	0	0	0	1	0	-1	-1	0	1	0	0	0	0	0	0	0	0	0	0	0	0	0	0	0	1	0	1	-1	0	0	0	0	0	-1	0	0	0	0	0	0	0	0	0	0	0	0	-1	-1	1	-1	0	0	0	0	-1	0	1	0	1	0	1	0	0	0	0	0	0	1	1	1	1	1	0	0	1	0	0	0	0	0	1	1	1	1	0	-1	1	0	0	0	-1	0	0	1	0	1	
43679467	0	0	0	1	-1	1	0	0	-1	0	-1	0	0	0	-1	0	0	0	-1	-1	0	1	1	1	0	0	0	1	1	1	1	0	1	0	0	0	0	0	0	0	1	1	-1	1	0	0	1	0	0	1	0	-1	0	0	0	0	-1	0	0	0	0	0	-1	0	1	1	-1	1	0	0	0	0	1	0	0	1	1	-1	1	1	1	0	0	0	0	-1	0	0	0	0	1	0	1	1	0	0	1	-1	1	1	1	0	0	0	0	0	0	1	0	0	0	0	0	1	0	0	0	0	0	0	0	1	0	1	0	0	0	0	1	1	4	1	43679467	23	female	democrat	bachelor	single_living_with_parents	employee	white	Roman Catholic	yes	yes
23711512	0	0	0	0	0	0	0	0	0	0	0	0	0	0	0	0	0	0	0	0	0	0	0	0	0	0	1	0	0	0	0	0	0	0	0	0	0	0	0	0	0	0	0	0	0	0	0	0	0	0	0	0	0	0	0	0	0	0	0	0	-1	0	0	0	0	0	0	0	0	-1	0	0	0	1	0	0	0	0	0	0	0	0	0	0	0	0	0	0	1	0	1	0	0	0	0	0	0	0	0	0	0	0	0	0	0	0	0	0	0	0	0	0	0	0	0	0	1	1	1	1	0	0	0	0	0	1	0	0	0	0	0	0	23711512	33	female	independent	vocational_secondary_certification	single_living_alone	employee	white	Protestant	no	yes
18979155	0	0	0	0	0	0	0	0	0	0	0	0	0	1	0	0	0	0	0	0	0	1	0	0	0	0	0	0	0	0	0	0	0	0	0	0	0	0	0	0	0	0	0	0	0	0	0	0	0	0	0	0	0	0	0	0	0	0	0	0	0	0	0	0	0	0	0	0	0	0	0	0	0	0	0	0	0	0	0	0	0	0	0	0	0	0	0	0	0	0	0	0	0	0	1	0	0	0	0	0	0	0	0	0	0	0	0	0	0	0	0	0	0	1	0	0	0	0	0	0	0	0	0	0	0	0	0	0	0	0	0	0	18979155	26	female	none	high_school	single_living_with_parents	unemployedseeking_employment	white	Atheist / Agnostic	no	yes
34081916	0	0	0	0	0	0	0	0	0	0	0	0	0	0	0	0	0	0	0	0	1	1	-1	-1	0	0	0	0	0	0	0	0	0	0	0	0	0	0	0	0	-1	1	1	-1	0	0	0	0	0	0	0	0	0	0	0	0	0	0	0	0	0	0	0	0	0	0	0	0	0	0	0	0	0	0	0	0	0	0	0	0	0	0	0	0	0	0	0	0	0	0	0	0	0	0	0	0	-1	1	1	1	0	0	0	0	0	0	0	0	0	0	0	0	0	0	0	0	0	0	0	0	0	0	0	0	0	0	0	0	0	0	0	0	
12366026	0	0	1	0	0	0	0	-1	0	0	0	0	1	1	0	0	0	0	1	1	0	0	0	0	0	0	0	0	1	1	1	1	0	0	0	0	1	1	-1	1	0	1	0	0	1	-1	1	1	0	0	0	0	0	0	0	1	0	0	0	1	0	1	0	-1	0	0	0	0	0	0	-1	1	0	0	0	0	0	0	0	0	1	1	-1	-1	1	-1	-1	1	0	1	0	0	0	0	0	0	0	0	0	1	0	0	0	0	0	0	0	0	0	0	0	1	0	0	0	0	0	1	0	0	0	0	0	0	1	1	0	0	0	0	0	3	12366026	23	female	democrat	master	single_living_alone	employee	white	Atheist / Agnostic	yes	yes
43046630	0	0	0	0	0	0	0	0	0	0	0	0	0	0	0	0	0	0	0	0	0	0	0	0	0	1	0	0	0	0	0	0	0	0	0	0	0	0	0	0	0	0	0	0	0	0	0	0	0	0	0	0	0	0	0	0	0	0	0	0	1	0	0	0	0	0	0	0	0	0	0	0	0	0	0	0	0	0	0	0	0	0	0	0	0	1	0	0	0	0	0	0	0	0	0	0	1	0	0	0	0	0	0	0	1	1	-1	1	0	0	0	0	0	0	0	0	0	0	0	0	0	0	0	0	0	0	0	0	0	0	0	0	
35849301	0	0	0	0	0	0	0	0	-1	1	1	-1	0	0	0	0	0	0	0	0	-1	0	-1	0	0	0	0	0	0	1	0	0	0	0	0	0	0	0	0	0	0	0	0	-1	0	0	0	0	0	0	0	0	0	0	0	0	0	0	0	0	0	0	0	0	0	0	0	0	0	0	0	0	0	0	0	0	0	0	0	0	0	0	1	0	1	0	0	0	0	0	0	0	0	1	0	0	0	0	0	0	0	0	0	0	0	0	0	-1	0	0	1	0	0	0	0	0	0	0	0	0	-1	0	0	0	0	0	0	0	0	0	0	1	
43684066	1	1	0	1	-1	1	0	1	1	0	-1	-1	1	-1	0	0	0	1	0	1	1	0	0	1	0	0	1	0	0	1	0	1	1	1	0	0	0	1	-1	1	-1	1	0	0	1	1	1	1	1	1	1	-1	0	-1	0	-1	1	1	1	0	0	0	0	-1	0	0	0	1	-1	0	0	0	-1	1	1	1	0	0	0	0	0	0	0	1	1	1	1	1	0	0	-1	-1	-1	1	1	0	1	0	1	1	0	1	0	0	1	0	1	-1	1	0	1	-1	1	1	0	-1	0	0	1	0	0	1	0	1	1	1	0	0	0	0	3	3	
43947238	0	0	0	0	0	0	0	0	0	0	0	1	0	0	0	0	0	1	0	0	0	1	0	0	1	0	0	0	0	0	0	0	0	0	0	1	1	0	0	0	0	0	0	0	0	0	0	0	0	0	0	0	0	0	0	0	0	1	0	0	0	0	0	0	0	1	0	0	-1	1	-1	-1	0	0	0	0	0	0	0	1	0	0	0	0	0	0	0	0	0	0	0	0	0	0	0	0	0	0	0	0	0	0	1	0	0	0	0	0	0	0	0	0	0	0	0	0	-1	0	0	0	0	0	0	0	0	0	0	0	0	0	0	47	
43840741	0	0	0	0	0	0	0	1	0	0	0	0	0	0	0	1	0	0	0	0	0	0	1	0	0	0	0	0	0	0	0	0	0	0	0	0	0	0	0	0	0	0	0	0	0	0	0	0	0	0	0	0	0	0	0	0	0	0	0	0	0	0	0	0	0	0	0	0	0	0	0	0	0	0	0	0	0	1	1	0	0	0	0	0	0	0	0	0	0	0	0	0	0	0	0	0	0	0	1	0	0	1	0	0	0	0	0	0	0	0	1	0	0	0	0	0	1	0	0	-1	0	0	0	0	0	0	1	0	0	0	0	0	43840741	48	female	democrat	vocational_secondary_certification	single_living_with_partner	selfemployed	white	Roman Catholic	no	yes
43797734	1	0	0	0	0	0	0	0	0	0	0	1	0	1	0	0	1	1	0	0	0	0	0	1	1	0	0	0	0	0	0	0	0	0	0	0	0	0	-1	0	-1	1	0	0	0	0	0	0	1	1	1	-1	0	0	0	0	1	0	0	0	0	0	0	0	0	1	0	0	1	0	0	0	0	0	1	0	-1	0	0	1	0	0	0	0	0	0	-1	0	0	0	-1	0	1	1	0	0	0	0	0	0	0	0	1	0	0	0	-1	0	0	0	0	0	0	1	0	0	1	1	0	0	0	0	0	0	0	0	1	0	0	1	0	0	
15004831	1	1	0	0	0	0	0	1	1	1	-1	1	1	-1	0	0	1	1	0	1	0	0	0	1	1	-1	-1	0	1	1	-1	1	1	1	1	-1	1	1	1	1	-1	1	0	0	1	1	1	0	1	1	0	1	0	1	0	-1	1	0	0	0	-1	0	0	0	0	0	0	0	1	0	0	0	0	0	1	1	1	0	0	1	1	1	1	-1	1	1	1	1	1	0	1	1	-1	1	0	-1	1	0	0	1	0	1	1	1	1	1	1	1	1	1	1	1	0	1	0	1	1	1	0	0	0	1	0	0	1	1	1	1	0	1	4	11	
43948769	-1	1	0	0	0	0	1	0	0	0	-1	0	0	0	0	0	0	0	0	0	1	0	0	0	1	1	0	0	0	0	1	1	0	1	1	0	1	0	0	0	1	0	0	1	0	0	0	1	-1	0	0	-1	0	0	0	0	0	0	1	0	1	1	1	-1	1	1	1	0	0	0	0	0	0	1	0	0	1	0	0	0	0	0	0	0	1	0	0	0	1	-1	-1	1	-1	0	1	-1	0	0	0	0	0	-1	0	0	0	0	0	0	0	0	0	1	0	0	0	1	0	0	0	0	0	1	1	1	0	1	1	0	0	0	0	5	
43858972	0	0	0	0	0	1	1	0	0	0	0	0	0	0	0	0	1	0	0	1	1	1	1	1	0	0	0	1	1	0	1	1	1	0	0	0	0	0	0	1	1	1	1	1	1	0	0	1	0	0	0	0	1	0	1	0	1	1	1	1	0	1	1	0	0	0	1	0	1	0	0	0	1	0	0	0	0	0	0	0	1	0	0	1	0	1	1	0	0	0	0	0	0	0	0	0	1	1	1	1	1	1	1	1	0	1	0	0	1	1	0	0	0	1	1	0	0	1	1	1	1	1	1	1	0	0	0	1	1	0	0	0	
43836952	0	0	-1	0	0	0	0	1	0	0	1	0	0	0	0	1	0	0	1	0	0	0	1	0	0	1	0	0	0	0	-1	1	0	0	-1	1	0	0	1	0	0	0	0	0	0	0	1	0	0	0	0	0	1	-1	0	0	0	0	0	1	0	0	0	0	0	0	0	0	0	0	0	0	0	0	0	0	0	1	1	0	0	0	-1	0	0	1	0	0	0	0	0	-1	1	0	0	1	0	1	1	1	0	0	0	0	1	1	0	0	0	0	1	0	0	0	0	0	0	0	0	-1	0	0	0	0	0	0	1	0	0	0	2	0	
29738307	0	0	0	0	0	0	0	0	0	0	0	0	0	0	0	0	0	0	0	0	0	1	0	0	0	0	0	0	0	0	0	0	0	0	0	1	-1	0	0	0	0	0	0	0	0	0	0	0	0	0	0	0	0	0	0	0	0	1	0	0	0	0	0	0	0	0	0	0	0	0	0	0	0	0	0	0	0	0	0	0	0	0	0	0	0	0	0	0	0	0	0	0	0	0	0	0	0	0	0	0	0	0	0	0	0	0	0	0	0	0	0	0	0	0	0	0	0	0	0	0	0	0	0	0	0	0	0	0	0	0	0	0	29738307	21	female	democrat	some_college	single_living_with_parents	student	white	Atheist / Agnostic	yes	yes
30501721	0	1	1	0	0	0	0	1	0	0	-1	0	0	0	1	0	0	0	-1	0	0	0	0	1	1	1	0	0	0	0	1	1	0	1	1	1	1	1	-1	0	0	0	0	0	0	1	1	0	0	0	0	0	1	-1	0	0	0	0	1	1	0	0	0	-1	0	0	0	0	0	0	0	0	0	1	0	1	0	0	0	0	1	0	1	0	0	1	0	0	0	0	0	1	-1	0	0	1	1	1	0	1	0	0	0	0	1	1	0	0	0	1	0	0	1	0	-1	0	1	0	0	0	0	0	0	0	0	0	0	-1	0	0	0	0	30501721	32	female	none	vocational_secondary_certification	single_living_with_partner	other:Homemaker	white	other:Christian/Southern Baptist	yes	yes
25955589	0	1	0	0	0	1	0	0	0	0	0	0	0	0	0	1	0	0	0	0	0	0	1	0	0	0	1	0	0	0	0	0	0	0	0	0	0	0	0	0	0	0	0	0	0	0	0	0	0	0	0	0	0	0	0	0	0	0	0	0	0	0	0	0	0	0	0	0	0	0	0	1	0	0	0	0	0	0	0	1	0	0	-1	0	0	0	0	0	0	0	0	0	0	0	0	0	0	0	0	0	0	0	0	0	0	0	0	1	0	0	1	0	0	0	0	0	0	0	0	0	0	0	0	0	1	0	0	0	1	0	0	0	
43642386	1	0	0	1	-1	1	-1	1	0	0	0	0	1	-1	0	0	1	1	0	0	1	0	1	1	0	0	0	1	1	0	1	1	0	0	0	0	0	1	0	1	-1	1	-1	1	1	1	1	1	0	0	0	0	1	0	-1	-1	1	-1	1	1	0	1	1	0	0	1	1	1	-1	0	1	1	0	0	0	0	1	0	0	0	1	1	1	1	1	1	1	-1	0	-1	0	0	-1	1	1	1	1	1	0	1	1	1	1	1	1	1	0	0	1	1	1	1	0	0	-1	1	0	1	0	1	-1	1	1	1	1	1	1	-1	1	1	3	16	43642386	34	male	independent	bachelor	married	selfemployed	hispanic_american	Protestant	yes	no
10959404	0	0	1	0	0	0	0	0	0	0	0	1	0	0	0	0	0	0	0	0	0	0	0	0	0	0	0	0	0	0	0	0	0	0	0	0	0	0	0	0	0	0	0	0	0	0	0	0	0	0	0	1	0	0	0	0	0	0	0	0	1	0	0	0	0	0	0	0	0	0	-1	0	0	1	0	0	0	0	0	0	0	0	0	0	0	0	0	0	1	0	0	0	0	0	0	0	0	0	0	0	0	0	0	0	0	0	0	0	0	0	0	0	0	0	0	0	0	0	0	0	0	0	0	0	0	1	0	0	0	0	0	1	
43641877	0	0	1	0	0	0	0	1	1	1	1	-1	0	-1	0	0	0	1	1	0	0	0	0	0	1	1	1	1	1	1	1	1	1	1	1	1	0	0	0	1	0	1	0	0	1	1	0	0	0	0	1	0	0	1	0	1	0	1	1	1	0	1	0	0	0	1	1	1	0	0	1	1	0	0	1	0	1	0	0	0	0	0	0	0	0	0	0	1	1	0	0	0	0	0	0	1	0	0	0	0	0	0	0	1	1	0	0	0	1	1	1	1	0	0	0	0	0	0	0	0	0	1	0	0	1	1	1	1	0	1	0	13	
43584008	0	0	0	0	0	0	0	0	0	0	0	1	0	0	0	0	0	-1	0	0	0	0	0	0	-1	0	0	0	0	0	0	0	0	0	0	0	0	0	0	0	0	0	0	0	0	0	0	0	0	0	0	0	0	0	0	0	1	-1	1	1	0	0	0	0	0	1	0	0	-1	0	0	0	0	0	0	0	0	0	0	1	0	0	0	0	0	0	0	0	0	0	0	0	0	0	0	0	0	0	0	0	0	0	1	0	0	0	0	0	0	0	0	0	0	0	0	0	1	0	0	0	0	0	0	0	0	0	0	0	0	0	0	0	43584008	29	female	democrat	master	single_living_with_partner	student	white	Atheist / Agnostic	yes	yes
43851278	0	0	1	0	0	0	1	0	1	0	0	1	0	0	0	0	1	-1	0	0	0	0	0	0	0	0	0	1	0	1	0	1	0	0	0	0	1	0	0	-1	0	1	0	1	1	0	0	1	0	0	0	1	1	0	1	0	1	1	1	-1	0	1	0	0	0	0	1	0	1	0	1	0	0	0	0	0	1	0	0	1	0	0	0	0	1	0	1	0	0	0	0	0	1	0	0	0	0	1	1	0	0	1	1	1	0	1	0	0	1	1	0	0	0	0	0	0	0	1	1	0	1	0	1	0	0	0	0	1	0	1	3	7	43851278	25	male	democrat	bachelor	single_living_with_parents	employee	black_or_african_american	Protestant	yes	yes
39531214	0	1	0	0	-1	0	0	0	0	0	0	0	0	0	-1	-1	-1	-1	-1	-1	0	0	1	1	1	0	0	0	1	0	0	0	0	1	0	1	-1	1	0	0	0	0	0	0	0	1	0	0	0	1	0	0	0	0	-1	0	0	0	1	0	0	0	0	1	0	0	0	0	0	0	0	0	0	1	1	1	0	-1	1	0	0	0	-1	0	0	0	1	-1	1	0	0	0	0	0	0	0	-1	-1	-1	0	0	0	0	1	0	0	0	0	0	1	-1	0	-1	0	0	0	-1	0	0	-1	0	0	1	0	0	0	-1	1	0	0	5	12	
27947324	0	0	0	0	0	1	0	0	0	0	0	0	0	0	0	0	0	0	0	1	-1	1	1	1	0	0	0	0	0	1	0	0	1	0	0	0	0	0	0	0	-1	-1	-1	1	0	0	0	0	0	1	0	0	1	0	0	0	0	0	0	0	0	0	0	0	0	0	0	1	0	0	0	0	0	0	0	0	0	1	1	0	0	1	0	0	0	0	0	0	0	0	0	0	0	0	0	0	0	0	1	0	0	0	0	0	0	1	0	0	0	1	0	0	0	1	-1	0	0	0	0	1	0	0	0	0	0	0	0	0	0	0	0	1	27947324	40	male	democrat	bachelor	married	employee	hispanic_american	Roman Catholic	yes	yes
8921119	1	0	0	0	1	1	0	0	0	0	1	0	1	-1	1	1	0	0	0	0	0	0	0	0	1	1	0	0	0	0	0	0	0	1	1	0	0	0	0	0	-1	0	0	0	0	0	0	-1	-1	0	0	1	0	0	0	0	0	0	1	0	-1	0	1	-1	1	-1	1	0	-1	0	0	1	-1	1	0	0	0	0	0	0	0	1	0	0	1	0	0	0	1	-1	-1	1	-1	1	1	-1	0	0	0	1	0	0	0	0	0	0	1	0	1	0	0	1	0	0	0	0	0	0	0	0	0	1	0	1	0	1	1	0	1	0	0	0	
42864658	0	0	0	0	0	0	0	0	0	0	0	0	0	0	0	0	0	0	0	0	0	0	0	0	0	0	0	0	0	0	0	0	0	0	0	0	0	0	0	0	0	0	0	0	0	0	0	0	0	0	0	0	1	0	0	0	0	0	0	0	0	0	0	0	0	0	0	0	0	0	0	0	0	0	0	0	0	0	0	0	0	0	0	0	0	0	0	0	0	0	0	0	0	0	0	0	0	0	0	0	0	0	0	0	0	1	0	0	0	0	0	0	0	0	-1	0	0	0	0	1	0	0	0	0	0	0	0	0	0	0	0	0	42864658	38	male	democrat	some_college	married	employee	white	Protestant	yes	yes
35330747	1	1	1	1	0	1	0	0	0	0	-1	0	1	1	1	1	0	0	0	0	0	0	1	1	1	0	1	0	0	0	0	0	0	0	1	0	1	1	-1	1	-1	0	0	0	1	1	1	-1	-1	1	0	1	0	0	-1	1	1	0	1	0	-1	1	1	-1	0	-1	1	0	0	0	0	1	0	0	0	0	0	0	0	1	1	1	-1	-1	0	0	0	1	1	-1	0	0	0	1	0	0	0	0	0	1	0	0	1	0	1	0	1	1	1	1	1	1	0	0	0	0	1	1	1	1	0	0	0	1	1	0	0	0	1	0	1	1	35330747	22	female	none	some_college	single_living_with_parents	employee	white	Atheist / Agnostic	no	yes
33266010	0	0	0	1	1	0	0	0	1	0	1	0	0	0	-1	0	0	0	0	0	1	0	1	0	0	0	0	1	0	1	0	0	0	0	0	0	0	0	0	0	0	0	0	1	0	0	1	0	0	1	0	1	1	1	1	1	1	0	0	0	0	0	1	0	1	1	1	1	0	0	1	0	1	0	0	0	1	1	-1	-1	0	0	0	0	1	0	0	0	0	0	-1	0	0	1	0	0	0	0	0	0	0	0	0	0	0	0	0	0	0	0	0	0	0	0	0	0	0	0	0	0	1	0	0	0	0	0	0	0	0	0	1	34	
43904063	-1	-1	0	0	0	0	0	0	0	0	0	-1	0	0	0	0	1	1	0	0	0	0	0	0	-1	0	0	0	0	0	0	1	0	0	0	0	0	0	0	0	0	0	0	0	0	0	0	0	0	0	0	0	0	0	0	0	0	0	0	0	0	0	0	0	0	-1	0	0	-1	-1	1	-1	0	0	0	0	-1	0	0	1	0	0	0	0	0	0	0	0	0	0	0	0	-1	0	0	-1	0	0	0	0	0	1	1	0	0	0	-1	0	0	0	0	0	0	0	0	0	-1	1	0	0	0	0	0	0	0	0	-1	0	0	-1	0	19	
34093227	0	0	1	0	0	0	-1	1	0	0	0	1	0	0	0	0	0	0	-1	0	-1	0	0	0	1	1	1	1	0	1	-1	0	0	1	0	0	0	0	0	0	0	0	0	1	0	0	0	1	0	1	0	0	0	0	0	0	0	0	0	0	0	1	0	0	0	0	0	1	0	0	0	0	0	1	0	0	0	0	0	0	1	1	-1	-1	0	0	0	0	0	0	0	1	1	1	1	1	0	0	1	0	0	0	0	0	0	0	0	0	0	0	0	0	1	0	0	-1	0	0	0	0	0	0	1	0	0	0	0	0	0	0	0	0	34093227	38	female	none	bachelor	single_living_with_partner	employee	white	Roman Catholic	yes	yes
37292698	0	0	1	0	0	0	-1	0	1	0	0	0	0	0	0	0	0	1	0	0	-1	0	0	0	0	0	0	0	0	0	1	0	0	1	0	0	1	0	0	0	0	0	0	1	0	0	0	1	0	0	0	1	0	0	-1	0	0	0	0	0	1	0	0	-1	0	0	0	0	0	0	-1	0	0	1	0	0	1	0	0	0	0	0	0	0	1	0	0	0	1	0	0	-1	0	0	1	0	0	0	0	0	0	0	0	0	0	0	0	0	0	0	0	0	1	0	0	1	0	0	0	0	0	0	1	0	0	1	1	0	0	0	1	2	
43834420	0	0	0	0	0	0	0	0	0	0	0	0	0	0	0	0	0	0	0	0	0	0	0	1	0	0	0	0	0	0	0	0	0	0	1	0	0	0	0	0	0	0	0	0	0	0	0	0	0	0	0	0	0	0	0	0	0	0	0	0	0	0	0	0	0	0	0	0	0	0	0	0	0	0	0	0	0	0	0	0	0	0	0	0	0	0	0	1	0	-1	0	0	0	0	0	0	0	0	0	0	0	0	0	0	0	0	0	0	0	0	0	0	0	0	0	0	0	0	0	0	0	0	0	0	0	0	0	0	0	0	0	0	
18666417	0	0	0	0	0	0	0	0	0	0	0	0	0	0	0	0	0	0	0	0	0	0	0	0	0	1	0	0	0	0	0	0	0	0	1	0	0	0	0	0	0	0	0	0	0	0	0	0	0	0	0	0	0	0	0	0	0	0	0	0	1	0	1	-1	0	0	0	0	0	0	0	0	0	1	0	0	0	0	0	0	0	0	0	0	1	0	0	0	1	0	0	0	0	0	1	0	0	0	0	0	0	0	0	0	0	0	0	0	0	0	0	0	0	0	0	0	0	0	0	0	0	1	0	0	0	1	1	0	0	0	0	0	18666417	57	female	democrat	some_college	single_living_alone	retired	white	Roman Catholic	no	yes
43994669	0	1	0	0	0	1	-1	0	0	0	0	1	0	0	0	1	0	0	0	0	1	0	1	0	0	1	1	0	0	0	1	0	0	1	-1	0	-1	0	0	0	0	0	0	-1	0	0	0	1	0	0	0	0	0	0	0	0	0	0	0	0	1	0	1	1	0	0	0	0	0	0	0	1	-1	0	0	0	0	0	0	1	0	1	1	0	1	0	0	0	1	0	0	-1	0	0	1	0	0	0	0	0	0	0	0	0	0	0	0	1	0	0	1	0	-1	0	0	-1	1	1	1	1	0	1	1	1	1	1	1	0	1	0	1	3	43994669	24	male	none	associate_degree	single_living_with_partner	selfemployed	white	Atheist / Agnostic	yes	yes
43989034	0	1	1	0	0	0	0	0	0	1	0	0	0	-1	1	0	0	0	-1	0	0	0	0	1	1	1	0	0	0	1	0	0	0	1	1	1	1	1	-1	0	1	1	0	0	0	1	1	0	1	1	0	0	0	1	0	0	1	0	1	0	-1	0	0	0	0	0	0	1	-1	1	-1	1	0	1	0	0	0	0	0	0	1	0	0	0	0	1	1	0	0	0	0	0	-1	1	0	1	1	0	1	0	0	0	0	0	1	1	1	1	1	1	1	1	1	0	-1	1	1	0	0	0	0	0	0	0	0	0	0	1	0	0	0	0	
43907115	0	0	1	0	0	0	0	0	0	0	0	1	0	0	0	0	0	0	0	0	0	-1	0	0	0	0	0	0	0	0	0	0	0	0	0	1	1	0	0	0	0	0	0	0	0	0	0	0	0	0	0	1	0	0	0	0	0	1	0	0	0	0	0	0	0	0	0	0	0	0	-1	0	0	0	0	0	0	0	0	0	0	0	0	0	1	0	0	0	0	0	0	0	-1	0	0	0	0	0	0	0	0	0	0	0	0	0	0	0	0	0	0	0	0	0	0	0	0	0	0	0	0	0	1	0	0	0	0	0	0	1	0	0	43907115	21	male	democrat	high_school	married	student	american_indian_or_alaska_native	Muslim	yes	yes
43942953	1	0	0	0	0	1	0	0	0	0	1	0	1	1	1	1	0	0	0	0	0	1	0	1	1	1	0	0	0	0	0	0	0	0	1	1	1	0	0	0	1	0	0	0	0	0	0	0	1	0	0	1	0	0	0	0	0	1	1	0	1	1	1	1	1	1	1	0	0	0	0	0	1	0	0	0	0	0	0	0	0	1	0	0	0	0	0	1	1	1	1	1	0	0	0	0	0	0	0	0	0	0	0	0	0	0	1	0	0	0	0	1	0	0	0	0	0	0	0	0	0	1	0	1	0	0	0	0	1	0	0	3	
38198526	1	0	0	1	1	1	0	0	1	0	1	0	1	1	1	1	0	0	0	0	-1	1	1	1	0	0	0	1	0	1	0	0	0	0	1	1	1	0	0	0	0	0	0	1	0	0	1	0	0	0	0	1	1	-1	-1	1	1	-1	0	0	0	0	1	0	1	0	0	1	0	0	-1	0	0	0	0	1	0	0	0	0	0	1	0	0	1	0	0	1	1	-1	-1	1	0	1	0	0	0	0	0	0	0	0	0	0	0	0	1	0	0	0	0	0	0	0	0	0	0	0	0	0	-1	0	0	1	0	0	0	0	1	0	1	1	38198526	49	male	democrat	some_college	single_living_with_partner	selfemployed	white	Atheist / Agnostic	no	yes
29571331	0	-1	1	0	0	0	0	-1	0	0	-1	0	0	-1	1	0	0	0	-1	0	0	0	0	1	1	1	0	0	0	1	1	-1	0	1	-1	-1	1	1	0	0	-1	1	0	0	0	0	-1	0	0	1	1	1	-1	1	0	0	1	0	-1	1	0	0	0	-1	0	0	0	1	0	0	0	0	0	-1	1	1	0	0	0	0	1	0	1	0	0	1	-1	0	0	0	-1	-1	1	1	0	1	1	1	1	1	0	0	0	0	1	-1	0	0	0	-1	0	0	1	1	-1	0	-1	0	0	0	0	0	0	0	0	0	0	1	0	0	3	4	29571331	21	male	democrat	high_school	single_living_with_parents	unemployedseeking_employment	black_or_african_american	Roman Catholic	no	yes
13581319	1	1	1	1	1	1	-1	1	0	0	0	0	1	0	0	0	0	0	-1	0	-1	0	0	0	1	1	0	0	-1	1	1	1	1	1	1	1	0	1	-1	0	0	0	0	0	0	-1	1	1	0	1	0	0	0	-1	-1	0	0	0	1	0	0	0	0	0	0	0	0	0	-1	0	0	0	0	1	0	0	0	-1	1	0	0	1	-1	-1	0	0	0	0	1	0	0	1	0	1	1	0	1	0	0	1	0	0	0	0	1	0	0	0	1	1	0	0	-1	0	-1	1	1	0	1	0	0	0	0	1	0	0	0	-1	0	0	2	0	
43984981	0	0	0	0	0	0	0	0	-1	-1	-1	-1	0	0	0	0	0	0	0	0	0	0	0	0	0	0	0	0	0	0	0	0	1	1	-1	1	0	0	0	0	0	0	0	0	0	0	0	0	0	0	0	0	0	0	0	0	0	0	0	0	0	0	0	0	0	-1	0	0	0	0	0	0	0	0	0	0	1	0	0	0	0	0	0	0	0	0	0	0	0	0	0	0	0	0	0	0	0	0	0	0	0	0	0	0	0	0	0	0	0	0	0	0	0	0	0	0	0	0	0	0	0	1	0	0	1	1	1	1	0	1	0	1	
32569659	0	0	0	0	0	0	0	0	0	0	0	0	0	0	0	0	0	0	-1	0	0	1	0	0	0	0	0	-1	1	0	1	0	0	0	0	0	0	0	0	0	0	0	0	0	0	0	0	0	0	0	0	0	0	0	0	0	0	0	0	0	0	0	-1	0	0	0	0	0	0	0	0	0	1	0	0	0	0	0	0	0	1	0	0	0	0	1	0	0	0	0	0	0	0	0	0	0	0	0	0	0	1	0	0	0	0	0	0	1	0	0	0	0	0	0	0	0	0	0	0	0	0	0	0	0	0	0	0	0	1	0	0	0	
34824899	0	0	0	0	0	0	0	0	0	0	0	0	0	0	0	0	0	0	0	0	0	0	0	0	0	0	0	0	0	0	0	0	0	0	0	0	0	0	0	0	0	0	0	0	0	0	0	0	0	0	0	0	1	0	0	0	0	0	0	0	0	0	0	0	0	0	0	0	0	0	0	0	0	0	0	0	0	0	0	0	0	0	0	0	0	0	0	0	0	0	0	0	0	0	0	0	0	0	0	0	0	0	0	0	0	1	0	0	0	0	0	0	0	0	-1	0	0	0	0	1	0	0	0	0	0	0	0	0	0	0	0	0	34824899	41	female	independent	master	single_living_alone	employee	white	Protestant	no	yes
20170210	0	0	0	0	0	0	0	0	0	0	0	0	0	0	0	0	0	0	0	0	0	0	0	1	0	0	0	0	0	0	0	0	0	0	0	0	0	0	0	0	0	0	0	0	0	0	0	0	1	1	1	1	0	0	0	0	0	0	0	0	0	0	0	0	0	0	0	0	0	0	0	0	0	0	1	0	0	0	0	0	0	0	0	0	0	0	0	0	0	0	-1	0	0	0	0	0	0	0	0	0	0	0	0	0	0	0	0	0	0	0	0	0	0	1	0	0	0	0	0	0	0	0	0	0	0	0	0	0	0	0	0	0	20170210	37	female	republican	bachelor	other:divorced living with kids	selfemployed	white	Protestant	yes	yes
43936844	0	0	0	1	0	1	1	0	0	0	0	0	1	0	0	0	0	0	0	1	0	0	0	0	0	0	0	0	-1	1	1	1	1	0	0	0	0	1	0	0	0	0	0	0	0	0	0	0	0	0	0	0	0	0	0	-1	1	0	0	1	0	0	0	0	0	0	0	0	0	0	0	0	-1	0	0	0	0	1	0	0	1	1	1	-1	0	0	0	0	0	0	0	-1	-1	0	0	1	-1	0	0	0	0	0	1	0	1	0	0	0	0	0	0	0	0	0	0	0	0	0	1	1	-1	0	0	1	0	1	0	0	1	1	2	0	
44084851	0	0	1	0	0	0	-1	1	0	0	0	0	0	0	0	0	0	0	1	0	0	0	0	0	0	0	0	0	0	0	0	1	0	0	0	0	0	0	0	-1	0	-1	-1	0	1	0	0	0	0	0	0	0	0	0	0	0	0	0	0	0	0	1	0	0	0	0	1	0	0	0	0	0	0	0	1	0	0	0	0	0	0	0	0	1	0	0	0	0	0	0	0	0	0	0	0	1	0	0	0	0	0	0	0	1	0	0	0	0	0	0	0	0	0	0	0	0	0	0	0	0	0	0	0	0	0	0	0	0	0	0	0	11	
43936834	0	0	0	1	1	0	0	0	1	0	0	0	0	0	0	0	0	0	0	1	1	1	-1	1	0	0	0	0	0	0	0	0	0	1	0	0	0	0	-1	0	0	1	-1	1	0	0	0	-1	-1	0	0	0	1	-1	-1	0	1	1	0	1	0	1	1	0	1	0	0	1	0	0	-1	1	0	1	1	1	0	1	0	0	0	1	0	1	0	0	0	0	0	0	0	0	0	-1	1	0	0	0	1	0	1	-1	1	1	1	1	-1	0	1	0	0	0	1	0	1	0	0	0	1	1	-1	0	0	1	0	1	0	0	1	1	3	1	43936834	29	male	democrat	some_college	married	employee	hispanic_american	Roman Catholic	yes	no
12115558	0	1	0	0	0	1	-1	0	1	1	1	-1	0	-1	0	1	0	0	0	0	-1	0	1	0	0	1	1	0	-1	0	1	-1	0	1	1	0	1	0	-1	1	0	-1	0	1	-1	-1	1	1	0	0	0	0	1	-1	0	0	0	-1	0	1	1	1	1	0	0	0	0	1	0	-1	-1	1	0	1	1	0	0	0	0	1	0	0	1	0	1	1	1	1	1	-1	1	-1	0	0	0	1	0	1	0	0	0	0	1	1	1	0	1	1	1	0	-1	0	-1	0	0	-1	1	1	1	-1	0	1	1	0	1	1	0	0	1	0	0	0	12115558	64	female	democrat	bachelor	married	retired	white	Roman Catholic	yes	yes
43689028	0	0	0	0	0	0	0	0	0	0	0	0	0	0	0	0	0	0	0	0	0	0	0	0	0	0	0	0	0	0	0	0	0	0	0	0	0	0	0	0	0	0	0	0	0	0	0	0	0	0	0	0	0	0	0	0	1	0	0	0	0	0	0	0	0	0	0	0	0	0	0	0	0	0	0	0	0	0	0	0	0	0	0	0	0	0	0	0	0	0	0	0	0	1	0	0	0	0	0	0	0	0	0	0	1	0	0	0	0	0	0	0	0	0	0	0	0	0	0	1	0	0	0	0	0	0	0	0	0	0	0	0	
44085886	-1	0	0	0	0	0	0	0	0	0	0	0	0	0	0	0	1	0	0	0	0	0	0	0	1	-1	1	-1	0	0	0	0	0	0	0	0	0	0	0	0	0	0	0	0	0	0	0	0	0	0	0	0	0	0	0	0	0	0	0	0	0	0	0	0	0	0	0	0	-1	-1	-1	1	0	0	0	0	-1	0	0	0	0	0	0	0	0	0	0	0	0	0	0	0	1	0	0	0	0	0	0	0	0	0	0	0	0	0	1	0	0	0	0	0	0	0	0	0	0	-1	0	0	0	0	0	0	0	0	-1	0	0	-1	0	0	44085886	23	male	none	bachelor	single_living_with_parents	employee	white	Atheist / Agnostic	yes	yes
43808323	0	0	0	0	0	0	0	0	0	0	0	0	0	0	0	0	0	0	0	0	0	0	0	0	0	0	0	0	0	0	0	0	0	0	0	0	0	1	0	0	0	0	0	0	0	0	0	0	0	0	0	0	0	0	0	-1	0	0	0	0	0	0	0	0	0	0	0	0	0	0	0	0	0	0	0	0	0	0	0	0	0	0	0	0	0	0	0	0	0	0	0	0	0	0	0	0	0	0	0	1	0	0	0	0	0	0	0	0	0	0	0	1	0	0	0	0	0	0	0	0	0	0	0	0	0	0	0	0	0	0	0	0	
43866745	0	0	0	0	-1	1	0	0	1	0	0	0	0	0	0	0	1	1	-1	-1	0	1	0	0	0	0	0	1	-1	0	1	0	1	0	0	0	0	0	1	0	-1	0	0	0	0	0	0	0	-1	0	0	0	0	0	0	0	0	0	0	0	0	0	1	0	1	0	0	0	0	-1	0	1	0	1	1	1	0	0	0	0	1	0	0	0	0	1	0	1	0	0	0	0	0	0	0	0	1	1	1	1	1	0	0	0	0	0	1	1	0	0	0	0	1	1	0	0	0	0	0	0	1	1	1	1	0	0	0	0	1	0	1	0	43866745	43	female	none	associate_degree	married	employee	white	Protestant	yes	yes
43992695	0	0	0	1	0	0	0	0	0	0	0	0	0	0	0	0	0	0	0	1	0	0	0	0	0	0	0	0	0	0	0	0	0	0	0	0	0	0	0	0	0	0	0	0	0	0	0	0	0	0	0	0	0	0	0	0	0	0	0	0	0	0	0	0	0	0	0	0	0	0	0	0	0	0	0	0	0	-1	0	0	0	0	0	0	0	0	0	0	0	0	0	0	0	0	1	0	0	0	0	0	0	0	1	0	0	0	0	0	0	0	0	0	0	0	0	0	0	0	0	0	-1	0	0	0	0	0	0	0	1	1	0	0	
43847796	0	0	0	0	0	0	0	0	0	0	0	0	0	0	0	0	0	0	0	0	0	0	0	0	0	0	0	0	0	0	0	0	0	0	0	0	0	0	0	0	0	0	0	0	0	0	0	0	0	0	0	0	0	0	0	0	0	0	0	0	1	-1	1	-1	0	0	0	0	0	0	0	0	0	0	0	0	0	0	0	0	0	0	0	0	0	0	0	0	0	0	0	0	0	0	0	0	0	0	0	0	0	0	0	0	0	0	0	0	0	0	0	0	0	0	0	0	0	0	0	0	0	0	0	0	0	0	0	0	0	0	0	0	
43986037	0	0	0	0	0	0	0	0	0	0	0	0	0	-1	0	0	0	0	0	0	0	0	0	0	0	0	0	0	0	0	0	0	0	0	0	0	0	0	1	0	-1	1	0	0	0	0	0	0	1	0	0	0	0	0	0	0	1	0	0	0	0	0	0	0	0	0	0	0	0	0	0	0	0	0	0	0	0	0	0	0	0	0	0	0	0	0	1	0	1	-1	1	1	0	1	0	0	0	0	0	0	0	0	0	0	0	0	0	0	0	0	0	0	0	0	0	0	0	0	0	0	0	0	0	0	0	0	0	0	0	0	0	1	43986037	55	female	republican	some_college	married	selfemployed	white	Protestant	yes	yes
32055577	0	0	0	0	0	0	0	0	1	0	0	0	0	0	0	0	0	1	0	0	0	0	0	0	0	0	0	0	0	0	0	0	0	0	0	0	0	0	0	0	0	0	0	0	0	0	0	0	0	0	0	0	0	0	-1	0	0	0	0	0	0	0	0	0	0	0	0	0	0	0	0	0	0	0	0	0	1	0	0	0	0	0	0	0	0	0	0	0	0	0	0	0	0	0	0	0	0	0	0	0	0	0	0	0	0	0	0	0	0	0	0	0	0	0	0	0	0	0	0	0	0	0	0	0	0	0	0	0	0	0	0	0	
37799090	1	1	0	0	0	1	0	0	0	0	0	1	1	-1	1	1	0	0	0	0	0	0	1	0	0	1	0	0	0	0	0	0	0	0	1	0	1	0	0	0	0	0	0	0	0	0	0	0	0	0	0	0	0	0	0	0	0	0	0	0	0	0	1	-1	1	0	0	0	0	1	0	1	1	1	0	0	0	0	0	1	0	1	-1	0	1	0	0	0	0	0	-1	-1	0	0	1	0	0	0	0	0	0	0	1	0	0	0	1	1	1	0	1	0	1	0	0	0	1	1	1	-1	0	1	0	1	1	0	1	0	1	0	1	0	37799090	24	female	independent	high_school	single_living_with_partner	unemployedseeking_employment	white	Buddhist	no	yes
43861611	0	1	0	0	0	1	0	0	0	0	0	0	0	0	0	1	0	0	0	0	0	0	0	0	0	0	1	0	0	0	0	0	0	0	0	0	0	0	0	0	0	0	0	0	0	0	0	0	0	0	0	0	0	0	0	0	0	0	0	0	0	0	0	0	0	0	0	0	0	-1	0	1	0	0	0	0	0	0	0	1	0	0	0	0	0	0	0	0	0	0	1	0	0	0	0	0	0	0	0	0	0	0	0	0	0	0	0	0	0	0	0	0	0	0	0	0	1	1	1	1	0	0	0	0	1	0	0	0	1	0	0	0	43861611	28	female	independent	bachelor	married	unemployedseeking_employment	white	Protestant	no	yes
38858920	0	0	0	1	0	0	0	0	1	0	0	0	0	0	0	0	0	0	0	0	0	0	0	0	0	0	0	0	0	0	0	0	0	0	0	0	0	0	0	0	0	0	0	0	0	0	0	0	0	0	0	-1	0	0	0	0	1	0	0	0	0	0	0	0	0	0	0	0	0	0	0	0	0	0	0	0	0	0	0	0	0	0	0	0	0	0	0	0	0	0	0	0	0	0	0	0	0	0	0	0	0	0	0	0	0	0	0	0	0	0	0	0	0	0	0	0	0	0	0	0	0	0	0	0	0	0	0	0	0	0	0	0	38858920	41	female	republican	doc	single_living_alone	unemployedseeking_employment	white	Roman Catholic	yes	yes
34554100	0	1	1	0	0	0	0	1	0	0	-1	0	0	-1	1	0	0	0	1	0	0	0	0	1	1	1	0	0	0	0	-1	1	0	1	1	-1	1	1	1	0	-1	-1	0	0	0	1	1	0	-1	0	0	0	1	-1	0	0	1	0	1	1	0	0	0	-1	0	0	0	0	0	0	0	0	0	1	0	1	0	0	0	0	1	0	-1	0	0	1	-1	0	0	0	0	1	-1	1	0	-1	1	-1	0	1	0	0	0	0	1	1	0	0	0	1	0	0	-1	0	-1	0	1	0	0	0	0	0	0	0	0	0	0	-1	0	0	0	1	34554100	30	female	independent	high_school	single_living_with_partner	selfemployed	white	other:baptist	no	yes
43944033	0	0	0	0	0	0	0	1	0	0	0	0	0	0	0	1	0	0	0	0	0	0	-1	0	0	0	0	0	0	0	0	0	0	0	0	0	1	0	0	0	0	0	0	0	0	0	0	0	0	1	0	0	0	0	1	0	0	0	0	0	0	0	0	0	0	0	0	0	0	0	0	0	0	0	0	0	0	1	1	0	0	0	1	0	0	0	0	0	1	0	0	0	0	0	0	0	0	0	1	0	0	1	1	0	0	0	0	0	1	0	1	0	0	0	0	0	1	0	0	1	0	0	0	0	0	0	1	0	0	0	0	2	
43876255	0	0	0	0	0	0	0	0	0	0	0	0	0	0	0	1	0	0	0	0	0	0	0	0	0	0	0	0	0	0	0	0	0	0	0	0	1	0	0	0	0	0	0	0	0	0	0	0	0	0	0	0	0	0	0	0	0	0	0	0	0	0	0	0	0	0	0	0	0	0	0	0	0	0	0	0	0	0	0	0	0	0	0	0	0	0	0	0	0	0	0	0	0	0	0	0	0	0	0	0	0	0	1	0	0	0	0	0	1	0	0	0	0	0	0	0	0	0	0	0	0	0	0	0	0	0	0	0	0	0	0	0	43876255	27	male	independent	associate_degree	married	employee	white	Protestant	no	yes
30410452	0	0	0	0	0	0	0	0	0	0	0	0	0	0	0	0	0	0	0	0	0	0	0	0	0	0	0	0	0	0	0	0	0	0	0	0	1	0	0	0	0	0	0	0	0	0	0	0	0	0	0	0	0	0	0	0	0	0	0	0	0	0	0	0	0	0	0	0	0	0	0	0	0	0	0	0	0	0	0	0	0	0	0	0	1	0	0	0	0	0	0	0	-1	0	0	0	0	0	0	0	0	0	0	0	0	0	0	0	0	0	0	0	0	0	0	0	0	0	0	0	0	0	1	0	0	0	0	0	0	1	0	0	30410452	22	male	democrat	associate_degree	single_living_with_partner	employee	white	Atheist / Agnostic	no	yes
44087209	0	0	0	0	0	0	0	0	0	0	0	0	0	0	0	0	0	0	0	0	0	0	0	0	0	0	1	0	0	0	0	0	0	0	0	0	0	0	0	1	0	0	0	0	0	0	0	0	0	0	0	0	0	0	0	0	0	0	0	0	0	0	0	0	0	0	0	0	0	0	0	0	0	0	0	0	0	0	0	0	0	0	0	0	0	0	0	0	0	0	0	0	0	0	0	0	0	0	0	0	0	0	0	0	0	0	0	0	0	0	0	-1	0	0	0	0	0	0	0	0	0	0	0	0	-1	0	0	0	0	0	0	1	
43811734	0	-1	1	0	0	0	0	1	0	0	0	0	0	-1	1	0	0	0	-1	0	0	0	0	0	1	1	0	0	0	1	0	0	0	1	1	-1	1	1	-1	0	-1	1	0	0	0	1	1	0	1	1	1	1	0	-1	0	0	1	0	1	0	0	0	0	-1	0	0	0	1	0	0	0	0	0	1	1	1	0	0	0	0	1	0	0	0	0	0	-1	0	0	0	-1	0	-1	1	0	-1	1	0	1	0	0	0	0	0	1	0	0	0	0	1	0	0	1	1	-1	0	1	0	0	0	0	0	0	0	0	0	0	-1	0	0	1	1	
43751819	0	0	0	0	-1	0	0	0	0	0	0	0	0	0	0	0	1	1	-1	-1	0	0	0	0	0	0	0	0	0	0	0	0	0	0	0	0	0	0	0	0	0	0	0	0	0	0	0	0	0	0	0	0	0	0	0	0	0	0	0	0	0	0	0	0	0	0	0	0	0	1	0	0	0	0	0	0	0	0	0	0	0	0	0	0	0	0	0	1	0	0	0	0	0	0	0	0	0	1	0	0	0	0	0	0	0	0	0	0	0	0	0	0	0	0	0	0	0	0	0	0	0	0	0	0	0	0	0	0	0	0	0	0	43751819	32	male	independent	bachelor	married	employee	white	other:Christian	no	yes
44089777	0	0	0	0	0	0	0	0	0	0	0	0	0	0	0	0	0	0	0	0	0	0	0	0	0	0	0	0	0	0	0	0	0	0	0	0	-1	1	-1	1	0	0	0	0	0	0	0	0	0	0	0	0	0	0	0	0	0	0	0	0	0	0	0	0	0	0	0	0	0	0	0	0	0	0	0	0	0	0	0	0	0	0	0	0	0	0	0	0	0	0	0	0	0	0	0	0	0	0	0	0	0	0	0	0	0	0	0	0	0	0	0	0	0	0	0	0	0	0	0	0	0	0	0	0	0	0	0	0	0	0	0	0	
43393412	0	0	0	-1	0	0	0	0	0	0	0	0	0	0	0	0	0	0	0	1	0	0	0	0	0	0	0	0	0	0	0	0	0	0	0	0	0	0	0	0	0	0	0	0	0	0	0	0	0	0	0	0	0	0	0	-1	-1	0	0	1	0	0	0	0	0	0	0	0	0	0	0	0	0	0	0	0	0	-1	0	0	0	-1	0	0	0	0	0	0	0	0	0	0	0	1	1	0	0	0	0	0	0	0	1	0	-1	0	0	0	0	0	0	0	0	0	0	0	0	0	0	-1	1	0	0	0	0	-1	0	0	1	-1	0	2	
43916681	0	0	0	1	0	0	0	0	0	0	0	0	0	1	0	0	0	0	0	1	0	0	0	1	0	0	0	0	0	0	0	0	0	0	1	1	0	0	0	0	0	0	0	0	-1	0	0	0	0	0	0	0	1	-1	1	0	1	1	0	1	0	0	1	0	0	0	1	1	0	0	-1	0	1	0	1	0	0	1	0	0	0	1	0	0	0	0	0	1	0	1	0	0	0	-1	1	-1	0	0	0	0	0	0	1	0	-1	0	0	0	0	0	0	0	0	-1	0	0	0	0	0	1	1	0	0	0	0	1	0	0	1	1	3	43	43916681	24	male	none	associate_degree	single_living_with_parents	student	hispanic_american	Roman Catholic	yes	yes
43859850	0	0	0	0	0	1	0	0	0	0	0	0	0	0	0	0	0	0	0	1	0	0	0	0	0	0	0	0	0	0	0	0	1	0	0	0	0	0	0	0	0	0	0	0	0	0	0	0	0	0	0	0	0	0	0	0	0	0	0	0	0	0	0	0	0	0	0	0	0	0	0	0	0	0	0	0	0	0	0	0	0	0	0	0	0	0	0	0	0	0	0	0	0	0	0	0	0	0	0	0	0	0	0	0	0	0	0	0	0	0	0	0	0	1	0	0	0	0	0	0	0	0	0	0	0	0	0	0	0	0	0	14	
6309240	0	0	0	0	0	0	0	0	0	0	0	0	0	0	1	0	0	0	-1	0	0	0	0	0	0	0	0	1	0	0	0	0	0	0	0	0	0	0	0	0	0	0	0	0	0	0	0	0	0	1	0	0	0	0	0	0	0	0	0	0	0	0	0	-1	0	0	0	0	0	0	0	0	0	0	0	1	1	1	1	1	0	0	0	0	1	0	0	0	0	0	-1	0	0	0	-1	0	0	0	0	0	-1	0	0	0	0	0	0	1	0	0	0	0	0	0	0	0	0	0	0	0	0	0	0	0	0	0	1	0	0	0	0	0	6309240	50	female	republican	bachelor	single_living_with_parents	employee	asien	Roman Catholic	yes	yes
31585018	0	0	0	1	-1	0	0	0	1	0	0	0	0	0	0	0	0	0	0	0	0	0	0	0	0	0	0	-1	0	0	0	0	0	0	0	0	0	0	0	0	0	0	0	0	0	0	1	0	0	0	0	1	0	0	0	0	1	0	0	0	0	0	0	0	0	0	0	0	0	0	0	0	0	0	0	1	0	0	0	0	0	0	0	0	0	0	0	0	0	0	0	0	0	0	0	0	0	0	0	0	0	0	0	0	0	0	0	0	0	0	0	0	0	0	0	0	0	0	0	0	0	0	0	0	0	0	0	0	0	0	0	0	31585018	30	female	democrat	associate_degree	married	unemployedseeking_employment	white	Atheist / Agnostic	no	yes
43912578	1	1	1	1	0	0	0	1	0	0	0	0	0	0	0	1	0	0	0	0	0	0	1	0	0	0	0	0	1	0	0	0	0	0	0	0	1	0	0	0	0	0	0	0	0	0	0	0	0	1	0	0	0	0	-1	0	0	0	0	0	0	0	0	0	0	0	0	0	0	1	0	0	0	0	1	0	0	1	-1	0	1	1	1	-1	0	0	1	0	1	0	0	0	0	0	0	0	0	0	1	0	0	-1	1	1	0	0	0	0	1	0	1	0	0	0	-1	0	1	0	0	1	0	0	1	0	0	0	1	0	0	0	0	0	
43938234	0	1	0	-1	1	0	1	1	0	0	0	0	1	0	1	0	0	0	0	0	0	0	0	1	0	0	0	0	0	0	0	0	1	1	0	1	1	1	0	0	0	0	0	0	0	1	0	1	0	0	0	0	0	0	0	0	0	0	0	0	0	0	0	1	0	0	0	0	-1	0	0	0	0	0	0	1	0	0	0	0	1	0	0	0	0	0	0	0	0	0	0	1	0	0	0	0	1	0	0	-1	0	0	0	0	0	0	0	0	1	0	0	0	1	0	1	0	0	0	1	0	0	0	0	1	0	0	0	0	0	0	0	1	
43651516	0	0	0	0	0	0	1	0	0	0	0	0	0	0	-1	0	0	0	0	0	1	0	1	0	0	0	0	0	0	0	1	0	0	1	0	0	1	0	0	0	0	0	0	1	0	0	0	1	0	1	0	0	0	0	0	0	0	0	0	0	0	0	0	0	-1	-1	1	1	0	0	0	0	0	0	0	1	-1	1	-1	1	0	0	1	0	0	0	0	0	0	0	1	0	0	0	0	0	0	0	0	0	0	0	0	0	0	0	0	1	0	0	-1	0	0	0	0	-1	0	0	0	0	0	0	1	0	0	0	0	0	0	0	0	1	
44092298	0	0	1	0	0	0	0	1	0	-1	0	0	0	0	0	0	0	1	1	0	0	0	0	0	0	1	1	0	1	1	1	1	1	1	1	-1	1	1	-1	1	0	0	0	0	-1	0	0	0	0	0	1	0	0	0	0	1	0	1	1	0	1	-1	0	0	0	0	0	1	0	0	0	0	0	0	0	0	0	-1	-1	0	0	1	0	0	1	1	-1	1	1	-1	0	0	0	0	0	0	1	0	0	0	0	0	0	1	1	0	0	0	1	1	1	-1	1	1	-1	1	0	1	0	0	0	0	0	0	-1	0	0	0	0	0	1	4	
42241450	0	0	0	0	0	0	0	0	0	0	0	0	0	0	0	0	0	0	0	0	0	0	0	0	0	0	0	0	0	0	0	0	0	0	0	0	0	0	0	0	0	0	0	0	0	0	0	-1	0	0	0	0	0	0	0	0	0	0	0	0	0	1	0	0	0	0	0	0	0	0	0	0	0	0	0	0	0	0	0	0	0	0	0	0	0	0	0	0	0	0	0	0	0	0	0	0	0	0	1	0	0	0	0	0	0	0	0	0	0	0	0	0	0	0	0	0	0	0	1	0	0	0	0	0	0	0	0	0	0	0	0	0	
39073124	0	0	0	0	0	0	0	0	1	0	0	0	0	0	0	0	0	1	0	0	0	0	0	0	0	0	0	0	0	0	0	0	0	0	0	0	0	0	0	0	0	0	0	0	0	0	0	0	0	0	0	0	0	0	1	0	0	0	0	0	0	0	0	0	0	0	0	0	0	0	0	0	0	0	0	0	1	0	0	0	0	0	0	0	0	0	0	0	0	0	0	0	0	0	0	0	0	0	0	0	0	0	0	0	0	0	0	0	0	0	0	0	0	0	0	0	0	0	0	0	0	0	0	0	0	0	0	0	0	0	0	0	
43591595	0	0	0	0	0	0	0	0	0	0	0	0	0	0	0	0	0	0	0	0	0	0	0	0	0	0	0	0	0	0	0	0	0	0	0	0	0	0	0	0	0	0	1	0	0	0	0	0	0	0	1	0	0	0	0	1	0	0	0	1	0	0	0	0	0	0	0	0	0	0	0	0	0	0	0	0	0	0	1	0	0	1	0	0	0	0	0	0	0	-1	0	0	0	0	0	0	0	0	0	0	0	0	0	0	0	0	0	0	0	0	0	0	0	0	0	0	0	0	0	0	0	0	0	0	0	1	0	0	0	0	0	0	
41127744	0	0	0	0	0	0	1	0	0	0	1	1	0	0	0	0	0	0	0	0	1	0	0	1	1	0	0	0	0	0	1	0	0	-1	1	0	1	0	0	0	-1	0	0	-1	0	0	0	-1	-1	0	0	1	0	0	0	0	0	0	1	0	0	1	1	-1	1	1	-1	0	0	0	0	0	0	-1	0	0	0	0	0	0	0	0	0	0	1	0	0	1	1	-1	1	1	0	0	1	0	0	0	0	0	0	0	0	0	0	0	0	0	0	0	0	1	1	0	0	1	0	0	0	0	0	0	-1	-1	0	1	1	0	0	0	1	3	
44009386	0	0	0	-1	0	0	-1	0	0	0	0	0	-1	0	0	0	0	0	0	-1	0	0	0	0	0	0	0	0	1	-1	-1	1	0	0	0	0	-1	-1	-1	-1	-1	0	0	0	0	0	0	0	-1	0	0	0	0	0	0	0	0	0	0	0	0	0	0	-1	-1	0	0	0	0	0	0	-1	0	0	0	0	0	-1	-1	0	-1	-1	-1	-1	0	0	0	0	0	0	0	-1	0	0	0	0	-1	0	0	0	0	0	0	0	0	0	0	-1	0	-1	-1	0	0	0	0	0	0	0	-1	0	0	-1	0	0	0	-1	0	0	0	0	1	158	
43842980	1	1	1	0	1	1	1	1	0	0	-1	0	0	0	1	0	-1	0	-1	0	1	0	0	1	1	1	0	0	0	0	1	1	0	1	1	1	1	1	1	0	0	0	0	0	0	1	1	0	0	0	0	0	1	0	0	0	0	0	1	1	0	0	0	1	0	0	0	0	0	1	0	0	0	1	1	1	1	0	0	0	1	0	1	1	0	1	0	0	0	0	0	1	0	1	1	1	1	1	0	1	0	0	0	1	0	1	1	0	0	1	0	0	1	0	1	1	1	1	0	0	0	0	1	0	0	0	1	1	0	1	1	3	
37305088	0	0	0	0	0	0	0	0	0	0	0	0	0	0	0	0	1	0	0	0	0	0	0	0	0	0	0	0	0	1	0	0	0	0	0	0	0	0	0	0	0	0	0	0	0	0	0	0	0	0	0	0	1	0	0	0	0	0	0	0	0	0	0	0	0	0	0	0	0	0	0	0	0	0	0	0	0	0	0	-1	0	0	0	0	0	0	0	0	0	0	0	0	0	0	0	0	0	0	0	0	0	0	0	0	0	0	0	0	0	0	0	0	0	0	0	0	0	0	0	0	0	0	0	0	0	0	0	0	0	0	0	0	
6363996	0	0	0	0	0	0	0	1	0	0	0	0	0	0	0	1	0	0	0	0	0	0	1	0	0	0	0	0	0	0	0	0	0	0	0	0	0	0	0	0	0	0	0	0	0	0	0	0	0	0	0	0	0	0	0	0	0	0	0	0	0	0	0	0	0	0	0	0	0	0	0	0	0	0	0	0	0	1	1	0	0	0	0	0	0	0	0	0	0	0	0	0	0	0	0	0	0	0	1	0	0	1	0	0	0	0	0	0	0	0	1	0	0	0	0	0	1	0	0	1	0	0	0	0	0	0	1	0	0	0	0	1	
8308030	0	0	0	0	0	0	0	0	0	0	-1	0	0	-1	0	0	0	0	0	0	0	0	0	1	1	0	0	0	0	1	0	0	0	0	1	0	1	0	-1	0	-1	1	0	0	0	0	0	0	-1	1	1	1	0	0	0	0	1	0	1	0	1	0	0	0	1	-1	1	1	0	0	0	0	0	0	1	0	0	1	-1	0	0	1	0	0	0	0	-1	1	0	-1	-1	0	0	1	0	0	0	0	1	0	0	0	0	0	0	0	0	0	0	1	0	1	0	1	0	0	0	0	0	0	0	0	0	-1	0	0	0	0	0	0	0	0	
43861467	1	0	1	0	0	1	0	1	0	0	1	0	1	1	1	1	0	0	1	1	0	0	1	0	0	1	0	0	1	0	1	1	1	0	1	1	0	1	1	0	0	0	1	0	1	1	1	1	0	0	1	0	1	1	0	1	0	0	0	1	0	1	0	1	1	0	0	0	0	0	0	0	1	0	0	0	0	1	1	0	0	1	1	0	1	1	1	1	0	1	0	1	-1	0	0	1	0	1	1	1	0	-1	0	0	1	1	1	1	0	0	1	1	1	1	1	1	1	1	0	1	0	1	0	1	0	1	1	0	1	0	0	0	43861467	32	male	democrat	bachelor	single_living_with_parents	unemployedseeking_employment	black_or_african_american	Roman Catholic	yes	yes
39174418	0	0	0	0	0	0	0	0	0	0	0	0	0	-1	0	0	0	0	0	0	0	1	0	0	0	0	0	0	0	0	0	0	1	0	0	0	0	0	0	0	0	0	0	0	0	0	0	0	0	0	0	0	0	0	0	0	0	0	0	0	0	0	0	0	0	0	0	0	0	0	0	0	0	0	0	0	0	0	0	0	0	0	0	0	0	0	0	0	0	0	0	0	0	0	-1	0	-1	1	1	1	0	0	0	0	0	0	0	1	0	0	1	0	0	1	0	0	0	0	0	0	0	1	0	0	0	0	0	0	0	0	0	0	
42768322	1	0	0	0	0	0	0	0	0	0	-1	0	1	1	1	1	0	0	0	0	0	0	0	0	1	0	0	0	0	0	0	0	0	0	0	0	0	0	0	0	-1	0	0	0	0	0	0	0	-1	0	0	1	0	0	0	0	0	0	1	0	-1	0	0	0	1	-1	1	0	0	0	0	0	0	1	0	0	0	0	0	0	0	0	0	0	0	0	0	0	1	-1	1	-1	0	0	0	0	0	0	0	0	0	0	0	0	0	0	1	0	0	0	0	1	0	0	0	0	0	0	0	0	0	0	0	1	0	1	0	0	1	0	0	0	
43945424	1	1	0	0	0	0	0	0	0	0	0	1	0	0	0	0	-1	-1	0	0	0	0	0	0	1	0	0	0	0	0	0	1	0	0	0	0	0	0	0	0	0	0	0	0	0	0	0	0	0	0	0	0	0	0	0	0	0	0	0	0	0	0	0	0	0	-1	0	0	1	1	1	-1	0	0	0	0	-1	0	0	-1	0	0	0	0	0	0	0	0	0	0	0	0	1	0	0	1	0	0	0	0	0	1	1	0	0	0	-1	0	0	0	0	0	0	0	0	0	1	-1	0	0	0	0	0	0	0	0	-1	0	0	-1	0	21	
41545007	1	1	1	1	1	0	1	1	1	0	1	1	0	0	1	1	-1	1	1	1	1	-1	0	1	0	1	1	0	1	0	0	1	0	0	0	0	1	1	0	1	-1	-1	-1	1	1	0	0	1	0	1	1	0	1	-1	-1	1	0	0	0	0	1	1	0	0	0	1	0	1	-1	-1	-1	1	0	1	1	0	1	1	-1	0	1	0	-1	0	0	1	-1	1	1	0	0	0	0	0	0	0	1	-1	1	0	-1	1	1	1	1	1	1	1	1	1	1	1	0	0	-1	-1	1	0	1	1	0	1	1	0	1	1	1	-1	0	1	5	0	
43917255	0	0	0	0	0	0	0	0	0	0	0	0	0	0	0	0	0	0	0	0	0	0	0	0	0	0	0	0	-1	0	0	0	0	0	0	0	0	0	0	0	0	0	0	0	0	0	0	0	0	0	0	0	1	-1	-1	-1	0	0	0	0	0	0	1	0	0	0	0	1	0	0	-1	0	1	0	0	0	0	0	0	0	1	0	0	0	0	0	-1	0	0	0	0	0	0	0	0	0	0	0	0	0	0	0	0	0	0	0	0	0	0	0	0	0	0	0	-1	0	0	0	0	0	0	0	0	0	0	0	0	0	0	0	0	0	43917255	30	female	democrat	bachelor	single_living_alone	employee	white	Atheist / Agnostic	yes	yes
43974080	0	1	0	0	0	0	0	0	0	0	0	0	0	0	1	0	0	0	0	0	0	0	0	0	0	0	0	0	0	0	0	0	0	0	0	0	0	0	0	0	0	0	0	0	0	0	0	0	1	1	1	1	0	0	0	0	0	0	0	0	0	0	0	0	0	0	0	0	0	0	0	0	0	0	1	0	0	0	0	0	-1	0	0	0	0	0	0	0	0	0	1	0	0	0	0	0	0	0	0	0	0	0	0	0	0	0	0	0	0	0	0	0	0	1	0	0	0	0	0	0	0	0	0	0	0	0	0	0	0	0	1	0	
41986015	0	0	0	0	0	0	-1	0	0	0	0	-1	0	0	0	0	0	0	0	0	-1	0	0	0	0	1	0	0	0	0	1	0	0	1	1	0	0	0	0	0	0	0	0	1	0	0	0	-1	0	0	0	0	0	0	0	0	0	0	0	0	1	0	1	1	0	0	0	0	0	0	0	0	0	1	0	0	0	0	0	0	0	0	0	0	1	0	0	0	1	0	0	1	0	0	1	0	0	0	0	0	0	0	0	0	0	0	0	0	0	0	0	0	1	0	0	-1	0	0	0	0	0	1	1	0	0	1	1	0	0	0	0	1	41986015	62	female	none	bachelor	single_living_alone	retired	hispanic_american	Roman Catholic	yes	no
19838540	1	1	1	1	1	1	-1	1	0	1	-1	1	1	0	1	0	0	1	0	1	1	0	1	1	0	0	0	0	-1	1	1	1	1	1	0	0	1	1	1	1	-1	1	0	1	1	1	1	1	-1	1	1	1	0	-1	0	0	1	-1	1	1	0	1	0	-1	1	1	1	1	0	1	-1	1	0	0	1	0	1	0	-1	0	1	1	1	-1	1	1	1	1	0	-1	1	1	-1	1	1	0	1	0	1	1	0	1	1	0	1	1	0	0	1	1	0	0	0	1	0	0	0	1	1	1	-1	1	0	1	1	1	1	-1	1	1	5	2	19838540	41	male	independent	bachelor	married	employee	white	Muslim	yes	yes
6413571	0	0	0	0	0	0	0	0	0	0	0	0	0	0	0	0	0	0	0	0	0	-1	0	0	0	0	0	0	-1	0	1	0	0	0	0	0	0	0	0	0	0	0	0	0	0	0	0	0	0	0	0	0	0	0	0	0	0	0	0	0	0	0	1	0	0	0	0	0	0	0	0	0	-1	0	0	0	0	0	0	0	1	0	0	0	0	1	0	0	0	0	0	0	0	0	0	0	0	0	0	0	0	0	0	0	0	0	0	0	0	0	0	0	0	0	0	0	0	0	0	0	-1	-1	1	1	0	0	0	0	-1	0	0	0	
41676062	0	0	0	0	0	0	0	0	0	0	0	1	1	0	0	0	0	0	0	0	0	0	0	0	0	0	0	0	0	0	0	0	0	0	0	0	0	0	0	0	0	0	0	0	0	0	0	1	0	0	0	0	0	0	0	0	0	0	0	0	0	0	0	0	0	0	0	0	-1	0	0	0	0	1	0	0	0	0	0	0	0	0	0	0	0	0	0	0	0	0	0	1	0	0	0	0	0	0	0	1	0	0	0	0	0	0	0	0	0	0	0	0	-1	0	0	0	0	0	0	0	0	0	0	0	0	0	0	0	0	0	0	0	
39501628	1	1	1	1	-1	1	1	0	1	0	-1	1	0	-1	0	1	-1	1	0	0	1	0	1	0	1	1	1	1	1	1	1	0	1	1	1	1	1	0	0	1	0	1	-1	-1	0	1	1	1	0	1	0	0	0	-1	-1	-1	0	-1	1	1	1	1	0	0	0	1	0	1	-1	1	-1	1	0	1	1	1	1	0	1	1	0	0	1	0	0	1	0	1	1	-1	-1	0	-1	0	1	0	1	1	1	1	0	0	1	1	1	1	1	1	1	1	1	1	-1	0	0	1	1	1	1	1	0	1	1	1	1	-1	1	-1	1	1	3	4	
43888123	0	0	0	0	0	0	0	0	0	0	0	0	0	0	0	0	0	0	0	0	0	0	0	0	1	0	0	0	0	0	0	0	0	1	0	1	0	1	0	0	0	0	0	0	0	-1	0	0	0	0	0	0	0	0	0	0	0	0	1	0	0	0	0	0	0	0	0	0	0	0	0	0	0	1	0	0	0	0	0	0	0	0	0	0	0	0	0	0	0	0	0	0	0	0	0	0	1	0	0	0	0	0	0	0	0	0	0	0	0	1	0	0	-1	0	-1	0	0	0	0	0	0	0	0	0	0	0	0	-1	0	0	0	0	43888123	23	female	democrat	bachelor	single_living_with_partner	student	white	Protestant	no	yes
43932665	0	0	0	0	0	0	0	0	0	0	0	0	0	-1	0	0	0	0	0	0	0	1	0	0	0	0	0	0	0	0	0	0	0	0	0	0	0	0	0	0	0	0	0	0	1	0	0	0	0	0	0	0	0	0	0	0	0	0	0	0	0	0	0	0	0	0	1	0	0	0	0	0	0	0	1	0	0	0	0	0	0	0	0	0	0	0	0	0	0	0	0	0	0	0	-1	-1	0	0	0	0	0	0	0	0	0	0	0	0	0	0	0	0	0	1	0	0	0	0	0	0	0	0	0	0	0	0	0	0	0	0	0	0	
43934710	0	0	0	0	0	0	0	0	0	0	0	0	0	0	0	0	0	0	0	0	0	0	0	0	0	0	-1	0	0	0	0	0	0	0	0	0	0	0	0	1	0	0	0	0	0	0	0	0	0	0	0	0	0	0	0	0	0	0	0	0	0	0	0	0	0	0	0	0	0	0	0	0	0	0	0	0	0	0	0	0	0	0	0	0	0	0	0	0	0	0	0	0	0	0	0	0	0	0	0	0	0	0	0	0	0	0	0	0	0	0	0	1	0	0	0	0	0	0	0	0	0	0	0	0	1	0	0	0	0	0	0	0	
43630064	0	0	0	0	0	0	0	0	0	0	0	0	-1	1	0	0	0	0	0	1	0	0	0	0	0	0	0	0	1	0	0	0	0	0	0	0	0	1	0	1	0	1	1	0	0	1	0	0	0	0	1	0	0	0	0	-1	0	0	0	1	0	1	0	-1	0	0	0	0	0	0	-1	1	0	0	0	0	0	0	1	0	0	0	0	0	0	0	0	0	0	-1	0	0	0	0	0	0	0	0	0	-1	0	0	0	0	0	0	0	0	0	0	0	1	1	1	-1	-1	0	1	0	0	0	0	0	0	1	1	0	0	0	0	0	7	
22345789	1	1	1	1	0	0	0	0	0	0	-1	0	0	0	0	0	0	0	0	-1	0	0	0	1	0	0	0	0	0	0	1	1	0	0	0	0	0	0	0	0	0	0	0	0	1	0	1	0	1	1	1	1	1	0	1	0	0	0	0	1	0	0	0	0	0	0	0	0	0	0	0	0	0	0	1	0	0	1	0	0	0	0	1	0	0	1	0	0	1	0	1	1	0	0	-1	0	0	1	0	1	0	0	1	1	0	1	0	0	0	0	0	0	0	1	0	0	0	0	0	0	-1	0	0	0	0	0	0	0	1	1	0	1	22345789	62	female	independent	associate_degree	single_living_alone	employee	white	other:Christian	no	yes
16854635	0	0	0	0	0	0	0	0	0	0	0	0	0	0	1	0	0	0	-1	0	0	1	0	0	0	0	0	-1	1	0	1	0	0	0	0	0	0	1	0	0	0	0	0	0	0	0	0	0	0	1	0	0	0	0	0	-1	0	0	0	0	0	0	1	0	1	-1	1	1	0	0	0	0	1	0	0	1	1	-1	1	1	1	0	0	0	0	1	0	0	0	0	-1	0	0	0	0	0	0	0	0	1	-1	0	0	0	0	0	0	1	0	0	0	1	0	0	0	0	0	0	0	0	-1	1	1	1	0	0	0	0	1	0	0	2	
40107272	1	0	0	1	1	1	1	1	1	0	-1	0	1	0	0	0	0	0	0	0	1	0	1	0	0	0	0	-1	-1	1	0	0	1	0	0	0	0	1	0	0	0	0	0	1	0	0	1	0	0	0	0	1	1	-1	-1	1	1	0	0	1	0	0	1	0	0	0	0	1	0	1	-1	0	1	0	1	1	0	1	1	0	1	1	0	1	1	0	-1	0	0	0	0	1	0	1	0	0	-1	0	0	0	0	0	0	-1	1	0	0	0	0	1	0	0	0	0	1	1	0	0	1	1	-1	0	1	0	0	1	0	0	0	0	0	0	
43942386	1	1	1	1	0	1	1	1	0	0	0	0	0	0	0	1	-1	-1	-1	1	1	0	1	0	0	0	1	0	-1	0	0	0	0	0	0	0	1	0	0	0	0	0	0	0	0	0	0	0	0	1	0	0	0	0	1	0	0	0	0	0	0	0	0	0	0	0	0	0	0	1	0	0	0	0	1	0	0	0	1	0	1	1	1	1	0	0	1	1	1	0	1	0	-1	-1	1	1	0	-1	1	0	0	1	1	1	0	0	0	0	1	1	1	0	0	0	-1	1	1	1	1	0	0	0	1	0	0	0	1	0	0	0	3	2	
20430407	0	0	1	0	0	0	0	1	1	-1	-1	1	0	-1	0	0	0	1	-1	0	0	0	0	0	1	1	1	1	0	0	0	0	1	1	1	1	0	0	0	1	0	1	-1	0	1	1	0	0	0	0	1	0	0	-1	0	1	0	0	1	1	0	1	0	0	0	-1	0	0	-1	0	-1	1	0	0	0	0	0	0	-1	1	0	0	0	0	0	0	0	0	1	-1	0	0	0	0	0	0	0	0	0	0	0	0	1	1	1	1	1	1	1	1	1	1	0	0	0	0	1	0	0	0	0	0	0	0	1	0	0	0	0	0	0	2	
36276573	1	0	0	0	0	0	0	0	0	0	0	0	1	-1	1	1	0	0	0	0	0	0	0	0	0	0	0	0	0	0	0	0	0	0	0	0	0	0	0	0	0	0	0	0	0	0	0	0	0	0	0	0	0	0	0	0	0	0	0	0	0	0	0	0	1	0	0	0	0	0	0	0	0	0	0	0	0	0	0	0	0	0	0	0	0	0	0	0	0	0	0	0	0	0	0	0	0	0	0	0	0	0	0	0	0	0	1	0	0	0	0	0	0	0	0	0	0	0	0	0	0	0	0	0	0	0	0	0	1	0	0	0	
18869867	1	1	1	1	0	0	0	0	0	0	0	0	0	0	0	0	0	0	0	0	0	0	0	0	0	0	0	0	0	0	0	0	0	0	0	0	0	0	0	0	0	0	0	0	0	0	0	0	0	-1	0	0	0	0	-1	0	0	0	0	0	0	0	0	0	0	0	0	0	0	0	0	0	0	0	0	0	0	0	0	0	0	0	1	0	0	0	0	0	1	0	0	0	0	0	0	0	0	0	0	0	0	0	0	0	0	0	0	0	0	0	0	0	0	0	0	0	0	0	0	0	0	0	0	0	0	0	0	0	0	0	0	0	18869867	67	female	republican	bachelor	single_living_alone	retired	white	Protestant	yes	yes
43941355	0	0	-1	-1	1	0	0	0	1	0	0	1	0	-1	0	0	-1	-1	0	0	1	-1	-1	0	-1	0	0	-1	0	-1	0	0	0	0	0	0	0	-1	1	1	1	1	1	-1	-1	-1	-1	0	-1	0	-1	-1	-1	0	1	0	1	0	-1	0	1	-1	-1	-1	-1	1	-1	0	0	0	1	-1	0	0	-1	-1	-1	0	1	-1	0	0	0	0	-1	0	1	0	-1	1	1	1	-1	1	-1	-1	0	1	0	0	1	0	0	0	0	0	0	0	0	1	0	1	0	-1	0	0	0	0	0	0	1	0	-1	1	0	0	0	-1	0	-1	2	1	43941355	21	male	republican	associate_degree	single_living_alone	civil_servant	white	Atheist / Agnostic	yes	yes
43875818	0	0	0	0	0	0	0	0	0	0	0	0	1	0	0	0	0	0	0	-1	0	0	0	0	0	0	0	0	0	1	-1	-1	0	0	0	0	0	1	0	0	0	0	1	0	1	1	1	1	0	0	1	0	0	0	0	1	0	0	0	0	0	-1	0	1	0	0	0	0	0	0	0	0	0	0	0	0	0	0	1	0	0	0	0	0	0	0	0	0	0	0	0	0	0	0	0	0	0	0	0	1	0	0	0	0	0	0	0	0	0	0	0	-1	1	1	1	-1	0	1	0	0	0	0	0	0	0	-1	0	0	0	0	2	12	
34557302	1	1	1	1	1	0	0	1	-1	0	0	0	1	0	1	1	1	1	1	1	0	0	1	0	1	1	1	1	1	1	1	1	1	1	1	1	0	0	-1	0	-1	0	0	0	0	0	0	-1	1	1	0	0	0	0	-1	0	0	0	0	0	0	1	0	0	1	0	0	0	-1	-1	0	1	1	1	1	1	1	1	0	1	1	1	-1	-1	0	0	-1	1	1	0	1	0	0	0	0	0	0	-1	1	1	1	0	0	1	0	0	1	1	1	0	1	0	-1	0	-1	0	1	0	0	1	1	1	1	1	0	0	1	0	0	0	2	22	34557302	36	female	independent	master	married	other:homemaker	white	Roman Catholic	yes	yes
43762146	0	0	0	0	0	0	0	0	0	0	1	0	0	1	0	0	0	0	0	0	0	1	0	1	1	0	0	0	0	0	0	0	0	0	1	1	1	0	0	0	1	0	0	0	1	0	0	0	1	0	0	1	0	0	0	0	0	1	1	0	1	1	1	1	1	1	1	0	0	0	0	0	0	0	1	0	0	0	0	0	0	0	0	0	0	0	0	1	1	1	1	1	0	0	1	1	0	0	0	0	0	0	0	0	0	0	0	0	0	0	0	1	0	1	0	0	0	0	0	0	0	0	0	1	0	0	0	0	0	0	0	13	
40212251	0	0	0	0	0	1	0	0	0	0	1	0	0	0	0	1	0	0	0	0	0	0	0	1	1	0	0	0	0	0	0	0	0	0	1	0	1	0	0	0	-1	0	0	0	0	0	0	0	1	0	0	1	0	0	0	0	0	0	1	0	-1	1	1	-1	-1	-1	1	0	0	0	0	0	-1	0	0	0	0	0	0	0	0	1	0	0	1	0	0	1	1	-1	1	1	0	0	1	0	0	0	0	0	0	0	1	0	0	0	0	0	1	0	0	-1	0	0	0	0	0	0	0	0	0	0	0	1	0	0	1	0	0	0	0	0	
43961825	1	1	0	0	0	0	0	0	0	-1	0	-1	0	0	1	0	-1	1	0	0	0	0	0	0	-1	-1	0	0	0	0	0	-1	-1	0	0	0	-1	-1	0	0	0	0	0	0	0	0	0	0	0	0	0	0	0	0	0	-1	0	0	0	0	-1	0	0	0	0	-1	0	0	0	1	1	-1	0	0	0	0	1	0	0	-1	0	0	0	0	0	1	0	0	0	0	0	0	-1	0	0	1	-1	0	0	-1	0	-1	-1	0	0	0	-1	-1	0	0	1	-1	0	0	0	-1	1	1	0	0	0	-1	0	0	0	0	1	0	0	-1	1	26	43961825	25	female	democrat	vocational_secondary_certification	single_living_alone	employee	american_indian_or_alaska_native	Protestant	yes	yes
20512953	0	0	0	1	0	0	-1	0	0	0	1	0	0	1	0	0	0	0	0	1	-1	1	1	0	0	0	0	0	0	1	0	1	0	0	0	0	0	0	0	1	0	-1	-1	1	1	0	0	0	0	0	0	0	1	-1	-1	0	1	0	0	1	0	0	1	0	0	0	1	1	0	0	-1	0	1	0	1	0	0	1	0	0	0	1	0	-1	1	0	0	0	0	0	0	0	-1	1	1	1	0	0	0	0	0	0	1	1	1	1	1	1	0	0	0	0	0	1	0	0	0	0	0	1	1	0	1	0	0	1	0	0	1	1	1	2	20512953	38	female	democrat	bachelor	single_living_with_parents	employee	white	Atheist / Agnostic	yes	yes
15448937	0	0	0	0	0	0	0	0	1	1	1	1	0	0	0	0	0	0	1	0	0	1	0	0	0	0	1	1	-1	0	1	0	0	0	0	0	0	0	0	1	0	0	-1	1	1	0	0	0	0	0	1	0	0	-1	0	0	0	1	0	1	1	0	1	0	0	0	0	1	-1	0	0	0	1	1	0	0	0	0	1	0	1	1	0	0	0	1	0	1	1	-1	0	0	0	0	0	0	0	0	0	0	-1	0	0	1	0	0	0	1	1	1	1	1	1	1	-1	1	0	1	0	0	1	1	1	-1	1	1	0	0	1	0	1	0	15448937	40	male	republican	high_school	single_living_with_partner	employee	white	Atheist / Agnostic	no	yes
43722521	0	0	0	1	1	0	0	0	1	0	1	0	0	0	0	0	0	0	0	0	-1	0	1	0	0	0	0	1	0	1	0	0	0	0	0	0	0	0	0	0	0	0	0	1	0	0	1	0	0	0	0	1	1	-1	-1	1	-1	0	0	1	0	0	1	0	0	0	0	1	0	0	-1	0	-1	0	0	1	0	0	0	0	0	1	0	0	1	0	0	0	0	0	0	0	0	1	0	0	0	0	0	0	0	0	0	0	0	0	0	0	0	0	0	0	0	0	0	0	0	0	0	0	1	0	0	0	0	1	0	0	0	0	0	1	43722521	27	female	democrat	master	single_living_alone	employee	white	Atheist / Agnostic	yes	yes
43918613	0	0	0	1	0	1	0	0	0	0	0	0	0	1	0	0	0	0	0	1	-1	-1	1	1	0	0	0	0	0	0	0	0	1	0	0	0	0	0	0	0	-1	-1	-1	1	1	0	0	0	0	0	0	0	1	-1	-1	1	1	0	0	1	0	0	1	0	0	0	1	1	0	0	-1	0	-1	0	1	0	0	1	0	0	0	1	0	0	0	0	0	0	0	0	0	0	0	1	1	1	0	0	0	0	0	0	1	0	1	1	0	0	0	0	0	0	0	1	-1	0	0	0	0	1	1	0	0	0	0	1	0	0	1	1	0	0	
38671298	1	1	1	1	0	1	0	0	1	0	-1	0	0	0	1	0	-1	1	1	-1	-1	-1	1	0	0	1	0	1	1	1	0	0	0	0	1	1	1	0	0	0	0	0	0	1	0	0	1	0	0	1	0	1	0	0	0	0	1	-1	0	0	0	0	1	0	0	0	0	0	0	1	0	0	1	0	1	1	1	1	1	1	1	1	0	0	1	0	1	-1	0	0	1	0	0	1	0	0	0	1	0	0	0	0	0	1	0	0	0	0	0	0	0	0	0	0	-1	0	0	0	0	0	-1	1	1	1	0	0	0	0	0	0	1	2	
38806465	0	0	0	0	-1	0	1	0	0	0	0	0	0	-1	0	0	1	1	1	1	0	1	0	0	0	0	0	1	0	0	0	1	0	0	0	0	0	0	0	1	0	-1	-1	0	-1	0	0	-1	0	0	0	0	0	0	-1	0	1	-1	1	1	0	1	0	0	0	0	1	0	0	-1	0	0	0	0	0	0	0	0	0	0	0	0	0	-1	0	0	-1	1	0	0	0	0	0	0	1	0	0	-1	1	0	-1	1	1	1	0	1	0	0	1	1	0	0	0	1	0	0	0	0	1	0	1	0	0	0	0	0	0	-1	0	0	0	0	
43987213	1	0	1	1	0	1	0	-1	0	0	0	0	0	0	0	0	0	0	0	0	0	0	0	0	0	0	1	0	0	0	0	0	0	0	0	0	1	0	0	0	0	0	0	0	0	0	0	0	0	1	0	0	0	0	-1	0	0	0	0	0	0	0	0	0	0	0	0	0	0	1	0	1	0	0	0	0	0	1	-1	1	0	0	1	0	0	0	0	0	1	0	1	0	0	0	0	0	0	0	1	0	0	1	1	0	0	0	0	1	1	0	1	0	0	0	0	0	1	1	1	0	0	0	0	0	-1	0	1	0	1	0	4	0	
36293563	1	0	0	0	0	1	-1	1	0	0	-1	0	1	0	0	0	1	-1	-1	1	-1	0	0	0	0	0	0	0	-1	1	1	1	1	0	0	0	0	0	0	0	0	0	0	0	0	0	0	1	0	0	0	0	1	0	0	0	0	0	0	1	0	0	0	0	0	0	0	0	-1	1	0	0	0	0	0	0	0	0	0	0	1	0	-1	1	0	1	1	1	0	0	0	0	0	0	0	0	0	1	0	1	0	0	0	0	0	0	0	1	0	0	1	0	0	0	1	1	0	0	0	0	0	1	0	0	0	0	0	0	0	0	1	2	36293563	38	female	republican	master	married	employee	white	Protestant	no	yes
43913997	0	0	0	0	0	0	0	0	0	0	0	0	0	0	0	0	0	0	0	0	0	0	0	0	0	0	0	0	0	0	0	0	0	0	0	0	0	0	0	0	0	0	0	0	1	0	0	0	0	0	0	0	0	0	0	0	0	0	0	0	0	0	0	0	0	0	1	0	0	1	0	0	0	0	1	0	0	0	0	0	0	0	0	0	0	0	0	0	0	0	0	0	0	0	0	-1	-1	1	1	1	0	0	0	-1	0	0	0	0	0	0	0	0	0	0	0	0	0	0	0	0	0	0	1	0	0	0	0	0	0	0	0	0	
38202325	0	1	1	1	0	0	-1	1	1	1	0	1	1	0	1	0	1	1	0	0	0	0	0	0	0	1	1	1	-1	1	0	1	1	1	1	-1	1	1	-1	1	0	-1	-1	1	1	1	1	-1	0	0	1	1	1	-1	-1	0	1	1	1	1	1	1	1	-1	0	0	1	1	1	-1	-1	1	-1	0	1	1	1	-1	-1	1	0	1	0	-1	1	1	-1	1	1	-1	0	1	1	1	1	1	1	-1	1	0	1	1	1	1	1	1	1	1	1	1	1	1	0	0	0	-1	1	1	1	0	1	1	1	0	1	0	0	-1	0	1	2	1	
43620110	0	0	0	1	0	0	0	0	0	0	0	0	0	1	1	0	0	0	0	1	0	0	0	1	0	0	0	0	0	1	0	0	0	0	0	0	0	0	-1	0	-1	1	0	0	0	0	0	0	1	1	1	1	0	0	0	1	1	0	0	1	0	0	0	0	1	-1	1	1	0	0	0	0	0	0	1	1	0	-1	0	0	0	1	0	0	0	0	1	0	0	0	-1	0	0	1	1	0	0	0	1	0	0	0	1	0	1	0	0	0	0	0	0	0	0	1	0	0	0	0	0	1	-1	0	0	0	0	1	0	0	1	1	0	0	
43857153	0	0	0	0	0	0	0	0	0	0	0	0	0	0	0	0	0	0	0	0	0	0	0	0	0	0	0	0	0	0	0	0	0	0	0	0	0	0	0	0	0	0	0	0	0	0	0	0	0	0	0	0	0	0	0	0	0	0	0	0	-1	-1	-1	-1	0	0	0	0	0	0	0	0	0	0	0	0	0	0	0	0	0	0	0	0	0	0	0	0	0	0	0	0	0	0	0	0	0	0	0	0	0	0	0	0	0	0	0	0	0	0	0	0	0	0	0	0	0	0	0	0	0	0	0	0	0	0	0	0	0	0	0	0	
43498762	1	1	0	1	1	1	0	1	0	0	0	1	1	0	0	1	0	0	0	0	-1	0	0	0	0	0	-1	0	-1	0	1	0	1	1	0	0	1	1	0	0	-1	0	0	1	0	0	0	1	-1	0	0	0	0	0	0	0	0	0	0	0	0	0	0	0	-1	0	0	0	-1	0	0	1	0	1	0	0	0	0	0	-1	1	0	0	1	0	0	1	0	0	0	0	1	0	0	0	0	1	0	0	1	0	0	0	0	0	0	0	0	0	0	0	0	-1	0	-1	1	0	0	1	0	0	0	1	0	-1	0	0	0	1	0	1	2	
38153196	1	0	0	1	1	1	-1	1	1	0	0	0	1	0	0	0	1	0	0	0	-1	0	0	0	0	0	0	0	0	1	0	0	1	1	0	0	0	1	1	0	-1	0	0	0	0	0	0	1	1	1	0	0	1	0	0	0	0	0	0	0	0	0	0	0	1	0	0	1	-1	0	0	1	-1	1	1	1	0	1	1	1	0	1	0	1	0	0	0	0	0	0	0	1	-1	1	1	-1	1	0	1	1	0	0	0	0	0	0	1	0	1	1	0	0	1	0	0	1	0	0	1	0	0	0	0	1	0	0	0	0	0	0	0	0	
43930419	-1	1	-1	1	0	0	0	0	-1	0	0	0	0	0	0	0	0	0	0	0	0	0	0	0	0	0	0	0	0	0	0	0	0	0	0	0	0	0	1	0	0	0	0	0	0	0	0	0	0	0	0	0	0	0	0	0	0	0	0	0	0	0	0	0	0	0	0	0	0	0	0	0	1	1	1	1	0	0	0	0	0	0	0	0	0	0	0	0	0	0	0	0	0	0	0	0	0	0	0	0	0	0	0	0	0	0	1	0	0	0	0	0	-1	0	0	0	0	0	0	0	0	0	0	0	0	0	0	0	0	0	0	0	
20623511	0	0	0	0	0	0	0	0	0	0	0	-1	0	0	0	0	0	0	0	0	0	0	0	0	0	0	0	0	0	0	0	0	0	0	0	0	0	0	0	0	0	0	0	0	0	0	0	0	0	0	0	0	0	0	0	0	0	0	0	0	0	0	0	0	0	0	0	0	0	0	0	0	0	1	0	0	0	0	0	0	0	0	0	0	0	0	0	0	0	0	0	1	0	0	0	0	0	0	0	0	0	0	0	0	0	0	0	0	0	0	0	0	1	0	0	0	0	0	0	0	0	0	0	0	0	0	0	0	0	0	0	1	20623511	40	female	none	vocational_secondary_certification	married	employee	white	Roman Catholic	yes	yes
36968345	0	0	1	0	0	0	0	0	0	0	0	0	0	0	0	0	0	0	-1	0	0	0	0	0	1	1	0	0	0	0	0	0	0	1	1	1	0	0	-1	0	0	0	0	0	0	-1	1	0	0	0	0	0	0	-1	0	0	0	0	0	0	0	0	0	0	0	0	0	0	0	0	0	0	0	0	0	0	0	0	0	0	0	0	0	0	0	0	0	0	0	0	0	0	-1	0	0	1	0	0	0	0	0	0	0	0	1	0	0	0	0	0	0	0	0	0	0	0	1	0	0	0	0	0	0	0	0	0	0	-1	0	0	0	1	36968345	39	female	democrat	doc	married	other:parent	white	Atheist / Agnostic	yes	yes
43946798	0	0	0	0	0	0	0	0	0	0	0	0	0	1	0	0	0	0	0	0	0	1	0	-1	0	0	0	0	0	0	0	0	0	0	1	-1	1	0	0	0	0	0	0	0	1	0	0	0	0	0	0	0	0	0	0	0	0	1	0	0	1	1	1	1	0	0	1	0	0	0	0	0	0	0	1	0	0	0	0	0	0	0	0	0	0	0	0	1	0	1	0	0	0	0	1	1	0	0	0	0	0	0	0	0	0	0	0	0	0	0	0	0	0	-1	0	0	0	0	0	0	0	0	0	0	0	0	0	0	0	0	0	2	
20328071	1	1	1	0	0	0	0	1	0	1	1	1	0	0	1	0	1	1	1	0	0	0	0	1	1	1	0	0	0	0	1	1	0	1	1	1	1	1	1	0	0	0	0	0	0	-1	1	0	-1	1	1	1	1	-1	0	0	0	0	1	1	1	0	0	-1	0	1	0	0	1	1	1	1	0	1	1	1	1	0	0	1	1	0	1	0	0	1	0	0	0	0	-1	1	0	0	0	0	1	1	0	1	0	1	1	0	1	1	1	1	0	1	0	0	-1	1	-1	1	1	1	0	0	0	1	0	0	1	1	1	0	0	1	3	4	20328071	21	female	democrat	high_school	married	unemployedseeking_employment	white	Atheist / Agnostic	no	yes
43589420	0	0	0	0	0	0	0	0	0	0	0	0	0	0	0	0	0	0	0	0	0	0	0	0	0	0	0	0	0	0	0	0	0	0	0	1	0	1	0	0	0	0	0	0	0	0	0	0	0	0	0	0	0	0	0	0	0	0	-1	0	0	0	0	0	0	0	0	0	0	0	0	0	0	1	0	0	0	0	0	0	0	0	0	0	0	0	0	0	0	0	0	0	0	0	0	0	-1	0	0	0	0	0	0	0	0	0	0	0	0	1	0	0	-1	0	1	0	0	0	0	0	0	0	0	0	0	0	0	0	0	0	0	0	
43811627	0	1	0	0	0	1	1	0	0	0	0	1	0	0	0	1	0	0	0	0	1	0	1	0	0	-1	1	0	0	0	1	0	0	1	1	0	-1	0	0	0	0	0	0	-1	0	0	0	1	0	0	0	0	0	0	0	0	0	0	0	0	1	0	1	-1	0	0	0	0	0	1	0	1	0	1	0	0	0	0	0	1	0	0	1	0	1	0	0	0	1	0	1	-1	0	0	1	0	0	0	0	0	0	0	0	0	0	0	0	1	0	0	1	0	1	0	0	1	1	1	1	1	0	1	1	0	1	1	1	0	1	0	0	2	
43787047	0	0	0	0	0	0	0	0	0	0	0	0	0	-1	0	0	0	0	0	0	0	0	0	1	0	0	0	0	0	1	0	0	0	0	0	0	0	0	-1	0	-1	-1	0	0	0	0	0	0	-1	1	1	1	0	0	0	0	1	0	0	0	0	0	0	0	0	0	0	1	0	0	0	0	0	0	-1	0	0	0	0	0	0	0	0	0	0	0	-1	0	0	0	1	0	0	1	0	0	0	0	1	0	0	0	0	0	0	0	0	0	0	0	0	0	0	1	0	0	0	0	0	0	0	0	0	0	0	0	0	0	0	0	0	1	43787047	22	female	democrat	bachelor	single_living_with_parents	student	asien	Atheist / Agnostic	yes	yes
37177227	0	0	0	0	0	-1	0	0	0	0	0	0	0	0	0	0	0	0	1	1	1	0	-1	1	0	0	0	1	-1	0	-1	0	-1	0	0	0	0	0	0	0	1	1	-1	-1	0	0	0	0	0	0	0	0	0	0	0	0	0	0	0	0	0	0	1	0	0	0	0	0	0	0	0	0	-1	0	0	0	0	0	0	0	-1	0	0	0	0	1	0	0	0	0	0	0	0	0	0	0	1	-1	-1	1	1	0	0	0	0	0	0	1	0	0	0	0	0	-1	0	0	0	0	0	0	1	-1	1	1	0	0	0	0	1	0	1	8	37177227	32	male	democrat	master	married	employee	white	Roman Catholic	no	yes
43935069	0	1	1	0	0	0	0	-1	0	-1	-1	0	0	0	-1	0	0	0	1	0	0	0	0	0	0	0	1	1	0	0	0	1	1	1	1	1	-1	0	0	0	-1	0	0	0	0	0	0	0	-1	0	0	1	0	0	0	0	0	-1	1	0	0	1	1	-1	1	1	1	1	0	0	0	0	0	0	0	0	1	0	0	0	0	0	0	0	0	-1	0	1	1	-1	1	1	0	0	0	1	-1	0	0	0	0	1	0	0	1	1	1	1	1	1	1	1	0	0	0	-1	0	0	0	0	0	1	0	1	1	1	1	1	0	1	3	0	
20398835	0	0	0	0	0	0	0	0	0	0	0	0	0	0	0	0	0	0	0	0	0	-1	0	0	0	0	0	0	-1	0	1	0	0	0	0	0	0	0	0	0	0	0	0	0	0	0	0	0	0	0	0	0	0	0	0	0	0	0	0	0	0	0	1	0	0	0	0	0	0	0	0	0	1	0	0	0	0	0	0	0	1	0	0	0	0	1	0	0	0	0	0	0	0	0	0	0	0	0	0	0	0	0	0	0	0	0	0	0	0	0	0	0	0	0	0	0	0	0	0	0	0	0	0	0	0	0	0	0	1	0	0	0	
44075879	0	0	-1	0	0	0	0	0	-1	0	0	-1	0	0	0	0	0	-1	0	0	0	0	0	0	0	0	0	-1	0	-1	0	0	0	0	0	0	-1	0	0	0	0	0	-1	-1	0	0	0	-1	0	0	0	-1	-1	0	0	0	-1	1	-1	-1	0	-1	0	0	0	0	-1	0	-1	0	1	0	0	0	0	0	-1	0	0	1	0	0	0	-1	0	0	-1	0	0	0	0	0	0	0	0	0	0	-1	-1	0	-1	-1	-1	-1	0	-1	0	0	-1	-1	0	0	0	0	0	0	0	-1	1	0	-1	0	0	0	0	0	0	-1	0	0	2	149	
43718472	0	0	0	0	0	0	0	0	0	0	0	0	0	0	0	0	0	0	0	0	0	1	0	0	0	0	0	0	0	0	0	0	0	0	0	1	1	0	0	0	0	0	0	0	0	0	0	0	0	0	0	0	0	0	0	0	0	1	0	0	0	0	0	0	0	0	0	0	0	0	0	0	0	0	0	0	0	0	0	0	0	0	0	0	0	0	0	0	0	0	0	0	0	0	0	0	0	0	0	0	0	0	0	0	0	0	0	0	0	0	0	0	0	0	0	0	0	0	0	0	0	0	0	0	0	0	0	0	0	0	0	1	
39721866	0	0	0	1	0	0	-1	0	-1	1	-1	1	0	-1	0	0	-1	1	1	1	0	0	0	0	0	0	0	0	0	0	0	1	1	1	1	-1	-1	1	0	1	0	1	-1	0	0	1	-1	1	1	0	0	0	1	0	1	-1	1	0	0	1	0	0	1	0	0	0	0	1	0	0	-1	0	1	0	0	0	0	-1	0	0	1	1	1	-1	0	0	1	0	1	0	0	1	-1	1	1	-1	0	0	0	1	0	0	0	1	1	0	0	-1	0	0	-1	1	0	0	0	0	0	0	1	-1	-1	1	0	0	-1	1	0	0	0	0	4	1	
43605836	0	0	0	0	0	0	0	0	0	0	0	0	0	0	0	0	0	0	0	0	0	0	0	0	0	0	0	0	0	0	0	0	0	0	0	0	0	0	0	0	0	0	0	0	0	0	0	0	0	0	0	0	0	0	0	0	0	0	0	0	0	0	0	0	0	0	0	0	0	0	0	0	0	0	0	0	0	0	0	0	0	0	0	0	1	0	0	0	0	0	0	0	1	0	0	0	0	0	0	0	0	0	0	0	0	0	0	0	0	0	0	0	0	0	0	0	0	0	0	0	0	0	1	0	0	0	0	0	0	1	0	0	
15577915	1	0	1	0	0	1	0	0	1	0	0	1	1	-1	1	1	1	1	-1	0	0	1	0	0	0	-1	0	1	-1	1	1	0	0	0	1	0	1	0	0	0	0	0	-1	1	1	0	0	0	0	0	0	1	1	0	-1	0	0	0	0	0	0	0	1	0	1	0	1	0	-1	0	-1	0	1	0	1	0	1	0	0	1	1	1	0	0	0	1	-1	0	0	0	0	0	0	0	0	1	0	-1	0	0	-1	0	0	0	0	0	1	1	0	1	0	0	0	0	0	0	0	1	0	0	1	1	1	1	0	0	0	-1	1	0	0	0	
41193378	0	0	0	0	-1	0	0	0	0	0	0	0	1	0	0	0	0	0	0	0	0	0	0	0	0	0	0	0	1	0	0	0	1	1	0	0	1	1	-1	1	0	0	0	0	1	1	1	1	0	0	0	0	0	0	0	0	0	0	0	0	0	1	0	0	0	0	0	0	-1	0	0	0	0	0	0	0	0	0	0	0	1	1	1	-1	0	0	0	0	0	-1	0	0	0	0	0	0	0	0	0	1	0	0	0	0	0	0	0	1	1	0	1	0	0	0	0	0	0	1	0	0	0	1	0	1	0	0	0	0	0	0	0	0	
22653569	0	0	0	0	0	0	0	0	0	0	0	0	0	0	0	0	0	0	0	0	0	0	0	0	0	0	0	0	0	0	0	0	0	0	0	0	0	0	0	0	0	0	-1	0	0	0	0	0	0	0	1	0	0	0	0	0	0	0	0	0	0	0	0	0	0	0	0	0	0	0	0	0	0	0	0	0	0	0	-1	0	0	0	0	0	0	0	0	0	0	1	0	0	0	0	0	0	0	0	0	0	0	0	0	0	0	0	0	0	0	0	0	0	1	1	-1	-1	0	0	0	0	0	0	0	0	0	0	0	0	0	0	0	0	
18212596	0	0	0	0	0	0	0	0	0	0	0	0	0	0	0	0	0	0	0	0	0	0	0	0	0	0	0	0	0	0	0	0	0	0	0	0	0	0	0	0	0	0	0	1	0	0	0	0	0	0	0	0	0	0	0	0	0	0	0	0	0	0	0	0	0	0	0	0	-1	0	0	0	0	0	0	0	0	0	0	0	0	0	0	0	1	0	0	0	0	0	0	0	1	0	0	0	0	0	0	0	-1	0	0	0	0	0	0	0	0	0	0	0	0	0	0	0	0	1	0	0	0	0	1	0	0	0	0	0	0	1	0	0	18212596	34	female	none	vocational_secondary_certification	other:Single living with children	unemployedseeking_employment	black_or_african_american	Atheist / Agnostic	no	yes
13095205	-1	0	0	1	1	1	0	1	1	0	-1	0	1	0	0	1	1	1	1	1	-1	0	1	0	0	0	0	0	1	1	0	0	1	1	0	0	1	1	-1	1	1	0	-1	1	0	0	0	-1	-1	1	1	0	0	0	0	1	0	0	0	0	0	1	0	-1	-1	0	0	1	1	-1	0	1	-1	1	0	1	0	1	1	0	1	1	0	1	1	1	-1	1	0	1	0	-1	-1	0	1	-1	1	-1	1	1	0	1	0	1	0	0	1	1	1	1	1	1	0	1	-1	1	0	1	1	1	1	1	1	1	0	1	1	0	0	0	4	3	
43932026	1	1	1	1	0	1	0	1	0	0	0	0	0	0	0	1	0	0	0	0	0	0	1	0	0	0	1	0	0	0	0	0	0	0	0	0	1	0	0	0	0	0	0	0	0	0	0	0	0	1	0	0	0	0	1	0	0	0	0	0	0	0	0	0	0	0	0	0	0	1	0	1	0	0	0	0	0	1	1	1	0	0	1	0	0	0	0	0	1	0	1	0	0	0	0	0	0	0	1	0	0	1	1	0	0	0	0	1	1	0	1	0	0	0	0	0	1	1	1	1	0	0	0	0	1	0	1	0	1	0	0	2	
43939704	0	0	1	1	1	0	0	1	-1	0	-1	0	0	-1	1	0	0	0	1	0	-1	0	1	0	1	1	1	1	0	1	0	0	0	0	0	0	1	1	-1	1	0	1	0	1	1	1	1	0	0	1	1	1	1	-1	1	-1	1	0	0	1	0	1	1	0	1	1	1	0	0	0	-1	1	1	0	0	1	1	-1	-1	1	0	0	0	0	1	0	0	0	1	0	-1	0	0	-1	0	0	0	0	0	0	0	0	0	1	0	0	0	0	0	0	0	0	0	0	0	0	0	0	0	0	-1	0	0	0	-1	0	0	0	0	0	1	1	
43851130	0	0	1	0	0	0	1	0	1	0	0	1	0	0	0	0	0	1	0	0	0	0	0	0	0	0	0	1	0	1	0	1	0	0	0	0	1	0	0	-1	0	1	0	-1	1	0	0	1	0	0	0	1	1	0	1	0	1	0	1	-1	0	1	0	0	0	0	1	0	1	0	1	0	0	0	0	0	1	0	0	1	0	0	0	1	1	0	-1	0	0	0	0	0	1	0	0	0	0	1	-1	0	1	1	1	-1	0	1	0	0	1	1	0	0	0	0	0	0	0	1	1	0	-1	0	1	0	0	0	0	1	0	1	3	2	43851130	25	male	democrat	bachelor	single_living_alone	employee	white	Roman Catholic	yes	yes
43102561	1	1	1	1	0	1	0	1	0	0	0	0	0	0	0	1	0	0	0	0	0	0	1	0	0	0	1	0	1	0	0	0	0	0	0	0	1	0	0	0	0	0	0	0	0	0	0	0	0	1	0	0	0	0	-1	0	0	0	0	0	0	0	0	0	0	0	0	0	0	1	0	1	0	0	1	0	0	1	1	1	1	0	-1	0	0	0	1	0	1	0	1	0	0	0	0	0	0	0	1	0	0	1	1	1	0	0	0	1	1	0	1	0	0	0	-1	0	1	1	1	1	0	0	1	0	1	0	1	0	1	0	0	2	43102561	34	male	independent	master	married	selfemployed	hispanic_american	Protestant	yes	no
43780975	1	0	0	0	0	0	0	0	1	1	1	1	0	0	1	0	-1	1	0	0	0	0	0	0	1	1	0	0	0	0	0	0	0	1	0	0	-1	0	0	0	0	0	0	0	0	1	0	0	0	0	0	0	0	-1	0	0	0	-1	1	0	1	0	0	0	0	1	0	1	-1	0	0	0	0	0	0	0	-1	0	0	1	0	0	0	0	0	1	0	1	0	0	0	0	1	0	0	0	1	0	0	0	0	0	1	0	0	1	0	1	0	0	0	0	0	0	0	1	1	1	0	0	0	0	0	0	0	0	1	-1	0	-1	2	13	
30721568	0	0	0	0	0	0	0	1	0	0	0	0	0	0	0	0	0	0	0	0	0	0	0	0	0	0	0	0	0	0	0	0	0	0	0	0	-1	0	0	0	0	0	0	0	0	1	0	0	0	0	0	0	0	0	0	0	0	0	0	0	0	0	0	-1	0	0	0	0	0	0	0	0	0	0	0	1	0	0	0	0	0	0	0	0	0	0	0	0	0	0	0	0	0	0	0	0	0	0	0	0	0	0	0	0	0	0	0	0	0	0	0	0	0	0	0	0	0	0	0	0	0	0	0	0	0	0	0	0	0	0	0	0	
6377879	0	0	0	0	0	0	0	0	0	0	0	0	0	0	0	0	0	0	0	0	0	0	0	0	0	0	0	0	0	0	0	0	0	0	0	0	0	0	0	0	0	0	0	0	0	0	0	0	0	0	0	0	0	0	0	0	0	0	0	0	0	0	0	0	0	-1	0	0	0	0	0	0	0	0	0	0	-1	0	0	0	0	0	0	0	0	0	0	0	0	0	0	0	0	0	0	0	0	0	0	0	0	0	0	0	0	0	0	0	0	0	0	0	0	0	0	0	0	0	0	0	0	1	0	0	1	1	1	-1	0	1	0	1	
43822436	0	0	0	0	0	0	-1	0	0	0	0	1	0	0	0	0	0	0	0	0	-1	0	0	0	0	0	0	0	0	0	-1	0	0	1	0	0	1	0	0	0	0	0	0	1	0	0	0	-1	0	0	0	0	0	0	0	0	0	0	0	0	0	0	0	0	0	0	0	0	0	0	0	0	0	1	0	0	0	0	0	0	0	0	0	0	0	0	0	0	0	0	0	1	0	0	0	0	0	0	0	0	0	0	0	0	0	0	0	0	0	0	0	0	-1	0	0	-1	0	0	0	0	0	0	1	0	0	0	0	0	0	0	0	0	43822436	19	female	independent	some_college	single_living_with_parents	student	white	Roman Catholic	yes	yes
21785776	0	0	1	0	0	1	0	1	1	0	1	0	1	-1	0	0	1	1	-1	1	0	0	0	0	1	1	-1	-1	-1	1	-1	1	1	0	0	0	1	1	-1	1	0	-1	-1	1	-1	1	1	-1	0	0	1	0	1	-1	-1	0	0	-1	0	1	0	1	0	1	0	0	1	1	-1	0	-1	1	0	0	0	0	1	0	1	1	1	1	-1	-1	1	1	-1	1	1	-1	0	0	0	0	0	0	0	-1	0	1	-1	0	0	1	0	0	0	0	0	0	0	1	-1	1	-1	-1	0	1	0	0	0	0	0	0	1	1	0	-1	0	0	2	0	
44086620	0	0	0	0	1	0	0	0	0	0	1	0	1	0	0	0	0	0	0	1	0	0	0	0	0	0	0	1	0	0	0	1	0	1	0	0	0	0	0	0	0	0	0	0	0	0	0	0	0	0	0	0	1	0	1	0	0	0	0	0	0	0	1	1	0	0	0	1	0	0	1	0	1	0	0	0	0	0	0	0	0	0	1	0	1	1	1	1	0	0	0	0	0	0	0	0	0	1	0	0	-1	0	0	0	0	0	0	0	1	1	0	0	0	0	0	0	0	0	0	0	1	0	0	1	0	1	0	1	0	0	0	0	
ID	1293	1294	1295	1296	1297	1298	1299	1300	1301	1302	1303	1304	1305	1306	1307	1308	1309	1310	1311	1312	1313	1314	1315	1316	1317	1318	1319	1320	1321	1322	1323	1324	1325	1326	1327	1328	1329	1330	1331	1332	1333	1334	1335	1336	1337	1338	1339	1340	1341	1342	1343	1344	1345	1346	1347	1348	1349	1350	1351	1352	1353	1354	1355	1356	1357	1358	1359	1360	1361	1362	1363	1364	1365	1366	1367	1368	1369	1370	1371	1372	1373	1374	1375	1376	1377	1378	1379	1380	1381	1382	1383	1384	1385	1386	1387	1388	1389	1390	1391	1392	1393	1394	1395	1396	1397	1398	1399	1400	1401	1402	1403	1404	1405	1406	1407	1408	1409	1410	1411	1412	1413	1414	1415	1416	1417	1418	1419	1420	1421	1422	best 1293	worst 1293	best 1294	worst 1294	best 1295	worst 1295	best 1296	worst 1296	best 1297	worst 1297	best 1298	worst 1298	best 1299	worst 1299	best 1300	worst 1300	best 1301	worst 1301	best 1302	worst 1302	best 1303	worst 1303	best 1304	worst 1304	best 1305	worst 1305	best 1306	worst 1306	best 1307	worst 1307	best 1308	worst 1308	best 1309	worst 1309	best 1310	worst 1310	best 1311	worst 1311	best 1312	worst 1312	best 1313	worst 1313	best 1314	worst 1314	best 1315	worst 1315	best 1316	worst 1316	best 1317	worst 1317	best 1318	worst 1318	best 1319	worst 1319	best 1320	worst 1320	best 1321	worst 1321	best 1322	worst 1322	best 1323	worst 1323	best 1324	worst 1324	best 1325	worst 1325	best 1326	worst 1326	best 1327	worst 1327	best 1328	worst 1328	best 1329	worst 1329	best 1330	worst 1330	best 1331	worst 1331	best 1332	worst 1332	best 1333	worst 1333	best 1334	worst 1334	best 1335	worst 1335	best 1336	worst 1336	best 1337	worst 1337	best 1338	worst 1338	best 1339	worst 1339	best 1340	worst 1340	best 1341	worst 1341	best 1342	worst 1342	best 1343	worst 1343	best 1344	worst 1344	best 1345	worst 1345	best 1346	worst 1346	best 1347	worst 1347	best 1348	worst 1348	best 1349	worst 1349	best 1350	worst 1350	best 1351	worst 1351	best 1352	worst 1352	best 1353	worst 1353	best 1354	worst 1354	best 1355	worst 1355	best 1356	worst 1356	best 1357	worst 1357	best 1358	worst 1358	best 1359	worst 1359	best 1360	worst 1360	best 1361	worst 1361	best 1362	worst 1362	best 1363	worst 1363	best 1364	worst 1364	best 1365	worst 1365	best 1366	worst 1366	best 1367	worst 1367	best 1368	worst 1368	best 1369	worst 1369	best 1370	worst 1370	best 1371	worst 1371	best 1372	worst 1372	best 1373	worst 1373	best 1374	worst 1374	best 1375	worst 1375	best 1376	worst 1376	best 1377	worst 1377	best 1378	worst 1378	best 1379	worst 1379	best 1380	worst 1380	best 1381	worst 1381	best 1382	worst 1382	best 1383	worst 1383	best 1384	worst 1384	best 1385	worst 1385	best 1386	worst 1386	best 1387	worst 1387	best 1388	worst 1388	best 1389	worst 1389	best 1390	worst 1390	best 1391	worst 1391	best 1392	worst 1392	best 1393	worst 1393	best 1394	worst 1394	best 1395	worst 1395	best 1396	worst 1396	best 1397	worst 1397	best 1398	worst 1398	best 1399	worst 1399	best 1400	worst 1400	best 1401	worst 1401	best 1402	worst 1402	best 1403	worst 1403	best 1404	worst 1404	best 1405	worst 1405	best 1406	worst 1406	best 1407	worst 1407	best 1408	worst 1408	best 1409	worst 1409	best 1410	worst 1410	best 1411	worst 1411	best 1412	worst 1412	best 1413	worst 1413	best 1414	worst 1414	best 1415	worst 1415	best 1416	worst 1416	best 1417	worst 1417	best 1418	worst 1418	best 1419	worst 1419	best 1420	worst 1420	best 1421	worst 1421	best 1422	worst 1422	participant id	age	gender	affiliation	education	family status	profession	race	religion	ties2overseas	US citizen
