participant id	Allowing gay marriage is encouraging same sexual relationships that can lead  to AIDs.	Gay couples who want to raise children should have the same rights as opposite sex couples.	Same-sex couples should have their rights protected by the government.	Banning same-sex marriage is a violation of the separation of church and state.	Same sex marriage is unlike any other marriage.	Gay couples should have the same basic human rights as other people.	Gay couples are a good example for all the people.	Every person should have the right to marry who they choose.	Same-sex marriage will speed up the assimilation of gay individuals into the mainstream heterosexual culture which will be detrimental to the homosexual community.	Religious beliefs should not enter into the right to marry.	Same sex couples should have access to the same benefits and securities as couples of opposite sex.	There should be the same conditions for gay and heterosexual couples.	Marriage of gay couples provides a more stable environment for raising children.	Allowing same-sex marriage will lead to an increase in the AIDS epidemic.	Same-sex marriage is marriage between two people who love one another.	Legalization of gay marriage leads down the slippery slope of eliminating gender identity  leading to gender confusion.	Homosexuals make good parents.	Same sex adopting could solve the issue of overcrowded orphanages.	It is immoral to deny same sex couples the right to marry.	Gay couples are more than capable of providing good homes to needy children.	It is wrong to discriminate against homosexuals.	Its not my buisness who you choose to be with.	Same sex marriage should share thesame  benefits with other forms of marriage.	Gay couple are responsible like a heterosexual couple.	Homosexuals can be as good a person as a heterosexual.	Same sex marriage is relative to people's culture and belief.	Children of same-sex couples will turn out gay.	Gay couples should have the same rights as other couples.	The bible defines homosexual acts as abominations. End of conversation.	Same sex marriage is the same as heterosexual marriage and should not be treated differently.	Same-sex marriage allows same sex couples to share health insurance benefits like any other married couple.	Legalizing same-sex marriage promotes and advances the homosexual agenda  with children being targeted.	Marriage is a basic human right.	One person's believes should not affect another persons rights.	Gay couples could love each other more than a heterosexual couple.	Marriage is an internationally recognized human right for all people.	Same sex couples are human beings and must be able to fulfill their desires.	In the instance that it is believed marriage is for reproduction purposes same sex marriages do not fit this standard.	Civil union is not equal to marriage.	Marriage should be a choice for everyone.	Same-sex couples should have the same duties as heterosexuals marriages.	Singling out and denying a group to marry based upon their sexual orientation is discrimination and subsequently creates a second class of citizens.	Marriage is a holy union for man amd woman, not woman and woman or man and man.	It is not ok to let children see same sex couples.	Marriage equality provides legitimacy to already existing relationships.	Legalization of Same-sex Marriage is not Natural.	Same-sex marriages increase the chances of leading to other unaccepted love-forms such as incest, polygamy and bestiality.	Adoption by same sex partners can provide a home to a child in need.	We all must have the same rights.	Marriage should not be a political argument.	All of age and sound mind human beings should be able to choose freely to whom they want to marry. it is not a choice for the government to limit.	A persons sexuality does not determine if they are good parents.	Homosexual marriage is not somthing out of the norms.	Homosexuality is a sin.	Same sex couples should have the same financial obligations in divorce that heterosexual couples do.	Same sex marriage doesn't affect ones parenting style.	There is more domestic abuse in homosexual couples.	How does traditional marriage between a man and a woman equal marriage between two men or two women? It doesn't!.	Legalizing same sex marriage protects marriage.	Marriage is for procreation and should not be extended to same-sex couples.	Same-sex marriage undermines the institution of marriage that has traditionally been defined as being between a man and a woman.	Denying marriage to only certain groups is discrimination.	Same-sex marriage is consistent with homosexuality which is immoral and unnatural.	Same sex marriage promotes stability of same sex relationships the same as heterosexual couples.	Marriage is for everyone.	Human rights encompass all equally.	Same sex Marriage childrens will be victims of bullying.	Marriage is an international recognized human right for all people.	Same sex violate the word of God hence is incompatible with the belief of many religions.	Gay people should have the right to get married.	The biological part should play major role in taking decisions on same sex-marriage.	Allowing same-sex marriage will create a "slippery slope" where people will begin to fight for other alternative marriages  such as polygamy.	Same sex partners deserve the same rights others.	Gay people can be just fine parents.	Homosexuals should have the same rights as heterosexuals.	Homosexuality is not a disease.	Gay couples make good parents.	Gay couples have relationships just like heterosexual couples.	The Bible is against homosexuality.	Parenting capabilities should not be determined by whether a person is gay or not as parents from opposite sex marriages are also capable of bad parenting.	Legalizing same sex marriage protects the children of these unions.	Marriage should only be between a man and a woman.	Gay marriage is a slippery slope to normalizing other fetishes.	For tax purposes same sex couples should be able to file jointly.	Making committed human connections is good for physical and mental health.	Civil unions and domestic partnerships afford many of the rights of marriage thus marriage should not be expanded to include same-sex couples.	Marriage is a religious commitment.	Gay people should have the same rights as straight people.	People should have the same benefits in regards to marriage no matter what.	Marriage is a legal contract and should be open to all consenting adults.	Love is a right for everyone.	God intended marriage to between a man and woman only.	Same sex Marriaged should not get especial legal treatment.	Not all marriages reproduce, so same sex couples should not be treated differently just because they cannot biologically reproduce with each other.	Same sex marriage will benefit society because couples can depend on each other for social security and recognition of status.	Legalizing same sex marriage protects the partners.	Gay Marriage should be legalized.	Same-sex marriage does not take away from the important message of marriage.	Same-sex marriage violated the word of God thus is incompatible with the beliefs of many religions.	Everyone deserves the freedom to commit themselves to their partner.	Marriage was God's idea. He defined it as between a man and a woman only. End of conversation.	Same-sex marriage should be allowed as they are humans who feel emotions as well.	There is no evidence that same-sex couples are any more likely to get divorced than opposite-sex couples.	Same-sex couples should have the possibility of making a family.	It is discriminatory to deny same-sex couples options to marry.	Gay people deserve the right to marry.	Same sex marriage shouldn't be up for debate.	Gay people have shown to raise children well or better like other couples.	Saying that gay people should get married is like saying that a brother can marry his sister  both are at higher risk of disease.	Marriage has always been between a man and a woman.	Same sex marriages should not be denied and marriage is marriage regardless.	Same-sex marriage should not be legalized.	Same-sex marriages should be accepted by churches.	Same sex marriage is not moral.	If same sex couples were to adopt it would confuse the child.	Homosexuality is not a choice and should not be treated as one.	It is not natural for two people of the same gender to be married.	Marriage is for procreation and should not be extended to same-sex couples because they cannot produce children together.	Allow same sex couple.	Same sex couples should have the same financial benefits as other couples.	Same-sex marriage demeans heterosexual marriage.	Same-sex couples should have access to the same benefits enjoyed by heterosexual married couples.	It is unfair not to afford homosexuals the same rights.	Same sex couples should have to same rights as everyone else.	Same sex couples should have the same benefits as heterosexual couples.	Same-sex couples have the right to be happy.	Love is love no matter the gender.	There is no evidence that opposite-sex couples make better parents than same-sex couples.	There are consequences for children of same-sex marriages as children need to have a male father and female mother.	Same sex marriage increases the chances of leading to other unaccepted marriages (e.g. with animals) and non traditional marriages.	Marriage is just a piece of paper.	Churches should be able to not allow same sex marriages as part of their rights.	Gay couples should not be able to adopt a child because it would be confusing for a child.	Homosexuals should be able to adopt kids.	Same-sex couples are just as capable  of forming a family unit.	Gay couple shouldn't be discriminated.	Same-sex marriage undermines the institution of marriage that has traditionally been defined as a being between a man and a woman.	The Supreme Court overstepped its bounds by allowing same-sex marriage.	Denying some people the option to marry is discriminatory.	God loves all the people for equal.	Marriage is between two people not the government.	Same sex couple love just as do everyone else and are entitled the right to the same benefits as other human beings.	Homosexuals are good parents.	Same sex marriage should be allowed.	Legalization of same sex marriage are good for LGBT community.	Everybody have freedom of their choice and therefore should be entitled for same sex marriage.	Same sex marriage should not be legalized because its againts God's will.	Legalization of same sex marriage should be approved because it's their choice.	faultyAD	faultyBW	participant id	age	gender	affiliation	education	family status	profession	race	religion	ties2overseas	US citizen
42703498	1	0	0	0	0	0	0	0	0	0	0	0	1	0	0	0	1	0	0	0	0	0	0	1	0	0	0	0	0	1	0	0	0	1	1	0	1	0	0	0	0	0	0	1	0	0	1	1	0	0	0	0	1	1	0	1	1	0	1	0	0	0	0	0	0	0	0	0	0	0	0	0	0	0	1	0	0	0	0	1	1	1	1	1	0	0	0	1	0	0	0	0	1	0	0	0	0	0	0	0	0	0	0	0	0	1	0	1	1	1	1	1	1	0	0	0	0	0	0	1	0	0	0	0	1	1	1	1	0	0	1	0	1	0	0	0	1	0	1	0	0	0	0	0	1	0	0	0	0	1	
22139728	1	1	1	1	0	1	0	0	0	0	0	0	0	0	0	1	0	0	0	0	0	0	0	0	0	1	1	0	0	0	0	0	0	0	0	1	0	1	1	0	0	1	0	0	1	0	1	0	1	0	0	0	1	0	1	0	0	0	0	0	0	0	0	1	-1	1	1	1	1	1	1	1	0	0	0	0	0	1	0	0	0	1	0	0	1	0	0	0	0	0	0	0	1	0	1	1	1	1	1	1	0	0	1	1	1	1	1	1	0	0	1	0	0	-1	0	0	0	0	0	1	0	0	0	1	0	0	0	1	0	0	0	0	0	0	1	0	1	0	0	0	0	0	0	0	0	0	0	0	1	16	22139728	32	female	democrat	master	single_living_alone	employee	black_or_african_american	other:Christian	yes	yes
43856538	1	0	0	0	0	0	0	0	0	0	1	0	0	0	1	1	0	0	0	0	0	0	0	0	0	0	0	0	0	1	1	0	0	0	0	1	0	0	0	0	1	1	1	1	1	1	0	0	0	1	0	0	0	0	0	0	0	1	0	1	0	0	0	0	0	0	0	1	1	0	0	0	0	0	0	0	1	0	0	0	0	0	0	1	0	0	1	0	0	1	0	0	0	1	0	0	0	0	1	0	1	0	0	0	0	0	1	0	0	1	0	0	0	0	0	0	0	0	1	0	1	0	0	0	1	0	0	0	0	0	0	0	0	0	0	0	0	0	0	0	0	1	0	0	1	1	1	1	0	7	
43736722	0	0	0	0	0	0	0	0	0	-1	1	0	0	0	0	0	0	0	0	-1	0	0	-1	0	0	-1	-1	0	0	0	0	0	0	0	0	0	-1	0	0	-1	1	1	0	0	0	0	0	0	0	0	0	0	0	1	0	0	0	0	-1	1	0	0	0	0	-1	0	0	0	0	0	0	0	0	0	0	0	0	0	0	-1	0	1	0	0	0	0	0	0	0	0	-1	0	0	0	0	0	0	-1	0	0	0	0	0	0	-1	0	0	0	0	0	0	0	0	0	0	0	0	0	0	0	1	0	-1	-1	0	0	-1	-1	0	-1	1	0	0	0	-1	0	0	0	0	0	-1	0	0	-1	0	0	0	0	1	1	43736722	22	female	independent	some_college	single_living_alone	employee	hispanic_american	other:Christian	yes	no
43860631	-1	-1	0	1	1	1	1	1	1	1	1	1	1	0	0	-1	1	1	1	1	0	-1	1	0	0	0	0	1	1	1	1	-1	1	1	0	1	0	1	0	0	0	0	0	0	1	-1	1	1	1	1	0	0	1	-1	1	1	0	0	0	-1	0	1	-1	1	-1	0	1	1	0	1	1	-1	1	1	1	1	1	0	0	0	1	0	1	0	1	1	0	1	1	1	0	0	-1	-1	1	1	1	1	1	-1	-1	1	1	1	0	0	1	0	-1	-1	1	-1	0	-1	-1	0	0	0	1	0	-1	1	0	1	1	0	0	1	1	-1	0	-1	0	1	1	1	-1	0	1	1	1	1	1	0	1	0	-1	1	6	10	
5007431	0	0	0	0	0	0	0	0	0	0	0	-1	0	0	0	0	0	0	0	0	1	1	1	1	1	-1	-1	-1	-1	-1	-1	-1	0	0	0	0	0	0	0	-1	0	0	0	0	0	0	0	0	0	1	0	0	0	0	0	0	-1	-1	-1	-1	0	0	0	0	0	0	0	0	0	0	0	0	0	0	0	0	-1	1	-1	1	0	0	0	0	0	0	0	0	-1	-1	1	1	0	0	0	0	0	0	-1	0	0	0	0	0	0	0	0	0	0	0	0	0	0	0	0	0	0	0	0	0	0	0	0	0	0	0	-1	0	0	0	0	1	0	0	0	0	0	0	0	0	0	0	0	0	0	0	-1	0	0	0	
39797332	0	0	0	0	0	0	0	0	0	0	0	0	0	0	0	0	0	0	0	0	0	0	0	0	0	0	0	0	0	0	0	0	0	0	1	0	0	0	0	0	0	0	0	0	0	0	0	0	0	0	0	0	0	0	0	0	0	0	0	0	0	0	0	0	0	0	0	0	0	0	0	0	0	0	0	0	0	0	0	0	0	0	0	0	0	0	0	0	0	0	0	0	0	0	0	1	0	0	0	0	0	0	0	0	0	0	0	0	0	0	0	0	0	0	0	0	0	0	0	0	0	0	0	0	0	0	0	0	0	-1	0	0	0	0	0	0	-1	0	0	0	0	0	0	0	0	0	0	0	0	0	39797332	49	male	independent	master	married	employee	white	Atheist / Agnostic	yes	yes
42468998	1	1	1	0	0	0	-1	0	0	1	0	0	-1	1	1	1	-1	0	0	-1	-1	1	-1	0	0	0	0	-1	1	1	1	-1	1	1	-1	1	1	-1	1	1	-1	1	1	1	0	0	0	0	0	0	0	1	-1	0	0	-1	1	0	0	0	0	1	1	0	0	0	0	0	1	0	0	0	0	0	0	-1	0	0	0	0	0	0	-1	1	0	0	0	0	0	0	0	0	0	0	0	0	0	0	0	1	0	0	1	0	0	0	0	-1	0	0	0	0	1	0	0	0	0	0	0	0	1	1	0	1	0	0	0	0	0	0	0	0	0	-1	0	0	0	0	0	1	0	0	0	-1	0	0	1	0	1	0	
27914150	0	0	0	0	0	0	0	0	0	0	0	0	0	0	0	0	0	0	0	0	0	0	0	0	0	1	-1	0	0	0	0	0	0	0	0	1	0	1	0	0	0	0	0	0	1	0	-1	0	0	0	0	0	1	-1	0	0	0	0	0	0	0	0	0	1	0	0	0	0	0	1	0	0	0	0	1	0	0	1	0	0	0	-1	0	0	0	0	0	0	0	0	0	0	0	0	0	0	0	0	0	0	0	0	1	1	0	1	0	0	0	0	1	0	0	0	0	0	0	0	0	1	0	0	1	0	0	0	0	0	0	0	0	0	0	0	1	0	0	0	0	0	0	0	0	0	0	0	0	1	0	0	
38548574	0	0	0	0	0	0	0	0	0	0	0	0	0	-1	0	0	0	0	0	0	0	0	0	0	1	0	0	0	0	0	0	0	0	0	0	0	0	0	0	0	0	0	0	0	0	0	0	0	0	0	0	0	0	0	0	0	0	0	1	0	0	0	0	0	0	0	0	0	0	0	0	0	1	0	0	0	0	0	0	0	0	0	0	0	0	-1	0	0	0	0	0	0	0	0	0	0	0	0	0	0	0	0	0	0	0	0	0	0	0	0	0	0	1	-1	-1	-1	0	0	0	0	0	0	0	0	0	0	0	0	0	0	0	0	0	0	0	0	0	0	0	1	0	0	0	0	1	0	0	0	0	1	
27748798	0	0	0	0	0	0	0	-1	0	0	0	0	0	0	0	1	0	0	0	0	0	-1	0	0	0	0	0	0	0	0	0	0	0	0	0	0	0	0	0	0	0	0	0	0	0	0	0	0	-1	0	0	-1	0	0	0	0	0	0	0	0	0	0	1	0	0	-1	0	0	0	0	1	0	0	0	0	0	0	0	0	0	0	0	0	0	0	0	1	0	-1	0	0	0	0	0	0	0	-1	-1	1	-1	0	-1	0	0	0	0	0	0	0	0	0	0	0	0	0	0	0	0	0	0	0	0	0	0	0	0	-1	1	0	0	0	0	0	-1	0	0	0	0	-1	0	0	0	0	0	0	0	0	0	0	1	
1933319	0	0	0	0	0	0	0	0	0	0	0	0	0	0	0	0	0	0	0	-1	0	0	0	0	0	-1	-1	0	0	0	0	0	0	0	0	0	0	0	0	0	0	0	0	0	0	0	0	0	0	0	0	0	0	1	0	0	0	0	-1	0	0	0	0	0	0	0	0	0	0	0	0	0	0	0	0	0	0	0	0	1	0	1	0	0	0	0	0	0	0	0	0	0	0	-1	0	0	0	0	0	0	0	0	0	0	0	0	0	0	0	0	0	0	0	0	0	0	0	0	0	0	0	0	0	-1	0	0	-1	0	0	0	0	0	0	0	1	0	0	0	0	0	-1	0	0	0	0	0	0	0	0	1	1933319	37	male	independent	some_college	single_living_alone	employee	white	Protestant	yes	yes
39147083	0	0	0	0	0	0	0	0	0	0	0	0	0	0	1	0	0	1	1	0	0	1	0	0	0	0	0	0	0	0	0	0	0	0	0	0	0	0	0	0	0	0	0	0	0	0	0	0	0	0	0	0	0	0	0	0	0	0	0	0	-1	0	0	0	0	0	-1	0	0	0	0	0	0	0	0	0	1	0	0	0	0	0	-1	0	0	0	-1	0	0	1	0	0	0	0	0	1	1	0	0	0	0	0	0	0	0	0	0	0	0	0	0	0	0	0	0	0	0	0	0	0	0	0	0	0	0	0	0	0	-1	0	0	0	0	0	0	1	0	0	0	0	0	0	0	0	1	1	0	0	0	0	
43837109	1	-1	-1	-1	0	1	0	0	0	0	0	0	0	0	0	1	0	0	0	0	0	0	0	0	0	1	1	0	1	0	0	0	0	0	0	1	0	1	-1	0	0	-1	0	0	1	0	1	0	1	0	1	0	-1	0	1	0	0	0	0	0	1	0	0	1	1	1	1	1	0	1	0	0	0	1	0	0	0	0	1	0	0	1	0	0	1	0	0	0	1	0	0	1	0	0	0	-1	1	1	1	1	0	0	1	1	1	1	1	-1	0	0	1	0	0	0	0	0	0	0	0	1	0	0	0	1	0	1	0	1	0	0	0	0	0	0	1	0	1	0	0	1	1	0	0	0	0	0	0	0	2	2	
19302668	0	1	1	-1	-1	1	1	1	-1	1	1	1	-1	0	1	-1	1	1	0	1	0	1	1	0	0	0	0	0	0	0	0	0	0	1	0	1	0	0	0	0	1	0	-1	0	1	-1	0	0	1	1	1	1	-1	-1	1	1	-1	-1	0	-1	-1	1	-1	1	1	0	-1	0	0	0	-1	-1	1	1	1	1	1	0	0	0	1	0	-1	1	1	-1	1	1	1	1	1	0	0	0	1	1	1	1	-1	1	0	1	1	1	0	0	1	1	-1	-1	0	-1	1	-1	-1	0	-1	-1	0	1	-1	0	-1	1	1	1	0	-1	-1	0	0	-1	-1	1	1	1	0	-1	1	0	0	1	1	1	0	1	0	0	0	2	19302668	44	female	democrat	high_school	married	employee	white	other:Christian	no	yes
20244740	-1	0	0	0	0	0	0	0	0	0	0	0	1	0	0	0	1	-1	-1	1	-1	0	0	-1	0	0	0	0	0	0	0	0	0	-1	-1	0	1	1	0	-1	0	0	0	1	0	0	1	0	0	0	0	0	-1	1	0	1	1	-1	-1	1	1	1	-1	-1	0	0	0	0	0	1	0	0	0	0	-1	0	0	0	0	-1	1	0	0	1	0	0	0	1	0	0	0	0	0	1	-1	1	0	1	0	0	0	0	0	0	0	-1	0	-1	-1	0	0	0	-1	0	0	0	0	0	0	1	0	0	0	0	1	1	-1	1	0	0	-1	-1	1	0	0	0	-1	0	0	0	-1	0	0	0	1	0	1	0	1	5	
33708599	0	0	0	0	0	0	0	0	-1	1	1	0	0	0	0	-1	0	0	0	1	0	0	1	0	0	0	-1	0	-1	0	0	0	0	0	0	1	1	1	0	1	1	1	0	0	1	0	-1	0	1	0	1	0	1	-1	0	0	0	0	-1	-1	-1	0	0	1	1	1	0	0	0	1	0	0	0	1	0	0	0	1	-1	1	0	-1	0	0	1	0	0	0	1	0	1	-1	0	1	0	0	1	1	-1	1	0	0	1	1	1	0	0	0	0	0	1	0	0	0	0	0	0	0	0	1	-1	0	1	1	0	1	1	1	-1	-1	-1	1	0	0	1	0	0	0	0	1	1	0	0	1	0	0	0	0	1	0	33708599	31	female	none	bachelor	single_living_with_partner	employee	white	other:Non religious	yes	yes
39021669	0	0	0	1	-1	0	0	0	0	1	1	1	0	-1	0	0	0	0	0	1	0	0	1	0	1	1	-1	1	0	0	1	1	1	1	1	1	1	1	1	1	1	1	0	0	0	0	0	0	0	1	0	0	1	-1	0	0	-1	-1	0	-1	0	0	0	0	1	0	0	0	0	0	0	0	0	0	0	1	1	1	1	1	0	-1	0	0	0	0	0	0	0	0	1	0	1	1	1	1	0	1	1	0	0	0	0	1	1	0	0	0	0	1	0	-1	0	0	0	0	-1	0	1	0	-1	0	1	1	0	0	1	-1	0	-1	1	0	0	0	1	1	0	-1	0	0	1	0	0	1	0	0	0	0	2	2	39021669	43	female	democrat	vocational_secondary_certification	single_living_with_partner	employee	other	Roman Catholic	yes	yes
34070076	0	0	0	0	0	0	-1	1	0	1	1	1	-1	-1	1	1	1	1	1	1	1	0	1	0	0	1	0	0	0	0	1	0	1	1	1	1	0	1	1	0	0	0	0	0	0	0	0	1	1	0	0	0	-1	0	0	0	0	1	0	0	1	1	1	1	0	0	0	0	0	0	1	0	-1	0	1	0	1	0	0	1	0	0	0	0	0	0	0	-1	0	0	0	1	0	0	0	0	0	0	1	1	0	0	0	0	-1	0	0	0	0	0	1	-1	0	0	0	0	1	0	0	0	0	0	0	0	1	0	0	0	0	0	0	0	-1	-1	1	1	0	0	0	0	0	0	0	1	0	0	0	-1	2	1	34070076	30	male	none	bachelor	single_living_alone	employee	asien	Roman Catholic	yes	yes
43847840	0	0	0	1	1	0	0	0	0	-1	0	0	0	1	0	0	0	0	0	-1	0	0	-1	0	0	-1	-1	0	0	0	0	1	0	0	0	0	-1	0	0	1	0	0	0	0	0	0	1	0	0	0	1	0	0	1	0	0	1	1	-1	1	0	0	0	0	1	0	0	0	0	0	0	0	0	0	-1	0	0	0	0	0	-1	1	1	-1	0	0	0	-1	0	0	1	0	1	1	-1	-1	0	1	0	0	0	0	0	0	0	-1	0	0	0	0	0	0	-1	0	0	0	0	0	0	0	1	0	1	-1	0	1	1	1	0	0	-1	0	0	0	-1	0	0	0	0	0	1	0	-1	-1	-1	0	0	0	3	0	43847840	31	male	democrat	bachelor	single_living_alone	selfemployed	black_or_african_american	Roman Catholic	yes	yes
31888345	0	0	1	0	0	0	0	0	0	0	0	0	-1	0	0	0	0	0	0	0	0	0	0	0	0	0	0	0	0	0	0	0	1	0	0	0	0	0	0	0	0	0	0	0	0	0	0	0	0	0	0	0	0	0	0	0	0	0	0	0	0	0	0	0	0	0	0	0	0	1	0	1	0	0	0	0	0	0	0	0	0	0	0	0	1	0	0	0	0	0	0	0	1	0	1	0	0	0	0	0	-1	0	0	0	0	0	-1	0	0	0	0	0	0	0	0	0	0	-1	0	0	0	0	0	0	1	0	0	0	1	1	-1	1	0	0	0	0	0	0	-1	0	0	0	-1	0	0	0	0	0	1	0	31888345	23	female	republican	bachelor	single_living_with_parents	unemployedseeking_employment	asien	Atheist / Agnostic	yes	yes
43855522	0	0	1	0	0	0	0	0	1	0	1	0	0	1	0	1	0	0	0	0	0	0	0	0	1	1	1	0	1	0	0	0	0	0	0	-1	0	1	0	1	0	1	0	0	1	0	1	0	-1	0	1	0	1	0	0	0	0	0	0	0	-1	0	0	1	0	1	0	0	1	0	1	1	0	-1	0	0	0	1	1	0	0	1	0	0	1	0	0	0	1	0	1	1	1	1	1	0	1	1	1	-1	0	0	1	1	1	0	0	0	0	0	1	0	0	1	0	1	0	1	0	-1	0	0	0	0	0	1	0	1	0	1	-1	0	0	0	1	0	0	0	1	1	1	0	0	0	-1	0	0	0	1	5	43855522	26	male	democrat	bachelor	single_living_alone	employee	white	Roman Catholic	yes	yes
43943585	0	0	0	0	0	0	0	0	0	0	0	0	0	0	0	-1	0	0	0	0	0	0	0	0	0	-1	0	0	0	0	0	0	0	0	0	1	0	-1	0	0	0	0	0	0	1	0	-1	0	1	0	0	0	0	0	0	0	0	0	0	0	0	0	0	-1	0	-1	0	0	0	1	0	0	0	0	0	0	0	1	0	0	0	-1	0	0	0	0	0	0	0	0	0	0	0	0	0	0	1	1	-1	1	0	0	1	1	0	0	0	0	0	0	0	0	0	0	0	0	0	0	0	0	0	0	0	0	0	0	0	1	0	0	0	0	0	0	1	0	0	0	0	0	0	0	0	0	0	0	0	0	0	0	43943585	27	female	independent	associate_degree	single_living_alone	civil_servant	white	Atheist / Agnostic	yes	no
13763729	0	0	0	0	0	0	0	0	0	0	0	0	-1	0	0	0	0	0	0	0	0	0	0	0	0	0	0	0	0	0	0	0	0	0	0	0	0	0	0	0	0	0	0	0	0	0	0	0	0	0	0	0	0	0	0	0	0	0	0	0	0	0	0	0	0	0	0	0	0	0	0	0	0	0	0	0	0	0	0	0	0	0	0	1	0	0	0	0	0	0	0	0	0	0	0	0	0	0	0	0	0	0	0	0	0	0	0	0	0	0	0	0	0	0	0	0	0	0	0	0	0	0	0	0	0	0	0	0	0	0	0	0	1	0	0	0	1	0	0	0	0	0	0	0	0	0	0	0	0	0	
15193250	-1	0	1	-1	-1	1	-1	1	1	-1	1	1	1	-1	1	-1	1	0	0	1	1	0	0	0	1	0	1	0	1	-1	1	-1	1	0	0	1	0	-1	0	0	1	1	1	-1	1	0	0	0	1	1	1	1	0	0	1	0	0	1	0	0	0	0	0	1	0	1	0	-1	0	0	0	1	0	1	1	1	1	0	0	0	0	0	0	1	0	0	0	0	0	1	0	1	0	1	0	0	0	0	1	0	1	1	0	-1	0	1	0	0	-1	1	0	0	-1	0	1	1	1	-1	0	0	1	1	0	1	1	0	0	0	1	0	0	0	-1	0	0	0	1	0	1	1	0	0	0	0	1	1	1	1	5	4	
34854490	0	0	0	0	0	0	0	1	0	0	0	0	0	0	0	0	0	0	0	0	0	1	0	0	0	0	0	0	0	0	0	0	0	0	0	0	0	0	0	0	0	0	0	0	0	0	0	0	0	0	0	1	0	0	0	0	0	0	0	0	0	0	0	0	0	0	0	0	0	0	-1	0	0	0	0	0	0	0	0	0	0	0	0	0	0	0	0	0	1	0	0	0	0	0	0	0	1	0	0	0	0	1	0	0	0	0	0	0	0	0	0	0	0	0	0	0	0	0	0	0	0	0	0	0	0	0	0	0	0	0	0	0	0	0	0	0	0	0	1	0	0	0	0	0	0	0	0	0	0	0	34854490	35	male	democrat	bachelor	single_living_with_parents	other:caregiver	asien	Atheist / Agnostic	yes	yes
43981010	0	0	0	0	0	0	0	0	0	0	0	0	0	0	0	0	0	0	0	0	0	0	0	0	0	0	0	0	0	0	0	0	0	0	0	0	0	0	0	0	0	0	0	0	0	0	0	0	0	0	0	0	0	0	0	0	0	0	0	0	0	0	0	0	0	0	0	0	0	0	0	0	0	0	0	0	0	0	0	0	1	-1	-1	1	0	0	0	0	0	0	0	0	0	0	0	0	0	0	0	0	0	0	0	0	0	0	0	0	-1	-1	1	-1	0	0	0	0	0	0	0	0	0	0	0	0	0	0	0	0	0	0	0	0	0	0	0	0	0	0	0	0	0	0	0	0	0	0	0	0	0	0	
19638651	0	0	0	0	0	0	0	0	0	0	0	0	0	-1	0	0	0	0	0	0	0	0	0	0	1	0	0	0	-1	1	1	-1	0	0	0	0	0	0	0	0	0	0	0	0	0	0	0	0	0	0	0	0	0	0	0	0	0	0	0	0	0	0	0	0	0	0	0	0	0	0	0	0	0	0	0	0	0	0	0	0	0	0	0	0	0	0	0	0	-1	-1	1	-1	0	0	0	0	0	0	0	0	0	0	0	0	0	0	0	0	0	0	0	0	0	0	0	1	0	0	0	0	0	0	0	0	0	0	0	0	0	0	0	0	0	0	0	0	0	0	0	0	0	0	0	0	1	0	0	0	0	1	
11521789	-1	0	0	0	0	0	1	0	0	0	0	0	-1	1	1	-1	1	0	0	0	0	0	0	0	1	0	0	1	1	1	1	-1	1	1	1	1	1	1	-1	1	-1	1	-1	-1	0	0	0	1	0	0	0	0	0	0	0	0	0	0	0	0	0	0	0	0	0	0	0	0	1	0	0	0	0	0	0	0	0	0	0	0	0	0	0	1	0	0	1	0	1	1	1	1	0	0	0	1	1	0	0	0	0	0	1	0	0	0	0	0	0	0	0	0	0	0	0	0	0	0	0	0	-1	1	-1	1	0	0	1	0	1	-1	0	0	-1	1	0	0	-1	0	0	1	0	0	0	0	0	0	-1	0	1	1	11521789	54	male	republican	some_college	other:Separated	employee	asien	Protestant	yes	yes
41841195	0	0	0	0	0	0	0	0	1	0	0	0	0	0	0	0	0	1	0	0	0	0	0	0	0	0	0	0	0	0	0	0	0	0	-1	0	1	0	0	0	0	0	-1	0	0	0	0	0	0	0	0	0	1	0	1	0	-1	0	0	0	0	0	0	0	0	1	-1	0	0	0	0	0	0	0	0	0	0	1	0	0	0	0	0	0	1	0	0	0	0	0	0	0	0	0	0	0	0	0	0	0	0	0	0	0	0	0	0	-1	-1	0	0	0	0	0	0	1	0	0	0	0	0	0	0	0	0	0	0	0	0	0	0	0	0	0	0	1	0	0	0	0	0	0	0	0	0	0	0	0	0	0	41841195	32	female	independent	some_college	single_living_with_partner	other:homemaker	white	Atheist / Agnostic	no	yes
42082009	0	0	0	0	0	0	0	0	0	0	0	0	0	0	0	0	0	0	0	0	1	0	0	0	0	0	0	0	0	0	0	0	0	0	0	0	0	0	0	1	0	0	0	0	0	0	0	0	0	0	0	0	0	0	0	0	0	0	0	0	0	0	0	0	0	0	0	0	0	0	0	0	0	0	0	0	0	0	0	0	0	0	0	0	0	0	0	0	0	0	0	0	0	0	0	0	0	0	0	0	0	0	0	0	0	0	0	0	0	0	0	0	0	0	0	0	0	0	0	0	0	0	0	0	0	0	0	0	0	0	0	-1	0	0	0	0	0	0	0	0	0	0	0	0	0	0	-1	0	0	0	42082009	28	female	democrat	bachelor	single_living_with_partner	employee	white	Roman Catholic	yes	yes
34689613	0	1	0	0	0	0	1	0	0	0	0	0	0	0	0	0	0	0	0	0	0	0	0	1	0	0	0	0	0	0	0	0	0	1	0	0	0	0	0	0	0	0	1	0	0	1	0	0	0	0	0	0	0	0	0	0	0	0	0	0	0	0	0	0	0	0	0	-1	0	0	-1	0	0	1	0	0	0	0	-1	0	0	0	1	0	0	0	0	0	0	0	0	0	0	0	1	0	0	0	0	0	0	0	0	0	0	0	0	0	1	0	0	0	0	0	0	0	-1	1	1	-1	0	0	0	0	0	0	0	0	0	0	0	1	0	0	0	0	0	0	0	0	0	0	0	0	0	0	0	-1	0	40	
40790579	0	0	0	1	1	0	0	0	-1	1	1	0	0	0	1	1	0	0	0	1	0	0	1	0	0	1	1	0	1	1	0	0	1	0	1	1	1	0	1	1	1	1	1	1	1	0	0	0	1	1	1	0	0	1	0	0	0	1	1	1	1	1	1	0	1	-1	0	0	0	0	0	0	0	1	0	1	0	0	1	1	0	1	0	1	1	0	1	0	1	1	1	1	0	1	0	1	0	0	1	1	1	1	0	1	1	0	0	0	0	1	0	0	0	0	0	0	1	0	0	0	1	0	1	1	1	1	1	1	0	1	1	0	1	1	1	0	1	1	0	1	1	0	0	1	0	0	1	0	2	0	40790579	29	male	democrat	bachelor	single_living_alone	employee	other	Muslim	no	no
43943676	0	0	1	1	0	1	0	0	-1	1	0	1	0	-1	1	0	0	0	0	0	0	0	0	0	0	0	0	0	-1	1	1	-1	0	1	0	1	1	-1	-1	1	0	0	0	0	1	0	0	0	0	1	1	0	1	-1	1	1	0	0	0	0	-1	0	0	0	0	0	0	0	0	0	0	0	1	1	1	1	0	0	-1	0	0	-1	0	0	1	-1	-1	1	1	1	0	-1	0	0	1	0	0	1	0	0	-1	1	0	0	0	0	0	0	0	0	0	-1	0	0	-1	-1	-1	0	0	0	-1	1	0	1	0	1	0	0	0	-1	0	-1	0	0	0	0	0	0	0	1	1	1	1	0	0	0	0	0	1	0	
43606269	0	0	0	0	0	0	0	0	0	0	0	1	1	0	0	0	1	0	0	0	1	1	1	1	1	1	1	1	0	1	0	0	1	0	0	0	0	0	0	1	0	0	0	0	0	0	0	1	0	1	0	0	0	0	0	0	1	1	1	1	0	0	0	0	0	0	0	0	0	0	0	1	1	0	0	0	1	1	1	1	1	1	1	1	0	1	0	1	0	0	0	0	0	0	0	0	0	0	1	0	1	0	0	0	0	0	1	1	1	1	1	1	1	1	1	1	0	0	0	0	0	0	0	0	1	0	1	0	1	1	1	1	0	0	0	0	0	0	1	1	0	0	1	0	0	0	1	0	0	0	
43869435	-1	1	1	-1	0	1	0	0	-1	0	0	0	0	-1	0	0	0	0	0	0	0	0	0	0	1	0	0	0	0	0	0	0	0	0	0	0	0	0	-1	0	0	1	0	0	0	0	0	0	0	0	0	0	0	0	1	0	0	0	0	0	0	0	0	0	1	1	-1	1	1	1	1	-1	0	0	0	0	0	-1	0	0	0	0	0	0	1	0	0	0	0	0	0	0	-1	0	-1	-1	0	0	0	0	0	0	0	0	1	1	1	1	0	0	0	0	0	-1	0	1	0	-1	0	0	0	0	0	1	0	0	0	0	0	0	0	0	0	0	0	0	-1	0	1	0	0	0	0	0	1	0	0	0	0	0	
43510526	0	0	0	0	0	0	0	0	0	0	0	0	0	0	0	0	0	0	0	0	0	0	0	0	0	0	0	0	0	0	0	0	0	0	0	0	1	0	0	0	0	0	1	0	0	0	0	0	0	0	0	1	-1	0	0	0	0	0	0	0	0	0	0	0	0	0	0	0	0	0	0	0	0	0	0	0	0	0	0	0	0	0	-1	0	0	0	0	0	0	0	0	0	0	0	0	0	0	0	0	0	0	0	0	0	0	0	0	1	-1	0	0	0	0	0	0	0	0	0	0	0	0	0	0	0	0	0	0	0	0	0	0	0	0	0	0	0	0	0	0	0	0	0	0	1	0	0	0	0	0	0	43510526	30	female	none	bachelor	single_living_alone	retired	hispanic_american	Russian Orthodox	yes	no
43857136	0	0	0	0	1	0	0	0	0	-1	0	0	0	0	0	0	0	0	0	0	0	0	0	0	-1	0	0	0	0	0	0	0	0	0	0	0	0	0	0	0	0	0	0	0	0	0	0	-1	-1	-1	-1	1	0	0	0	0	0	-1	0	0	0	0	0	0	0	0	0	0	0	0	0	0	0	0	0	-1	0	0	0	0	0	0	0	0	0	0	0	0	-1	-1	1	1	0	0	0	0	0	0	0	0	0	0	-1	-1	0	0	0	0	0	1	0	0	0	0	0	0	1	0	0	0	0	0	0	0	0	0	0	0	1	0	0	0	0	0	0	0	0	1	0	0	0	0	0	0	0	0	0	0	0	0	
31613324	-1	1	1	1	0	1	0	0	0	0	0	0	0	-1	0	0	0	0	0	0	0	0	0	0	1	0	0	0	0	0	0	0	0	0	0	0	0	0	1	0	0	1	0	0	0	0	0	0	0	0	0	0	0	0	1	0	0	0	0	0	0	0	0	0	1	1	1	1	-1	1	1	-1	0	0	0	0	0	1	0	0	0	0	0	0	1	0	0	0	0	0	0	0	-1	0	1	1	0	0	0	0	0	0	0	0	1	1	-1	1	0	0	0	0	0	-1	0	1	0	-1	0	0	0	0	0	1	0	0	0	0	0	0	0	0	0	0	0	0	-1	0	1	0	0	0	0	0	1	0	0	0	1	2	
43650804	0	0	0	0	0	1	0	1	0	0	0	1	1	-1	0	0	0	0	1	0	0	0	0	0	1	0	0	1	-1	0	0	-1	0	0	0	0	0	0	0	0	0	0	0	0	1	-1	-1	1	1	0	0	0	0	0	0	0	-1	0	1	0	0	1	0	1	0	0	0	0	0	0	0	0	0	0	1	0	0	0	0	1	1	0	0	1	0	-1	0	1	0	0	0	0	-1	-1	1	1	0	0	0	0	-1	0	0	0	0	1	0	0	0	0	1	-1	1	0	0	1	0	0	1	1	0	1	0	0	1	0	0	0	0	-1	1	0	-1	0	0	0	-1	-1	0	0	0	0	1	0	1	0	0	0	0	1	
43679467	0	0	0	0	0	0	0	0	1	1	1	0	0	0	0	1	0	0	0	-1	0	0	1	0	0	1	1	0	-1	0	0	0	0	0	1	0	1	0	-1	1	1	-1	0	0	0	0	1	0	-1	0	1	0	0	1	0	0	0	0	1	1	-1	0	-1	-1	-1	1	0	0	0	1	0	0	0	1	0	0	0	0	1	1	0	0	0	0	1	0	1	0	1	0	1	1	0	0	0	-1	1	1	-1	1	0	0	1	0	-1	0	0	0	0	0	0	0	0	0	0	0	0	0	0	0	1	0	1	1	0	1	0	0	0	1	1	0	1	1	1	0	1	0	0	1	0	0	0	1	0	0	0	0	5	1	43679467	23	female	democrat	bachelor	single_living_with_parents	employee	white	Roman Catholic	yes	yes
23711512	-1	0	0	0	0	0	0	0	0	0	0	0	1	0	0	0	0	0	0	0	0	0	0	1	0	0	0	0	0	0	0	0	0	1	-1	0	0	0	0	0	0	0	0	-1	0	0	0	0	0	0	0	0	0	-1	0	1	0	0	0	0	0	0	0	0	0	0	0	0	0	0	0	0	0	0	0	0	0	0	0	0	0	0	0	1	0	0	0	0	0	0	0	0	-1	0	0	0	0	0	0	0	0	0	0	0	0	0	0	0	0	0	0	0	0	0	0	0	0	0	0	0	0	0	0	0	1	1	1	1	0	0	0	0	-1	0	0	0	-1	0	0	0	0	0	0	0	0	0	0	0	0	0	23711512	33	female	independent	vocational_secondary_certification	single_living_alone	employee	white	Protestant	no	yes
18979155	0	0	0	0	0	0	0	0	0	0	0	0	0	0	0	0	0	0	0	0	0	0	0	1	0	0	0	0	0	1	0	0	0	0	0	0	0	0	0	0	0	0	0	0	0	0	0	0	0	0	0	0	0	0	0	0	0	0	1	0	0	0	0	0	0	0	0	0	0	0	0	0	1	0	0	0	0	0	0	0	0	0	0	0	0	-1	0	1	0	0	0	0	0	0	0	0	0	0	0	0	0	0	0	0	0	0	0	0	0	-1	0	0	-1	-1	-1	1	0	0	0	0	0	0	0	0	0	0	0	0	0	0	0	0	0	0	0	0	0	0	0	1	0	0	0	0	0	0	0	0	0	0	18979155	26	female	none	high_school	single_living_with_parents	unemployedseeking_employment	white	Atheist / Agnostic	no	yes
34081916	0	0	0	0	0	0	0	0	1	0	0	0	0	0	0	0	0	0	0	0	0	0	0	0	0	0	0	0	-1	0	0	0	0	0	0	0	0	0	0	0	0	0	0	0	0	0	0	0	0	0	1	0	0	0	0	0	0	0	0	0	1	0	0	0	0	0	0	0	0	0	0	0	0	-1	0	0	0	0	1	0	0	0	0	0	1	0	0	0	-1	0	0	1	0	0	0	0	0	0	0	0	0	0	0	0	0	0	0	0	0	0	0	0	0	0	0	0	0	0	0	0	0	0	0	0	0	-1	0	0	0	0	0	0	0	0	0	0	0	0	0	1	1	0	0	0	0	0	0	0	0	0	
12366026	1	1	1	0	-1	0	0	0	0	0	0	0	0	0	1	0	0	-1	-1	0	0	0	0	0	1	0	-1	1	0	1	1	1	0	0	-1	1	0	0	0	0	0	0	-1	-1	1	-1	0	0	0	1	0	0	0	0	0	1	-1	0	0	0	0	1	0	1	1	1	-1	1	0	0	0	0	1	1	0	0	0	0	0	0	0	0	0	0	0	0	0	0	0	1	0	-1	1	0	0	0	0	0	0	0	-1	1	1	1	0	0	0	0	0	1	0	0	0	0	-1	1	-1	0	0	0	-1	0	0	0	0	0	0	0	0	0	0	0	0	1	0	1	1	1	-1	-1	1	1	1	1	1	1	-1	1	0	3	12366026	23	female	democrat	master	single_living_alone	employee	white	Atheist / Agnostic	yes	yes
43046630	0	0	0	0	0	1	0	1	0	0	0	0	0	0	0	0	0	0	1	0	0	0	0	0	0	0	0	-1	0	0	0	1	0	0	0	0	0	0	0	0	0	0	0	0	1	-1	1	1	0	0	0	0	0	0	0	0	0	0	0	0	0	0	0	0	0	0	0	0	0	0	0	0	0	0	0	0	0	0	0	0	1	0	0	0	0	1	0	0	0	0	0	0	0	0	-1	0	0	0	0	0	1	0	0	0	0	0	0	0	0	0	0	1	0	0	1	0	0	0	0	0	0	1	0	0	0	0	0	0	0	1	0	1	0	0	0	0	0	1	0	0	0	0	1	0	0	0	0	0	0	0	
35849301	0	0	0	0	0	0	0	0	0	0	0	-1	0	0	0	0	0	0	0	0	0	0	0	0	0	0	0	0	-1	1	0	0	0	0	0	0	0	0	1	0	0	0	0	0	0	0	0	0	1	0	0	0	0	0	0	0	0	0	0	0	0	0	0	0	0	0	0	0	-1	0	0	0	0	0	-1	0	0	0	0	0	0	0	0	0	-1	1	-1	1	0	0	1	0	0	0	0	0	1	0	0	0	0	0	0	0	0	0	0	0	0	0	1	-1	0	0	0	0	0	0	1	0	0	-1	0	0	-1	1	0	0	0	0	0	0	1	0	0	0	0	0	0	0	0	0	0	0	0	0	0	0	0	1	
43684066	1	0	0	0	1	-1	-1	0	1	0	-1	-1	-1	1	0	-1	-1	-1	-1	-1	1	-1	0	0	0	-1	-1	-1	1	-1	0	1	1	-1	-1	0	-1	1	1	-1	0	1	0	1	0	0	0	-1	1	1	1	1	0	1	-1	-1	0	0	0	0	1	-1	1	0	0	0	1	0	1	0	0	0	-1	-1	-1	0	1	0	0	1	0	0	1	1	1	-1	1	0	0	0	0	1	0	0	0	-1	-1	1	0	1	1	-1	1	-1	1	0	0	1	0	1	0	1	-1	0	0	0	1	0	-1	0	1	-1	1	-1	0	1	0	0	0	0	0	0	1	0	0	1	0	1	0	1	0	-1	0	1	-1	0	1	-1	9	3	
43947238	0	-1	0	0	0	0	0	0	0	0	0	0	0	0	0	0	0	0	0	0	0	0	0	0	0	0	0	0	0	0	0	0	0	0	0	0	0	0	0	0	0	0	0	0	0	0	0	0	0	0	0	0	0	0	0	0	0	0	0	0	0	0	0	0	0	0	0	0	0	0	0	0	0	-1	0	0	0	0	0	0	0	0	0	0	0	0	0	0	0	0	0	0	1	0	0	0	0	0	0	0	0	0	0	0	0	0	0	0	0	0	0	0	0	0	0	0	0	0	0	0	0	0	0	0	0	0	0	0	0	0	0	0	0	-1	0	0	0	0	0	0	0	0	0	0	0	0	0	0	0	47	
43797734	0	0	0	0	0	0	1	1	0	0	0	0	0	0	0	0	0	1	0	0	0	0	0	0	0	0	0	0	-1	1	0	0	0	0	0	0	0	0	0	0	0	0	0	0	0	0	0	1	0	0	0	0	0	0	0	0	0	-1	0	0	0	0	0	0	1	0	-1	0	-1	0	0	0	1	0	0	0	0	0	0	0	1	0	0	0	0	0	0	1	0	0	0	-1	0	0	0	0	0	0	0	1	0	0	0	0	0	0	-1	0	0	0	0	0	0	-1	0	0	-1	0	0	0	0	1	0	0	0	1	0	1	0	0	0	0	0	0	0	0	0	0	0	0	0	0	0	1	0	1	0	1	0	0	
15004831	-1	1	1	1	1	1	1	1	0	1	1	1	-1	-1	1	-1	0	1	1	1	1	1	1	0	0	1	-1	1	-1	1	1	-1	1	1	1	1	0	1	-1	0	1	0	-1	1	1	-1	-1	1	1	1	1	1	-1	-1	1	1	-1	-1	1	-1	-1	1	-1	1	1	0	0	1	-1	0	0	-1	1	1	1	1	1	1	0	1	1	-1	-1	1	1	0	1	1	0	1	0	1	1	0	1	1	1	1	0	1	-1	1	1	1	1	0	0	1	0	1	0	-1	1	-1	-1	1	-1	0	1	0	-1	1	1	0	1	1	0	1	-1	-1	0	-1	0	1	0	1	0	-1	0	1	1	1	0	1	1	1	-1	1	5	11	
43948769	-1	0	0	0	0	0	0	0	0	0	0	1	1	0	0	0	1	0	0	0	1	1	1	1	1	1	-1	1	0	0	0	0	0	1	1	0	1	0	0	1	0	0	0	-1	1	0	-1	1	0	1	0	0	1	-1	0	1	-1	0	1	0	0	0	0	0	0	0	1	0	0	0	0	0	0	0	1	0	1	1	-1	0	0	0	0	1	0	0	0	1	0	0	0	0	-1	1	1	1	0	0	-1	1	0	0	0	1	0	1	1	1	-1	-1	1	-1	1	1	0	0	0	0	0	1	0	0	0	0	1	1	1	1	1	0	1	-1	-1	0	0	0	1	0	1	0	0	0	0	0	1	0	-1	0	2	5	
43858972	1	1	1	1	0	1	0	0	1	0	1	0	0	0	0	1	0	0	0	0	0	0	0	0	0	1	1	0	1	0	0	0	0	0	0	1	0	1	-1	1	0	0	0	0	1	0	1	0	1	0	1	0	1	0	1	0	0	0	0	0	1	0	0	1	1	1	1	1	0	1	0	0	0	1	0	0	0	1	1	0	0	1	0	0	1	0	0	0	1	0	1	1	0	1	0	-1	1	1	1	1	0	0	1	1	1	1	1	1	0	0	1	0	0	0	0	0	0	0	0	1	0	0	0	1	0	1	0	1	0	1	1	0	0	0	1	0	-1	0	0	1	1	0	0	0	0	0	0	0	1	0	
43836952	0	0	0	1	-1	0	1	1	0	0	0	0	0	1	0	0	0	0	0	0	0	1	0	0	0	0	0	0	0	0	0	-1	0	0	0	0	0	0	0	1	0	0	0	0	0	0	0	0	0	0	1	1	0	0	0	0	0	0	0	0	0	0	0	0	0	0	0	0	0	0	1	1	0	1	0	0	0	0	0	0	0	0	0	0	0	0	0	0	-1	-1	1	0	0	0	0	0	1	0	0	0	0	-1	0	0	0	0	0	0	-1	0	0	0	0	0	0	0	0	0	0	1	0	0	0	0	0	0	0	0	0	0	0	0	0	0	1	0	0	0	1	0	0	0	0	0	0	0	0	0	0	0	
30501721	0	1	1	1	-1	0	0	1	0	0	0	0	0	-1	0	-1	0	0	0	1	0	1	1	0	0	0	0	0	0	1	0	1	0	0	0	1	0	0	0	1	1	0	-1	0	0	0	0	0	0	0	1	1	0	0	1	1	-1	0	0	0	0	1	-1	0	0	0	0	0	-1	0	-1	-1	0	0	0	1	0	0	0	0	0	0	-1	0	0	0	0	0	1	1	1	0	0	0	0	0	1	0	0	1	0	1	1	0	0	0	0	1	0	0	0	0	1	0	0	0	0	-1	0	1	-1	1	1	0	0	1	0	0	0	0	0	0	0	1	1	0	0	0	1	0	0	0	1	1	0	0	0	0	0	0	30501721	32	female	none	vocational_secondary_certification	single_living_with_partner	other:Homemaker	white	other:Christian/Southern Baptist	yes	yes
25955589	0	0	0	0	0	0	0	0	0	0	0	1	0	0	0	0	1	1	1	1	0	0	0	0	0	0	0	0	-1	0	0	0	0	0	0	0	0	0	0	0	0	0	0	0	0	0	0	0	1	0	0	0	0	0	0	0	0	0	0	0	0	0	0	0	0	0	0	0	0	0	0	0	0	0	1	0	0	0	0	0	0	0	0	0	0	0	0	0	0	0	0	0	0	0	0	0	0	0	0	0	0	0	0	0	0	0	0	0	0	0	1	-1	0	0	0	0	0	0	1	0	0	0	0	0	1	0	0	0	0	0	0	0	0	0	0	0	0	0	0	0	0	0	0	0	0	0	0	0	0	0	
43642386	0	0	0	0	1	0	-1	1	-1	0	-1	0	0	-1	-1	0	-1	0	0	0	0	0	0	-1	0	-1	-1	-1	0	0	-1	0	0	1	-1	-1	-1	1	1	-1	-1	-1	1	1	0	0	1	0	-1	1	0	0	-1	0	1	0	0	1	-1	0	0	-1	1	-1	-1	1	1	-1	1	-1	1	0	1	0	0	1	-1	-1	1	0	0	1	0	1	0	1	1	-1	0	-1	1	0	0	-1	0	-1	-1	0	1	0	1	0	-1	-1	-1	-1	1	-1	0	1	-1	1	-1	1	1	0	0	0	-1	-1	1	-1	0	-1	1	0	0	0	1	1	-1	1	0	0	-1	0	1	0	0	1	1	-1	-1	-1	1	-1	1	-1	5	16	43642386	34	male	independent	bachelor	married	selfemployed	hispanic_american	Protestant	yes	no
10959404	-1	0	0	0	0	0	0	0	0	1	0	1	1	-1	1	1	0	0	0	0	1	0	0	1	1	-1	-1	1	0	0	0	0	0	1	-1	0	0	0	1	0	0	0	0	-1	0	0	0	0	0	1	0	0	1	-1	0	1	0	0	0	0	0	0	0	0	0	0	0	0	0	1	0	0	0	0	0	0	1	1	-1	1	0	0	0	0	1	0	0	0	0	0	0	0	-1	0	0	0	0	0	-1	0	0	0	0	0	0	0	0	0	0	0	0	0	0	0	0	0	0	-1	0	0	0	0	0	0	1	1	1	1	0	0	0	0	0	0	0	0	0	0	1	0	0	0	0	0	0	0	0	0	0	1	
43641877	1	0	1	1	-1	1	1	1	1	1	1	1	1	0	1	1	1	0	1	1	0	0	0	0	0	0	0	0	0	1	1	0	1	1	1	1	0	0	0	0	0	0	1	0	1	1	0	0	0	1	0	0	1	1	1	-1	0	1	0	1	1	1	0	1	0	0	1	1	0	0	0	1	1	1	1	1	0	0	0	0	1	0	0	1	1	1	1	1	1	1	0	0	0	1	1	0	0	1	1	0	1	1	0	0	0	0	1	0	1	1	0	1	0	1	1	1	1	0	0	0	1	0	0	1	1	0	0	0	0	0	0	1	-1	0	0	0	0	1	0	0	1	1	0	1	1	1	1	1	2	13	
43584008	0	1	0	0	0	0	0	0	0	0	0	0	0	0	0	0	0	0	0	0	0	0	0	0	0	0	0	0	0	0	0	0	0	0	0	0	0	0	0	0	0	0	0	0	0	0	0	0	0	0	0	0	0	0	0	0	0	0	0	0	0	0	0	0	0	0	0	0	0	0	0	0	0	1	0	0	0	0	0	0	0	0	0	0	0	0	0	0	0	0	0	0	1	0	0	0	0	0	0	0	0	0	0	0	1	1	1	1	0	0	0	0	0	0	0	0	0	0	0	0	0	0	0	0	0	0	0	0	0	0	0	0	0	1	0	0	0	0	0	0	0	0	0	0	0	0	0	0	0	0	43584008	29	female	democrat	master	single_living_with_partner	student	white	Atheist / Agnostic	yes	yes
43851278	1	-1	0	1	0	1	0	0	0	0	0	0	0	-1	0	0	0	0	0	0	0	0	0	0	1	0	0	0	0	0	0	0	0	0	0	0	0	0	1	0	0	-1	0	0	0	0	0	0	0	0	0	0	0	0	1	0	0	0	0	0	0	0	0	0	1	1	-1	1	1	1	1	1	0	0	0	0	0	1	0	0	0	0	0	0	1	0	0	0	0	0	0	0	1	0	-1	-1	0	0	0	0	0	0	0	0	1	1	1	-1	0	0	0	0	0	1	0	1	0	1	0	0	0	0	0	1	0	0	0	0	0	0	0	0	0	0	0	0	1	0	-1	0	0	0	0	0	1	0	0	0	2	7	43851278	25	male	democrat	bachelor	single_living_with_parents	employee	black_or_african_american	Protestant	yes	yes
39531214	0	-1	-1	1	0	0	-1	0	0	0	0	0	0	0	0	-1	0	0	0	0	0	0	-1	-1	-1	0	0	0	0	0	0	0	0	-1	0	0	0	0	0	0	0	0	-1	0	0	-1	0	-1	0	0	1	-1	0	0	1	0	-1	0	0	0	0	0	0	0	0	0	0	-1	0	0	1	1	0	-1	0	-1	0	0	-1	0	0	0	-1	0	0	0	0	0	-1	0	-1	-1	0	0	-1	0	0	0	0	-1	0	0	-1	0	0	0	0	0	-1	0	0	0	1	0	0	0	1	0	-1	1	1	0	-1	0	0	1	0	0	-1	0	0	-1	0	-1	1	0	0	0	0	0	0	0	1	0	0	0	0	-1	3	12	
27947324	0	0	0	0	0	1	0	0	-1	1	1	0	1	0	1	-1	0	0	0	0	1	0	0	0	0	-1	-1	0	-1	0	1	0	1	1	1	1	0	-1	1	0	0	0	0	0	1	0	1	0	1	0	1	0	1	0	0	0	0	0	0	0	-1	1	0	1	0	1	0	0	-1	1	-1	-1	0	1	0	1	1	1	-1	1	0	-1	0	0	1	0	0	0	1	0	0	-1	0	0	0	0	1	1	-1	1	0	0	1	1	1	1	0	0	0	0	1	-1	0	0	-1	0	0	0	1	1	0	1	0	0	0	1	0	1	0	0	1	0	0	0	1	1	0	0	0	1	1	0	0	0	0	0	0	0	1	1	27947324	40	male	democrat	bachelor	married	employee	hispanic_american	Roman Catholic	yes	yes
8921119	-1	0	0	0	0	0	1	0	0	0	0	1	1	0	0	0	1	0	0	0	1	1	1	1	1	-1	-1	1	0	0	0	0	0	1	1	0	1	-1	1	1	0	1	0	-1	0	0	-1	0	0	1	0	0	1	-1	0	1	-1	-1	1	-1	0	0	-1	0	0	0	0	0	-1	0	0	0	0	0	1	0	1	1	-1	1	1	0	0	1	0	0	0	1	0	0	0	0	0	1	1	1	0	0	-1	0	0	0	0	0	0	1	0	1	-1	0	0	0	1	0	0	0	0	0	0	1	-1	1	1	1	1	1	1	1	0	0	-1	1	-1	0	0	0	-1	0	0	1	0	0	0	0	1	0	-1	0	1	0	
39513281	0	0	0	0	0	0	0	0	0	0	0	0	0	0	0	0	0	0	0	0	0	0	0	0	0	0	0	0	0	0	0	0	0	0	0	0	0	0	0	0	0	0	0	0	0	0	0	0	0	0	0	0	0	0	0	0	0	0	0	0	0	0	0	0	0	0	0	0	0	0	0	0	0	0	0	0	0	0	0	0	0	0	0	0	0	0	0	0	0	0	0	0	0	0	-1	0	0	0	0	0	0	0	0	0	0	0	0	0	0	0	0	0	0	0	0	0	1	1	-1	-1	0	0	0	0	0	0	0	0	0	0	0	1	0	0	0	0	0	0	0	0	0	0	0	0	0	0	0	-1	0	0	
42864658	0	0	0	0	0	0	0	0	0	0	0	0	0	0	0	0	0	0	0	0	0	0	0	0	0	1	-1	0	0	0	0	0	0	0	0	-1	0	1	0	0	0	0	0	0	1	0	0	0	0	0	0	0	1	0	0	0	0	0	0	0	0	0	0	0	0	0	0	0	0	0	0	0	0	0	0	0	0	1	0	0	0	-1	0	0	0	0	0	0	0	0	0	0	0	0	0	0	0	0	0	0	0	0	0	1	0	0	0	0	0	0	1	0	0	0	0	0	0	0	0	1	0	0	0	0	0	0	0	0	0	0	0	0	0	0	1	0	0	0	0	0	0	0	0	0	0	0	0	0	0	0	42864658	38	male	democrat	some_college	married	employee	white	Protestant	yes	yes
35330747	0	0	0	0	0	0	0	0	0	0	0	1	0	0	0	0	1	1	1	1	1	1	1	1	1	-1	-1	1	-1	0	0	0	1	1	0	0	0	0	0	1	0	0	0	0	0	0	-1	1	1	1	0	0	0	-1	0	0	-1	0	0	0	0	0	0	0	0	1	0	0	0	0	-1	0	0	0	1	0	1	1	-1	1	-1	-1	-1	1	0	-1	0	0	1	0	0	0	0	0	0	0	0	0	-1	0	0	0	0	0	0	1	0	1	-1	-1	1	-1	0	0	0	0	0	0	1	0	0	0	1	0	1	0	1	0	0	0	0	-1	-1	1	1	1	-1	-1	1	1	0	0	0	0	0	0	-1	-1	0	1	35330747	22	female	none	some_college	single_living_with_parents	employee	white	Atheist / Agnostic	no	yes
33266010	0	0	0	0	0	1	0	0	0	1	0	0	0	1	0	0	0	0	0	-1	0	0	-1	0	0	1	1	0	0	0	0	0	0	0	1	0	1	0	1	0	1	1	1	1	0	0	0	0	1	0	0	0	0	-1	0	0	0	0	1	1	0	0	1	0	0	1	0	0	0	0	0	0	0	0	0	1	0	0	0	1	0	1	0	0	0	0	1	0	0	0	1	0	0	1	0	1	1	0	0	0	0	0	0	0	0	1	0	0	0	0	0	0	0	0	1	0	0	0	0	0	0	1	1	1	0	0	1	1	0	1	0	0	1	1	1	0	1	0	0	0	-1	0	0	-1	0	0	0	0	0	34	
43904063	0	1	0	0	1	0	0	0	0	0	0	0	0	0	-1	0	0	0	-1	0	0	1	0	0	0	0	-1	0	0	0	-1	0	0	0	0	0	0	0	0	0	0	0	0	1	0	0	0	0	0	0	0	0	0	0	0	0	0	0	0	0	1	0	0	0	1	0	1	0	0	0	0	0	0	1	0	0	0	0	0	0	-1	0	1	0	0	0	1	0	0	0	0	0	1	0	0	1	-1	0	0	0	0	0	0	0	0	0	-1	0	0	0	0	0	0	-1	0	0	0	0	0	0	0	0	0	0	0	0	0	-1	0	0	0	0	0	-1	0	1	0	0	0	0	0	0	0	0	-1	-1	0	0	1	19	
34093227	0	0	0	0	0	0	0	0	0	0	1	0	0	0	1	0	1	1	0	0	0	0	0	0	0	0	0	1	0	0	0	0	0	0	0	0	1	0	0	0	1	1	-1	-1	0	0	0	0	0	0	0	1	0	0	0	0	-1	0	0	0	0	1	-1	0	0	1	0	0	1	0	0	0	0	0	0	0	1	0	1	0	0	0	1	0	0	0	0	0	0	0	0	0	0	0	0	0	0	0	0	0	0	0	0	0	0	0	0	0	0	0	0	0	0	0	0	0	0	0	0	0	0	0	0	0	0	0	0	0	0	0	-1	0	0	0	0	1	0	0	0	0	1	1	1	1	0	1	0	0	0	0	34093227	38	female	none	bachelor	single_living_with_partner	employee	white	Roman Catholic	yes	yes
37292698	-1	0	0	0	0	0	0	0	0	0	0	0	-1	0	0	0	0	0	0	0	0	0	1	1	0	0	0	0	0	0	0	0	1	1	-1	0	0	-1	0	0	0	0	0	-1	0	0	-1	0	0	0	0	0	0	1	0	-1	1	0	1	0	0	0	0	0	0	0	0	0	0	1	-1	0	0	0	1	0	0	0	0	1	1	0	0	1	1	0	0	1	0	0	0	0	1	0	0	0	0	1	1	0	0	0	0	0	0	1	0	0	0	0	0	0	-1	0	0	0	0	-1	0	1	0	0	0	0	1	1	1	1	0	0	1	0	1	0	0	0	1	0	1	0	1	0	0	0	1	0	0	0	0	2	
18666417	-1	1	0	0	0	0	0	0	0	0	0	0	1	0	0	0	0	0	0	0	0	0	0	1	0	0	0	0	0	0	0	0	1	1	-1	0	0	0	0	0	0	0	0	-1	0	0	-1	0	0	0	0	0	0	-1	0	1	-1	0	1	0	0	0	0	0	0	0	0	0	0	0	0	-1	1	1	1	0	0	0	0	1	1	0	0	1	0	-1	0	1	1	1	1	-1	-1	0	0	0	0	0	0	0	-1	0	0	0	0	1	1	0	0	0	0	0	1	-1	-1	1	0	0	0	1	0	0	0	0	1	1	1	1	0	0	-1	0	-1	1	0	0	-1	0	0	1	0	0	1	0	1	0	0	0	0	0	18666417	57	female	democrat	some_college	single_living_alone	retired	white	Roman Catholic	no	yes
43994669	-1	0	0	0	0	0	0	0	0	0	0	1	1	0	0	0	1	1	1	1	0	0	0	1	0	0	0	0	1	0	0	0	0	1	1	0	-1	1	0	0	0	0	0	1	0	0	-1	0	1	0	0	0	1	1	0	1	0	1	0	1	1	1	1	1	0	0	0	0	0	1	0	0	0	0	1	0	0	0	0	1	1	0	0	1	0	0	0	1	0	0	0	0	1	1	1	1	0	1	0	0	0	0	0	0	0	1	0	1	1	0	1	1	1	0	0	0	0	0	1	1	0	0	0	0	1	1	1	1	0	0	1	0	1	0	0	0	1	0	0	0	1	0	0	0	1	0	0	0	2	3	43994669	24	male	none	associate_degree	single_living_with_partner	selfemployed	white	Atheist / Agnostic	yes	yes
43989034	0	1	0	1	1	-1	0	1	0	0	1	0	0	-1	0	1	0	0	-1	1	1	0	-1	0	0	1	0	-1	0	1	1	-1	0	1	0	1	0	1	0	1	1	0	1	0	1	1	1	1	0	1	1	1	0	0	-1	1	-1	-1	0	0	0	-1	1	0	0	0	0	0	1	0	1	1	0	0	0	1	1	0	0	-1	1	0	-1	0	0	-1	1	0	-1	-1	1	1	0	0	0	0	-1	0	0	1	1	-1	1	0	-1	0	0	1	0	0	0	1	-1	0	0	0	0	1	-1	-1	-1	-1	0	0	0	1	0	0	0	-1	0	0	0	0	1	1	0	1	-1	0	0	0	1	-1	-1	0	0	0	1	0	
43907115	0	0	-1	0	0	0	0	0	0	0	0	0	0	1	0	0	0	0	0	0	0	0	0	0	-1	0	0	0	0	0	0	0	0	0	0	0	0	0	0	0	0	0	0	0	0	0	0	0	0	0	0	0	0	0	0	0	0	0	0	0	0	0	0	0	0	0	0	0	0	-1	0	0	0	0	0	0	0	0	0	0	-1	1	1	-1	-1	0	0	0	0	0	0	0	1	0	-1	0	0	0	0	0	0	0	0	0	0	0	0	0	0	0	0	0	0	1	0	-1	0	-1	0	0	0	0	0	0	0	0	0	0	0	0	0	0	0	0	0	0	0	0	-1	0	0	0	0	0	-1	0	0	0	0	0	43907115	21	male	democrat	high_school	married	student	american_indian_or_alaska_native	Muslim	yes	yes
43942953	0	0	0	0	0	0	0	0	0	0	0	1	0	0	0	0	1	0	0	0	1	1	1	1	1	1	1	1	0	1	0	0	0	0	0	0	0	0	0	1	0	0	0	0	0	0	0	1	0	1	0	0	0	0	0	0	1	1	1	1	0	0	0	0	0	0	0	0	0	0	0	0	1	0	0	0	1	1	1	1	1	1	1	1	0	1	0	1	0	0	0	0	1	1	1	1	0	0	1	0	0	0	0	0	0	0	0	1	1	1	1	1	1	1	1	1	0	0	0	0	0	0	0	0	0	0	1	0	1	1	1	1	0	0	0	0	0	0	1	1	0	0	0	0	0	0	1	0	0	3	
38198526	0	0	0	0	0	1	0	0	0	0	0	1	0	-1	0	0	0	0	0	0	1	1	1	1	1	1	-1	1	0	1	0	0	0	0	1	0	0	0	1	1	1	1	-1	-1	0	0	0	0	1	-1	0	0	0	0	0	0	-1	-1	1	-1	0	0	-1	0	0	1	0	0	0	0	0	0	0	0	0	1	1	1	1	1	0	0	0	0	0	0	-1	1	0	0	1	0	1	1	1	1	1	0	1	0	0	0	0	0	0	1	0	0	0	-1	0	0	0	0	-1	0	0	0	0	0	0	1	0	0	0	0	1	0	0	-1	0	-1	-1	1	0	0	-1	0	0	0	0	0	0	0	0	0	-1	0	0	1	38198526	49	male	democrat	some_college	single_living_with_partner	selfemployed	white	Atheist / Agnostic	no	yes
29571331	0	1	-1	0	1	0	-1	0	0	0	0	0	0	-1	0	-1	0	0	0	1	0	0	-1	0	0	0	0	0	1	0	0	-1	0	0	0	1	0	0	0	-1	0	0	1	0	0	0	0	1	0	0	0	1	0	0	-1	1	-1	-1	0	0	0	-1	1	0	0	0	0	0	0	0	-1	1	-1	0	0	-1	0	0	0	0	0	0	1	0	0	0	0	-1	-1	-1	-1	1	0	0	0	0	-1	0	0	-1	0	-1	1	0	0	0	0	1	0	0	0	0	-1	0	0	0	1	1	0	-1	1	0	-1	0	0	-1	0	0	0	0	0	0	0	1	1	0	0	0	1	0	0	0	1	-1	0	0	0	1	5	4	29571331	21	male	democrat	high_school	single_living_with_parents	unemployedseeking_employment	black_or_african_american	Roman Catholic	no	yes
13581319	-1	0	0	1	-1	0	1	1	0	0	0	0	0	0	0	0	1	0	1	0	0	1	0	0	0	0	0	1	0	0	0	-1	1	1	1	1	1	-1	1	1	1	1	0	-1	0	0	-1	0	0	0	1	1	0	-1	1	0	0	0	0	0	0	1	-1	1	0	0	0	0	1	0	-1	-1	0	0	1	0	0	1	0	0	0	0	0	1	0	0	0	0	1	1	1	0	0	0	1	0	1	0	0	0	0	1	0	0	0	1	0	0	0	0	1	0	1	0	0	0	-1	-1	1	1	-1	1	1	1	0	1	0	0	0	0	0	1	0	0	1	0	0	0	1	1	0	0	1	0	0	0	-1	1	0	0	
43984981	0	-1	0	0	0	0	0	-1	0	0	0	1	-1	0	0	0	0	0	-1	1	0	0	0	0	0	0	0	1	0	0	0	-1	0	0	0	0	0	0	0	0	0	0	0	0	0	1	1	1	0	0	0	0	-1	1	1	-1	0	0	0	1	1	0	0	-1	0	0	0	0	0	0	0	1	0	-1	0	0	0	0	0	0	-1	0	0	0	-1	-1	-1	1	0	0	0	0	1	0	0	0	0	-1	0	-1	1	-1	0	-1	0	0	0	0	-1	0	0	0	0	0	0	0	0	0	0	0	0	1	0	-1	0	0	0	0	1	0	0	0	0	-1	0	0	0	1	0	0	0	0	0	0	0	0	0	0	1	1	
32569659	0	0	0	0	0	0	0	0	0	0	0	0	0	0	0	0	0	0	0	0	0	0	0	0	0	0	0	0	0	0	0	0	0	0	0	0	0	0	0	0	1	0	0	0	0	0	0	0	0	0	0	0	0	0	0	0	0	0	0	0	0	0	0	0	-1	0	0	0	0	0	0	0	0	0	0	0	0	0	0	0	0	0	0	0	0	0	0	0	0	0	0	0	0	0	0	0	0	1	0	0	0	0	0	0	0	0	0	0	0	0	0	0	0	0	0	0	0	0	0	0	-1	0	0	0	0	0	0	0	0	0	0	0	0	0	0	0	0	0	0	0	0	0	0	0	0	0	0	0	0	0	
34824899	0	0	0	0	0	0	0	0	0	0	0	0	0	0	0	0	0	0	0	0	0	0	0	0	0	1	0	0	0	0	0	0	0	0	0	1	0	1	0	0	0	0	0	0	-1	0	0	0	0	0	0	0	0	0	0	0	0	0	0	0	0	0	0	0	0	0	0	0	0	0	0	0	0	0	0	0	0	1	0	0	0	1	0	0	0	0	0	0	0	0	0	0	0	0	0	0	0	0	0	0	0	0	0	-1	0	0	0	0	0	0	0	0	0	0	0	0	0	0	0	0	0	0	0	0	0	0	0	0	0	0	0	0	0	0	-1	0	0	0	0	0	0	0	0	0	0	0	0	0	0	0	34824899	41	female	independent	master	single_living_alone	employee	white	Protestant	no	yes
20170210	0	0	0	0	0	0	-1	0	0	0	0	0	0	0	0	0	0	0	0	0	0	0	0	0	0	0	0	0	-1	0	0	0	0	0	0	0	0	0	0	0	0	0	0	0	0	0	0	0	0	0	0	0	0	0	0	0	0	0	0	0	0	0	0	0	0	0	0	0	0	0	0	0	1	0	0	0	0	0	0	0	0	0	0	0	0	0	0	1	0	0	0	0	0	0	0	0	0	0	0	1	0	0	0	0	0	0	0	0	0	0	0	0	0	0	0	0	-1	0	0	0	0	0	0	0	0	0	0	0	0	0	0	0	0	0	0	0	0	0	0	0	0	0	0	1	0	0	0	1	0	0	20170210	37	female	republican	bachelor	other:divorced living with kids	selfemployed	white	Protestant	yes	yes
43936844	1	0	0	0	0	0	-1	0	0	0	1	0	0	0	0	0	1	-1	-1	0	0	0	0	0	0	0	0	1	0	0	0	-1	0	0	-1	0	1	0	0	0	0	1	1	-1	0	0	0	0	0	0	0	0	0	0	0	0	1	1	-1	-1	0	1	-1	1	0	1	-1	0	0	0	0	0	0	0	0	0	1	0	0	0	0	0	0	1	0	0	-1	0	0	0	0	0	0	0	0	0	0	0	0	0	0	0	0	0	0	0	1	0	0	0	0	0	0	0	0	1	0	0	1	0	0	0	0	0	0	0	0	0	0	0	0	0	0	0	0	1	0	0	0	1	1	1	-1	1	0	1	1	0	1	0	
43936834	0	0	0	0	0	1	0	0	0	0	-1	0	0	1	-1	0	0	0	0	0	0	0	0	0	0	1	-1	0	1	1	1	1	0	0	0	1	1	0	-1	1	0	0	0	0	1	0	0	0	1	0	0	0	1	0	0	0	0	0	0	0	0	-1	0	0	0	1	0	0	1	0	0	0	0	0	0	1	-1	1	1	0	0	1	0	0	0	0	1	0	0	0	0	0	0	0	0	0	0	0	0	0	0	0	0	1	0	1	1	0	0	0	1	0	0	0	1	0	0	0	1	1	1	1	1	1	0	0	0	0	0	0	1	0	0	0	1	0	0	0	0	0	0	-1	0	0	0	-1	0	0	1	1	43936834	29	male	democrat	some_college	married	employee	hispanic_american	Roman Catholic	yes	no
13900808	0	0	0	0	0	1	0	0	0	0	0	0	0	-1	0	0	0	0	0	0	0	0	0	0	0	0	0	0	0	0	0	0	0	0	0	0	0	0	0	0	0	0	0	0	0	0	0	0	1	0	0	0	0	0	0	0	0	0	0	0	0	0	0	0	0	1	0	0	0	0	0	0	0	0	0	1	0	0	0	0	0	0	0	0	0	0	0	0	0	0	0	0	0	0	0	0	0	0	0	0	0	0	0	0	0	1	0	0	0	0	0	0	0	0	-1	0	0	0	0	0	0	1	0	0	0	0	0	0	0	0	0	0	0	0	0	0	0	0	0	0	0	0	0	0	0	0	0	0	0	0	
12115558	-1	1	1	0	0	0	0	1	0	0	0	1	0	0	0	0	1	1	0	-1	0	1	1	1	1	0	0	0	-1	0	0	-1	-1	1	1	0	1	1	0	0	0	0	-1	-1	0	-1	-1	0	1	0	0	1	1	-1	0	1	-1	0	1	0	-1	1	-1	1	0	0	0	0	0	1	-1	0	1	0	1	0	0	0	1	1	0	0	-1	1	0	0	1	1	1	0	0	-1	1	0	0	0	1	1	-1	0	0	1	0	0	0	0	0	1	-1	0	1	-1	1	0	0	1	0	-1	1	1	0	0	0	1	1	1	1	1	0	0	0	0	-1	1	1	1	-1	-1	1	0	1	1	0	0	0	0	0	0	4	0	12115558	64	female	democrat	bachelor	married	retired	white	Roman Catholic	yes	yes
44085886	0	0	0	0	0	0	0	0	0	0	0	0	0	0	0	1	0	-1	0	0	0	0	0	0	0	0	0	0	0	0	1	0	0	0	0	0	0	0	0	0	0	0	0	0	0	0	0	0	0	0	0	0	0	0	0	0	0	0	0	-1	0	0	0	0	1	0	1	0	0	0	0	0	0	0	0	0	0	0	0	0	1	0	0	0	0	0	0	0	0	0	0	0	0	1	0	0	0	0	0	0	0	0	0	0	0	0	-1	0	0	0	0	0	0	-1	0	0	0	0	0	0	0	0	0	0	0	0	0	1	0	0	0	0	0	0	0	0	0	0	0	0	0	0	0	0	0	1	0	0	0	0	44085886	23	male	none	bachelor	single_living_with_parents	employee	white	Atheist / Agnostic	yes	yes
43808323	0	0	0	0	0	0	0	0	0	0	0	0	0	0	0	0	0	0	0	0	0	0	0	0	0	0	0	-1	0	0	0	0	0	0	0	0	0	0	0	0	0	0	0	0	0	0	0	0	0	0	0	0	0	0	0	-1	0	0	0	0	0	0	0	0	1	0	0	0	0	0	0	0	0	0	0	0	0	0	0	0	0	0	0	0	0	0	0	0	0	0	0	0	0	0	0	0	0	0	0	0	0	0	0	0	0	0	0	0	0	0	0	0	0	0	1	0	0	0	0	0	0	0	0	0	0	0	0	0	0	0	0	0	0	0	0	0	0	0	0	0	0	0	0	0	0	0	0	0	0	0	
43866745	0	0	0	0	0	0	0	0	-1	0	1	0	0	0	0	-1	0	0	0	0	0	0	0	0	0	0	0	0	-1	-1	1	-1	0	0	0	0	0	0	0	1	1	1	0	0	0	0	0	0	1	0	1	0	0	0	0	0	0	0	0	0	1	0	0	0	-1	1	0	0	0	0	0	0	0	1	0	0	0	0	-1	0	0	0	0	0	1	0	0	0	1	-1	1	1	0	1	0	0	1	-1	1	1	0	0	0	0	1	0	0	0	0	0	0	0	0	0	0	0	0	0	0	0	1	0	0	0	0	1	0	1	0	-1	-1	0	0	0	0	0	0	0	0	1	1	0	0	0	0	0	0	0	0	0	43866745	43	female	none	associate_degree	married	employee	white	Protestant	yes	yes
43847796	0	0	0	0	0	0	0	0	0	0	0	0	0	0	0	0	1	0	0	0	0	0	0	0	0	0	0	0	0	0	0	0	0	0	0	0	0	0	0	0	0	0	0	0	0	0	0	1	0	0	0	0	0	0	0	0	0	0	0	0	0	0	0	0	0	0	0	0	0	0	0	0	0	0	0	0	0	0	0	0	0	0	0	0	0	0	0	0	0	0	0	0	0	0	0	0	0	0	0	0	0	0	0	0	0	0	0	-1	0	0	0	0	0	0	0	0	0	0	0	0	0	0	0	0	0	0	0	0	0	0	0	0	0	0	0	0	0	0	-1	0	0	0	0	0	0	0	0	0	0	0	
43986037	0	0	0	0	0	0	0	-1	0	0	0	0	0	0	0	0	0	0	0	0	1	1	-1	1	0	0	-1	0	0	0	0	0	0	0	0	0	0	0	0	0	0	0	0	0	0	0	-1	-1	0	0	0	0	-1	0	0	0	0	1	0	0	0	0	0	-1	0	0	0	0	0	-1	0	0	0	0	0	0	0	0	0	0	0	0	0	0	0	0	0	0	0	0	0	1	0	0	0	0	0	0	0	0	0	0	-1	0	0	0	0	0	0	0	-1	0	0	0	0	0	0	0	0	-1	0	0	0	0	0	0	0	0	0	0	0	0	0	0	0	0	0	0	0	0	0	0	0	0	0	0	0	0	0	1	43986037	55	female	republican	some_college	married	selfemployed	white	Protestant	yes	yes
37799090	0	0	0	0	0	0	0	0	0	0	0	1	0	0	0	0	1	1	1	1	0	0	1	0	0	0	0	0	-1	0	0	0	1	0	0	0	0	-1	0	0	0	0	0	0	0	0	0	0	1	0	0	0	0	0	0	0	-1	-1	-1	-1	-1	1	-1	1	0	0	0	0	0	1	-1	0	0	0	1	0	0	0	0	0	1	0	0	0	0	0	0	0	0	0	0	0	-1	1	1	1	0	1	-1	0	0	0	0	0	0	1	0	0	0	0	1	-1	0	0	0	0	0	0	1	0	0	0	0	0	1	0	0	0	0	0	-1	0	-1	1	1	1	0	0	0	0	1	0	0	0	1	0	0	0	0	0	37799090	24	female	independent	high_school	single_living_with_partner	unemployedseeking_employment	white	Buddhist	no	yes
43861611	0	0	0	0	0	0	0	0	-1	0	0	0	0	0	0	0	1	1	1	1	0	0	0	0	0	0	0	0	0	0	0	0	0	0	0	0	0	0	0	0	0	0	0	0	0	0	0	0	0	0	0	0	0	0	1	0	0	0	0	0	0	0	0	0	0	0	0	0	1	1	-1	1	0	0	0	0	0	1	0	0	0	0	0	0	1	0	0	0	0	0	0	0	0	0	0	0	0	0	0	0	0	0	0	0	0	0	0	0	0	0	0	0	0	0	0	0	0	0	0	0	0	0	0	0	0	0	0	0	0	0	0	0	0	0	0	0	0	0	0	0	0	0	0	0	0	0	0	0	0	0	43861611	28	female	independent	bachelor	married	unemployedseeking_employment	white	Protestant	no	yes
43642991	0	0	0	0	0	0	0	0	0	0	0	0	0	0	0	0	0	0	0	0	0	0	0	0	0	0	0	0	0	0	0	0	0	0	0	0	0	0	0	0	0	0	0	0	0	0	0	0	0	0	0	0	0	0	0	0	0	0	1	0	0	0	0	0	0	0	0	0	0	0	0	0	1	0	0	0	0	0	0	0	0	0	0	0	0	-1	0	0	0	0	0	0	0	0	0	0	0	0	0	0	0	0	0	0	0	0	0	0	0	0	0	0	1	1	-1	1	0	0	0	0	0	0	0	0	0	0	0	0	0	0	0	0	0	0	0	0	0	0	0	-1	0	0	0	0	0	0	0	0	0	1	
38858920	0	0	0	0	0	0	-1	0	0	0	0	0	0	-1	0	0	0	0	0	0	0	0	0	0	1	0	0	0	0	0	0	0	0	0	-1	0	0	0	0	0	0	0	0	0	0	0	0	0	0	0	0	0	0	0	0	0	0	0	0	0	0	0	1	0	0	0	0	0	0	0	1	0	0	-1	0	0	0	0	0	0	0	0	0	0	0	0	1	0	0	0	0	0	0	0	0	1	0	0	0	0	0	0	0	0	0	0	0	0	-1	0	0	0	0	0	0	1	0	0	0	0	0	0	0	0	0	0	1	0	0	-1	0	0	0	-1	0	0	-1	0	0	0	0	0	0	0	1	0	0	0	0	0	38858920	41	female	republican	doc	single_living_alone	unemployedseeking_employment	white	Roman Catholic	yes	yes
34554100	0	1	1	1	-1	0	0	1	0	0	0	0	0	-1	0	-1	0	0	0	1	0	1	1	0	0	0	0	0	0	1	0	-1	0	0	0	1	0	0	0	1	1	0	-1	0	0	0	0	1	0	0	1	1	0	0	1	1	-1	-1	0	0	0	1	-1	0	0	0	0	0	-1	0	-1	-1	0	0	0	1	0	0	0	0	0	0	-1	0	0	0	0	0	1	1	1	-1	0	0	0	0	1	0	0	1	0	1	1	0	0	0	0	1	0	0	0	0	1	0	0	0	0	-1	0	1	-1	1	-1	0	0	1	0	0	0	0	0	0	0	1	1	0	0	0	1	0	0	0	1	1	0	0	0	0	0	1	34554100	30	female	independent	high_school	single_living_with_partner	selfemployed	white	other:baptist	no	yes
43944033	0	0	0	0	0	0	1	0	0	0	0	0	0	0	0	0	0	0	0	0	0	0	1	0	0	0	0	0	0	0	0	0	1	0	0	0	0	0	0	0	0	0	0	0	0	0	0	0	0	0	0	0	0	0	0	0	0	0	0	0	0	0	0	0	0	0	0	0	0	0	1	0	0	1	0	0	0	0	0	0	0	0	0	0	0	0	0	0	0	0	0	0	0	0	0	0	0	0	-1	0	0	0	0	0	0	0	0	0	-1	0	0	0	0	0	0	0	0	0	0	0	0	0	0	0	0	0	0	0	0	0	0	0	-1	1	1	1	0	0	0	0	0	0	0	0	0	0	0	0	0	2	
43876255	0	0	0	0	0	0	0	0	0	0	0	0	0	0	0	0	0	0	0	0	0	0	1	0	0	0	0	0	0	0	0	0	-1	0	0	0	0	0	0	0	0	0	0	0	0	0	0	0	0	0	0	0	0	0	0	0	0	0	0	0	0	0	0	0	0	0	0	0	0	0	1	0	0	0	0	0	0	0	0	0	0	0	0	0	0	0	0	0	0	0	0	0	0	0	0	0	0	0	1	0	0	0	0	0	0	0	0	0	0	0	0	0	0	0	0	0	0	0	0	0	0	0	0	0	0	0	0	0	0	0	0	0	1	-1	-1	1	0	0	0	0	0	0	0	0	0	0	0	0	0	0	43876255	27	male	independent	associate_degree	married	employee	white	Protestant	no	yes
30410452	0	0	1	0	0	0	0	0	0	0	0	0	0	0	0	0	0	0	0	0	0	0	0	0	0	0	0	0	0	0	0	0	0	0	0	0	0	0	0	0	0	0	0	0	0	0	0	0	0	0	0	0	0	0	0	0	0	0	0	0	0	0	0	0	0	0	0	0	0	0	0	0	0	0	0	0	0	0	0	0	0	0	0	0	0	0	0	0	0	0	0	0	-1	0	1	0	0	0	0	0	0	0	0	0	0	0	0	0	0	0	0	0	0	-1	0	0	0	0	0	0	0	0	0	0	0	0	0	0	0	0	0	0	0	0	0	0	0	0	0	0	0	0	0	0	0	0	0	0	0	0	30410452	22	male	democrat	associate_degree	single_living_with_partner	employee	white	Atheist / Agnostic	no	yes
44087209	0	0	0	0	0	0	0	0	1	-1	-1	-1	0	0	-1	0	0	-1	-1	0	0	-1	0	0	0	0	0	0	0	0	0	1	0	0	0	0	0	0	0	0	0	0	0	0	-1	1	1	-1	0	0	0	0	0	0	0	0	0	0	0	0	1	0	0	0	0	0	1	0	0	0	0	0	0	0	0	0	-1	0	0	0	-1	0	1	0	0	0	1	0	0	1	0	0	0	0	0	-1	-1	0	0	0	0	0	0	0	0	0	0	0	0	0	0	0	0	0	0	0	0	0	0	0	0	0	0	0	0	0	0	0	1	0	0	0	0	0	0	-1	0	1	0	0	0	0	0	0	-1	-1	0	0	0	1	
43811734	0	1	1	0	-1	0	1	1	0	0	0	0	0	-1	0	-1	0	0	0	1	0	0	1	0	0	0	0	0	-1	1	0	-1	0	0	0	1	0	0	0	1	1	0	-1	0	0	0	0	1	0	0	1	1	0	0	1	1	-1	-1	0	0	0	1	-1	0	0	0	0	0	-1	0	1	-1	1	0	0	-1	0	0	0	0	0	0	-1	0	0	0	0	1	1	1	1	-1	0	0	0	0	1	0	0	1	0	1	1	0	0	0	0	-1	0	0	0	0	1	0	0	0	-1	-1	0	1	-1	1	1	0	0	1	0	0	0	0	0	0	0	1	1	0	0	0	1	0	0	0	1	1	0	0	0	1	2	1	
44089777	0	0	0	0	0	0	0	0	0	0	0	0	0	0	0	0	0	0	0	0	0	0	0	0	0	0	0	0	0	0	0	0	0	0	0	0	0	0	0	0	0	0	0	0	0	0	0	0	0	0	0	0	0	0	0	0	0	0	0	0	0	0	0	0	0	0	0	0	0	0	0	0	0	0	0	0	0	0	0	0	0	0	0	0	0	0	0	0	0	0	0	0	0	0	0	0	0	0	0	0	0	0	0	0	0	0	0	0	0	0	0	0	0	0	0	0	0	0	0	0	0	0	0	0	0	0	0	0	0	0	0	0	0	0	0	0	1	1	1	1	0	0	0	0	0	0	0	0	0	0	
43393412	0	0	0	0	0	0	0	0	0	0	-1	0	0	0	-1	0	0	0	0	0	0	0	0	0	0	0	0	0	0	0	0	0	0	0	0	0	0	0	0	0	0	0	0	0	0	0	0	0	0	0	0	0	0	0	0	0	0	0	0	0	0	-1	0	0	0	0	0	0	1	0	0	0	0	0	0	0	-1	0	1	0	0	0	0	0	0	0	1	0	0	0	0	0	0	0	0	0	0	0	0	0	0	0	0	0	0	0	-1	0	0	0	0	0	0	0	0	0	0	0	-1	0	0	0	0	0	0	0	0	0	0	0	-1	0	0	0	0	0	0	0	0	0	0	-1	0	0	0	-1	0	0	0	2	
43916681	0	0	0	0	0	0	0	0	0	0	-1	0	1	0	1	0	0	0	0	0	0	0	0	-1	0	0	0	0	0	-1	0	0	-1	0	0	0	0	0	0	0	0	0	0	0	0	0	0	0	0	0	0	0	0	0	0	0	0	0	1	0	0	1	0	0	0	0	0	0	1	0	0	1	-1	0	0	0	1	0	1	0	1	1	-1	-1	0	1	1	1	0	0	0	0	0	0	0	0	0	0	0	0	1	0	0	0	0	0	1	0	1	0	-1	-1	1	0	1	1	0	0	1	0	0	0	0	0	1	0	0	0	-1	1	-1	1	0	0	0	0	0	0	0	1	0	-1	-1	0	0	-1	0	0	2	43	43916681	24	male	none	associate_degree	single_living_with_parents	student	hispanic_american	Roman Catholic	yes	yes
43859850	0	0	0	0	0	0	0	0	0	0	0	0	0	0	0	-1	0	0	0	0	0	0	0	0	0	0	0	0	0	0	0	0	0	0	0	0	0	0	0	0	0	0	0	0	0	0	-1	0	-1	0	0	0	0	0	0	0	0	0	0	0	0	0	0	1	0	-1	0	0	0	-1	0	0	0	0	0	0	0	0	0	0	0	0	0	0	0	0	0	0	0	0	0	0	0	0	0	0	1	-1	-1	-1	0	0	-1	0	0	0	0	0	0	0	0	0	0	0	0	0	0	0	0	0	0	0	0	0	0	0	0	1	0	0	0	0	0	0	0	0	0	0	0	0	0	0	0	0	0	0	0	0	0	14	
6309240	0	0	0	0	0	0	0	0	0	1	0	0	0	0	0	0	0	0	0	0	0	0	1	0	0	0	0	0	0	0	0	0	0	0	0	0	1	0	0	0	1	0	0	0	0	0	0	0	0	0	0	0	0	0	0	0	0	0	0	-1	0	0	0	0	1	0	0	0	0	0	0	0	0	0	0	0	0	0	0	0	1	-1	0	0	0	0	0	0	0	0	0	0	0	0	0	0	0	1	0	0	0	0	0	0	0	1	0	0	0	0	0	0	0	0	0	0	0	0	0	0	-1	0	1	0	0	0	0	1	0	0	1	0	0	0	0	0	0	0	0	0	0	0	0	1	1	0	0	0	0	0	6309240	50	female	republican	bachelor	single_living_with_parents	employee	asien	Roman Catholic	yes	yes
31585018	0	1	0	0	0	0	1	0	0	0	0	0	0	0	0	0	0	0	0	0	0	0	0	1	0	0	0	0	0	0	0	0	0	1	0	0	0	0	0	0	0	0	-1	0	0	-1	0	0	0	0	0	0	0	0	0	0	0	0	0	0	0	0	0	0	0	0	0	1	0	0	-1	0	0	1	0	0	0	0	1	0	0	0	-1	0	0	0	0	0	0	0	0	0	0	0	0	0	0	0	0	0	0	0	0	0	0	0	0	0	-1	0	0	0	0	0	0	0	0	0	0	0	0	0	0	0	0	0	0	0	0	0	0	0	0	0	0	0	0	0	0	0	0	0	0	0	0	0	0	0	0	0	31585018	30	female	democrat	associate_degree	married	unemployedseeking_employment	white	Atheist / Agnostic	no	yes
43912578	0	1	0	0	0	0	-1	0	0	0	0	0	0	0	0	0	0	0	0	0	0	0	-1	-1	1	0	0	0	0	0	0	0	1	1	-1	0	0	0	0	0	0	0	1	0	0	1	1	1	0	0	0	0	0	1	0	0	0	0	0	0	0	0	0	0	0	0	1	1	0	0	0	0	0	1	-1	0	0	-1	1	0	0	0	1	0	0	0	0	0	0	0	0	0	0	0	-1	0	0	0	1	0	0	0	-1	0	0	-1	0	0	1	0	-1	0	0	0	0	-1	1	1	-1	-1	0	0	1	0	0	0	0	0	1	0	0	1	-1	1	1	1	0	0	0	0	-1	1	1	1	0	0	0	-1	1	0	
43938234	-1	0	1	1	1	0	-1	0	0	0	0	0	0	0	0	0	0	0	0	0	0	0	1	0	0	0	0	0	0	0	0	0	0	0	0	0	1	-1	1	1	1	1	0	-1	0	0	0	0	0	0	1	1	0	0	1	0	1	0	0	0	0	0	0	0	0	0	0	0	-1	0	0	1	0	0	0	-1	0	0	0	0	0	0	0	1	0	0	0	0	0	1	1	0	0	0	0	0	0	0	0	0	0	0	1	0	0	0	0	0	0	0	0	0	1	0	0	0	0	1	0	1	1	1	0	1	0	1	0	0	0	0	0	0	0	1	1	0	0	0	0	1	0	0	1	0	0	0	1	0	1	1	
43651516	0	0	0	0	0	0	0	0	0	1	0	0	0	0	0	0	0	0	0	-1	-1	1	-1	-1	-1	-1	1	-1	1	0	0	0	0	0	0	0	-1	1	0	1	0	0	0	0	0	0	0	0	-1	1	0	0	0	1	0	0	0	0	-1	1	1	-1	1	-1	0	0	0	0	0	-1	0	0	0	0	1	0	-1	-1	1	-1	0	1	0	0	0	0	0	0	0	0	0	0	0	-1	0	0	0	-1	1	0	0	0	0	0	0	0	0	0	0	0	-1	1	0	0	0	0	0	0	-1	0	0	0	-1	-1	-1	0	-1	-1	0	0	0	1	0	0	-1	0	0	0	0	0	1	0	0	-1	0	0	1	0	1	1	
44092298	0	0	0	1	-1	1	-1	1	-1	0	1	1	-1	-1	1	-1	1	0	-1	0	0	0	0	0	0	0	0	1	0	1	0	-1	1	1	0	1	0	0	0	0	0	0	0	0	0	-1	0	0	0	0	0	0	0	0	0	1	0	-1	0	0	0	-1	0	1	1	0	0	0	0	0	0	0	1	1	1	0	0	0	0	0	0	0	0	1	0	1	0	0	1	1	0	0	0	0	0	0	0	0	1	1	1	1	0	1	0	0	0	0	-1	1	0	0	0	0	-1	0	-1	0	0	0	-1	1	1	1	1	0	0	0	-1	1	0	0	-1	0	0	0	-1	0	1	1	0	1	1	0	0	0	-1	0	5	4	
44091788	0	0	0	0	0	0	0	0	0	0	0	0	0	0	0	0	0	0	0	0	0	0	0	0	0	0	0	0	0	0	0	0	0	0	0	0	0	0	0	0	0	0	0	0	0	0	0	0	0	0	0	0	0	0	0	0	0	0	0	0	0	0	0	0	0	0	0	0	0	1	0	0	0	0	0	0	0	0	0	0	0	0	0	0	1	0	0	0	0	0	0	0	0	0	0	0	0	0	0	0	0	0	0	0	0	0	0	0	0	0	0	0	0	0	0	0	0	-1	0	0	0	0	0	0	0	0	0	0	0	0	0	0	0	0	0	0	0	0	1	0	0	0	0	0	0	0	0	0	0	0	
39073124	0	0	0	0	0	0	0	0	-1	0	0	0	0	0	0	0	0	0	0	0	0	0	0	0	0	0	0	0	0	0	0	0	0	0	0	0	0	0	0	0	0	0	0	0	0	0	0	0	0	0	0	0	0	0	1	0	0	0	0	0	0	0	0	0	0	0	0	0	0	0	0	0	0	0	0	0	0	1	0	0	0	0	0	0	1	0	0	0	0	0	0	0	0	0	0	0	0	0	0	0	0	0	0	0	0	0	0	0	0	0	0	0	0	0	0	0	0	0	0	0	0	0	0	0	0	0	0	0	0	0	0	0	0	0	0	0	0	0	0	0	0	0	0	0	0	0	0	0	0	0	
43591595	0	0	0	0	0	0	0	0	0	0	0	0	-1	1	1	1	0	0	0	0	0	0	0	0	0	0	0	0	0	0	0	0	0	0	0	0	0	0	0	0	0	0	0	0	0	0	0	0	0	0	0	0	0	0	0	0	0	0	0	0	0	0	0	0	0	0	0	0	0	0	0	0	0	0	0	0	0	0	0	0	0	0	0	0	0	0	1	0	0	0	0	0	0	0	0	0	0	0	0	0	0	0	0	0	0	0	-1	0	0	0	0	0	0	0	0	0	0	0	1	0	0	0	0	0	0	0	0	0	0	0	0	0	0	0	0	0	0	0	0	0	0	1	0	0	0	0	0	0	0	0	
41127744	1	0	0	0	0	0	0	0	0	0	0	-1	1	0	0	0	-1	0	0	0	1	-1	-1	-1	1	-1	-1	1	0	0	0	0	0	1	1	0	-1	0	0	1	0	0	0	1	0	0	0	-1	0	1	0	0	-1	1	0	1	0	0	0	0	0	0	0	0	0	0	0	0	0	0	0	0	0	0	0	0	1	-1	1	1	-1	1	-1	-1	0	0	0	0	0	0	0	0	1	0	0	0	0	0	1	0	0	0	0	0	0	-1	0	-1	0	1	1	1	0	0	0	0	0	0	0	0	0	0	0	0	1	-1	0	1	0	0	-1	1	-1	0	0	0	1	0	1	0	0	0	0	0	-1	0	1	0	2	3	
38082417	0	0	0	0	0	0	0	0	0	0	0	0	0	0	0	0	0	0	0	0	0	0	0	0	0	0	0	0	0	0	0	0	0	0	1	0	0	0	0	0	0	0	-1	0	0	0	0	0	0	0	0	0	0	0	0	0	0	0	0	0	0	0	0	0	0	0	-1	0	0	0	0	0	0	0	0	0	0	0	0	0	0	0	0	0	0	0	0	0	0	0	0	0	0	0	0	0	0	0	0	0	0	0	0	0	0	0	0	0	0	0	0	0	0	0	0	1	0	0	0	0	0	0	0	0	0	0	0	0	0	0	0	0	0	0	0	0	0	0	0	0	1	1	1	1	0	0	0	0	0	0	
44009386	0	0	0	0	-1	0	0	0	0	-1	0	0	0	0	0	0	0	-1	0	0	-1	0	0	0	0	0	-1	0	0	0	-1	0	-1	-1	0	-1	0	0	-1	0	0	0	-1	-1	0	0	0	0	0	0	0	0	-1	0	0	0	-1	0	0	0	0	0	0	0	0	-1	-1	0	0	0	0	0	0	0	0	0	0	0	0	0	0	0	0	0	0	0	0	0	0	0	0	0	0	0	0	0	0	0	0	0	-1	-1	-1	-1	0	0	0	0	0	0	0	0	0	0	0	-1	0	0	0	0	0	0	0	0	0	0	0	0	0	0	0	0	0	0	0	-1	-1	-1	-1	-1	-1	-1	-1	1	0	0	0	0	1	158	
43842980	-1	1	1	1	1	0	-1	0	0	0	0	0	0	1	0	1	1	1	0	1	0	1	1	0	0	0	0	1	0	0	0	1	0	0	0	1	1	0	0	1	1	1	1	-1	0	0	0	0	0	0	1	1	0	0	1	1	-1	0	0	0	0	1	0	0	1	0	1	0	1	0	0	1	0	0	0	1	0	0	0	0	1	0	1	1	0	0	0	0	0	1	1	0	0	0	0	0	0	0	0	1	0	0	1	0	0	0	1	1	0	0	0	0	1	1	0	0	0	1	0	1	1	0	1	0	0	1	0	1	0	0	0	0	0	-1	1	0	0	0	0	1	0	0	1	1	0	1	1	0	1	3	
6363996	0	1	0	0	0	0	0	0	0	0	0	0	0	0	0	0	0	0	0	0	0	0	0	1	0	0	0	0	0	0	0	0	0	1	0	0	0	0	0	0	0	0	-1	0	0	-1	0	0	0	0	0	0	0	0	0	0	0	0	0	0	0	0	0	0	0	0	0	1	0	0	0	0	0	0	0	0	0	0	1	0	0	0	-1	0	0	0	0	0	0	0	0	0	0	0	1	0	0	0	0	0	0	0	0	0	0	0	0	0	0	0	0	0	0	0	0	0	-1	-1	1	1	0	0	0	0	0	0	0	0	0	0	0	-1	0	0	0	0	0	0	0	0	0	0	0	0	0	0	0	1	0	1	
8308030	0	0	0	0	0	0	1	1	0	1	1	0	1	-1	1	-1	0	0	0	1	1	1	1	0	0	-1	0	0	-1	1	1	0	1	1	1	1	0	-1	1	0	0	0	-1	0	0	0	0	1	0	0	0	1	1	0	0	1	-1	-1	0	0	0	1	-1	0	0	0	0	0	-1	0	0	0	1	0	0	1	1	0	0	1	0	0	-1	0	0	0	0	1	0	0	0	-1	0	0	0	0	0	0	0	1	0	0	1	0	1	0	0	1	-1	-1	1	-1	1	0	0	0	-1	0	1	0	0	1	0	0	0	1	0	0	0	0	0	0	0	0	0	1	0	0	0	0	0	0	0	1	0	0	0	1	0	0	
43861467	0	-1	0	1	1	0	-1	1	0	1	0	0	0	1	0	0	0	0	0	0	0	1	0	-1	0	0	1	1	0	0	1	1	0	1	0	0	0	0	0	1	0	0	1	1	0	1	0	0	1	1	1	1	0	0	0	1	1	1	-1	1	0	0	0	0	1	0	0	1	0	0	1	0	0	-1	0	1	0	0	1	0	0	0	1	0	0	0	0	0	1	0	0	0	0	0	0	0	-1	0	0	0	1	0	1	1	0	0	0	0	1	1	0	0	0	0	1	0	1	0	0	0	0	0	0	0	0	0	0	0	0	0	0	0	0	0	0	0	0	1	1	0	0	0	0	0	0	0	0	0	1	0	43861467	32	male	democrat	bachelor	single_living_with_parents	unemployedseeking_employment	black_or_african_american	Roman Catholic	yes	yes
39174418	0	0	0	0	1	0	0	0	0	-1	0	0	0	0	0	0	0	0	0	0	0	0	0	0	0	0	-1	0	0	0	1	0	0	0	0	0	0	0	0	0	0	0	0	-1	0	0	0	0	0	0	0	0	0	0	0	0	0	0	0	0	0	0	0	0	0	0	0	0	0	0	0	0	0	0	0	0	0	0	0	0	0	0	0	0	0	0	0	0	0	0	0	0	0	0	0	0	0	0	0	0	0	0	0	-1	0	0	0	0	0	1	0	0	0	0	0	0	1	0	0	0	0	0	0	0	0	0	0	0	0	0	0	0	0	0	0	0	0	0	0	0	0	0	0	0	0	0	0	0	0	0	
18386513	0	0	0	0	0	0	0	0	0	0	0	0	0	0	0	0	0	0	0	0	0	0	0	0	0	0	0	0	0	0	0	0	0	0	0	0	0	1	0	0	0	0	0	0	0	0	0	0	0	0	0	0	0	0	0	0	0	0	0	0	1	-1	1	-1	0	0	0	0	0	-1	0	0	0	0	0	0	0	0	0	0	0	0	0	0	0	0	0	0	0	0	0	0	0	0	0	0	0	-1	0	0	0	0	0	0	0	0	0	0	0	0	0	0	0	0	0	0	0	0	0	0	0	0	0	0	0	0	0	0	0	0	0	0	0	0	0	0	0	0	0	0	1	0	0	0	0	0	0	0	0	0	18386513	50	female	republican	high_school	married	selfemployed	white	other:Christian	yes	yes
39675153	0	0	0	0	0	0	0	0	0	0	0	0	0	0	0	0	0	0	0	0	0	0	0	0	0	0	0	0	0	0	0	0	0	0	0	0	0	0	0	0	0	0	0	0	0	0	0	0	0	0	0	0	0	0	0	0	0	0	0	0	0	0	0	0	0	0	0	0	0	0	0	0	0	0	0	0	0	0	0	0	0	0	0	0	0	0	0	0	0	0	0	0	0	0	0	0	0	0	0	0	0	0	0	0	0	0	0	0	0	0	0	0	0	0	0	0	0	0	0	0	0	0	0	0	0	0	0	0	1	1	-1	1	0	0	0	0	0	0	0	0	0	0	0	0	0	0	0	0	0	0	
42768322	-1	0	0	0	0	0	0	0	0	0	0	0	0	0	0	0	0	0	0	0	1	-1	1	0	0	0	0	0	0	-1	0	0	0	1	1	0	1	0	0	1	0	0	0	-1	0	0	0	0	0	0	0	0	1	-1	0	-1	0	0	0	0	0	0	0	0	0	0	0	0	0	0	0	0	0	0	0	0	0	0	0	0	0	0	0	0	0	0	0	1	0	0	0	0	-1	0	0	0	0	0	0	0	0	0	0	0	0	0	0	1	-1	1	0	0	0	0	0	0	0	0	0	0	0	0	0	0	1	1	1	1	0	0	0	-1	0	0	0	0	0	0	0	0	0	0	0	0	0	0	-1	0	1	0	
43945424	0	1	0	0	0	0	0	0	0	0	0	0	0	0	0	0	0	-1	0	0	0	0	0	0	0	0	0	0	0	0	0	0	0	0	0	0	0	0	0	0	0	0	0	0	0	0	0	0	0	0	0	0	0	0	0	0	0	0	0	0	0	0	0	0	-1	0	-1	0	0	0	0	0	0	-1	0	0	-1	0	0	0	1	0	0	0	0	0	0	0	0	-1	0	0	-1	0	0	0	0	0	0	0	0	0	0	0	0	0	1	0	0	0	0	0	0	-1	0	0	0	0	0	0	0	0	0	0	0	0	0	1	-1	0	0	0	0	-1	0	0	0	0	0	0	0	0	0	0	0	1	0	0	0	21	
29301997	0	0	0	0	0	0	0	0	0	0	0	0	0	-1	0	0	0	0	0	0	0	0	0	0	1	0	0	0	0	0	0	0	0	0	0	0	0	0	0	0	0	0	0	0	0	0	0	0	0	0	0	0	0	0	0	0	0	0	0	0	0	0	0	0	0	0	0	0	0	0	0	0	0	0	0	0	0	0	0	0	0	0	0	0	0	0	0	0	0	0	0	0	0	0	0	0	0	0	0	0	0	0	0	0	0	0	0	0	0	0	0	0	0	0	0	1	0	0	0	0	0	0	0	0	0	0	0	0	0	0	0	0	0	0	0	0	0	0	0	0	0	0	0	0	1	0	0	0	0	0	
41545007	0	1	0	1	-1	1	1	1	1	1	1	1	1	0	1	-1	1	1	1	1	0	1	0	1	1	1	-1	1	0	0	1	-1	1	1	0	1	0	-1	0	0	0	0	-1	0	1	-1	-1	1	0	1	0	0	1	-1	1	1	-1	-1	0	-1	-1	0	0	1	0	1	-1	1	0	0	1	-1	1	1	1	1	1	1	1	0	1	-1	-1	1	1	-1	-1	1	1	1	1	1	1	1	1	1	1	1	-1	0	-1	1	1	1	0	1	0	0	-1	0	1	-1	0	0	-1	0	-1	-1	1	1	0	1	1	1	1	0	0	0	-1	-1	0	-1	-1	1	1	1	0	-1	0	0	0	1	1	0	1	1	-1	1	0	0	
15016371	0	0	0	0	1	0	0	0	0	0	0	0	0	0	0	0	0	0	0	0	0	0	0	0	0	0	-1	0	0	0	1	0	0	0	0	0	0	0	0	0	0	0	0	-1	0	0	0	0	0	0	0	0	0	0	0	0	0	0	0	0	0	0	0	0	0	0	0	0	0	0	0	0	0	0	0	0	0	0	0	0	0	0	0	0	0	0	0	0	0	0	0	0	0	0	0	0	0	0	0	0	0	0	0	0	0	0	0	0	0	0	0	0	0	0	0	0	0	0	0	0	0	0	0	0	0	0	0	0	0	0	0	0	0	0	0	0	0	0	0	0	0	0	0	0	0	0	0	0	0	0	15016371	56	female	republican	bachelor	married	selfemployed	white	Roman Catholic	yes	yes
43917255	0	0	0	0	0	1	0	0	0	0	0	0	0	-1	1	0	0	0	0	0	0	0	0	0	1	0	0	0	0	0	0	0	0	0	0	0	0	0	0	0	1	1	-1	-1	0	0	0	1	1	0	0	0	0	0	0	0	0	0	0	0	0	1	0	0	0	1	0	1	0	0	0	0	1	0	0	1	0	0	1	0	0	0	0	0	0	0	0	0	1	1	1	-1	0	0	0	0	0	0	0	0	0	0	1	0	0	1	0	0	0	0	0	0	0	0	-1	0	0	0	0	0	0	1	0	0	0	0	0	0	-1	0	-1	0	0	0	0	0	0	0	0	0	0	0	0	0	0	0	0	0	0	0	43917255	30	female	democrat	bachelor	single_living_alone	employee	white	Atheist / Agnostic	yes	yes
43974080	0	-1	0	0	0	0	1	0	0	0	0	0	0	0	0	1	0	0	0	-1	0	1	-1	0	0	0	0	0	1	-1	0	0	0	0	0	1	0	0	0	0	-1	0	1	0	0	0	0	0	0	0	0	-1	0	0	0	-1	-1	0	0	0	0	-1	1	0	0	0	0	0	1	0	0	0	-1	0	0	1	0	0	0	0	0	0	1	0	0	0	0	-1	0	0	0	0	0	0	0	0	0	0	0	0	0	0	1	0	0	0	0	-1	0	0	0	0	-1	0	0	0	-1	0	0	0	0	-1	0	0	0	-1	0	0	0	0	0	0	0	0	0	0	0	0	0	0	0	0	0	-1	0	0	0	-1	1	0	
41192746	0	1	0	0	0	0	0	0	0	0	1	0	0	0	0	-1	0	0	0	0	1	0	0	0	0	1	0	0	0	0	1	0	0	0	0	0	0	-1	0	0	-1	0	0	0	0	0	0	0	0	0	0	0	0	0	0	0	0	0	0	0	0	0	0	0	0	0	0	0	0	0	0	0	0	0	0	0	1	0	0	1	0	0	0	0	0	0	0	0	0	0	0	0	0	0	0	0	0	0	0	1	0	0	0	0	1	0	0	0	0	0	0	-1	0	0	0	0	0	0	1	0	0	0	0	0	0	0	0	0	0	0	0	0	0	0	0	1	0	0	0	0	0	0	0	0	0	0	0	0	0	0	
41986015	-1	0	0	0	0	0	0	0	0	0	0	0	-1	0	0	0	0	0	0	0	0	0	0	1	0	0	0	0	0	0	0	0	0	1	1	0	1	0	0	0	0	0	0	1	0	0	-1	0	0	0	0	0	-1	1	0	-1	-1	0	1	0	0	0	0	0	0	0	0	0	0	0	0	0	0	0	1	0	0	0	0	-1	1	0	0	-1	0	0	0	1	0	0	0	0	-1	1	1	1	0	0	0	0	0	0	0	0	0	1	0	-1	-1	0	0	0	-1	0	0	0	0	0	0	1	0	0	0	0	1	1	1	-1	0	0	-1	0	1	0	0	0	-1	0	0	0	0	0	0	0	1	0	0	0	0	1	41986015	62	female	none	bachelor	single_living_alone	retired	hispanic_american	Roman Catholic	yes	no
19838540	-1	0	1	0	-1	1	0	1	0	1	1	0	1	-1	1	-1	1	1	1	0	1	0	0	0	1	1	0	1	1	1	1	-1	1	1	0	1	1	0	0	1	0	1	-1	-1	1	-1	0	1	1	1	1	1	1	0	0	0	1	-1	0	0	-1	1	-1	1	0	1	-1	1	0	0	0	0	1	0	0	1	1	0	0	1	0	0	-1	1	0	-1	0	1	1	1	1	-1	1	0	1	1	1	0	0	1	-1	1	1	1	1	1	1	1	-1	-1	0	-1	0	-1	0	0	-1	0	1	0	-1	1	1	1	0	1	0	0	-1	-1	-1	-1	-1	0	0	1	-1	-1	1	1	1	1	1	1	1	1	-1	1	6	2	19838540	41	male	independent	bachelor	married	employee	white	Muslim	yes	yes
6413571	0	0	0	0	0	0	0	0	1	0	-1	0	0	0	0	0	0	0	0	0	0	0	0	0	0	0	0	0	1	0	0	0	0	0	0	0	0	0	0	-1	0	-1	0	0	0	0	0	0	0	0	-1	0	0	0	0	0	0	0	0	0	1	0	0	0	0	0	0	0	0	0	0	0	0	-1	0	0	0	0	1	0	0	0	0	0	1	0	0	0	-1	0	1	1	0	-1	0	0	0	0	0	0	0	0	0	0	-1	0	0	0	0	0	0	0	0	0	0	0	0	0	0	0	0	0	0	0	0	1	0	0	0	1	-1	0	0	0	0	0	0	0	0	1	-1	0	0	0	0	0	0	0	0	0	
41676062	0	0	0	0	0	0	0	0	0	0	0	0	0	0	0	0	0	0	0	0	0	0	0	0	0	0	0	0	0	0	0	0	0	0	0	0	0	0	0	0	0	0	0	0	0	0	0	0	0	0	0	0	0	0	0	0	0	0	0	0	0	0	0	0	0	0	0	0	0	0	0	0	0	0	0	0	0	0	0	0	0	0	0	0	0	0	0	0	0	0	0	0	-1	1	1	1	0	0	0	0	0	0	0	0	0	0	0	0	0	0	0	0	0	0	0	0	0	0	0	0	0	0	0	0	0	0	0	0	0	0	0	0	0	0	0	0	0	0	0	0	0	0	0	0	0	0	0	0	0	0	
39501628	-1	0	1	0	1	1	-1	1	-1	1	1	1	-1	0	0	1	-1	1	0	0	1	-1	1	1	0	0	0	1	1	0	1	1	1	1	0	0	1	1	0	0	0	0	0	0	1	1	0	1	1	1	0	0	-1	1	0	0	0	0	0	1	-1	-1	0	1	1	0	1	1	1	1	1	1	1	1	1	1	-1	1	0	0	1	0	0	0	1	-1	-1	1	1	1	1	1	0	1	1	0	0	1	1	1	1	0	0	1	0	1	0	-1	-1	-1	1	-1	0	-1	1	1	1	0	1	1	0	1	-1	1	1	0	0	1	1	-1	0	1	1	-1	1	1	0	-1	0	0	1	1	-1	0	-1	1	1	1	6	4	
43888123	0	0	0	1	0	0	0	0	0	0	0	0	0	0	0	0	0	0	0	0	0	0	0	0	0	0	0	0	0	0	0	0	0	0	0	0	0	0	0	0	1	0	0	0	0	0	0	0	0	0	0	0	0	0	1	0	0	0	0	0	0	0	0	0	0	0	0	0	0	0	0	0	0	0	0	0	0	0	0	0	0	0	0	0	0	0	0	0	0	0	0	0	0	0	0	0	0	0	0	0	0	0	0	0	0	0	0	0	0	0	0	0	1	0	0	0	0	-1	0	0	-1	0	0	0	0	1	0	0	0	0	0	0	0	0	0	0	0	0	0	0	0	0	1	0	0	0	0	0	0	0	43888123	23	female	democrat	bachelor	single_living_with_partner	student	white	Protestant	no	yes
43934710	0	0	0	0	0	0	0	0	1	1	1	1	0	0	0	0	0	0	0	0	0	0	0	0	0	0	0	0	0	0	0	0	0	0	0	0	0	0	0	0	0	0	0	0	0	0	0	0	0	0	0	0	0	0	0	0	0	0	0	0	0	0	0	0	0	0	0	0	0	0	0	0	0	0	0	0	0	0	0	0	0	0	0	0	0	0	0	0	0	0	0	0	0	0	0	0	0	0	0	0	0	0	0	0	0	0	0	0	0	0	0	0	0	0	0	0	0	0	0	0	0	0	0	0	0	0	0	0	0	0	0	0	0	0	0	0	0	0	0	0	0	0	0	0	0	0	0	0	0	0	
43630064	0	0	1	0	0	0	0	0	0	0	0	0	1	0	0	0	0	0	0	0	0	0	0	0	0	0	0	1	0	0	0	0	-1	0	0	0	0	0	0	0	0	0	0	0	0	0	0	0	0	0	0	0	0	0	0	1	0	0	0	0	0	0	0	0	-1	0	0	0	0	0	0	1	0	0	0	0	0	0	0	0	0	0	0	0	0	0	0	0	0	0	0	0	0	0	0	0	0	0	0	0	0	-1	1	-1	0	0	-1	0	0	0	0	0	0	-1	-1	1	-1	0	0	0	0	0	0	0	1	0	0	0	0	0	0	0	0	0	0	0	0	0	0	0	0	1	1	0	0	0	0	0	1	7	
22345789	-1	0	0	1	0	0	-1	0	0	-1	1	0	0	0	0	0	0	0	0	0	1	0	0	0	0	-1	0	0	1	-1	1	0	1	0	0	0	0	1	1	0	0	0	0	0	0	-1	-1	0	0	0	0	0	-1	1	0	0	-1	0	-1	0	1	1	1	-1	0	0	0	-1	1	0	0	0	1	0	1	0	-1	1	0	0	0	0	0	0	0	0	0	1	1	1	1	1	0	0	0	0	0	0	0	1	0	1	0	0	1	1	0	0	0	1	1	-1	-1	0	0	0	1	0	-1	1	0	1	1	0	0	1	0	0	0	0	0	0	0	0	0	1	0	0	0	0	0	0	0	-1	0	0	-1	0	2	1	22345789	62	female	independent	associate_degree	single_living_alone	employee	white	other:Christian	no	yes
16854635	0	0	0	0	0	0	0	0	-1	1	1	0	0	0	0	0	0	0	0	1	0	0	1	0	0	-1	-1	1	1	0	0	0	0	0	-1	0	1	0	0	1	1	1	0	0	0	0	0	0	0	0	1	0	0	-1	0	-1	0	0	-1	-1	1	0	0	0	1	0	0	0	0	0	0	0	0	1	0	0	0	0	1	1	0	-1	0	0	1	0	0	0	1	1	1	0	0	1	0	1	0	1	0	0	0	0	0	0	1	0	0	0	0	0	0	0	0	0	-1	0	0	0	0	0	-1	0	1	1	0	1	1	1	0	-1	-1	0	0	0	1	0	-1	0	0	1	1	0	0	1	0	0	0	0	1	2	
40107272	0	-1	0	0	0	0	0	0	0	0	1	0	-1	1	1	1	0	0	0	0	0	0	0	1	1	0	0	0	0	0	0	0	1	1	1	1	0	0	-1	0	1	-1	1	1	0	1	0	1	0	0	0	0	0	0	0	0	0	0	0	0	0	1	1	0	0	0	0	-1	1	0	0	0	0	0	0	0	-1	0	1	0	0	0	1	0	0	0	1	0	0	0	1	0	0	0	0	0	-1	0	0	0	0	0	1	0	0	0	-1	0	0	0	0	0	0	0	0	0	0	0	-1	0	0	0	0	0	0	0	1	0	1	0	1	0	1	-1	0	0	0	0	0	0	0	1	0	0	0	1	0	0	0	0	
43942386	0	1	0	0	0	0	1	0	0	0	0	0	0	0	0	0	1	0	0	0	0	0	1	1	1	0	0	1	0	0	0	0	1	1	0	0	1	0	0	0	0	0	1	0	0	1	-1	1	0	0	0	0	0	1	0	0	0	0	0	0	0	0	1	0	0	0	0	1	0	0	1	0	0	1	1	0	0	1	1	0	0	0	1	0	0	0	0	0	0	0	0	0	0	0	1	0	0	0	1	0	0	0	1	0	0	1	0	0	1	0	1	0	0	0	0	0	1	1	1	1	0	0	1	0	0	0	0	0	1	0	0	1	1	-1	-1	1	0	0	0	0	0	0	0	0	0	0	0	1	0	2	
20430407	0	0	1	1	-1	1	1	1	0	0	1	0	1	0	1	-1	0	0	0	1	1	0	0	0	0	1	0	0	0	1	1	0	1	1	0	1	0	1	0	0	0	0	0	0	1	-1	0	0	0	1	0	0	0	0	0	0	0	-1	0	-1	0	0	0	1	0	0	0	0	0	0	0	-1	1	1	1	1	1	0	0	1	0	0	0	1	1	-1	-1	1	1	1	0	0	0	1	0	0	0	0	-1	0	-1	1	0	0	1	0	0	0	-1	0	0	-1	0	0	0	1	-1	0	1	0	-1	0	0	1	1	0	0	0	0	0	0	0	0	0	0	1	0	0	0	0	0	1	0	0	0	0	-1	0	0	2	
36276573	0	0	0	0	0	0	0	0	0	0	0	1	0	0	0	0	0	0	0	0	1	1	1	1	1	1	-1	1	0	0	0	0	0	0	0	0	0	0	0	1	0	0	0	0	0	0	0	0	0	-1	0	0	0	0	0	0	0	0	0	0	0	0	0	0	0	0	0	0	0	0	0	0	0	0	0	0	1	1	-1	1	0	0	0	0	0	0	0	0	0	0	0	0	0	0	0	0	0	0	1	0	0	0	0	0	0	0	0	0	0	0	0	0	0	0	0	0	0	0	0	0	0	0	0	0	0	0	1	0	0	0	0	1	0	0	0	0	0	0	0	0	0	0	0	0	0	0	-1	0	0	0	
18869867	0	0	0	0	0	0	0	0	0	0	0	0	0	0	0	0	0	0	0	0	0	0	0	0	0	0	0	0	0	0	0	0	0	0	0	0	0	0	0	0	0	0	0	0	0	0	1	0	0	0	0	0	0	1	0	0	0	0	0	0	0	0	0	0	0	0	0	0	0	0	0	0	0	0	-1	0	0	-1	0	0	0	0	0	0	0	0	0	0	0	0	0	0	0	0	0	0	0	0	0	0	0	0	0	0	0	-1	0	0	0	0	1	0	0	0	0	0	0	0	0	0	0	0	-1	0	0	0	0	0	0	0	0	0	0	0	0	0	0	0	0	0	0	0	0	0	0	0	0	-1	0	0	18869867	67	female	republican	bachelor	single_living_alone	retired	white	Protestant	yes	yes
43941355	1	-1	-1	-1	0	0	0	0	1	0	0	0	-1	0	-1	0	-1	-1	-1	0	0	1	0	0	0	0	0	0	0	0	0	0	1	0	1	0	0	0	1	0	0	0	0	0	0	0	0	1	0	0	0	0	0	0	1	0	0	0	0	0	1	0	0	0	0	0	1	0	1	-1	1	1	0	0	0	0	-1	1	0	0	0	0	1	0	1	0	1	0	0	1	1	0	1	0	-1	0	-1	0	0	0	1	-1	1	-1	0	0	1	-1	0	0	0	0	0	1	0	0	0	1	0	0	0	0	0	0	1	0	0	0	1	1	-1	1	1	0	0	-1	1	1	-1	-1	0	0	-1	0	1	-1	1	-1	1	1	43941355	21	male	republican	associate_degree	single_living_alone	civil_servant	white	Atheist / Agnostic	yes	yes
43875818	0	0	0	0	0	0	0	0	0	0	0	0	0	0	0	0	0	0	1	0	0	0	0	0	0	0	0	-1	0	0	0	-1	0	0	0	0	0	0	0	0	0	0	0	0	0	0	0	0	0	0	0	0	0	0	0	1	0	0	0	0	0	1	0	1	1	0	0	0	0	0	0	0	0	0	0	0	0	0	0	0	0	0	0	0	0	0	0	0	0	0	0	0	0	0	0	0	0	0	0	0	-1	-1	-1	1	0	0	0	0	0	0	0	0	0	0	-1	0	0	0	0	0	0	0	0	0	0	0	0	0	0	0	0	0	0	0	0	0	0	0	0	0	0	0	0	0	0	0	0	0	0	12	
34557302	-1	1	0	0	0	0	1	0	0	1	1	0	0	0	0	-1	0	1	1	0	0	0	1	1	1	0	0	0	-1	1	1	-1	0	1	0	0	1	-1	1	1	1	1	-1	0	0	-1	-1	1	0	0	0	0	0	-1	0	0	1	-1	0	-1	0	1	0	1	1	1	0	1	0	0	-1	0	0	1	1	0	0	1	-1	0	0	-1	-1	1	0	0	0	0	0	0	1	0	0	1	1	0	0	1	-1	0	0	0	1	0	1	1	0	0	-1	-1	1	0	0	0	0	0	-1	-1	1	1	-1	1	1	1	1	0	0	1	-1	-1	1	-1	0	0	0	1	0	0	0	0	0	0	0	1	1	1	-1	0	1	22	34557302	36	female	independent	master	married	other:homemaker	white	Roman Catholic	yes	yes
43762146	0	0	0	0	0	0	0	0	0	0	0	1	-1	0	0	0	1	0	0	0	1	1	1	1	1	1	1	1	0	1	0	0	1	0	0	0	0	0	0	1	0	0	0	0	0	0	0	1	0	1	0	0	0	0	0	0	0	0	1	0	0	0	0	0	0	0	0	0	0	0	0	1	-1	0	0	0	1	1	1	1	1	1	1	1	0	1	0	1	0	0	0	0	0	0	0	0	0	0	1	0	1	0	0	0	0	0	1	1	1	1	1	1	-1	1	1	1	0	0	0	0	0	0	0	0	-1	0	1	0	1	1	1	1	0	0	0	0	0	0	1	1	0	0	-1	0	0	0	1	0	0	13	
40212251	0	0	0	0	0	0	0	0	0	0	0	1	0	0	0	0	1	0	0	0	1	1	0	1	1	-1	-1	1	0	0	0	0	1	0	0	0	0	0	0	1	0	0	0	0	0	0	-1	1	0	-1	0	0	0	0	0	0	-1	1	1	-1	0	0	0	0	0	0	0	0	0	0	-1	0	0	0	1	0	1	1	-1	1	1	-1	-1	1	0	0	0	1	0	0	0	0	-1	1	1	1	0	0	-1	0	0	0	0	0	0	1	0	1	-1	-1	1	-1	1	0	0	0	0	0	0	1	0	0	0	0	0	0	1	0	0	0	1	1	-1	1	1	1	0	0	1	0	0	0	0	0	1	0	-1	0	1	0	
43961825	0	-1	0	0	0	1	0	0	0	0	0	0	0	0	1	0	0	1	-1	0	0	-1	0	0	0	0	0	-1	0	0	0	0	0	0	0	0	0	0	0	0	0	0	0	0	-1	0	0	0	0	0	0	0	0	0	0	1	0	0	0	0	1	0	0	0	-1	0	0	0	0	0	0	0	0	-1	0	0	1	0	0	0	1	0	-1	0	0	1	1	0	0	-1	0	0	1	0	0	1	-1	0	0	1	0	0	0	1	0	0	1	0	0	0	0	0	0	-1	1	0	0	0	0	0	0	0	0	0	0	0	0	1	-1	-1	0	0	0	-1	0	1	0	0	0	0	0	0	-1	0	-1	0	0	0	2	26	43961825	25	female	democrat	vocational_secondary_certification	single_living_alone	employee	american_indian_or_alaska_native	Protestant	yes	yes
20512953	0	0	0	0	0	1	0	0	0	0	1	0	1	-1	1	0	0	0	0	0	0	0	0	1	0	0	0	0	0	1	0	0	1	0	1	0	0	0	1	0	1	1	-1	-1	0	0	0	0	1	0	0	0	0	0	0	0	0	0	1	0	0	1	-1	0	0	1	0	0	-1	0	0	-1	1	0	0	1	1	0	-1	0	0	0	0	0	0	-1	-1	1	0	0	1	0	0	0	0	1	1	0	0	0	-1	0	0	0	0	1	1	0	0	-1	0	0	1	-1	-1	1	0	0	1	0	0	1	0	0	1	0	1	0	-1	-1	1	-1	-1	1	0	0	-1	0	0	1	0	1	1	0	0	1	0	0	0	2	20512953	38	female	democrat	bachelor	single_living_with_parents	employee	white	Atheist / Agnostic	yes	yes
15448937	-1	1	1	0	0	0	0	0	-1	1	1	1	1	0	0	0	1	0	0	1	0	0	0	1	1	0	-1	0	0	0	0	0	1	1	1	0	1	0	0	1	1	1	0	-1	0	-1	-1	0	0	1	0	0	1	-1	1	1	-1	0	1	-1	0	0	0	1	1	0	0	1	-1	1	1	-1	1	0	1	0	0	1	0	1	0	-1	0	1	1	1	0	1	1	0	1	-1	-1	1	1	0	0	1	0	0	0	1	0	0	1	0	0	1	-1	0	0	-1	1	0	-1	0	0	0	0	1	-1	0	0	1	1	1	1	-1	0	-1	-1	-1	-1	0	1	0	-1	-1	0	0	0	1	0	0	0	0	-1	0	1	0	15448937	40	male	republican	high_school	single_living_with_partner	employee	white	Atheist / Agnostic	no	yes
43722521	0	0	0	0	-1	1	0	0	0	1	0	0	0	-1	1	0	0	0	0	0	0	0	0	0	0	0	0	0	0	0	0	0	0	0	1	0	0	0	1	0	1	1	-1	-1	0	0	0	0	1	0	0	0	0	0	0	0	0	-1	0	0	0	1	-1	0	0	1	0	0	0	0	0	0	0	0	0	1	0	0	-1	0	0	0	0	0	0	0	-1	0	0	0	1	0	0	0	0	1	1	0	0	0	0	0	0	1	0	1	0	0	0	-1	0	0	0	0	-1	0	-1	0	0	0	0	1	0	0	0	0	1	0	0	-1	1	0	-1	1	0	0	-1	-1	0	0	0	0	0	0	0	0	0	0	0	1	43722521	27	female	democrat	master	single_living_alone	employee	white	Atheist / Agnostic	yes	yes
33427067	-1	0	0	0	0	0	0	0	0	0	0	0	0	0	0	0	0	0	0	0	0	0	0	0	0	0	0	0	0	0	0	0	0	0	0	0	0	0	0	0	0	0	0	0	0	-1	0	0	0	0	0	0	0	0	0	0	0	0	0	0	0	0	0	0	0	0	0	1	0	0	0	0	0	0	0	0	0	0	0	0	0	0	0	0	0	0	0	0	0	0	0	0	0	0	0	0	0	0	0	0	0	0	0	0	0	0	0	0	0	-1	0	0	0	0	0	0	0	0	0	0	0	0	0	0	0	0	0	0	0	0	0	0	0	0	0	0	0	0	0	0	0	0	0	0	0	0	0	0	0	0	
43918613	0	0	0	0	0	1	0	0	0	0	1	0	1	-1	1	-1	0	0	0	0	0	0	0	1	0	1	-1	0	0	1	0	0	1	0	0	-1	0	1	0	0	0	0	0	0	1	0	-1	0	1	0	0	0	1	0	0	0	0	0	1	0	0	1	0	1	0	1	0	0	-1	1	0	-1	1	0	0	1	1	1	-1	0	0	-1	0	0	0	-1	-1	1	0	0	0	0	0	0	0	0	1	1	-1	1	-1	0	1	1	0	1	-1	0	0	-1	1	0	1	-1	-1	1	0	0	1	1	0	1	0	0	1	0	0	1	-1	-1	-1	-1	0	0	1	0	0	0	0	1	0	1	1	0	0	1	0	0	0	0	
38671298	0	0	0	0	0	0	0	0	0	-1	0	0	0	0	0	0	0	0	0	0	0	1	-1	-1	-1	0	0	0	0	-1	0	0	0	0	-1	0	-1	0	1	0	0	0	0	0	0	0	1	-1	0	0	0	0	0	1	0	0	-1	1	-1	1	0	-1	1	0	0	0	0	0	0	0	0	0	-1	0	-1	0	0	-1	0	0	0	1	0	0	0	1	1	-1	1	1	1	1	0	0	0	-1	-1	0	0	0	0	0	-1	0	0	-1	0	-1	0	1	-1	0	-1	1	1	1	0	0	0	0	0	0	0	0	0	0	-1	1	1	1	0	0	1	-1	0	0	1	0	0	1	0	0	0	-1	0	0	0	-1	1	2	
38806465	-1	1	1	1	0	1	0	0	-1	0	0	0	0	0	0	0	0	0	0	0	0	0	0	0	0	0	0	0	0	0	0	0	0	0	0	0	0	0	0	0	0	0	0	0	0	0	0	0	0	0	0	0	0	0	1	0	0	0	0	0	0	0	0	0	1	1	-1	1	0	0	0	0	0	0	0	0	0	0	0	0	0	0	0	0	0	0	0	0	0	0	0	0	0	0	0	0	0	0	0	0	0	0	0	0	1	1	-1	1	0	0	0	0	0	0	0	0	0	0	0	0	0	0	0	1	0	0	0	0	0	0	0	0	0	0	0	0	0	0	0	0	0	0	0	0	0	0	0	0	0	0	
43987213	0	-1	0	0	0	0	1	0	0	0	0	-1	0	0	0	0	-1	-1	1	-1	0	0	-1	-1	0	0	0	0	1	0	0	0	-1	1	0	0	0	-1	0	0	0	0	-1	0	0	-1	-1	0	1	0	0	0	0	1	0	0	0	0	0	0	-1	-1	-1	-1	0	0	0	-1	0	-1	-1	0	0	1	-1	0	0	1	1	0	0	0	-1	0	0	0	0	0	0	0	0	0	0	0	-1	0	0	-1	-1	0	0	0	0	0	0	-1	0	0	1	0	-1	1	0	0	0	0	1	-1	-1	-1	0	0	-1	0	-1	0	0	0	0	0	0	1	1	-1	-1	1	0	0	0	0	-1	0	0	0	0	0	0	-1	0	0	
36293563	-1	0	0	0	1	0	-1	0	0	-1	0	0	0	0	0	0	0	0	-1	0	0	0	0	0	0	0	0	0	0	0	0	1	0	0	0	0	0	0	0	0	0	-1	0	-1	0	0	0	0	-1	-1	-1	-1	0	0	0	0	0	1	0	0	0	-1	0	-1	0	0	0	0	1	0	0	0	0	0	0	1	0	0	0	0	0	0	0	-1	0	0	0	0	0	0	0	0	0	0	0	0	0	0	0	0	0	0	0	-1	0	0	0	0	0	1	0	0	0	0	0	0	1	0	0	0	0	0	0	0	0	0	0	0	0	0	0	0	0	0	0	0	0	-1	0	1	0	0	0	0	0	0	1	0	0	2	36293563	38	female	republican	master	married	employee	white	Protestant	no	yes
43913997	0	0	0	0	0	1	0	0	-1	0	0	0	-1	0	0	0	0	0	0	0	0	0	0	0	0	0	0	0	1	0	0	0	-1	0	0	0	0	0	0	0	-1	-1	1	1	0	0	0	0	0	0	1	0	0	0	1	0	0	0	0	0	1	0	0	0	-1	1	1	-1	0	0	0	1	0	1	0	0	0	0	1	0	0	0	0	0	1	0	0	0	1	0	0	1	0	0	0	0	0	0	0	0	1	0	0	0	0	0	1	0	0	0	0	0	0	1	0	0	0	0	0	0	0	0	0	1	1	1	0	0	1	1	-1	1	0	0	0	0	0	0	0	1	1	0	1	0	0	0	0	0	0	0	
38202325	-1	1	1	1	-1	1	1	1	1	1	1	1	0	-1	1	-1	1	1	0	1	1	0	0	0	1	0	-1	1	0	1	1	0	1	1	0	0	1	0	1	0	0	1	-1	-1	1	0	0	0	1	1	1	1	1	-1	1	1	-1	-1	0	-1	-1	1	-1	1	1	1	-1	1	-1	1	-1	-1	1	1	1	1	1	1	-1	0	0	0	0	1	1	1	-1	0	0	1	0	-1	-1	1	1	1	0	1	-1	1	-1	1	0	1	1	1	1	1	0	-1	0	0	0	-1	0	1	-1	-1	0	0	-1	1	1	1	1	0	1	0	-1	-1	-1	0	0	1	1	1	-1	-1	1	1	1	1	1	1	1	1	-1	0	2	1	
43620110	0	0	0	0	0	0	-1	1	0	0	1	0	0	0	0	0	0	0	0	-1	0	0	1	0	0	1	1	0	-1	-1	0	0	0	0	0	0	0	0	0	0	0	0	0	0	0	0	0	-1	0	0	0	0	0	-1	0	0	0	1	1	-1	0	0	0	0	0	0	0	0	-1	0	0	0	1	0	0	0	-1	0	0	1	0	1	0	0	0	0	-1	1	0	0	0	1	0	1	0	0	0	0	0	1	0	0	0	0	0	0	-1	0	0	0	0	0	0	0	0	0	1	0	1	0	0	1	0	1	0	1	1	1	0	0	0	0	0	0	1	0	0	0	0	0	1	1	0	1	0	1	0	1	0	0	
43857153	0	0	0	0	0	0	0	0	0	0	0	0	0	0	0	0	-1	0	0	0	0	0	0	0	0	0	0	0	0	0	0	0	0	0	0	0	0	0	0	0	0	0	0	0	0	0	0	-1	0	0	0	0	0	0	0	0	0	0	0	0	0	0	0	0	0	0	0	0	0	0	0	0	0	0	0	0	0	0	0	0	0	0	0	0	0	0	0	0	0	0	0	0	0	0	0	0	0	0	0	0	0	0	0	0	0	0	0	-1	0	0	0	0	0	0	0	0	0	0	0	0	0	0	0	0	0	0	0	0	0	0	0	0	0	0	0	0	0	0	-1	0	0	0	0	0	0	0	0	0	0	0	
43498762	0	0	0	0	0	0	0	0	0	0	0	0	0	0	0	0	-1	-1	-1	-1	0	0	0	0	1	0	0	0	0	0	0	0	0	0	0	0	0	1	0	0	0	0	0	0	0	0	0	1	0	0	0	0	0	0	0	0	0	0	0	0	1	-1	1	-1	0	0	0	0	0	-1	0	0	0	0	0	0	0	0	0	0	0	0	0	0	0	0	0	0	0	0	0	0	0	0	0	0	0	-1	0	0	0	0	-1	0	0	0	0	0	0	0	0	0	0	0	0	0	0	0	0	0	0	0	0	0	0	0	0	0	1	0	0	0	0	0	0	0	0	0	0	0	-1	0	0	0	0	0	0	0	0	2	
38153196	-1	0	0	0	0	0	-1	0	0	1	1	0	-1	-1	1	-1	-1	0	0	0	1	0	0	0	0	1	0	1	1	-1	1	-1	1	1	-1	1	1	1	1	1	0	1	0	-1	0	0	0	0	0	0	0	0	1	0	0	0	0	0	0	0	0	0	1	0	0	0	0	0	1	0	0	0	0	0	0	0	-1	0	0	1	0	0	0	1	0	0	0	0	0	0	0	0	0	0	0	0	0	0	0	0	0	0	0	0	1	0	0	0	0	0	0	-1	0	0	0	0	0	0	1	0	1	1	1	1	0	0	0	0	0	0	0	0	0	0	0	1	0	0	0	1	0	0	0	0	0	0	-1	0	0	0	
43930419	0	-1	0	0	0	0	0	0	0	0	0	0	0	0	0	0	0	0	0	0	0	0	0	-1	0	0	0	0	1	-1	-1	1	0	-1	0	0	0	0	0	0	0	0	1	0	0	1	1	0	0	0	0	0	0	1	0	0	0	0	0	0	0	0	0	0	0	0	0	-1	0	0	0	0	0	0	-1	0	0	-1	1	0	0	0	1	0	0	0	0	0	0	0	0	0	0	0	-1	0	0	0	0	0	0	0	0	0	0	-1	0	0	0	0	-1	0	0	0	0	0	1	1	-1	-1	0	0	-1	0	0	0	0	0	0	0	0	1	0	0	0	0	0	0	0	0	0	0	0	0	0	0	0	-1	0	0	
36968345	0	0	0	0	-1	0	0	1	0	0	0	0	0	0	0	0	0	0	0	0	0	1	0	0	0	0	0	0	0	0	0	0	0	0	0	0	0	0	0	0	0	0	0	0	0	0	0	0	0	0	1	1	0	0	0	0	0	0	0	0	0	0	0	0	0	0	0	0	0	0	-1	1	0	0	0	0	0	0	0	0	0	0	0	0	0	0	0	0	1	1	1	0	0	0	0	0	1	0	0	0	0	1	0	0	0	0	0	0	0	0	0	0	0	0	0	0	0	0	0	1	0	0	0	0	0	0	0	0	0	0	0	0	0	0	1	0	0	0	1	0	0	0	0	0	0	0	0	0	0	1	36968345	39	female	democrat	doc	married	other:parent	white	Atheist / Agnostic	yes	yes
43946798	0	0	0	0	0	0	0	0	0	0	0	0	-1	0	0	0	-1	0	0	0	0	0	0	-1	0	0	0	0	0	-1	0	0	-1	0	0	0	0	0	0	0	0	0	0	0	0	0	0	-1	0	0	0	0	0	0	0	0	0	0	-1	0	0	0	0	0	0	0	0	0	0	0	0	1	-1	0	0	0	0	0	0	0	-1	1	1	1	0	1	0	-1	0	0	0	0	0	0	0	0	0	0	0	0	1	0	0	0	0	0	-1	-1	-1	1	1	1	-1	1	1	1	0	0	0	0	0	0	0	0	-1	0	0	0	1	1	-1	1	0	0	0	0	0	0	1	-1	0	0	-1	0	0	0	0	0	0	2	
20328071	0	1	1	1	-1	1	1	1	0	0	0	1	1	1	1	-1	0	1	1	-1	0	1	1	0	0	0	0	1	-1	1	0	1	0	0	0	1	0	0	0	1	1	0	-1	0	1	0	1	1	0	0	1	1	0	0	1	1	-1	0	0	0	0	1	-1	0	1	0	1	0	-1	0	-1	-1	1	0	0	1	0	0	0	0	1	0	0	0	1	1	1	1	1	1	1	0	0	0	1	1	1	1	0	1	1	1	1	1	0	0	1	1	-1	0	0	1	1	1	1	0	-1	-1	0	1	-1	1	1	1	0	1	0	1	1	1	0	1	0	1	1	1	0	0	1	0	0	0	1	1	1	1	0	1	3	4	20328071	21	female	democrat	high_school	married	unemployedseeking_employment	white	Atheist / Agnostic	no	yes
43589420	0	0	0	-1	0	0	0	0	0	0	0	0	0	0	0	0	0	0	0	0	0	0	0	0	0	0	0	0	0	0	0	0	0	0	0	0	0	0	0	0	0	0	0	0	0	0	0	0	0	0	0	0	0	0	-1	0	0	0	0	0	0	0	0	0	0	0	0	0	0	0	0	0	0	0	0	0	0	0	0	0	0	0	0	0	0	0	0	0	0	0	0	0	0	0	0	0	0	0	0	0	0	0	0	0	0	0	0	0	0	0	0	0	-1	0	0	0	0	-1	0	0	0	0	0	0	0	0	0	0	0	0	0	0	0	0	0	0	0	0	0	0	0	0	0	0	0	0	0	0	0	0	
43811627	-1	0	0	0	0	0	0	0	0	0	0	1	-1	0	0	0	1	1	1	1	0	0	0	1	0	0	0	0	1	0	0	0	0	1	1	0	1	1	0	0	0	0	0	-1	0	0	-1	0	1	0	0	0	1	1	0	1	1	0	-1	0	-1	1	-1	1	0	0	0	0	0	1	0	0	0	0	1	0	0	0	0	1	1	0	0	1	0	0	0	1	0	0	0	0	1	1	-1	1	0	1	0	0	0	0	0	0	0	1	0	1	-1	0	1	-1	-1	0	0	0	0	0	1	1	0	0	0	0	1	1	1	1	0	0	1	0	-1	0	0	0	-1	0	0	0	1	0	0	0	1	0	0	0	0	2	
43787047	0	0	0	0	0	0	1	1	0	0	0	0	0	0	0	0	0	0	0	0	0	0	0	0	0	0	0	0	-1	0	0	0	0	0	0	0	0	0	0	0	0	0	0	0	0	0	0	1	0	0	0	0	0	0	0	0	0	-1	0	0	0	0	0	0	0	0	0	0	0	0	0	0	1	0	0	0	0	0	0	0	0	0	0	0	0	0	0	1	0	0	0	-1	0	0	0	0	0	0	0	1	0	0	0	0	0	0	0	0	0	0	0	0	0	0	0	0	-1	0	0	0	0	0	0	0	0	0	0	0	0	0	0	0	0	0	0	0	0	0	0	0	0	0	0	1	0	0	0	1	0	1	43787047	22	female	democrat	bachelor	single_living_with_parents	student	asien	Atheist / Agnostic	yes	yes
37177227	0	0	0	0	0	0	0	0	-1	0	-1	0	0	0	0	1	0	0	0	0	0	0	0	0	0	0	1	0	1	0	0	0	0	0	0	0	0	0	0	1	-1	-1	0	0	0	0	-1	0	1	0	-1	0	1	0	0	0	0	0	0	0	-1	0	0	1	-1	1	0	0	0	1	0	0	0	1	0	0	0	0	-1	0	0	0	0	0	-1	0	0	0	1	0	1	-1	0	1	0	0	-1	1	1	-1	0	0	-1	0	-1	0	0	0	0	0	-1	0	0	0	0	0	0	0	0	-1	-1	0	0	0	0	-1	0	1	0	-1	-1	0	0	0	0	0	0	0	0	1	1	0	0	0	0	0	0	0	0	8	37177227	32	male	democrat	master	married	employee	white	Roman Catholic	no	yes
43935069	0	-1	0	0	0	-1	0	-1	0	0	0	-1	0	0	1	0	-1	1	-1	-1	0	-1	0	0	0	0	0	-1	0	0	-1	-1	0	1	0	0	0	0	0	0	-1	0	0	0	-1	-1	-1	-1	0	1	0	0	-1	1	-1	-1	0	0	0	1	1	0	0	-1	0	0	1	0	0	0	0	-1	-1	-1	-1	1	0	0	0	0	-1	0	-1	0	0	0	-1	0	1	0	0	0	0	-1	-1	-1	-1	-1	0	-1	-1	-1	0	-1	0	0	0	-1	0	0	0	1	0	0	1	0	0	0	0	0	0	-1	0	0	0	0	0	0	-1	-1	0	1	1	0	0	-1	0	-1	-1	0	0	-1	-1	0	-1	-1	1	-1	2	0	
20398835	0	0	0	0	0	0	0	0	0	0	0	0	0	0	0	0	0	0	0	1	0	0	0	0	0	0	0	0	0	0	0	0	0	0	0	1	0	0	0	0	0	0	0	0	0	0	0	0	0	0	0	0	0	0	0	-1	0	0	0	0	0	0	1	0	0	0	0	0	0	0	0	0	0	0	0	0	0	0	0	0	0	0	0	0	0	0	0	0	0	0	0	0	0	0	0	0	0	0	0	0	0	0	0	0	0	0	0	0	0	0	0	0	0	0	0	0	0	0	0	0	0	0	0	0	0	0	0	0	0	0	0	0	0	0	0	0	0	0	0	0	0	0	0	0	0	0	0	0	0	0	
44075879	-1	-1	-1	-1	0	-1	0	0	-1	0	0	0	0	-1	0	0	0	0	0	0	0	0	0	0	-1	0	0	0	0	0	0	0	0	0	0	0	0	0	-1	0	0	-1	0	0	0	0	0	0	0	0	0	0	0	0	1	0	0	0	0	0	0	0	0	0	-1	1	-1	-1	-1	-1	1	-1	0	0	0	0	0	-1	0	0	0	0	0	0	-1	0	0	0	0	0	0	0	-1	0	-1	-1	0	0	0	0	0	0	0	0	1	-1	-1	-1	0	0	0	0	0	-1	0	-1	0	-1	0	0	0	0	0	-1	0	0	0	0	0	0	0	0	0	0	0	0	-1	0	-1	0	0	0	0	0	1	0	0	0	0	149	
43718472	0	0	0	0	0	0	0	0	0	0	0	0	0	0	0	0	0	0	0	0	0	0	0	1	0	0	0	0	0	1	0	0	0	0	0	0	0	0	0	0	0	0	0	0	0	0	0	0	0	0	0	0	0	0	0	0	0	0	0	0	0	0	0	0	0	0	0	0	0	0	0	0	0	0	0	0	0	0	0	0	0	0	0	0	0	0	0	1	0	0	0	0	0	0	0	0	0	0	0	0	0	0	0	0	0	0	0	0	0	-1	0	0	0	0	0	0	0	0	0	0	0	0	0	0	0	0	0	0	0	0	0	0	0	0	0	0	0	0	0	0	0	0	0	0	0	0	0	0	0	1	
39721866	0	1	1	-1	0	1	0	1	0	1	-1	0	-1	-1	-1	-1	0	-1	1	0	0	0	0	0	1	0	-1	-1	0	0	1	-1	1	0	-1	0	0	0	0	0	0	0	-1	-1	1	-1	-1	-1	1	-1	1	1	1	-1	1	0	1	-1	0	-1	0	1	0	0	1	1	-1	1	-1	0	0	-1	-1	-1	0	1	-1	0	1	-1	1	0	0	0	0	0	-1	0	0	0	0	-1	-1	1	1	1	0	0	0	0	-1	1	1	0	1	1	0	0	0	-1	0	-1	0	-1	-1	1	-1	0	1	0	0	1	0	0	1	0	0	0	1	-1	-1	-1	0	-1	0	1	1	-1	-1	1	1	1	-1	1	0	1	-1	0	4	1	
43605836	0	0	0	0	0	0	0	0	0	0	0	0	0	1	0	0	0	0	0	0	0	0	0	0	1	0	0	0	0	0	0	0	0	0	0	0	0	0	0	0	0	0	0	0	0	0	0	0	0	0	0	0	0	0	0	0	0	0	0	0	0	0	0	0	0	0	0	0	0	0	0	0	0	0	0	0	0	0	0	0	0	0	0	0	0	0	0	0	0	0	0	0	0	0	0	0	0	0	0	0	0	0	0	0	0	0	0	0	0	0	0	0	0	0	0	1	0	0	0	0	0	0	0	0	0	0	0	0	0	0	0	0	0	0	0	0	0	0	0	0	0	0	0	0	1	0	0	0	0	0	
15577915	-1	1	1	1	0	0	0	0	-1	0	1	0	0	0	0	0	0	0	0	0	0	0	0	0	0	0	0	0	0	0	0	0	0	0	0	0	0	0	1	1	1	1	0	0	0	0	0	0	0	0	0	0	0	0	1	0	-1	-1	1	-1	0	0	0	0	1	0	0	0	-1	1	1	-1	0	0	0	0	0	1	0	0	0	0	0	0	1	0	0	0	0	0	1	0	1	1	1	1	0	1	0	0	0	0	0	0	1	0	0	0	0	0	0	0	0	-1	0	0	0	-1	0	0	-1	0	0	0	0	0	0	0	0	-1	1	0	0	0	0	0	-1	0	1	0	0	0	0	0	0	0	0	0	0	0	
41193378	0	0	0	0	1	0	0	0	0	0	0	0	0	0	0	0	0	-1	0	0	0	0	0	0	0	0	-1	0	0	0	-1	0	0	0	-1	0	1	1	1	1	0	0	1	1	0	0	0	0	1	1	1	1	0	0	0	0	-1	0	0	0	0	0	0	0	0	1	1	0	0	0	0	0	0	0	0	0	0	0	0	0	0	0	0	0	0	0	0	0	0	0	0	0	0	0	0	0	0	0	0	0	0	0	0	0	0	0	0	0	0	0	0	0	0	0	0	-1	0	0	0	0	0	0	0	0	0	0	0	0	0	0	0	0	0	0	0	1	1	1	1	1	1	1	-1	-1	0	0	0	0	0	0	
28810858	0	0	0	0	0	0	0	0	0	0	0	0	0	0	0	0	0	0	0	0	0	1	0	0	0	0	0	0	0	0	0	0	0	0	0	0	0	0	0	0	0	0	0	0	0	0	0	0	0	0	0	0	0	0	0	0	0	0	0	0	0	1	0	0	0	0	0	0	0	0	0	0	0	0	0	0	0	0	0	0	0	0	0	0	0	0	0	0	0	0	0	0	0	0	0	0	0	0	0	0	0	0	0	0	0	0	0	1	0	0	0	0	-1	0	0	0	0	0	0	0	0	0	0	0	0	0	0	0	0	0	0	0	0	0	0	0	0	0	0	0	0	0	0	0	0	0	0	0	0	0	
18212596	0	0	0	0	0	0	0	0	0	0	0	0	0	-1	0	0	0	0	0	0	0	0	0	0	1	0	0	0	0	0	0	0	0	0	0	0	0	0	1	0	0	1	0	0	0	0	0	0	0	0	0	0	0	0	0	0	0	0	0	0	0	0	0	0	0	0	0	0	0	0	0	0	0	0	0	0	0	0	0	0	0	0	0	0	0	0	0	0	0	0	0	0	0	0	0	1	0	0	0	0	0	0	0	0	0	0	0	0	0	0	0	0	0	0	0	-1	0	0	0	0	0	0	0	0	0	0	0	0	0	0	0	0	0	0	0	0	-1	0	0	0	0	0	0	0	1	0	0	0	0	0	18212596	34	female	none	vocational_secondary_certification	other:Single living with children	unemployedseeking_employment	black_or_african_american	Atheist / Agnostic	no	yes
13095205	-1	0	0	1	-1	0	1	0	0	1	1	0	1	-1	1	-1	1	0	0	0	1	0	0	0	1	1	-1	1	-1	1	1	-1	1	1	0	1	1	-1	1	1	0	1	-1	-1	0	0	0	1	1	1	1	1	1	0	0	1	0	0	0	0	0	0	-1	0	1	0	-1	1	-1	0	-1	0	1	1	0	0	1	0	0	1	0	0	0	1	0	0	0	0	1	1	1	-1	0	0	0	0	1	0	0	0	-1	1	1	1	1	0	0	0	-1	0	0	-1	0	0	-1	1	0	0	1	0	-1	1	1	1	0	0	0	0	-1	0	0	0	-1	0	0	1	-1	-1	1	1	1	1	1	1	0	0	-1	0	1	3	
43932026	0	1	0	0	0	0	1	0	0	0	0	1	0	0	0	0	1	1	1	1	0	0	1	1	0	0	0	0	1	0	0	0	1	1	0	0	0	1	0	0	0	0	1	0	0	1	1	0	1	0	0	0	0	-1	0	0	0	0	0	0	1	1	1	1	0	0	0	1	0	1	1	0	0	1	1	0	0	1	1	0	0	0	1	0	0	0	0	0	0	0	0	0	0	0	1	0	0	1	1	0	0	0	0	0	0	1	0	0	1	0	1	1	0	0	0	0	-1	1	1	1	0	0	1	0	1	0	0	0	0	0	0	1	-1	1	1	1	0	0	0	0	1	0	0	0	0	0	0	1	0	2	
43939704	1	0	-1	-1	0	-1	0	0	0	-1	0	0	0	1	0	1	0	0	0	-1	0	0	-1	0	-1	-1	-1	0	0	0	-1	0	1	0	-1	0	-1	0	-1	0	-1	-1	1	1	0	1	0	0	-1	0	0	0	0	1	0	0	0	1	-1	1	0	0	1	0	0	-1	0	0	0	0	0	0	-1	0	0	-1	0	0	0	-1	0	1	0	-1	0	0	1	0	0	0	-1	1	0	-1	0	-1	-1	0	1	0	0	-1	0	0	0	-1	0	0	0	1	0	0	0	0	1	-1	1	0	0	0	0	-1	-1	-1	-1	0	-1	-1	0	1	0	0	1	-1	-1	0	0	-1	-1	1	-1	-1	0	-1	-1	-1	1	-1	2	1	
43851130	1	1	1	-1	0	1	0	0	1	0	0	0	0	-1	0	0	0	0	0	0	0	0	0	0	1	0	0	0	0	0	0	0	0	0	0	0	0	0	1	0	0	-1	0	0	0	0	0	0	0	0	0	0	0	0	1	0	0	0	0	0	0	0	0	0	1	1	1	-1	1	1	1	-1	0	0	0	0	0	0	0	0	0	0	0	0	-1	0	0	0	0	0	0	0	1	0	1	1	0	0	0	0	0	0	0	0	1	1	-1	1	0	0	0	0	0	1	0	1	0	1	0	0	0	0	0	-1	0	0	0	0	0	0	0	0	0	0	0	0	1	0	1	0	0	0	0	0	1	0	0	0	0	2	43851130	25	male	democrat	bachelor	single_living_alone	employee	white	Roman Catholic	yes	yes
43102561	0	-1	0	0	0	0	-1	0	0	0	0	-1	0	0	0	0	-1	-1	-1	-1	0	0	-1	-1	1	0	0	0	1	0	0	0	-1	1	0	0	0	1	0	0	0	0	1	0	0	1	1	-1	1	0	0	0	0	1	0	0	0	0	0	0	0	0	0	0	0	0	0	-1	0	-1	1	0	0	-1	-1	0	0	-1	1	0	0	0	1	0	0	0	0	0	0	0	0	0	0	0	-1	0	0	-1	1	0	0	0	-1	0	0	-1	0	0	-1	0	-1	1	0	0	0	0	1	1	-1	-1	0	0	1	0	-1	0	0	0	1	0	0	1	1	-1	-1	-1	0	0	0	0	1	0	0	0	0	0	0	-1	0	2	43102561	34	male	independent	master	married	selfemployed	hispanic_american	Protestant	yes	no
43780975	0	0	0	0	1	1	-1	1	0	0	0	1	0	0	1	0	-1	1	1	0	0	-1	1	0	0	0	0	1	0	-1	0	-1	0	0	0	0	0	0	0	0	0	0	0	0	1	1	-1	-1	-1	1	1	-1	1	1	-1	1	-1	0	0	0	0	0	0	0	-1	0	1	0	-1	0	0	0	1	-1	1	-1	1	0	0	0	-1	0	-1	0	1	0	1	1	0	1	0	0	0	0	1	-1	1	-1	0	-1	1	-1	-1	1	0	0	1	0	0	0	0	-1	0	1	1	0	0	0	0	0	0	0	0	0	0	-1	0	1	0	1	0	-1	1	0	0	-1	0	0	0	0	0	1	-1	0	1	1	0	0	5	13	
30721568	0	0	1	0	0	0	0	0	0	0	0	0	0	0	0	0	0	0	0	0	0	0	0	0	0	0	0	0	0	0	0	0	0	0	0	0	0	0	0	0	0	0	0	0	0	0	0	0	0	0	0	1	0	0	0	0	0	0	0	0	0	0	0	0	0	0	0	0	0	0	0	0	0	0	0	0	0	0	0	0	0	0	0	0	0	0	0	0	0	0	0	0	0	0	0	0	0	0	0	0	0	0	0	0	0	0	0	0	0	0	0	0	0	0	0	0	0	0	0	0	0	0	1	0	0	0	0	0	0	0	0	0	0	1	0	0	0	0	0	0	0	0	0	0	0	0	0	0	0	0	
6377879	0	0	0	0	1	0	0	0	0	0	0	0	0	0	0	0	0	0	0	1	0	0	0	0	0	0	0	0	0	0	0	0	0	0	0	0	0	0	0	0	0	0	0	0	0	0	0	0	0	0	1	0	0	0	0	0	0	0	0	1	0	0	0	-1	0	0	0	0	0	0	0	1	0	0	0	0	0	0	0	0	0	0	0	0	0	0	0	0	0	0	1	0	0	0	0	0	0	0	0	0	0	0	0	0	0	0	0	0	0	0	0	0	0	0	0	0	0	0	0	-1	0	0	0	0	0	0	0	0	0	0	0	0	0	0	0	0	0	0	0	0	0	0	0	0	0	0	0	0	0	1	
43608431	0	0	0	0	0	0	0	0	0	0	0	0	0	0	0	0	0	0	0	-1	0	0	0	0	0	1	-1	0	0	0	0	0	0	0	0	0	0	0	0	0	0	0	0	0	0	0	0	0	0	0	0	0	0	-1	0	0	0	0	-1	0	0	0	0	0	0	0	0	0	0	0	0	0	0	0	0	0	0	0	0	1	0	-1	0	0	0	0	0	0	0	0	0	0	0	1	0	0	0	0	0	0	0	0	0	0	0	0	0	0	0	0	0	0	0	0	0	0	0	0	0	0	0	0	0	1	0	0	1	0	0	0	0	0	0	0	1	0	0	0	0	0	1	0	0	0	0	0	0	0	0	0	
43822436	0	0	0	0	0	0	0	0	0	0	0	0	0	0	0	0	0	0	0	0	0	0	0	0	0	0	0	0	0	0	0	0	0	0	0	0	1	-1	0	0	0	0	0	0	0	0	0	0	0	0	0	0	1	0	0	0	0	0	0	0	-1	1	-1	1	0	0	0	0	0	1	0	0	0	0	0	0	0	0	0	0	0	0	0	0	0	0	0	0	0	0	0	0	0	0	0	0	0	1	0	0	0	0	0	0	0	0	0	1	-1	0	0	0	0	0	0	0	0	0	0	0	0	0	0	0	0	0	0	0	0	0	0	0	0	0	0	0	0	0	0	0	1	0	0	0	0	0	0	0	0	0	43822436	19	female	independent	some_college	single_living_with_parents	student	white	Roman Catholic	yes	yes
21785776	-1	0	1	1	-1	1	-1	0	-1	1	1	1	1	0	0	-1	1	1	1	1	0	0	0	0	1	0	-1	1	0	0	1	-1	-1	0	-1	0	0	0	0	0	0	1	-1	-1	0	-1	0	0	1	1	1	1	1	-1	1	1	-1	0	0	-1	-1	1	0	1	1	1	-1	1	-1	1	-1	-1	1	0	0	0	0	0	0	0	0	0	0	1	0	0	0	0	0	0	0	-1	0	1	1	0	0	1	0	0	-1	1	1	1	0	0	0	0	-1	-1	0	-1	0	0	-1	1	-1	0	0	0	0	0	0	1	0	0	0	0	0	0	0	-1	-1	0	0	1	-1	-1	1	0	-1	1	1	1	0	0	-1	0	1	0	
44086620	1	1	1	1	0	1	0	0	0	0	0	0	0	1	0	0	0	0	0	0	0	0	0	0	0	1	0	0	0	0	0	0	0	0	0	0	1	1	1	1	0	1	0	0	0	0	0	0	1	0	0	0	0	1	0	0	0	0	1	0	0	0	0	0	0	1	0	0	0	0	0	0	0	0	0	1	0	0	0	1	0	0	0	0	0	0	0	0	0	0	0	0	0	1	0	1	0	0	0	0	0	0	0	0	0	1	0	0	0	0	0	0	0	0	1	0	0	0	0	0	0	1	0	1	0	0	1	0	0	0	0	0	0	0	0	0	1	0	0	0	1	0	0	0	0	0	0	0	0	0	
42870640	0	0	0	0	0	0	0	0	0	0	0	1	0	0	0	0	0	0	0	0	0	0	0	0	1	1	-1	1	0	0	0	0	0	0	0	0	0	0	0	0	0	0	0	0	0	0	0	0	0	1	0	0	0	0	0	0	0	0	0	0	0	0	0	0	0	0	0	0	0	0	0	0	0	0	0	0	1	1	-1	1	1	-1	-1	1	0	0	0	0	0	0	0	0	0	0	0	0	0	0	-1	0	0	0	0	0	0	0	0	0	-1	-1	1	-1	0	0	0	0	0	0	0	0	0	0	0	0	0	0	1	0	0	0	0	0	0	0	0	0	0	0	0	0	0	0	0	0	0	0	0	0	0	0	
ID	1423	1424	1425	1426	1427	1428	1429	1430	1431	1432	1433	1434	1435	1436	1437	1438	1439	1440	1441	1442	1443	1444	1445	1446	1447	1448	1449	1450	1451	1452	1453	1454	1455	1456	1457	1458	1459	1460	1461	1462	1463	1464	1465	1466	1467	1468	1469	1470	1471	1472	1473	1474	1475	1476	1477	1478	1479	1480	1481	1482	1483	1484	1485	1486	1487	1488	1489	1490	1491	1492	1493	1494	1495	1496	1497	1498	1499	1500	1501	1502	1503	1504	1505	1506	1507	1508	1509	1510	1511	1512	1513	1514	1515	1516	1517	1518	1519	1520	1521	1522	1523	1524	1525	1526	1527	1528	1529	1530	1531	1532	1533	1534	1535	1536	1537	1538	1539	1540	1541	1542	1543	1544	1545	1546	1547	1548	1549	1550	1551	1552	1553	1554	1555	1556	1557	1558	1559	1560	1561	1562	1563	1564	1565	1566	1567	1568	1569	1570	best 1423	worst 1423	best 1424	worst 1424	best 1425	worst 1425	best 1426	worst 1426	best 1427	worst 1427	best 1428	worst 1428	best 1429	worst 1429	best 1430	worst 1430	best 1431	worst 1431	best 1432	worst 1432	best 1433	worst 1433	best 1434	worst 1434	best 1435	worst 1435	best 1436	worst 1436	best 1437	worst 1437	best 1438	worst 1438	best 1439	worst 1439	best 1440	worst 1440	best 1441	worst 1441	best 1442	worst 1442	best 1443	worst 1443	best 1444	worst 1444	best 1445	worst 1445	best 1446	worst 1446	best 1447	worst 1447	best 1448	worst 1448	best 1449	worst 1449	best 1450	worst 1450	best 1451	worst 1451	best 1452	worst 1452	best 1453	worst 1453	best 1454	worst 1454	best 1455	worst 1455	best 1456	worst 1456	best 1457	worst 1457	best 1458	worst 1458	best 1459	worst 1459	best 1460	worst 1460	best 1461	worst 1461	best 1462	worst 1462	best 1463	worst 1463	best 1464	worst 1464	best 1465	worst 1465	best 1466	worst 1466	best 1467	worst 1467	best 1468	worst 1468	best 1469	worst 1469	best 1470	worst 1470	best 1471	worst 1471	best 1472	worst 1472	best 1473	worst 1473	best 1474	worst 1474	best 1475	worst 1475	best 1476	worst 1476	best 1477	worst 1477	best 1478	worst 1478	best 1479	worst 1479	best 1480	worst 1480	best 1481	worst 1481	best 1482	worst 1482	best 1483	worst 1483	best 1484	worst 1484	best 1485	worst 1485	best 1486	worst 1486	best 1487	worst 1487	best 1488	worst 1488	best 1489	worst 1489	best 1490	worst 1490	best 1491	worst 1491	best 1492	worst 1492	best 1493	worst 1493	best 1494	worst 1494	best 1495	worst 1495	best 1496	worst 1496	best 1497	worst 1497	best 1498	worst 1498	best 1499	worst 1499	best 1500	worst 1500	best 1501	worst 1501	best 1502	worst 1502	best 1503	worst 1503	best 1504	worst 1504	best 1505	worst 1505	best 1506	worst 1506	best 1507	worst 1507	best 1508	worst 1508	best 1509	worst 1509	best 1510	worst 1510	best 1511	worst 1511	best 1512	worst 1512	best 1513	worst 1513	best 1514	worst 1514	best 1515	worst 1515	best 1516	worst 1516	best 1517	worst 1517	best 1518	worst 1518	best 1519	worst 1519	best 1520	worst 1520	best 1521	worst 1521	best 1522	worst 1522	best 1523	worst 1523	best 1524	worst 1524	best 1525	worst 1525	best 1526	worst 1526	best 1527	worst 1527	best 1528	worst 1528	best 1529	worst 1529	best 1530	worst 1530	best 1531	worst 1531	best 1532	worst 1532	best 1533	worst 1533	best 1534	worst 1534	best 1535	worst 1535	best 1536	worst 1536	best 1537	worst 1537	best 1538	worst 1538	best 1539	worst 1539	best 1540	worst 1540	best 1541	worst 1541	best 1542	worst 1542	best 1543	worst 1543	best 1544	worst 1544	best 1545	worst 1545	best 1546	worst 1546	best 1547	worst 1547	best 1548	worst 1548	best 1549	worst 1549	best 1550	worst 1550	best 1551	worst 1551	best 1552	worst 1552	best 1553	worst 1553	best 1554	worst 1554	best 1555	worst 1555	best 1556	worst 1556	best 1557	worst 1557	best 1558	worst 1558	best 1559	worst 1559	best 1560	worst 1560	best 1561	worst 1561	best 1562	worst 1562	best 1563	worst 1563	best 1564	worst 1564	best 1565	worst 1565	best 1566	worst 1566	best 1567	worst 1567	best 1568	worst 1568	best 1569	worst 1569	best 1570	worst 1570	participant id	age	gender	affiliation	education	family status	profession	race	religion	ties2overseas	US citizen
