participant id	Legalizing marijuana creates a danger of second-hand smoke to Bystanders.	The accepatance of legal marijuana can cause people to become lax in other drug use.	No one is harmed in the consumption of marijuana.	Legalizing marijuana will stimulate the local economy.	Marijuana has side effects.	Marijuana is recognized in the medical profession as an aid for the greatly sick people.	It is impossible to overdose on marijuana.	Marijuana legalisation can be hazardous.	The benefits of the criminalization of marijuana are minuscule to nonexistent.	Marijuana is not a drug.	Legalization wonâ€™t lead to increased use.	Cannabis is not physically addictive.	Legalizing marijuana helps people with chronic pain.	The whole process is of legalisation could have adverse effects on the masses.	The Founding Fathers grew and smoked hemp.	Marijuana is less harmful than consuming legal substances such as alcohol or tobacco.	Marijuana causes damage to the Brain.	Marijuana can be used to treat physical and mental conditions.	Legalizing marijuana would keep individual states from violating the federal law.	Medical marijuana can aid in methods that do not improve health.	Exceptions should be considered allow people with medical issues that will benefit from legalization of Marijuana.	Legalizing marijuana lowers crime (no dealers etc.).	Legalization of Marijuana is good for the economy.	Medicinal marijuana should be legalized.	Marijuana users have a greater risk of having children with ADD and other similar conditions.	Marijuana has many health benefits that have yet to be explored.	Marijuana helps some people out in life.	Marijuana is not healthy.	Marijuana helps suffering of diseases.	Marijuana would cost society less if it were legal because the government could control the quality.	The government should not promote the use of marijuna.	Overuse of marijuana can be problematic.	Marijuana should be denied to people.	Legalization may make it appear that drugs are more acceptable for recreational usage.	Expanding marijuana legality encourages illegal use.	Legalizing medical maraijuana creates a new tax base.	Those that are capable of responsible usage in regards to medicinal purposes should be allowed access to legal marijuana.	Marijuana use is less addictive than tobacco use.	Legalization of marijuana can entail encouragement and may cause people to recklessly engage in other illegal drugs.	Cannabis has legitimate medical effects.	Marijuana smoking is an offence.	Cannabis is nontoxic.	Marijuana is fun.	Legalizing marijuana will make it easier for people to become addicted to it.	If cigarettes are legal Marijuana should be to because marijuana  is healthier  for you than tobacco.	Marijuana use is less dangerous than alcohol use.	Expanding the legal use of marijuana makes the illegal use easier.	Marijuana can be harmful.	Legalizing medical marijuana will reduce illegal sale of marijuana.	Marijuanna use can help cope with stress.	Marijuana should be legalized and approve for medical issues.	Freely available marijuana encourages recreational use.	Medical marijuana can benefit terminally ill.	The consumption on marijuana can lead to more serious drug use.	Marijuana can help cancer patients feel better.	Marijuana use can lead to other drug use.	The government should legalize marijuana nationwide.	Marijuana should be made legal.	Legalization of marijuana removes the profit incentive for drug cartels.	The government should discourage any drug usage.	Prohibition has enormous social costs.	Marijuana is incorrectly labelled as a Class 1 Narcotic.	Marijuana is a less dangerous drug than alcohol.	Marijuana as being legal can create a delusion with young people that it is okay and may lead to extensive drug use.	Government should not approve the legalization of Marijuana.	Marijuana is and should be illegal. End of conversation.	Marijuana has medical benefits.	Legalization of Marijuana will be very important to sick people.	Legalization of marijuana will result to people not pushing hard drugs.	Marijuana helps glaucoma patients deal with their sight issues.	No drugs at all should be legalized.	Marijuana should be legalized for medical purposes only.	Allowing the legal use of marijuana will prevent drug dealers from selling it.	Marijuana helps treat a number of diseases.	Legalization of Marijuana should not be approved.	Legalization of Marijuana will result in an increase of Stoned Driving and Related Cases.	Promoting the use of marijuana will increase damage of human brain.	Decriminalizing marijuana redirects the profit from the black market to government funding.	The sale of Marijuana can help boost the economy.	Legalizing marijuana opens a new market and strengthens the economy.	Cannabis saves lives.	Marijuana should be completely legal but subject to the same rules as liquor.	Promoting any drugs can be a gateway to harder drugs.	Freely available marijuana condones its recreational use.	People with chronic illness have benefited by the use of Marijuana.	Legalizing marijuana would make it safer because the production process would be regulated.	Marijuana use will not increase just because it is legalized.	Legal authorities will benefit from legalizing marijuana as it will reduce illegal use and prosecutions.	Marijuana eases pain.	There is no correlation between marijuana use and harder drug use.	There have been no overdoses or risks with the use of marijuana.	Making marijuana legal limits issues of crossing state lines.	Marijuana could help people with eating disorders.	Marijuana prohibition has proved ineffective at preventing marijuana usage.	Marijuana should be legailzed.	Legalizing marijuana reduces the prison population.	Legalization of marijuana promotes violence in the streets.	Marijuana is a gateway drug.	Marijuana is safer than cigarettes and alcohol.	Marijuana should be as readily available as cigarettes are.	Marijuana has some effective uses.	Decriminalizing marijuana can lead to decreased crime rates.	Drug abuse can kill.	Marijuana is proven to have medical benefits.	Marijuana causes memory loss.	Marijuana should be discouraged.	Marijuana can be used strictly for medical use of relieving pain.	Marijuana is not just a recreational drug.	Marijuana has helped several incurable diseases.	Marijuana should be scarce.	Marijuana alleviates the suffering of people with chronic diseases.	Proper administration and monitoring of marijuana can keep use safe and useful.	Keeping marijuana illegal just leads to increased police efforts to stop the use of the drug.	Legalization of marijuana would increase the index of delinquency.	If Marijuana gets legalized it should pay big amounts of taxes.	Cannabis has medical properties.	Marijuana is addictive.	Marijuana use can help people suffering from pain or chronic illness.	Legalizing marijuana use allows police authorities focus on other crimes.	Legalizing marijuana increases revenue for states.	Marijuana is less harmful than other drugs (such as alcohol).	Marijauna kills brain cells.	People who smoke marijuana perform just as well at their jobs as people who don't smoke marijuana.	Marijuana can help with a number of health conditions.	Marijuana is bad for your health.	Legalizing marijuana will keep people out of jail.	Marijuana alleviates the suffering of people with chronic diseases. .	People who use marijuana are mentally stuck at the age they were when they began using the drug.	Legalization results in a reduction in the Business for Drug Dealers (Including Terrorists).	Making cannabis illegal has not discouarged its use.	Marijuana has been proven to help with migraines.	Policing marijuana is not worth the effort and has led to brutality.	There is nothing wrong with marijuana.	Legalizing marijuana can allow another tax revenue.	Legalizing marijuana removes the forbidden fruit factor of its use.	Legalization can cause competition with people in places where it is illegal.	Marijuana could cause harm to society.	Legalization should conly occur once laws surrounding when and where marijuana use is allowed are established.	faultyAD	faultyBW	participant id	age	gender	affiliation	education	family status	profession	race	religion	ties2overseas	US citizen
42703498	0	1	0	0	0	0	0	1	0	1	0	0	1	0	0	1	0	0	0	0	0	0	0	0	1	1	1	1	1	0	0	0	1	0	1	0	0	0	1	0	0	0	0	0	0	0	1	1	1	1	1	1	0	1	0	0	1	1	1	1	1	0	0	0	0	1	1	1	1	1	1	1	0	0	0	0	0	0	0	0	0	1	0	0	0	0	1	0	1	0	1	0	0	0	0	1	0	0	0	0	1	0	0	0	0	1	0	1	1	0	0	0	0	1	0	1	1	0	0	1	0	0	1	1	1	1	1	1	0	1	0	1	1	0	1	0	0	1	0	1	
22139728	1	1	1	1	0	1	0	0	0	1	0	0	0	0	0	0	0	1	0	1	0	0	0	0	0	0	0	1	0	0	0	1	0	0	0	0	0	0	1	0	0	0	1	0	0	0	0	1	1	0	0	0	0	0	0	0	0	0	1	0	0	0	0	0	1	1	1	1	0	0	1	0	0	1	0	0	1	1	0	0	0	0	0	0	1	1	0	0	0	1	0	0	1	1	0	0	0	0	1	0	0	1	1	0	0	0	0	0	0	0	0	0	0	0	1	0	1	1	1	1	0	0	0	0	0	0	1	0	0	0	1	1	-1	1	0	0	0	0	0	16	22139728	32	female	democrat	master	single_living_alone	employee	black_or_african_american	other:Christian	yes	yes
42665614	0	0	0	0	0	0	0	0	0	0	0	0	0	0	0	0	0	0	0	0	0	0	0	0	0	0	0	0	0	0	0	0	0	0	0	0	0	0	0	0	0	0	0	0	0	0	0	0	0	0	0	0	0	0	0	0	0	0	0	0	0	0	0	0	0	0	0	0	0	0	0	0	0	0	-1	0	1	0	0	0	0	0	0	0	0	0	0	0	0	0	0	0	0	0	0	0	0	0	0	0	0	0	0	0	0	0	0	0	0	0	0	0	0	0	0	0	-1	0	0	0	0	0	0	0	0	0	0	0	1	0	0	0	0	0	0	0	0	0	0	0	42665614	21	female	other	some_college	single_living_alone	student	white	Protestant	yes	no
43856538	0	0	1	0	0	0	1	1	0	0	0	1	1	1	0	1	0	0	0	0	0	0	0	0	1	0	0	1	1	0	0	0	0	0	0	1	0	0	0	0	0	0	0	0	0	1	0	0	1	0	0	0	0	0	1	1	0	1	0	0	0	0	1	0	0	0	0	0	0	0	0	1	1	1	1	1	0	1	1	0	0	0	0	0	0	0	0	0	0	0	0	0	1	1	0	0	0	0	0	0	0	0	0	0	0	0	1	0	0	0	0	0	0	0	0	0	0	1	0	0	1	1	0	0	0	0	0	1	0	0	0	0	0	0	1	0	1	0	1	7	
43736722	0	0	0	0	0	0	0	1	0	0	0	-1	0	0	0	0	0	0	0	0	0	0	0	0	0	0	0	0	0	0	0	0	0	0	0	0	0	0	0	0	0	0	0	1	0	0	0	0	0	0	0	0	0	0	0	0	0	0	0	0	0	1	0	0	0	0	0	0	1	1	0	1	0	0	0	0	0	0	0	0	0	0	0	0	0	0	-1	0	0	0	0	0	0	0	0	0	0	0	0	0	0	0	0	0	0	0	0	0	0	0	0	0	0	0	0	0	0	0	0	0	0	0	0	1	0	0	0	0	0	0	0	0	0	0	1	0	0	0	1	1	43736722	22	female	independent	some_college	single_living_alone	employee	hispanic_american	other:Christian	yes	no
43860631	-1	-1	0	-1	1	-1	-1	0	0	-1	-1	-1	-1	1	0	0	1	-1	0	-1	0	0	0	0	0	-1	0	1	0	0	1	1	1	-1	1	0	-1	-1	1	-1	1	0	-1	0	-1	-1	1	1	-1	-1	-1	-1	0	0	0	1	-1	-1	0	1	-1	0	-1	1	1	0	-1	0	0	0	0	-1	-1	-1	0	-1	0	0	-1	-1	0	-1	1	-1	-1	-1	-1	0	-1	0	0	0	-1	-1	-1	0	1	-1	-1	0	-1	0	1	0	1	0	-1	-1	-1	1	-1	0	-1	0	0	-1	0	0	-1	0	0	1	0	0	1	0	-1	1	-1	0	1	0	-1	-1	-1	0	1	-1	20	10	
5007431	0	0	0	0	0	0	0	0	1	-1	-1	1	0	0	0	0	0	0	0	0	0	1	0	0	0	0	0	0	0	0	0	0	1	1	-1	1	0	0	0	0	0	0	0	0	0	0	0	0	1	1	1	-1	0	-1	0	0	0	0	0	0	0	0	0	0	0	0	0	1	0	1	0	0	0	0	0	1	0	0	0	0	0	0	0	0	0	0	0	0	0	0	0	0	0	0	0	1	0	0	0	0	0	0	0	0	0	0	0	0	0	0	0	0	0	0	0	1	-1	0	0	0	0	0	0	0	0	0	0	0	0	0	0	0	0	0	0	0	0	0	0	0	
42468998	0	0	0	0	0	0	0	0	0	0	1	0	0	1	0	0	0	0	0	0	0	0	0	0	0	0	0	0	0	0	0	0	1	-1	1	-1	0	0	1	0	0	1	0	1	-1	0	0	0	-1	0	1	-1	0	0	0	1	0	0	0	0	0	0	0	0	1	0	0	0	-1	0	0	0	0	0	1	0	1	0	0	-1	0	-1	1	1	0	-1	0	-1	1	-1	0	-1	0	0	0	-1	1	0	0	-1	0	0	0	1	0	-1	0	0	0	1	0	0	1	1	0	0	0	0	0	0	0	0	0	1	1	0	-1	-1	1	1	-1	1	-1	0	0	0	1	-1	2	0	
27914150	1	0	0	0	0	0	0	0	0	0	0	0	0	0	0	0	0	0	0	1	0	0	0	0	0	0	0	0	0	0	0	0	0	0	0	0	0	0	-1	0	0	0	1	0	0	0	0	-1	0	1	0	0	0	0	0	0	0	0	0	0	0	0	0	0	0	0	0	0	0	0	0	0	0	0	0	0	-1	0	0	0	0	0	0	0	0	0	0	0	0	0	0	0	0	0	0	0	0	0	0	0	0	0	0	0	0	0	1	0	0	0	0	0	0	0	0	0	0	0	0	0	0	0	0	0	0	0	0	0	0	0	0	0	0	0	0	0	0	0	0	0	
38548574	0	0	0	0	0	0	0	0	0	0	0	0	0	0	0	0	0	0	0	0	0	0	0	1	-1	0	0	0	0	0	0	0	0	0	0	0	0	0	0	0	0	0	0	0	0	0	-1	0	0	0	0	0	0	0	0	0	0	0	0	0	0	0	0	0	0	0	0	0	0	0	0	0	0	0	0	0	0	0	0	0	0	0	0	0	1	0	0	0	0	0	0	0	0	0	0	0	0	0	0	0	0	0	0	0	0	0	0	0	0	0	0	0	0	0	0	0	0	0	0	0	0	0	0	0	0	0	0	0	0	0	0	0	0	0	0	0	0	0	0	1	
27748798	0	0	-1	0	0	0	-1	0	0	0	0	0	0	0	0	0	0	0	-1	0	0	0	0	0	0	0	0	0	0	0	0	0	0	0	0	0	0	0	0	0	0	0	0	0	0	0	0	0	0	0	0	0	0	0	0	0	0	0	0	0	0	0	0	0	1	1	-1	-1	0	0	0	0	0	0	0	0	0	0	0	0	0	0	0	0	0	0	0	0	0	0	0	0	0	0	0	0	0	0	0	0	0	0	0	0	0	0	0	0	0	0	0	0	0	0	0	0	0	0	0	0	0	0	0	0	0	0	0	0	0	0	0	0	0	0	0	0	0	0	0	1	
1933319	0	0	0	0	0	0	0	0	0	0	0	0	0	0	0	0	0	0	0	0	0	0	0	0	0	0	0	0	0	0	0	0	0	0	0	0	0	0	0	0	0	0	0	0	0	0	0	0	0	0	0	0	0	0	0	0	0	0	0	0	0	0	0	0	0	0	0	0	-1	-1	1	-1	0	0	0	0	0	0	0	0	0	0	0	0	0	0	0	0	0	0	0	0	0	0	0	0	0	0	0	0	0	0	0	0	0	0	0	0	-1	1	-1	-1	0	0	0	0	0	0	0	0	-1	1	-1	-1	0	0	0	0	0	0	0	0	0	0	0	0	0	0	0	1	1933319	37	male	independent	some_college	single_living_alone	employee	white	Protestant	yes	yes
39147083	1	0	0	0	0	0	0	0	0	0	0	0	0	0	0	0	0	0	-1	0	0	0	0	0	0	0	0	0	0	0	0	0	0	0	0	0	0	1	0	0	0	0	1	0	0	0	0	0	0	0	0	0	0	0	0	0	0	0	0	0	0	0	0	0	0	0	0	0	0	0	0	0	0	0	0	0	0	0	0	0	0	0	0	0	0	0	0	0	0	0	0	0	0	0	0	0	0	0	0	0	1	0	0	0	0	0	0	0	0	0	0	1	0	0	0	0	0	0	0	1	0	-1	0	0	0	0	0	0	0	0	0	0	0	0	0	0	0	0	0	0	
43837109	1	-1	-1	0	0	1	0	0	0	1	0	0	0	0	0	0	0	-1	0	-1	0	0	0	0	0	0	0	1	0	0	0	0	0	0	0	0	0	0	-1	0	0	0	-1	0	0	0	0	0	1	0	0	0	0	0	0	0	0	0	1	0	0	0	0	0	1	1	1	1	0	0	0	0	0	1	0	0	-1	1	0	0	0	0	0	0	0	1	0	0	0	-1	0	0	1	1	0	0	0	0	-1	0	0	-1	1	0	0	0	0	0	0	0	0	0	0	0	0	0	1	-1	1	1	0	0	0	0	0	0	-1	0	0	0	0	0	-1	1	0	0	0	0	1	2	
19302668	-1	1	0	1	1	1	1	0	-1	0	0	1	0	-1	1	0	-1	0	-1	0	1	1	0	1	0	1	1	-1	0	0	0	0	-1	-1	-1	0	1	1	-1	1	-1	1	1	-1	0	1	0	0	1	1	1	0	0	0	0	-1	1	1	1	-1	-1	0	1	0	-1	0	1	0	1	0	0	0	1	0	-1	0	-1	0	1	0	1	0	0	0	0	1	0	0	0	0	0	-1	0	0	1	0	-1	0	1	0	1	0	0	0	-1	-1	1	1	0	-1	1	1	0	0	-1	1	-1	1	1	1	1	-1	0	0	-1	0	0	-1	1	0	0	0	0	0	0	0	-1	-1	0	2	19302668	44	female	democrat	high_school	married	employee	white	other:Christian	no	yes
28813722	0	0	0	0	0	0	0	0	0	0	0	0	0	0	0	0	0	0	0	0	0	0	0	0	0	0	0	0	0	0	0	0	0	0	0	0	0	0	0	0	0	0	0	0	0	0	0	0	0	0	0	0	1	0	0	0	0	0	0	0	0	-1	0	0	0	0	0	0	0	0	0	0	0	0	0	0	0	0	0	0	0	0	0	0	0	0	0	0	0	0	0	0	0	0	0	1	0	0	0	0	0	0	0	0	0	0	0	0	0	0	0	0	0	0	0	0	0	0	0	0	0	0	0	0	0	0	0	0	0	0	0	0	0	0	0	1	0	0	0	0	28813722	39	female	independent	high_school	married	unemployedseeking_employment	white	Atheist / Agnostic	yes	yes
20244740	0	0	0	0	-1	0	0	0	-1	-1	1	-1	1	0	1	0	0	-1	-1	-1	1	0	0	0	1	-1	-1	-1	1	0	0	0	0	0	0	0	0	0	0	1	-1	0	0	0	0	0	-1	1	0	0	0	-1	-1	-1	0	0	0	-1	0	1	-1	0	0	-1	0	0	1	0	0	0	0	-1	-1	0	0	0	1	-1	-1	0	0	1	1	0	0	0	1	-1	1	0	1	-1	0	0	-1	0	0	0	0	0	-1	1	0	0	1	-1	0	-1	1	1	0	0	-1	1	0	0	0	0	0	-1	0	0	1	1	0	1	0	1	1	1	0	0	-1	-1	1	-1	0	0	5	5	
43676331	0	0	0	0	0	0	0	0	0	0	0	0	0	0	0	0	0	0	0	0	0	0	0	0	-1	0	0	0	0	-1	0	0	0	0	0	0	0	0	0	0	0	0	0	0	0	-1	0	0	0	0	0	0	0	0	0	0	0	0	0	0	1	1	-1	-1	0	0	0	0	0	0	0	0	0	0	0	0	0	0	0	0	0	0	0	0	0	0	0	0	0	0	0	0	-1	0	0	0	0	-1	0	0	0	0	0	0	0	0	0	0	0	0	0	1	0	0	0	0	0	0	0	0	0	0	0	0	0	0	0	0	0	0	0	0	0	0	0	0	0	0	0	0	
33708599	0	0	0	0	0	0	0	1	0	0	0	1	0	0	0	0	0	0	0	-1	1	1	1	1	0	0	0	0	0	0	0	0	0	0	0	0	0	0	-1	0	0	0	-1	-1	0	0	0	0	0	0	0	0	0	0	0	0	0	0	0	0	0	1	0	0	-1	-1	1	1	1	1	-1	-1	0	0	0	0	-1	0	0	0	0	0	0	0	0	0	1	0	0	0	0	0	0	0	0	0	0	0	0	0	0	0	0	0	0	0	0	0	1	-1	1	-1	0	0	0	0	0	0	0	0	1	-1	1	1	0	0	0	0	0	0	0	0	0	0	1	0	0	0	0	0	33708599	31	female	none	bachelor	single_living_with_partner	employee	white	other:Non religious	yes	yes
39021669	0	0	0	0	0	0	0	-1	1	1	1	1	0	0	0	0	0	0	0	0	1	0	1	0	0	1	1	0	0	0	1	0	0	-1	0	0	0	0	0	1	-1	1	0	-1	1	0	-1	0	0	0	0	-1	0	0	0	-1	1	0	0	0	0	1	0	0	0	0	0	0	1	1	-1	-1	0	0	-1	-1	-1	1	1	1	0	1	0	-1	0	0	1	1	0	1	0	0	0	0	0	0	0	-1	0	1	0	0	1	0	0	0	0	0	0	-1	1	0	0	-1	-1	0	0	0	0	0	0	0	0	1	0	0	1	0	1	0	0	0	1	0	-1	0	-1	0	0	2	39021669	43	female	democrat	vocational_secondary_certification	single_living_with_partner	employee	other	Roman Catholic	yes	yes
34070076	0	0	0	0	0	0	0	0	0	0	-1	0	0	0	-1	0	1	1	1	1	0	0	1	0	0	0	1	0	0	0	1	0	0	0	-1	0	0	0	1	0	0	1	0	0	1	0	0	0	0	0	0	-1	1	0	0	1	0	0	0	0	0	-1	0	0	0	0	0	0	1	0	0	1	1	1	-1	1	1	1	0	1	0	1	1	1	1	0	0	1	0	1	0	1	1	0	1	1	-1	1	0	1	1	1	1	1	-1	0	0	0	0	1	0	0	1	-1	1	0	0	1	0	0	0	0	0	1	-1	0	1	0	1	1	-1	1	0	1	1	1	1	1	2	1	34070076	30	male	none	bachelor	single_living_alone	employee	asien	Roman Catholic	yes	yes
43847840	0	-1	-1	0	0	0	1	1	1	1	1	0	0	0	0	0	0	0	1	0	1	1	0	0	0	0	1	0	0	0	0	0	0	0	0	0	1	0	0	-1	1	-1	-1	1	0	1	1	0	0	0	0	0	0	0	0	1	0	0	0	0	1	1	0	0	0	-1	0	1	0	1	1	1	0	0	0	0	1	1	-1	-1	0	0	0	0	0	0	-1	0	0	0	-1	0	0	0	0	0	0	0	0	0	0	0	0	0	0	1	0	0	1	1	-1	1	0	0	0	0	0	0	0	-1	0	1	-1	1	0	0	0	0	1	1	0	1	0	0	-1	0	0	1	3	0	43847840	31	male	democrat	bachelor	single_living_alone	selfemployed	black_or_african_american	Roman Catholic	yes	yes
31888345	0	0	0	0	0	0	-1	0	0	0	0	0	1	1	-1	1	0	0	0	0	1	-1	-1	0	1	0	0	0	1	0	0	0	0	0	0	0	0	0	0	0	0	0	0	0	0	0	1	0	0	0	0	0	0	0	0	0	0	-1	0	0	0	0	1	0	0	0	0	0	0	0	-1	0	0	0	0	0	0	0	0	0	0	-1	0	0	1	1	-1	1	0	0	0	0	0	1	0	0	0	0	0	0	0	-1	0	0	0	0	0	0	0	0	0	0	0	0	1	0	0	1	0	0	0	0	-1	0	1	1	1	1	0	0	1	0	0	0	0	0	0	0	1	0	31888345	23	female	republican	bachelor	single_living_with_parents	unemployedseeking_employment	asien	Atheist / Agnostic	yes	yes
43855522	0	0	0	0	0	0	0	0	0	0	0	0	-1	1	1	1	0	0	0	1	0	0	0	1	1	0	0	0	0	0	0	-1	0	0	0	0	0	0	-1	0	0	0	1	0	0	0	-1	1	0	0	0	0	0	0	0	0	0	0	0	0	0	0	0	0	1	1	1	-1	0	0	1	0	0	0	0	0	1	0	0	0	0	0	0	0	1	1	-1	-1	0	0	0	0	0	0	0	0	0	0	0	0	0	0	0	0	0	0	0	0	0	0	0	0	0	0	1	0	0	0	0	0	0	0	0	0	0	0	0	0	0	0	1	1	0	0	0	0	0	0	0	5	43855522	26	male	democrat	bachelor	single_living_alone	employee	white	Roman Catholic	yes	yes
43943585	0	0	0	0	0	0	0	0	0	-1	0	0	0	0	0	0	0	0	0	0	0	0	0	0	0	0	0	0	0	0	0	0	0	0	0	0	0	0	0	0	0	0	0	0	0	0	0	0	0	0	0	0	0	0	0	0	0	0	0	0	0	0	0	0	-1	-1	1	1	0	0	0	0	0	0	0	0	0	1	0	0	0	0	0	0	0	1	0	0	0	0	0	0	0	0	0	0	0	0	0	0	0	1	0	0	0	0	0	0	0	0	0	0	0	0	0	0	0	0	0	0	0	0	0	0	0	0	0	0	0	0	0	0	0	0	0	0	0	0	0	0	43943585	27	female	independent	associate_degree	single_living_alone	civil_servant	white	Atheist / Agnostic	yes	no
13763729	0	0	0	0	0	0	0	0	0	0	0	0	0	0	0	0	0	0	0	0	0	0	0	0	1	-1	-1	1	0	0	0	0	0	0	0	0	0	0	0	0	0	0	0	0	0	0	0	0	0	0	0	0	0	0	0	0	0	0	0	0	0	0	0	0	0	0	0	0	0	0	0	0	0	0	0	0	0	0	0	0	0	0	0	0	0	0	0	0	0	0	0	0	0	0	0	0	0	0	0	0	0	0	0	0	0	0	0	0	0	0	0	0	0	0	0	0	0	0	0	0	0	0	0	0	0	0	0	0	0	0	0	0	0	0	0	0	0	0	0	0	
15193250	0	0	0	1	1	1	0	1	-1	0	0	-1	1	0	0	1	0	1	0	0	0	0	1	0	1	1	1	1	1	-1	1	0	-1	1	0	1	1	0	1	1	1	-1	1	0	1	1	1	1	-1	0	1	0	0	0	1	0	-1	1	0	1	-1	1	1	1	1	0	1	0	0	1	0	1	1	1	-1	1	0	1	1	0	0	0	0	1	0	1	0	0	1	1	-1	1	1	1	1	1	-1	1	1	-1	0	0	1	1	1	1	1	1	1	0	1	1	0	0	0	0	0	1	0	0	1	1	0	0	0	0	0	0	0	1	0	0	0	0	0	0	1	1	4	4	
43981010	0	0	0	0	0	0	0	-1	0	0	0	0	0	0	0	1	0	0	0	0	0	0	0	0	0	0	0	0	0	0	0	0	-1	0	0	0	0	0	0	0	0	0	0	0	0	0	-1	0	0	0	0	0	0	-1	0	0	1	1	1	-1	0	0	0	0	0	-1	0	1	1	0	-1	0	0	0	0	0	0	0	0	0	0	0	0	0	0	0	0	0	0	0	0	0	0	0	0	1	0	0	0	0	0	0	0	0	0	0	0	0	0	0	0	0	0	0	0	1	0	0	0	0	0	0	1	0	0	0	0	0	0	0	0	1	1	0	0	0	0	1	0	0	
19638651	0	0	0	0	0	0	0	0	0	0	0	0	0	0	0	0	0	0	0	0	0	0	0	0	0	0	0	0	0	0	0	0	-1	1	1	1	0	0	0	0	0	0	0	0	0	0	0	0	0	0	0	0	0	0	0	0	0	0	0	0	0	0	0	0	0	0	0	0	0	0	0	0	0	0	0	0	0	0	0	0	0	0	0	0	0	0	0	0	0	0	0	0	0	0	0	0	0	0	0	0	0	0	0	0	0	0	0	0	0	0	0	0	0	0	0	0	0	0	0	0	0	0	0	0	0	0	0	0	0	0	0	0	0	0	0	0	0	0	0	1	
11521789	0	0	0	0	0	0	0	0	0	0	-1	0	0	0	0	0	0	0	0	1	0	0	1	0	0	0	0	0	0	0	0	0	-1	1	0	1	0	-1	1	0	0	0	0	1	-1	0	0	0	0	0	-1	1	0	0	0	1	0	0	0	0	0	0	0	1	0	0	0	0	-1	0	0	0	0	0	1	0	0	0	0	1	1	-1	1	1	0	0	0	0	1	0	0	0	0	0	0	1	1	0	0	0	0	0	0	1	0	1	0	0	0	1	0	0	1	1	0	0	0	0	0	0	0	0	0	1	1	0	0	0	-1	1	-1	-1	-1	0	0	0	1	1	1	1	11521789	54	male	republican	some_college	other:Separated	employee	asien	Protestant	yes	yes
41841195	0	0	0	0	0	0	0	0	0	0	0	0	-1	0	0	0	0	0	1	0	0	0	0	1	0	0	0	0	0	0	-1	1	0	0	0	1	0	0	0	0	0	0	0	-1	0	0	0	-1	0	0	0	0	-1	0	-1	0	0	0	1	0	-1	0	0	0	0	0	-1	0	0	0	0	0	0	0	0	0	0	0	0	0	0	1	0	0	0	0	0	0	0	0	0	0	0	1	0	0	0	0	0	0	-1	0	1	0	0	0	0	0	0	0	0	0	0	-1	0	0	1	-1	1	1	0	0	0	0	-1	0	-1	0	0	0	0	1	0	0	0	0	0	0	0	0	41841195	32	female	independent	some_college	single_living_with_partner	other:homemaker	white	Atheist / Agnostic	no	yes
34689613	0	0	-1	-1	0	0	0	0	0	0	0	0	0	0	0	1	0	0	0	0	1	0	0	0	0	0	0	0	0	1	0	0	1	-1	0	0	0	0	0	0	0	0	0	0	0	0	0	0	0	0	0	0	-1	0	1	0	0	0	0	0	0	1	0	0	0	1	0	1	0	0	0	0	0	0	0	0	0	0	0	0	0	0	0	0	0	0	0	0	1	0	-1	0	0	-1	0	-1	1	1	-1	-1	0	0	0	0	0	0	0	0	0	0	0	0	0	0	0	-1	0	0	0	0	1	-1	0	0	0	0	0	0	0	0	1	0	0	-1	0	1	0	0	0	40	
40790579	0	0	1	0	0	0	0	1	1	0	0	1	1	1	0	0	0	0	0	0	0	0	0	0	0	1	0	0	0	0	1	1	0	1	0	0	0	0	0	0	0	0	0	1	1	1	1	1	0	0	0	0	0	0	1	1	1	1	0	0	0	1	0	0	1	1	1	-1	1	1	1	1	0	0	0	0	0	0	1	0	1	1	1	1	0	0	1	0	0	0	0	0	0	0	0	0	1	0	0	1	0	0	0	0	0	0	1	0	1	1	1	1	0	0	0	0	0	0	0	0	1	1	1	1	0	0	0	1	0	0	0	0	0	1	1	0	0	0	0	0	40790579	29	male	democrat	bachelor	single_living_alone	employee	other	Muslim	no	no
43943676	0	-1	0	-1	1	0	0	1	0	0	-1	0	0	1	0	0	0	0	0	0	0	0	0	0	0	-1	0	1	0	0	0	0	1	1	0	1	0	-1	0	0	0	-1	0	0	0	0	0	0	0	-1	-1	0	0	0	0	0	0	-1	0	1	0	0	0	0	0	0	-1	0	0	0	0	0	-1	0	0	0	0	0	1	0	0	0	0	-1	0	-1	0	0	0	0	0	0	0	0	0	-1	0	0	0	0	0	0	0	0	0	1	0	0	0	0	0	0	0	0	0	0	0	0	0	1	0	0	0	0	0	-1	0	0	0	0	-1	0	0	0	0	0	1	-1	3	0	
43606269	0	0	0	0	0	0	0	1	1	1	1	1	0	0	1	1	0	0	0	0	1	1	1	1	0	0	0	0	0	0	0	0	1	0	1	0	0	0	1	0	0	0	0	0	0	0	1	0	1	1	1	1	0	1	0	0	1	1	1	1	0	0	1	0	0	1	0	1	1	1	1	0	0	0	0	1	0	0	0	0	0	0	0	0	0	0	0	0	0	0	0	0	0	0	0	1	0	0	0	0	0	1	0	0	0	1	0	0	0	0	0	0	0	0	0	1	1	0	0	0	0	0	1	0	0	1	0	1	0	0	0	1	1	0	0	0	0	1	0	0	
43869435	1	-1	-1	-1	0	-1	0	0	0	-1	0	0	-1	1	-1	1	0	-1	0	0	0	0	0	1	1	0	0	1	0	0	0	1	0	0	0	0	0	0	0	0	0	0	0	0	0	0	1	1	-1	0	0	0	0	0	0	0	0	0	-1	0	0	0	0	0	0	0	1	0	0	0	1	0	0	1	0	0	0	1	0	0	0	0	0	0	-1	1	-1	1	0	1	0	0	-1	-1	0	0	0	0	-1	0	0	1	1	0	0	0	0	0	0	0	0	0	0	0	1	0	1	1	-1	1	0	0	0	0	0	0	-1	0	0	0	1	-1	-1	1	0	0	0	0	0	0	
43510526	0	0	0	0	0	0	0	0	0	0	0	0	1	0	0	0	0	0	0	0	0	0	0	0	0	0	0	0	0	0	0	0	0	0	0	0	0	0	0	0	0	0	0	0	0	0	0	1	0	0	0	0	0	0	0	0	0	0	0	0	-1	0	0	0	0	0	1	0	0	0	0	0	0	0	0	0	0	0	0	0	0	0	0	0	0	0	0	0	0	0	0	0	0	0	0	0	0	0	0	0	-1	0	0	0	0	0	0	0	0	0	0	0	0	1	0	0	0	0	0	0	0	0	0	0	1	0	1	0	0	0	0	0	0	0	0	0	0	0	0	0	43510526	30	female	none	bachelor	single_living_alone	retired	hispanic_american	Russian Orthodox	yes	no
43857136	0	0	0	0	0	0	0	0	0	0	0	0	0	0	0	0	0	0	0	1	0	0	-1	0	0	1	0	0	0	0	0	0	0	1	0	0	0	-1	0	0	0	0	0	0	0	0	0	0	0	0	0	0	0	0	0	0	-1	0	0	0	0	0	0	1	0	0	0	0	0	0	0	0	0	0	0	0	0	0	0	0	0	0	0	0	0	0	0	0	0	0	0	0	0	0	0	0	0	0	0	0	0	0	0	0	0	0	0	0	0	0	1	0	0	0	0	0	0	0	0	0	0	0	0	0	0	0	0	0	0	0	0	0	0	0	0	0	0	0	0	0	
31613324	-1	-1	1	1	0	1	0	0	0	1	0	0	1	-1	1	1	0	1	0	0	0	0	0	1	-1	0	0	-1	0	0	0	1	0	0	0	0	0	0	0	0	0	0	0	0	0	0	1	-1	1	0	0	0	0	0	0	0	0	0	1	0	0	0	0	0	0	0	1	0	0	0	-1	0	0	1	0	0	0	1	0	0	0	0	0	0	1	1	1	1	0	1	0	0	1	1	0	0	0	0	1	0	0	1	1	0	0	0	0	0	0	0	0	0	0	0	1	0	-1	1	1	1	0	0	0	0	0	0	1	0	0	0	1	-1	1	1	0	0	0	0	0	2	
43650804	-1	-1	1	1	0	0	0	0	0	0	0	0	0	0	0	0	0	0	0	-1	1	0	0	0	-1	1	1	-1	0	0	0	0	0	0	0	0	0	0	0	1	0	0	0	0	0	0	-1	0	0	0	0	0	0	0	0	0	0	0	0	0	1	0	0	0	0	0	0	0	0	0	0	-1	0	1	0	0	-1	1	1	1	0	0	0	0	1	0	1	0	0	0	1	0	-1	0	0	0	0	0	0	0	1	0	0	1	0	-1	0	0	1	0	0	0	0	0	0	0	0	1	0	1	0	0	0	1	0	0	0	0	1	1	0	0	0	0	0	0	0	0	0	1	
43679467	0	0	0	0	0	0	0	1	0	0	0	1	0	0	0	0	0	0	0	0	0	0	0	0	0	0	0	0	0	0	0	0	0	0	0	0	0	0	0	0	0	0	0	1	0	0	0	0	0	0	0	0	0	0	0	0	0	0	0	0	0	1	0	0	1	1	1	-1	1	1	0	-1	0	0	0	0	0	0	0	0	1	-1	1	1	0	0	-1	0	0	0	0	0	0	0	0	0	0	0	0	0	0	0	0	0	0	0	0	0	-1	1	1	1	0	0	0	0	0	0	0	0	-1	1	1	1	0	0	0	0	0	0	0	0	0	0	1	0	0	0	1	1	43679467	23	female	democrat	bachelor	single_living_with_parents	employee	white	Roman Catholic	yes	yes
23711512	0	0	0	0	1	0	0	0	0	0	-1	0	0	0	1	0	0	0	0	0	0	0	0	0	-1	1	1	-1	0	0	0	0	0	0	0	0	0	0	0	0	-1	0	0	0	0	0	0	0	0	0	0	0	1	0	0	0	0	0	0	0	0	0	0	0	0	0	0	0	0	0	0	0	-1	1	0	0	0	0	0	1	0	0	-1	0	0	0	-1	1	0	0	0	1	1	0	1	0	0	0	0	0	1	1	0	0	-1	0	0	0	0	-1	0	0	0	0	0	0	0	0	0	0	0	0	0	0	0	0	0	0	1	0	0	0	0	0	0	1	0	0	0	0	23711512	33	female	independent	vocational_secondary_certification	single_living_alone	employee	white	Protestant	no	yes
18979155	0	0	0	0	0	0	0	0	0	-1	0	0	0	0	0	0	0	0	0	0	1	1	1	-1	0	0	0	0	0	0	0	0	0	0	-1	0	0	0	-1	0	0	0	0	0	0	0	0	0	0	0	0	0	0	0	0	0	0	0	0	0	0	0	0	0	0	0	0	0	0	1	0	0	0	0	0	0	0	0	0	0	0	0	0	0	0	0	0	0	0	0	0	0	0	0	0	0	0	0	0	0	0	0	0	0	0	0	0	0	0	0	0	0	0	0	0	0	0	0	0	0	0	0	0	0	0	0	0	0	0	0	0	0	0	0	0	0	0	0	0	0	18979155	26	female	none	high_school	single_living_with_parents	unemployedseeking_employment	white	Atheist / Agnostic	no	yes
12366026	0	0	0	0	-1	0	1	1	1	0	0	0	-1	0	0	0	-1	-1	-1	0	0	1	0	1	0	1	1	0	-1	1	0	1	0	0	0	-1	1	0	0	1	0	0	1	1	1	1	0	0	1	0	0	1	-1	0	-1	0	0	0	1	0	0	0	-1	0	0	1	0	0	0	1	0	1	0	0	0	0	0	0	1	0	-1	1	-1	1	0	0	0	0	-1	-1	-1	0	1	0	0	0	0	1	-1	0	0	0	1	-1	0	0	0	-1	-1	0	1	0	1	-1	-1	1	0	0	1	0	0	0	0	0	0	0	0	0	0	-1	0	0	0	0	0	0	0	0	6	3	12366026	23	female	democrat	master	single_living_alone	employee	white	Atheist / Agnostic	yes	yes
43046630	0	0	0	1	0	1	0	0	0	0	0	0	0	0	0	0	0	0	0	0	0	0	0	0	0	0	0	1	0	0	0	0	0	1	1	0	0	-1	0	0	0	0	0	0	0	0	0	0	0	0	1	0	0	0	0	0	0	0	0	1	0	0	0	0	0	0	1	0	0	0	0	0	0	0	0	0	0	0	0	0	0	0	0	0	0	1	0	0	0	0	0	0	0	0	0	0	0	0	0	0	0	0	0	0	0	0	0	0	0	0	0	0	0	0	0	0	0	0	0	0	0	0	0	0	0	0	0	0	0	0	0	0	0	0	0	0	0	1	0	0	
35849301	0	0	0	0	0	0	0	0	0	0	0	0	0	0	0	0	0	0	0	1	0	0	0	0	0	0	0	0	0	0	0	0	0	0	0	1	0	0	0	0	1	0	0	0	0	-1	0	0	0	0	0	0	0	1	0	0	-1	0	0	0	1	0	-1	1	0	0	0	0	0	0	0	0	-1	0	0	0	0	0	0	0	-1	-1	-1	1	1	0	0	0	0	-1	0	0	0	0	-1	0	0	0	0	0	0	0	0	-1	1	0	0	-1	0	0	0	0	0	0	0	0	0	1	-1	0	0	0	0	0	0	0	0	0	0	0	0	-1	0	0	0	0	0	0	0	1	
43684066	1	1	0	0	1	0	-1	0	-1	0	-1	-1	0	1	0	0	1	0	1	0	0	0	-1	0	1	1	1	0	0	0	1	1	1	1	1	-1	0	0	1	0	1	-1	0	1	-1	1	0	0	1	1	-1	0	1	1	1	1	-1	-1	0	0	-1	0	-1	1	1	0	0	0	1	0	0	1	1	0	1	1	1	-1	-1	-1	1	0	1	1	0	-1	0	1	-1	0	-1	-1	0	0	-1	-1	1	1	-1	-1	1	0	1	1	1	1	0	1	0	0	1	1	0	1	1	1	0	0	-1	-1	0	0	-1	0	1	0	1	0	-1	-1	1	0	0	0	0	0	1	1	3	3	
43947238	0	0	0	0	0	0	0	0	0	0	0	0	0	0	0	0	0	0	0	0	0	0	0	0	0	0	0	0	-1	-1	1	1	0	0	0	0	0	0	0	0	0	-1	0	0	0	0	1	0	0	0	0	0	0	0	0	0	0	0	0	0	0	0	0	0	0	1	0	0	0	0	0	0	0	0	0	1	0	0	0	0	0	0	0	-1	0	0	0	0	0	0	0	0	0	0	0	0	0	0	0	0	0	0	0	0	0	0	1	0	-1	0	0	0	0	0	0	0	0	0	0	0	0	0	0	0	0	-1	0	0	0	0	-1	1	0	0	0	0	0	1	0	47	
43797734	0	0	0	0	0	0	0	0	0	0	0	0	0	0	-1	0	0	0	0	0	0	0	-1	0	0	0	-1	0	0	0	0	0	0	0	0	1	0	0	0	0	1	0	0	0	-1	-1	0	0	0	0	0	0	0	1	0	0	0	0	0	0	0	0	0	1	0	0	0	0	0	0	0	0	-1	0	0	1	0	1	0	0	0	0	0	0	0	0	0	0	0	-1	0	1	0	0	0	0	0	-1	0	0	0	0	1	0	1	0	1	0	1	0	0	0	0	0	0	1	0	1	0	0	0	0	0	0	0	-1	0	0	0	0	0	-1	0	0	0	0	0	0	0	0	
15004831	-1	-1	0	-1	0	1	-1	0	-1	0	0	0	1	-1	1	0	-1	0	-1	0	0	1	0	1	-1	1	1	-1	1	1	1	-1	-1	1	-1	-1	1	1	-1	1	-1	1	0	-1	1	1	-1	-1	-1	1	1	0	1	-1	1	-1	1	1	-1	0	1	0	1	1	-1	0	1	0	-1	0	0	1	-1	0	0	1	-1	-1	1	0	0	0	-1	1	0	1	0	1	0	1	1	0	0	0	1	0	0	0	1	0	1	1	1	1	-1	0	1	1	0	-1	1	1	1	0	-1	1	-1	1	1	1	1	-1	1	1	-1	-1	1	-1	0	0	1	1	-1	0	0	0	-1	1	7	11	
43948769	0	-1	0	0	0	0	0	0	0	-1	0	0	-1	0	1	0	0	0	0	0	-1	-1	0	0	1	-1	-1	1	-1	0	0	0	1	0	0	0	0	0	0	-1	0	0	0	0	0	0	1	1	-1	-1	-1	-1	1	0	-1	-1	-1	-1	-1	1	0	0	0	0	0	0	1	-1	-1	-1	0	-1	0	0	0	1	1	-1	-1	-1	0	-1	0	0	0	0	-1	1	-1	0	-1	1	0	0	0	-1	0	0	0	0	-1	0	0	0	1	1	0	-1	-1	0	1	0	0	1	0	0	0	1	0	1	0	0	0	-1	1	-1	-1	-1	1	0	0	0	-1	0	-1	0	0	0	6	5	
43858972	1	1	1	1	0	1	0	0	0	1	0	0	0	0	0	0	0	1	0	1	0	0	0	0	0	0	0	-1	0	0	0	0	0	0	0	0	0	0	1	0	0	0	1	0	0	0	0	0	1	0	0	0	0	0	0	0	0	0	0	0	0	0	0	0	1	1	1	1	0	0	0	0	0	1	0	0	1	1	0	0	0	0	0	0	0	1	0	0	0	1	0	0	1	0	0	0	0	0	1	0	0	1	0	0	0	0	0	0	0	0	0	0	0	0	0	0	0	0	0	0	0	0	0	0	0	0	0	0	0	0	0	0	1	1	0	0	0	0	0	0	
43836952	0	0	1	0	0	0	1	0	0	0	0	0	0	0	0	0	0	0	-1	0	1	-1	0	0	0	0	1	0	0	0	0	0	1	0	0	0	1	0	0	0	0	0	0	0	0	1	0	0	0	0	0	0	0	0	1	1	0	0	0	0	0	0	0	0	0	0	0	1	-1	0	0	0	0	0	0	0	0	0	0	0	0	0	0	0	0	0	0	0	0	0	0	0	0	0	0	0	0	0	0	0	0	0	0	0	0	0	0	0	0	0	0	0	0	0	0	0	0	0	0	0	1	-1	0	0	0	0	0	0	0	0	0	0	0	0	0	0	0	0	0	0	
29738307	0	0	0	0	0	0	0	0	0	0	0	0	0	0	0	0	0	0	0	0	0	0	0	0	0	0	0	0	0	0	0	0	0	0	0	0	0	0	0	0	0	0	0	0	0	0	-1	0	0	0	0	0	0	0	0	0	0	0	0	0	0	0	0	0	0	1	0	0	0	0	0	0	0	0	0	0	0	0	0	0	0	0	0	0	0	0	0	0	0	0	0	0	0	0	0	0	0	0	0	0	0	0	0	0	0	0	0	0	0	0	0	0	0	0	0	0	0	0	0	0	0	0	0	0	0	0	0	0	0	0	0	-1	0	0	0	0	0	1	0	0	29738307	21	female	democrat	some_college	single_living_with_parents	student	white	Atheist / Agnostic	yes	yes
30501721	0	0	1	0	0	0	1	0	1	0	0	0	0	-1	0	0	0	0	1	0	1	1	0	1	0	0	1	0	0	0	0	0	0	0	0	1	1	0	0	1	-1	1	1	-1	0	1	0	0	1	0	0	0	0	-1	0	-1	0	0	1	0	0	0	0	-1	-1	0	0	1	1	0	0	0	1	0	-1	0	-1	0	0	0	1	0	0	0	0	1	0	0	0	1	0	0	0	0	0	0	0	0	0	0	0	0	0	0	-1	1	1	1	0	-1	0	0	0	0	1	0	-1	0	1	0	1	0	0	0	-1	0	0	-1	1	0	0	1	0	0	0	0	0	0	0	0	30501721	32	female	none	vocational_secondary_certification	single_living_with_partner	other:Homemaker	white	other:Christian/Southern Baptist	yes	yes
25955589	0	0	0	0	0	0	0	0	0	0	0	0	0	0	0	0	0	0	0	1	0	0	0	0	0	0	0	0	0	0	0	0	0	0	0	0	0	0	0	0	0	0	0	0	0	0	0	0	0	0	0	0	0	0	0	0	0	0	0	0	0	0	0	0	0	0	0	0	0	0	0	0	0	0	0	0	0	0	0	0	0	0	0	0	1	0	0	0	0	0	0	0	0	0	0	0	0	0	0	0	0	0	0	1	0	0	0	0	0	0	0	0	0	0	0	0	0	1	0	0	0	0	0	0	0	0	0	0	0	0	0	0	-1	1	-1	1	0	0	0	0	
43642386	1	1	-1	1	1	1	0	1	1	-1	-1	-1	1	-1	0	0	0	1	-1	1	0	0	0	1	1	0	0	1	1	0	1	1	1	0	-1	1	1	-1	1	1	1	0	1	1	0	0	0	0	1	0	0	-1	1	0	0	1	-1	-1	0	0	0	0	0	0	0	1	0	0	0	-1	0	1	0	1	1	1	1	1	1	1	-1	1	1	1	0	1	0	0	0	-1	-1	0	-1	0	-1	0	1	1	-1	0	0	-1	0	1	0	0	1	-1	0	0	0	0	1	1	1	1	0	0	-1	0	0	1	0	0	0	0	0	1	-1	1	1	1	-1	1	1	0	1	1	2	16	43642386	34	male	independent	bachelor	married	selfemployed	hispanic_american	Protestant	yes	no
10959404	0	0	0	0	0	0	0	0	0	0	0	0	1	1	-1	-1	0	0	0	0	0	0	0	0	0	0	0	0	0	0	0	0	0	0	0	0	0	0	0	0	0	-1	0	0	0	0	0	0	0	0	0	0	0	0	0	0	0	0	0	0	0	0	0	0	0	0	0	0	-1	0	0	0	0	0	0	0	1	0	0	0	0	0	0	1	1	1	-1	1	0	-1	0	0	0	0	0	0	0	0	0	-1	0	0	0	1	0	0	0	0	0	0	0	0	1	0	1	0	0	0	0	0	0	0	0	0	1	0	1	0	0	0	0	0	0	0	0	0	0	0	0	1	
43641877	0	1	0	1	1	1	1	1	1	0	0	1	1	1	1	0	1	1	0	0	0	0	0	0	1	1	0	1	1	1	1	0	1	1	1	1	1	1	1	1	1	1	0	0	1	1	1	1	1	1	1	0	1	0	1	0	1	1	0	1	0	1	0	1	1	0	1	0	0	0	0	1	1	1	1	1	0	1	0	0	0	1	0	1	0	1	0	0	0	0	0	0	0	-1	0	1	1	1	1	1	0	1	0	1	0	0	0	1	0	0	0	1	1	1	1	1	0	0	1	1	0	1	0	0	0	0	0	-1	0	0	0	0	0	0	0	0	1	1	5	13	
43584008	0	0	0	0	0	0	0	0	0	0	0	0	0	0	0	0	0	0	0	0	0	0	0	0	0	0	0	0	1	1	1	1	0	0	0	0	0	0	0	0	0	0	0	0	0	0	0	0	0	0	0	0	0	0	0	0	0	0	0	0	0	0	0	0	0	0	0	0	0	0	0	0	0	0	0	-1	0	0	0	0	0	0	0	0	0	0	0	0	0	0	0	0	0	0	0	0	0	0	0	0	0	0	0	0	0	0	1	0	1	0	0	0	0	0	0	0	0	0	0	0	0	0	0	0	0	1	0	0	0	0	0	0	0	0	0	0	0	0	0	0	43584008	29	female	democrat	master	single_living_with_partner	student	white	Atheist / Agnostic	yes	yes
43851278	1	1	1	0	0	-1	0	0	0	1	0	0	1	1	-1	1	0	1	0	0	0	0	0	1	1	0	0	-1	0	0	0	1	0	0	0	0	0	0	0	0	0	0	0	0	0	0	1	1	-1	0	0	0	0	0	0	0	0	0	1	0	0	0	0	0	0	0	1	0	0	0	1	0	0	1	0	0	0	1	0	0	0	0	0	0	0	1	1	1	0	1	0	0	1	1	0	0	0	0	1	0	0	1	1	0	0	0	0	0	0	0	0	0	0	0	1	0	1	-1	1	1	0	0	0	0	0	0	-1	0	0	0	1	-1	1	1	0	0	0	0	2	7	43851278	25	male	democrat	bachelor	single_living_with_parents	employee	black_or_african_american	Protestant	yes	yes
39531214	0	0	-1	-1	0	0	0	0	1	0	0	0	0	1	0	-1	0	0	0	-1	-1	0	-1	1	0	0	0	0	0	0	0	0	-1	1	0	0	0	-1	0	1	-1	-1	-1	-1	0	0	0	0	0	0	0	0	0	0	-1	0	0	0	1	0	0	0	0	-1	1	-1	0	-1	0	0	0	0	0	0	1	0	1	0	0	0	-1	0	0	0	0	0	0	0	1	0	1	0	0	-1	0	0	-1	1	-1	-1	0	0	0	0	1	1	1	1	0	1	0	0	0	0	1	-1	1	0	-1	0	-1	-1	0	0	1	0	0	1	1	0	-1	0	0	-1	0	-1	0	0	1	12	
27947324	0	0	0	0	0	0	0	0	0	0	0	0	0	0	0	0	0	0	0	-1	0	0	-1	0	0	0	1	0	0	0	-1	1	0	0	0	0	0	0	1	0	1	-1	-1	0	0	0	0	1	0	0	0	1	0	0	0	1	0	0	0	0	0	0	0	0	1	1	1	1	-1	0	0	1	0	0	1	1	1	1	0	0	0	1	1	1	0	0	0	1	0	-1	0	1	0	0	0	0	0	1	0	-1	0	0	1	1	0	0	0	0	0	1	0	0	1	1	1	0	0	0	0	0	0	0	0	1	1	0	1	0	0	0	0	-1	-1	0	0	0	1	0	1	1	27947324	40	male	democrat	bachelor	married	employee	hispanic_american	Roman Catholic	yes	yes
8921119	0	-1	0	0	0	0	0	0	1	-1	-1	1	1	0	0	0	0	0	0	0	1	1	0	0	-1	1	1	-1	1	0	0	0	0	0	0	0	0	0	0	1	0	0	0	-1	1	0	1	1	1	1	1	1	0	0	0	0	0	1	0	0	1	0	0	0	0	0	1	0	0	1	0	-1	0	0	0	1	-1	1	1	1	0	1	0	0	0	0	-1	0	1	0	1	0	0	0	0	1	0	0	0	0	1	0	0	0	0	-1	0	0	1	0	0	0	1	-1	0	0	-1	0	0	1	0	0	1	1	-1	1	1	-1	1	1	0	0	0	0	0	0	0	0	0	0	
39513281	0	0	0	0	0	0	0	0	0	0	0	0	0	0	0	0	0	0	0	0	0	0	0	0	0	0	0	0	0	0	0	0	0	-1	0	0	0	0	0	0	0	0	0	0	0	0	0	0	0	0	0	0	0	0	0	0	0	0	0	0	0	0	0	0	0	0	0	1	0	0	0	0	0	0	0	0	0	0	0	0	0	0	0	0	0	0	0	0	1	0	0	0	0	0	0	0	0	0	0	0	0	0	0	0	0	0	0	0	0	0	0	0	0	0	0	0	0	0	0	0	0	0	0	0	0	0	0	0	0	0	0	0	0	1	0	0	0	0	0	0	
42864658	0	0	0	0	0	0	0	0	0	0	0	0	0	0	0	0	0	0	0	1	0	0	0	0	0	0	0	0	0	0	0	0	0	0	0	0	0	0	1	0	0	0	-1	0	0	0	0	0	0	0	0	0	0	0	0	0	0	0	0	0	0	0	0	0	0	0	0	0	0	0	0	0	0	0	0	0	-1	0	0	0	0	0	0	0	0	0	0	0	0	0	0	0	0	0	0	0	0	0	0	0	0	0	0	0	0	0	0	0	0	0	0	0	0	0	0	0	0	0	0	0	0	0	0	0	0	0	0	0	0	0	0	0	0	0	0	0	0	0	0	0	42864658	38	male	democrat	some_college	married	employee	white	Protestant	yes	yes
35330747	-1	0	0	0	0	0	0	-1	-1	0	0	0	0	0	0	1	0	0	1	1	0	-1	0	1	0	-1	0	0	0	0	1	0	-1	0	0	0	0	0	0	0	0	0	0	-1	0	0	0	-1	0	1	0	0	1	0	1	0	1	1	1	1	0	-1	0	0	0	0	0	0	-1	1	-1	0	0	-1	0	-1	0	0	0	0	0	0	0	0	1	0	0	0	0	0	0	0	-1	0	0	1	-1	-1	1	-1	1	1	1	-1	0	1	1	0	0	0	0	0	0	0	0	0	-1	1	0	0	0	0	1	0	0	1	0	0	1	0	0	0	-1	1	1	0	0	0	1	1	35330747	22	female	none	some_college	single_living_with_parents	employee	white	Atheist / Agnostic	no	yes
33266010	0	0	1	0	0	0	0	1	0	0	0	1	0	1	0	0	0	0	0	0	0	0	0	0	0	0	0	0	0	0	0	0	0	0	0	0	0	0	0	0	0	0	0	1	0	0	0	0	0	0	0	0	0	0	0	1	0	0	0	0	0	0	0	0	0	0	0	0	1	1	-1	1	0	0	0	0	0	0	0	0	1	1	1	1	0	0	1	0	0	0	0	0	0	0	0	0	0	0	0	0	0	0	0	0	0	0	1	0	1	1	1	1	0	0	0	0	0	0	0	0	1	1	1	1	0	0	0	1	0	0	0	0	0	0	1	0	0	0	0	34	
43904063	-1	0	0	0	0	0	0	0	0	0	0	0	0	0	1	0	0	0	1	0	0	0	0	0	0	0	0	0	-1	1	-1	1	0	0	0	0	0	0	0	0	0	1	0	0	0	0	0	0	0	0	0	0	-1	1	1	-1	0	0	0	0	0	0	0	0	0	0	0	0	0	0	0	0	0	0	0	1	0	0	0	0	0	0	0	-1	0	0	0	1	0	0	0	-1	0	0	0	0	0	0	0	0	-1	0	0	0	-1	0	-1	0	-1	0	1	0	0	0	0	1	0	-1	0	-1	0	0	1	0	0	1	0	0	0	0	1	0	0	0	0	0	0	0	0	19	
34093227	0	0	0	0	1	0	0	0	0	-1	0	0	1	0	0	0	0	0	1	0	0	0	0	1	-1	0	0	0	-1	0	1	1	0	0	0	1	0	0	0	0	0	0	0	-1	0	1	0	0	0	0	0	1	1	0	1	0	1	1	0	-1	0	0	1	1	0	0	0	0	0	0	0	0	0	0	0	0	0	0	1	1	0	1	0	1	0	0	-1	1	1	0	0	1	-1	0	0	0	-1	0	0	0	0	1	0	1	0	0	0	1	0	-1	0	0	1	0	0	0	0	0	0	0	0	0	1	0	-1	-1	1	-1	0	0	0	0	0	-1	1	0	0	0	0	0	34093227	38	female	none	bachelor	single_living_with_partner	employee	white	Roman Catholic	yes	yes
37292698	0	-1	0	0	-1	0	0	0	0	0	0	0	1	-1	1	1	1	0	0	0	0	0	0	1	-1	1	1	1	-1	0	0	0	0	0	0	0	0	0	0	0	0	0	0	0	0	0	-1	0	0	0	0	1	1	-1	0	0	0	0	0	1	-1	0	0	1	0	0	0	0	0	0	0	0	0	0	0	0	0	0	0	-1	0	0	0	0	1	1	1	1	0	0	1	1	0	0	0	0	0	0	0	0	0	1	0	0	0	-1	0	0	1	1	0	0	1	0	0	0	0	0	0	1	0	0	0	0	0	0	0	0	0	1	0	0	0	0	0	0	0	0	0	2	
43834420	0	0	0	0	0	0	0	1	0	0	0	0	0	0	0	-1	0	0	0	0	0	0	0	0	0	0	0	0	0	0	0	0	0	0	0	0	0	0	0	0	0	0	0	0	0	0	0	0	0	0	0	0	0	0	0	0	0	0	0	0	0	0	0	0	0	0	0	0	0	0	1	0	0	0	0	0	0	0	0	0	0	0	0	0	0	0	0	0	0	0	0	0	0	0	0	0	0	0	0	0	0	0	0	0	0	0	0	0	0	0	0	0	0	0	0	0	0	0	0	0	0	0	-1	0	0	0	0	0	0	0	0	0	0	0	0	0	0	0	0	0	
18666417	0	1	0	0	0	0	0	0	0	0	0	0	0	0	1	0	0	0	0	0	0	0	0	0	-1	1	1	-1	1	1	-1	-1	0	0	0	0	0	0	0	0	0	0	0	0	0	0	0	0	0	0	0	0	0	0	0	0	0	0	0	0	1	0	1	0	0	0	0	0	0	0	0	-1	0	0	0	0	0	0	0	0	0	0	0	0	0	0	1	0	0	0	1	0	0	0	0	0	0	0	0	0	0	1	0	0	0	-1	0	0	1	0	0	0	0	0	0	0	0	0	0	1	0	0	0	1	0	0	0	-1	0	1	0	0	0	0	0	0	0	0	0	0	18666417	57	female	democrat	some_college	single_living_alone	retired	white	Roman Catholic	no	yes
43994669	0	1	0	0	1	0	0	0	1	1	1	1	-1	0	-1	0	0	1	1	1	1	0	0	0	1	1	-1	-1	1	0	0	0	0	0	0	0	0	0	0	1	1	0	0	0	0	0	1	1	0	0	0	-1	1	1	0	0	0	1	0	-1	1	0	0	-1	0	0	1	0	0	0	0	1	-1	1	0	0	1	1	1	1	0	1	1	0	-1	0	1	-1	1	0	-1	1	1	0	1	0	0	0	0	0	1	1	0	1	1	1	0	1	1	1	0	0	-1	1	0	0	0	1	0	1	0	0	1	1	1	1	1	1	1	0	0	0	-1	1	1	0	0	0	3	3	43994669	24	male	none	associate_degree	single_living_with_partner	selfemployed	white	Atheist / Agnostic	yes	yes
43989034	0	0	-1	0	0	0	1	0	-1	0	0	0	0	1	0	0	0	0	-1	0	-1	-1	0	-1	0	0	-1	0	0	0	1	0	0	0	0	-1	-1	0	0	-1	1	-1	-1	-1	-1	-1	0	0	-1	0	0	0	0	1	0	1	0	0	-1	0	0	0	0	-1	1	0	0	-1	-1	0	0	-1	-1	0	1	-1	1	0	0	0	-1	0	1	-1	0	-1	0	0	0	-1	0	1	0	0	0	0	0	0	0	0	0	0	0	0	-1	-1	1	-1	0	-1	0	0	0	1	-1	0	1	0	-1	0	-1	0	0	0	1	-1	0	1	-1	0	1	-1	0	0	0	0	1	0	0	0	
43907115	0	0	0	0	0	0	0	0	0	0	0	0	-1	1	1	-1	0	0	0	0	0	0	0	0	0	0	0	0	0	0	0	0	0	0	0	0	0	0	0	0	0	0	0	0	0	0	1	0	0	0	0	0	0	0	-1	0	0	1	0	0	0	0	0	0	0	1	0	0	0	0	-1	0	0	0	0	0	0	0	-1	0	0	0	0	0	-1	1	-1	1	0	0	0	0	0	0	0	0	0	0	0	0	0	0	0	0	0	0	0	0	0	0	0	0	0	0	1	0	0	0	0	0	0	0	0	0	0	0	0	0	0	0	-1	-1	0	0	0	0	0	1	0	0	43907115	21	male	democrat	high_school	married	student	american_indian_or_alaska_native	Muslim	yes	yes
43942953	0	0	0	0	0	0	0	1	1	1	1	1	0	0	0	1	0	0	0	0	1	1	0	0	0	0	0	0	0	0	0	0	1	0	1	0	0	0	1	1	0	0	0	0	0	0	1	0	1	1	1	1	0	1	0	0	1	1	1	1	0	0	0	0	0	1	0	1	1	1	1	1	0	0	0	1	1	1	1	1	0	0	0	0	0	0	1	0	0	0	0	0	0	0	0	1	0	0	0	0	0	0	0	0	0	1	0	0	0	0	0	0	0	0	0	1	1	0	0	0	0	0	1	1	0	1	0	0	1	1	0	1	1	0	0	0	0	1	0	3	
38198526	0	0	1	0	0	0	0	-1	1	-1	-1	1	0	-1	0	1	0	0	0	0	1	1	0	0	0	0	0	0	0	0	0	0	0	0	-1	0	0	0	-1	1	0	0	0	0	0	0	-1	0	1	1	1	1	0	0	0	-1	0	0	0	0	0	0	0	0	0	-1	0	0	0	1	-1	0	0	0	0	-1	-1	1	1	1	1	1	-1	1	0	0	0	0	0	0	0	0	0	0	0	0	0	0	0	0	0	0	0	0	0	-1	1	0	0	0	0	0	0	0	0	0	0	0	0	0	0	0	1	0	0	1	0	-1	1	0	0	1	0	0	1	0	0	1	1	1	38198526	49	male	democrat	some_college	single_living_with_partner	selfemployed	white	Atheist / Agnostic	no	yes
29571331	0	0	1	0	0	0	-1	0	1	0	0	0	0	1	0	0	0	0	1	0	1	-1	0	1	0	0	1	0	0	0	0	0	0	0	0	0	-1	0	0	1	1	1	1	-1	0	1	0	0	1	0	0	0	0	0	0	-1	0	0	1	0	0	0	0	0	0	0	0	1	1	0	0	0	0	0	-1	0	-1	0	0	0	1	0	0	0	0	1	0	0	0	0	0	0	0	0	0	0	0	0	0	0	0	0	0	0	-1	-1	-1	-1	0	-1	0	0	0	0	-1	0	-1	0	1	0	-1	0	0	0	-1	0	0	1	1	0	0	0	0	0	0	0	0	0	1	4	29571331	21	male	democrat	high_school	single_living_with_parents	unemployedseeking_employment	black_or_african_american	Roman Catholic	no	yes
13581319	-1	0	1	0	0	0	-1	0	0	0	0	0	0	0	0	0	0	0	1	0	1	1	0	1	-1	0	1	0	0	0	0	1	0	-1	-1	0	1	0	-1	1	-1	1	1	-1	1	1	0	-1	0	1	1	-1	0	0	0	-1	0	0	1	0	0	0	0	0	-1	0	0	1	-1	0	0	0	0	0	-1	0	-1	0	0	1	0	1	0	0	0	0	0	0	1	0	-1	0	0	0	0	1	-1	-1	1	1	0	0	0	0	-1	-1	-1	1	0	-1	0	0	0	-1	-1	1	-1	0	1	0	1	0	0	1	-1	0	0	0	1	1	1	1	1	1	0	0	-1	-1	3	0	
43984981	0	1	0	0	0	0	-1	0	0	0	0	0	0	1	0	0	0	0	0	0	0	0	0	0	0	1	0	0	1	-1	1	1	-1	0	0	0	1	-1	-1	1	1	0	0	0	0	0	0	0	0	1	0	0	0	0	0	0	-1	-1	0	0	1	0	1	0	0	0	0	0	0	0	0	0	-1	0	0	0	0	0	1	0	0	0	0	0	0	0	0	0	0	0	0	0	0	0	-1	0	0	0	0	0	0	0	0	0	0	0	0	1	0	0	0	0	0	0	0	0	0	0	-1	1	0	0	0	0	0	0	0	0	0	0	0	0	0	0	0	0	1	1	0	1	
32569659	0	0	0	0	0	0	0	1	0	0	0	0	0	0	0	0	0	0	0	0	0	0	0	0	0	0	0	0	0	0	0	0	0	0	0	0	0	0	0	0	0	0	0	0	0	0	0	0	0	0	0	0	0	0	0	0	0	0	0	0	0	-1	0	0	0	0	0	0	0	0	-1	0	0	0	0	0	0	0	0	0	0	0	0	0	0	0	0	0	0	0	0	0	0	0	0	0	0	0	0	0	0	0	0	0	0	0	0	0	0	0	0	0	0	0	0	0	0	0	0	0	0	0	0	0	0	0	0	0	0	0	0	0	0	0	1	0	0	0	0	0	
43936844	0	0	0	0	0	0	1	0	1	-1	1	1	0	0	0	1	1	1	1	0	0	0	0	1	0	0	0	-1	1	0	1	0	0	0	0	0	1	0	0	0	0	0	0	-1	1	0	0	0	0	0	0	0	-1	0	1	0	0	0	0	0	0	0	0	0	0	0	0	0	0	1	0	0	-1	1	-1	1	0	1	0	0	0	1	0	0	0	0	0	0	1	-1	1	1	0	-1	0	0	0	0	0	0	0	0	0	0	0	0	0	0	0	0	0	0	1	0	0	0	0	1	0	0	1	1	0	0	0	0	0	0	0	-1	0	0	0	0	0	0	0	0	1	0	
44084851	0	0	0	0	0	0	0	0	0	0	0	0	0	0	1	0	0	0	0	0	0	0	0	0	1	0	0	0	0	1	0	0	0	0	0	0	1	0	0	-1	0	0	0	0	0	1	0	0	0	0	0	0	0	0	0	0	0	0	0	0	1	1	1	1	0	0	0	0	0	0	0	0	0	0	0	0	0	0	0	0	0	0	0	0	0	0	0	0	0	0	0	0	1	1	1	1	0	1	0	0	0	1	0	0	0	0	0	0	1	0	1	1	0	0	0	0	0	0	0	0	0	0	0	0	0	0	0	1	0	0	0	0	0	0	0	0	0	0	0	11	
43936834	0	0	1	0	0	0	1	-1	0	1	1	1	0	-1	0	1	0	1	0	-1	1	0	0	0	0	0	0	0	0	0	0	0	-1	1	-1	1	0	0	-1	0	0	0	-1	0	0	0	0	0	0	0	1	0	0	0	1	1	0	0	0	0	0	0	0	0	0	0	0	0	0	0	0	0	0	1	0	0	-1	1	0	0	0	0	0	0	0	1	0	0	0	0	0	0	0	1	0	1	0	0	0	0	0	1	0	0	0	-1	1	0	0	0	0	0	0	0	0	0	0	1	0	0	1	-1	0	0	0	0	0	-1	0	0	0	0	0	0	1	0	0	0	0	1	43936834	29	male	democrat	some_college	married	employee	hispanic_american	Roman Catholic	yes	no
12115558	0	1	-1	-1	1	1	-1	-1	-1	-1	1	-1	-1	0	1	-1	1	1	1	-1	0	0	0	0	-1	0	1	1	1	-1	1	1	0	0	0	0	1	0	0	1	-1	-1	0	0	0	0	0	1	0	0	0	1	1	1	0	1	-1	-1	0	-1	-1	0	0	1	0	0	1	0	0	0	0	1	0	0	1	1	0	-1	0	-1	0	-1	1	0	1	0	-1	-1	1	0	-1	-1	-1	-1	-1	0	-1	1	0	-1	1	-1	1	1	1	1	0	1	1	1	1	0	-1	1	-1	1	0	1	0	-1	0	1	-1	1	1	-1	1	1	-1	-1	-1	0	-1	-1	-1	0	0	0	4	0	12115558	64	female	democrat	bachelor	married	retired	white	Roman Catholic	yes	yes
44085886	0	0	0	0	0	0	0	0	0	0	0	0	0	0	-1	0	0	1	0	0	0	0	0	0	0	0	0	0	0	0	0	0	0	0	0	0	0	0	0	0	0	-1	0	0	0	0	0	0	-1	0	0	0	0	0	0	0	0	0	0	0	0	0	0	0	0	0	0	0	0	0	0	-1	0	0	0	0	0	0	0	0	0	0	0	-1	0	0	0	0	0	0	0	-1	0	0	0	0	0	0	0	0	0	0	0	0	0	0	0	0	0	0	0	0	0	0	0	1	0	-1	0	0	0	0	0	0	0	1	0	0	0	0	1	0	0	0	0	0	1	0	0	0	44085886	23	male	none	bachelor	single_living_with_parents	employee	white	Atheist / Agnostic	yes	yes
43808323	0	0	0	0	0	1	0	0	0	0	0	0	0	0	0	0	0	0	0	0	0	-1	0	0	0	0	-1	0	0	0	0	0	0	0	0	0	0	0	0	0	0	0	-1	0	0	0	0	0	0	0	0	0	0	0	0	0	0	0	-1	0	0	0	0	0	0	0	0	0	0	0	0	0	0	0	0	0	0	0	0	0	0	0	0	0	0	0	0	0	0	0	0	0	0	0	0	0	0	0	0	-1	0	0	1	0	0	0	0	-1	0	0	0	0	0	0	0	0	0	0	0	0	0	0	0	0	0	0	0	0	0	0	0	0	0	0	0	0	0	0	0	0	
43866745	0	0	0	0	0	0	0	1	0	0	0	0	0	0	0	0	0	0	0	0	0	0	0	0	0	0	0	0	0	0	0	0	1	1	1	1	0	0	0	0	0	0	0	0	0	0	0	0	0	0	0	0	0	0	0	0	0	0	0	0	0	-1	0	0	1	-1	1	1	0	0	-1	0	0	0	0	0	0	0	0	0	0	0	0	0	0	0	0	0	0	0	0	0	0	0	0	0	0	0	0	0	0	0	0	0	0	0	0	0	0	0	0	0	0	0	0	0	0	0	0	0	0	0	0	0	0	0	0	0	0	0	0	0	0	0	-1	0	0	0	0	0	43866745	43	female	none	associate_degree	married	employee	white	Protestant	yes	yes
44021368	0	0	0	0	0	0	0	0	0	0	0	0	0	0	0	0	1	0	0	0	0	0	0	0	0	0	0	0	0	0	0	0	0	0	0	0	-1	0	0	0	0	0	0	0	0	0	0	0	0	0	0	0	0	0	0	0	0	0	0	0	0	0	0	0	0	0	0	0	0	-1	0	0	0	0	0	0	0	0	0	0	0	0	0	0	0	0	0	0	-1	-1	-1	1	0	0	0	0	0	0	0	0	0	0	0	0	0	0	0	0	0	0	0	0	0	0	0	0	0	0	0	0	0	0	0	0	0	0	0	0	0	-1	0	0	0	0	0	0	0	0	0	0	
43992695	0	0	0	0	0	0	1	0	0	0	0	0	0	0	0	-1	0	0	0	0	0	0	0	0	0	0	0	0	0	0	0	0	0	0	0	0	0	0	0	0	0	0	0	0	0	0	0	0	0	0	0	0	0	0	0	0	0	0	0	0	0	0	0	0	0	0	0	0	0	0	0	0	0	0	0	0	0	0	0	0	0	0	0	0	0	0	0	0	0	0	0	0	0	1	0	0	0	0	0	0	0	0	0	0	0	0	0	0	0	0	0	0	0	0	0	0	0	-1	0	0	0	0	0	0	0	0	0	0	0	0	0	0	0	0	0	0	0	0	0	0	
43986037	0	0	0	0	0	0	0	0	0	0	0	0	0	0	0	0	0	0	0	1	0	-1	1	0	0	0	1	0	0	0	0	0	0	0	0	0	0	0	-1	0	1	0	-1	0	1	0	0	0	1	1	1	-1	0	0	0	0	0	0	0	0	0	0	0	0	0	0	0	0	0	1	0	0	0	0	0	-1	-1	1	0	0	0	0	0	0	0	0	0	0	0	0	0	0	0	0	0	0	0	-1	0	0	0	0	1	0	0	0	0	0	0	0	0	0	0	0	0	0	-1	0	0	0	0	0	0	0	0	0	0	0	0	0	0	0	0	0	0	0	0	0	0	1	43986037	55	female	republican	some_college	married	selfemployed	white	Protestant	yes	yes
37799090	0	-1	0	0	-1	0	0	0	1	1	1	1	0	0	1	0	-1	1	1	1	1	0	0	0	0	0	0	0	1	0	0	0	0	0	0	0	0	0	0	1	-1	0	0	0	0	0	-1	0	0	0	0	1	1	-1	0	0	0	0	0	-1	-1	0	0	-1	0	0	0	0	0	0	0	-1	1	1	0	0	-1	1	1	1	0	0	-1	0	1	0	1	1	1	0	1	1	1	0	1	0	0	0	0	0	1	1	-1	1	-1	0	0	1	1	-1	0	0	1	0	0	0	0	1	0	0	0	0	0	1	0	0	0	0	1	1	0	0	1	1	1	1	0	0	0	0	37799090	24	female	independent	high_school	single_living_with_partner	unemployedseeking_employment	white	Buddhist	no	yes
43861611	0	0	0	0	0	0	0	0	0	0	0	0	0	0	0	0	0	0	0	0	0	0	0	0	0	0	0	0	0	0	0	0	0	0	0	0	0	0	0	0	0	0	0	0	0	0	0	0	0	0	0	0	0	0	0	0	0	0	1	0	0	0	0	0	0	0	0	0	0	0	0	0	0	1	0	0	0	0	0	0	0	0	0	0	0	0	0	0	0	0	0	0	-1	1	0	0	0	0	0	0	1	0	1	0	0	0	0	0	0	0	0	0	0	0	0	0	1	1	1	1	0	0	0	0	0	0	1	0	1	0	0	0	-1	1	1	1	0	0	0	0	43861611	28	female	independent	bachelor	married	unemployedseeking_employment	white	Protestant	no	yes
38858920	0	0	0	0	0	0	0	0	0	0	0	0	0	0	0	0	0	1	0	0	0	0	0	0	0	0	0	0	0	0	0	0	0	0	0	1	0	0	0	0	0	0	0	0	0	0	0	0	0	0	0	0	0	0	0	0	0	0	0	0	0	0	0	0	0	0	0	0	0	0	0	0	0	1	0	0	0	0	0	0	0	0	0	0	0	0	0	0	0	0	0	0	0	0	0	0	0	0	0	0	0	0	0	0	0	0	0	0	0	0	0	0	0	0	0	0	0	0	0	0	-1	0	0	0	0	0	0	0	0	0	0	0	0	0	0	0	0	0	0	0	38858920	41	female	republican	doc	single_living_alone	unemployedseeking_employment	white	Roman Catholic	yes	yes
34554100	0	0	1	0	0	0	1	0	1	0	0	0	0	-1	0	0	0	0	1	0	1	1	0	1	0	0	1	0	0	0	0	0	0	0	0	1	1	0	0	1	-1	-1	1	-1	0	1	0	0	1	0	0	0	0	-1	0	-1	0	0	1	0	0	0	0	-1	-1	0	0	1	-1	0	0	0	1	0	-1	0	-1	0	0	0	1	0	0	0	0	1	0	0	0	1	0	0	0	0	0	0	0	0	0	0	0	0	0	0	-1	-1	1	1	0	-1	0	0	0	0	1	0	1	0	1	0	1	0	0	0	-1	0	0	-1	1	0	0	1	0	0	0	0	0	0	0	1	34554100	30	female	independent	high_school	single_living_with_partner	selfemployed	white	other:baptist	no	yes
43944033	0	0	0	0	0	0	0	0	0	0	0	0	0	0	0	0	0	0	0	0	1	0	0	0	0	0	0	0	0	0	0	0	-1	0	0	0	0	0	0	0	0	0	0	0	0	0	0	0	0	0	0	0	1	0	1	0	0	0	0	0	0	1	0	0	0	0	0	0	0	0	0	0	0	0	0	0	0	0	0	0	0	0	0	0	0	0	0	0	0	0	0	0	0	0	0	1	-1	-1	1	1	1	1	1	1	0	0	0	0	0	0	0	0	0	0	0	0	0	0	0	0	0	-1	0	0	0	0	0	0	0	0	0	0	0	0	0	-1	0	0	0	2	
43876255	0	0	0	0	0	0	0	0	0	0	0	0	0	0	0	0	0	0	0	0	0	0	0	0	0	0	0	0	0	0	0	0	0	0	0	0	0	0	0	0	0	0	0	0	0	0	0	0	0	0	0	0	0	0	0	0	0	0	0	0	0	0	0	0	0	0	0	0	0	0	0	0	0	0	0	0	0	0	0	0	0	0	0	0	0	0	0	0	0	0	0	0	0	0	0	0	0	0	0	0	1	1	1	1	0	0	0	0	0	0	0	0	0	0	0	0	0	0	0	0	0	0	0	0	0	0	0	0	0	0	0	0	0	0	0	0	0	0	0	0	43876255	27	male	independent	associate_degree	married	employee	white	Protestant	no	yes
30410452	0	0	0	0	0	0	0	0	0	0	0	0	0	0	0	0	0	0	0	0	0	0	0	0	0	0	0	0	0	0	0	0	0	0	0	0	0	0	0	0	0	0	0	0	0	0	0	0	0	0	0	0	0	0	0	0	0	0	0	0	0	0	0	0	0	0	0	0	0	0	-1	0	0	0	0	0	0	0	0	0	0	0	0	0	1	0	0	0	0	0	0	0	0	0	0	0	0	0	0	0	0	0	0	0	0	0	0	0	0	0	0	0	0	0	1	0	0	0	0	0	0	0	0	0	0	0	0	0	0	0	-1	0	0	0	0	0	0	0	0	0	30410452	22	male	democrat	associate_degree	single_living_with_partner	employee	white	Atheist / Agnostic	no	yes
44087209	1	0	0	0	0	0	0	0	0	0	0	0	0	0	0	0	1	0	-1	0	0	0	0	0	0	0	0	0	0	0	0	0	0	0	0	0	0	0	0	0	0	0	0	0	0	0	0	0	0	0	0	0	0	0	0	0	0	0	0	0	0	0	0	0	1	0	0	0	0	0	0	0	0	0	0	0	0	0	0	0	0	0	0	0	0	0	0	0	0	0	0	0	0	0	0	0	0	0	-1	0	1	0	0	0	0	0	0	0	0	0	0	-1	0	0	0	0	0	0	0	-1	0	0	0	0	0	0	0	0	0	0	0	0	0	0	0	0	0	0	0	1	
43811734	0	0	-1	0	0	0	-1	0	-1	0	0	0	0	1	0	0	0	0	1	0	1	-1	0	-1	0	0	-1	0	0	0	0	0	0	0	0	1	-1	0	0	-1	1	-1	-1	1	0	-1	0	0	1	0	0	0	0	1	0	1	0	0	1	0	0	0	0	1	1	0	0	1	-1	0	0	0	-1	0	1	0	1	0	0	0	-1	0	0	0	0	-1	0	0	0	1	0	0	0	0	0	0	0	0	0	0	0	0	0	0	1	1	1	1	0	1	0	0	0	0	1	0	1	0	-1	0	-1	0	0	0	1	0	0	1	1	0	0	1	0	0	0	0	0	0	0	1	
43393412	0	0	0	0	0	0	-1	0	0	0	0	0	0	0	0	1	0	1	0	0	0	0	0	0	0	0	0	0	0	0	0	0	0	0	0	1	0	0	0	0	0	0	0	0	0	0	0	0	0	0	0	0	0	0	0	0	0	0	0	0	0	0	0	0	0	0	0	0	0	0	0	0	0	1	0	0	0	0	0	0	0	0	0	0	0	0	0	0	0	0	0	0	0	-1	0	0	0	0	0	0	0	0	0	0	0	0	0	0	0	0	0	0	0	0	0	0	0	1	0	0	1	0	0	0	0	0	0	0	0	0	0	0	0	0	0	0	0	0	0	2	
43916681	0	0	0	0	0	0	-1	1	0	1	0	0	0	0	1	1	0	1	0	0	-1	1	1	-1	0	0	0	0	0	0	0	0	1	0	-1	1	0	0	1	0	0	0	0	0	0	0	1	0	0	0	0	0	0	1	0	0	1	1	1	0	0	0	1	0	0	1	0	1	1	1	1	0	0	1	0	0	0	0	0	0	0	0	0	0	0	0	0	0	0	0	0	0	0	1	0	-1	0	0	0	0	0	1	0	0	0	0	0	0	0	0	0	0	0	0	0	1	0	1	0	0	1	0	1	0	0	0	0	1	0	0	0	1	1	0	0	0	0	-1	1	43	43916681	24	male	none	associate_degree	single_living_with_parents	student	hispanic_american	Roman Catholic	yes	yes
43859850	0	0	0	0	0	0	0	0	0	0	0	0	0	0	0	0	0	0	0	0	0	0	0	0	0	0	0	0	0	0	0	0	0	0	0	0	0	0	0	0	0	0	0	0	0	0	0	0	0	0	0	0	0	0	0	0	0	0	0	0	0	0	0	0	1	1	1	-1	0	0	0	0	0	0	0	0	0	0	0	0	0	0	0	0	0	0	0	0	0	0	0	0	0	0	0	0	0	0	0	0	0	0	0	0	0	0	0	0	0	0	0	0	0	0	0	0	0	0	0	0	0	0	0	0	0	0	0	0	0	0	0	0	0	0	0	0	0	0	0	14	
6309240	0	0	0	0	0	0	0	1	0	0	0	-1	0	0	0	0	0	0	0	0	0	0	0	0	0	0	0	0	0	0	0	0	0	0	0	0	0	0	0	0	0	0	0	1	0	0	0	0	0	0	0	0	0	0	0	0	0	0	0	0	0	-1	0	0	0	0	0	0	0	0	1	0	0	0	0	0	0	0	0	0	0	0	0	0	0	0	-1	0	0	0	0	0	0	0	0	0	0	0	0	0	0	0	0	0	0	0	0	0	0	0	0	0	0	0	0	0	0	0	0	0	0	0	0	1	0	0	0	0	0	0	0	0	0	0	-1	0	0	0	0	0	6309240	50	female	republican	bachelor	single_living_with_parents	employee	asien	Roman Catholic	yes	yes
31585018	0	0	-1	1	0	0	0	0	0	0	0	0	0	0	0	1	0	0	0	0	1	0	0	0	0	0	0	0	0	1	0	0	-1	0	0	0	0	0	0	0	0	0	0	0	0	0	0	0	0	0	0	0	0	0	1	0	0	0	0	0	0	0	0	0	0	-1	0	0	0	0	0	0	0	0	0	0	0	0	0	0	0	0	0	0	0	0	0	0	0	0	1	0	0	1	0	0	0	0	0	0	0	0	0	0	0	0	0	0	0	0	0	0	0	0	0	1	0	0	0	0	1	-1	0	0	0	0	0	0	0	0	1	0	0	0	0	-1	0	0	0	0	31585018	30	female	democrat	associate_degree	married	unemployedseeking_employment	white	Atheist / Agnostic	no	yes
43912578	1	0	-1	-1	0	0	0	0	0	0	0	0	-1	0	0	-1	0	0	-1	-1	-1	0	-1	1	0	0	0	0	0	0	1	0	1	1	0	1	0	-1	0	0	0	0	0	1	0	0	0	1	0	-1	0	0	1	0	0	0	0	-1	0	0	0	1	0	-1	0	-1	0	-1	0	0	0	0	0	0	0	0	0	0	-1	0	0	-1	0	0	0	0	0	0	1	0	-1	0	0	1	0	-1	1	1	-1	-1	-1	1	1	1	0	0	1	0	0	0	0	0	0	0	0	-1	0	0	0	0	-1	1	0	0	0	0	0	0	0	0	-1	0	0	1	0	1	0	0	2	0	
43938234	0	0	0	0	0	0	0	0	0	0	-1	0	0	1	0	0	0	0	0	0	1	1	0	0	0	0	1	0	0	0	0	0	0	0	0	0	1	0	0	0	-1	-1	-1	1	-1	1	0	0	0	0	-1	0	0	0	0	1	0	0	0	0	0	0	0	0	0	0	0	0	1	0	0	0	0	0	1	0	1	0	0	0	1	0	0	0	0	0	0	0	1	0	0	0	0	0	0	-1	0	0	0	0	0	0	0	0	1	1	1	1	0	0	0	0	1	0	1	0	1	0	0	0	1	0	0	0	0	0	0	1	1	0	0	0	0	0	0	0	0	0	0	1	
43651516	0	0	0	0	0	0	0	0	0	0	1	-1	0	0	-1	0	1	-1	1	1	0	-1	0	0	0	0	0	0	-1	0	0	0	0	0	0	0	0	0	0	0	1	0	0	1	0	0	0	0	0	0	0	0	0	1	0	0	0	0	0	0	0	0	0	0	0	0	0	0	-1	-1	1	1	-1	0	0	1	0	0	0	-1	0	0	1	0	-1	0	-1	0	0	0	0	0	0	0	-1	0	0	0	0	0	0	0	0	1	1	0	0	0	-1	1	1	1	0	0	0	0	1	-1	0	0	-1	-1	-1	-1	0	0	0	0	0	0	0	0	0	0	0	1	0	0	0	1	
44092298	0	0	0	0	0	1	0	0	1	0	0	-1	1	0	0	0	1	0	0	0	0	-1	0	0	1	1	1	1	1	-1	1	0	0	-1	0	0	0	-1	1	0	0	-1	-1	1	-1	-1	1	1	0	0	0	-1	0	0	0	0	-1	0	1	0	-1	-1	-1	1	1	1	0	0	0	1	0	0	-1	1	1	1	0	-1	-1	0	-1	0	1	-1	0	0	0	0	1	1	-1	-1	-1	-1	-1	-1	1	1	-1	-1	0	0	1	1	0	0	0	1	1	1	1	1	1	0	0	0	0	0	-1	0	0	1	0	1	0	0	0	0	0	-1	0	0	0	0	0	0	1	0	3	4	
44091788	0	0	0	0	0	0	0	0	0	0	0	0	1	1	1	1	0	0	0	0	0	0	0	1	1	0	0	0	0	0	0	0	0	0	0	0	0	0	0	0	0	0	0	0	0	0	1	0	0	0	0	0	0	0	0	0	0	0	0	0	0	0	0	0	0	0	0	0	0	0	0	0	0	0	0	0	0	0	0	0	0	0	0	0	1	1	1	1	0	0	0	0	0	0	0	0	0	0	0	0	0	0	0	0	0	0	0	0	0	0	0	0	0	0	0	0	0	0	0	0	0	0	0	0	0	0	0	0	0	0	0	0	0	0	0	0	0	0	0	0	
39073124	0	0	0	0	0	0	0	0	0	0	0	0	0	0	0	0	0	0	0	0	0	0	0	0	0	0	0	0	0	0	0	0	0	0	0	0	0	0	0	0	0	0	0	0	0	0	0	0	0	0	0	0	0	0	0	0	0	0	1	0	0	0	0	0	0	0	0	0	0	0	0	0	0	0	0	0	0	0	0	0	0	0	0	0	0	0	0	0	0	0	0	0	0	1	0	0	0	0	0	0	0	0	1	0	0	0	0	0	0	0	0	0	0	0	0	0	-1	1	1	1	0	0	0	0	0	0	1	0	0	0	0	0	0	0	0	0	0	0	0	0	
43591595	0	0	0	0	0	0	0	0	0	0	0	0	0	0	0	0	0	0	0	0	0	0	0	0	0	0	0	0	0	0	0	0	0	0	0	0	0	0	0	0	0	0	0	0	0	0	0	0	0	0	0	0	0	0	0	0	0	0	0	0	0	0	0	0	0	0	0	0	1	0	0	0	0	0	0	0	0	0	0	0	0	0	0	0	0	0	0	0	0	0	0	0	0	0	0	0	0	0	0	0	0	0	0	1	0	0	0	0	0	0	0	0	1	0	0	0	0	0	0	0	0	0	0	0	1	0	0	0	0	0	0	0	0	0	0	0	0	0	0	0	
41127744	0	0	0	0	1	0	0	1	0	-1	0	0	1	0	0	1	0	0	0	0	0	1	0	0	1	1	1	-1	1	0	0	0	1	0	0	0	0	0	0	0	0	0	0	0	0	0	0	1	1	0	1	-1	1	1	0	0	1	1	1	0	-1	0	0	1	0	0	1	1	1	1	1	0	0	0	0	-1	0	0	0	1	0	1	0	0	0	0	1	1	1	0	0	1	0	0	0	1	0	0	0	0	1	1	0	0	0	-1	0	1	0	1	0	0	1	1	0	-1	1	0	0	0	0	0	-1	0	-1	1	1	-1	0	0	0	0	-1	0	1	0	0	0	2	3	
38082417	0	0	0	0	0	0	0	0	0	0	0	0	0	0	0	0	0	0	0	0	0	0	0	0	0	0	0	0	0	0	-1	0	0	0	0	1	0	0	0	0	0	0	0	0	0	0	0	0	0	0	0	0	1	0	0	0	0	0	0	0	0	0	0	0	0	0	0	0	0	0	0	0	0	0	0	0	0	0	0	0	0	1	0	0	0	0	0	0	0	0	0	0	0	0	0	0	0	0	0	0	0	0	0	0	0	0	0	0	0	0	0	0	0	0	0	0	0	0	0	0	0	0	0	0	0	0	0	0	0	0	0	0	0	0	0	0	0	0	0	0	
44009386	0	0	0	0	0	0	0	0	-1	0	0	0	0	0	0	0	0	0	-1	0	0	0	0	-1	1	0	0	-1	-1	0	-1	-1	0	0	0	-1	0	0	0	0	0	-1	0	-1	1	0	0	0	0	0	0	-1	-1	0	-1	0	-1	0	0	0	0	0	0	0	0	0	0	0	-1	0	0	0	-1	-1	-1	-1	-1	-1	0	0	0	-1	-1	-1	0	0	0	1	0	1	-1	-1	0	0	0	0	1	0	0	-1	0	0	0	-1	0	0	0	0	0	-1	0	0	-1	-1	-1	-1	0	0	0	0	0	-1	0	-1	-1	0	1	0	0	0	0	0	0	-1	0	0	-1	0	0	158	
43842980	0	0	-1	0	0	0	-1	0	1	0	1	0	0	1	-1	0	0	0	1	0	1	1	0	1	0	0	1	0	0	0	0	0	0	0	1	0	1	0	1	1	1	-1	-1	1	-1	1	0	0	1	0	0	0	0	0	0	1	0	0	1	0	0	0	0	0	1	0	0	1	1	0	0	0	0	0	1	0	1	0	0	-1	1	0	0	0	0	1	0	0	1	0	0	1	0	0	0	0	1	0	0	0	0	0	0	0	1	-1	1	1	0	1	0	0	1	1	1	1	1	1	1	0	1	0	0	0	1	0	0	1	1	1	1	1	0	0	0	0	0	1	0	3	
6363996	0	0	1	1	0	0	0	0	0	0	0	0	0	0	0	1	0	0	0	0	0	0	0	0	0	0	0	0	0	1	0	0	0	-1	0	0	0	0	0	0	0	0	0	0	0	0	0	0	0	0	0	0	0	0	0	0	0	0	0	0	0	0	0	0	0	-1	0	1	0	0	0	0	0	0	0	0	0	0	0	0	0	0	0	0	0	0	0	0	1	0	1	0	0	1	0	0	0	0	0	0	0	0	0	0	0	0	0	0	0	0	0	0	0	0	0	1	0	0	0	0	1	0	0	0	0	0	0	0	0	0	1	0	0	1	0	1	0	0	0	1	
8308030	0	0	0	0	0	0	0	-1	0	0	0	0	0	0	0	1	0	0	0	0	0	0	1	0	0	0	1	0	0	0	-1	0	-1	0	0	1	0	0	0	0	-1	1	0	0	1	1	0	0	1	0	0	-1	0	-1	0	1	1	1	1	-1	0	0	0	-1	-1	0	0	1	1	0	-1	-1	1	0	-1	-1	-1	1	0	0	1	1	-1	-1	0	1	0	1	0	1	0	1	0	0	0	1	0	-1	0	1	0	0	1	1	-1	0	0	0	0	-1	0	0	1	-1	1	1	0	0	0	0	0	0	1	1	-1	0	1	0	0	0	0	1	1	0	0	0	1	0	0	0	
43861467	0	0	0	1	1	-1	1	0	1	1	1	-1	0	0	0	-1	0	0	1	0	0	1	0	0	0	1	1	0	0	0	0	0	0	1	0	0	0	0	0	0	0	0	1	0	0	0	0	0	0	0	0	1	0	0	0	0	1	0	1	0	0	0	0	0	0	0	0	1	0	0	0	0	0	0	1	0	1	0	0	0	1	0	1	0	0	0	0	0	0	0	-1	0	0	1	0	0	0	1	1	1	0	0	1	0	0	0	0	1	0	0	1	0	0	0	0	1	1	0	1	0	-1	0	0	0	0	0	0	0	1	0	1	0	0	0	0	1	0	0	3	0	43861467	32	male	democrat	bachelor	single_living_with_parents	unemployedseeking_employment	black_or_african_american	Roman Catholic	yes	yes
39174418	0	0	0	0	0	0	0	0	0	0	0	0	0	0	0	0	0	0	0	0	1	1	1	1	0	1	0	0	0	0	0	0	0	-1	0	0	0	0	0	0	0	0	0	0	0	0	0	0	0	0	0	0	0	0	0	0	1	0	0	0	0	0	0	0	0	0	0	0	0	0	0	0	0	0	0	0	0	0	0	0	0	0	0	0	0	0	0	0	0	0	0	0	0	0	0	0	0	0	0	0	0	0	0	0	0	0	0	0	0	0	1	0	0	0	0	0	0	0	0	0	0	0	0	0	0	0	0	0	0	0	0	0	0	0	0	0	0	0	0	0	
18386513	0	0	0	0	0	0	0	0	0	0	-1	0	0	0	-1	0	-1	1	1	1	0	0	0	0	0	0	0	0	1	0	0	0	0	0	0	0	0	0	0	0	-1	0	0	0	0	0	0	0	0	0	0	0	0	1	0	0	0	0	0	0	0	0	0	0	0	0	0	0	0	0	0	0	-1	0	0	0	0	0	0	-1	0	0	1	0	0	0	0	0	0	0	0	0	0	0	1	0	0	0	0	0	0	0	0	0	1	0	0	0	0	0	0	0	0	0	0	0	0	0	0	0	0	0	0	0	0	0	0	0	0	0	0	0	0	0	0	1	0	0	0	0	18386513	50	female	republican	high_school	married	selfemployed	white	other:Christian	yes	yes
42768322	0	0	0	0	0	0	0	0	0	-1	0	0	-1	0	0	0	0	0	0	0	0	-1	0	0	0	0	0	0	1	0	0	0	0	0	1	0	0	0	1	0	0	0	0	0	0	0	0	1	1	-1	-1	-1	0	0	0	0	0	-1	0	0	-1	0	0	0	0	0	-1	0	0	-1	0	0	0	0	0	1	0	0	0	0	0	-1	0	0	0	0	0	0	1	0	0	0	0	0	0	0	0	0	0	0	1	0	0	0	0	1	0	1	0	0	0	0	0	1	0	0	1	0	0	0	0	0	-1	0	1	-1	1	-1	0	0	0	0	0	0	1	0	0	0	0	0	
43945424	0	0	0	0	0	0	0	0	0	0	0	0	0	0	-1	0	0	0	0	0	0	0	0	0	0	0	0	0	1	-1	-1	1	0	0	0	0	0	1	0	0	0	-1	-1	0	0	0	0	0	0	0	0	0	-1	1	-1	1	0	0	0	0	0	0	0	0	0	0	0	0	0	0	0	0	0	0	0	1	0	0	0	0	0	0	0	1	0	0	0	-1	0	0	0	1	0	0	0	0	0	0	0	0	0	0	0	0	-1	0	-1	0	-1	0	1	-1	0	0	0	-1	0	-1	0	0	0	-1	1	0	0	0	0	0	0	0	-1	0	0	0	0	0	0	0	1	21	
41545007	-1	1	-1	0	1	1	1	0	1	-1	0	-1	1	1	0	-1	1	1	1	1	1	0	1	1	0	1	0	1	1	1	-1	1	-1	1	1	0	1	-1	1	1	-1	-1	-1	0	-1	-1	-1	1	1	1	1	0	1	0	1	0	1	1	0	1	1	-1	-1	1	0	-1	1	1	0	0	0	1	1	0	0	0	1	1	1	0	0	0	0	-1	0	1	0	0	1	0	-1	0	-1	1	0	0	-1	1	-1	-1	1	-1	1	1	0	0	1	-1	0	0	0	1	0	0	0	1	0	0	1	1	-1	1	0	0	1	0	0	0	0	0	-1	0	0	1	0	1	1	1	4	0	
43917255	0	0	1	0	0	0	0	-1	0	0	0	1	0	-1	0	0	0	0	0	1	0	0	1	0	0	0	0	0	0	0	0	0	0	0	0	0	1	1	0	1	0	0	0	0	0	0	0	0	0	0	0	0	0	0	0	1	0	0	0	0	0	0	0	-1	0	0	0	0	0	0	0	0	0	0	0	0	0	0	0	0	0	0	0	0	0	0	0	0	0	0	0	0	0	0	0	0	0	0	0	0	0	0	0	0	0	0	-1	0	1	0	1	0	0	0	0	0	0	0	0	0	0	0	0	0	0	0	0	-1	0	0	0	0	0	0	1	0	0	0	0	0	43917255	30	female	democrat	bachelor	single_living_alone	employee	white	Atheist / Agnostic	yes	yes
43974080	0	0	0	0	0	0	0	0	0	0	0	0	0	1	0	0	0	0	0	0	0	0	0	0	0	0	0	0	0	0	0	0	0	0	0	1	0	0	0	0	0	0	0	0	0	1	0	0	1	0	0	0	0	1	0	0	0	0	0	0	0	0	0	1	-1	0	0	0	0	0	0	0	1	0	0	0	0	0	0	0	1	0	0	0	0	1	0	0	0	1	0	0	0	0	0	0	0	0	0	0	0	0	0	0	-1	0	0	0	0	0	0	0	0	0	-1	0	0	0	0	0	0	0	0	0	0	0	0	1	0	0	0	-1	0	0	0	0	0	0	0	0	
41192746	0	0	0	0	0	0	0	0	0	0	0	0	0	0	0	0	0	0	0	0	0	0	0	0	0	0	0	0	0	0	1	0	0	0	0	0	0	0	0	0	0	0	0	0	0	0	0	0	0	0	0	0	0	0	0	0	0	0	0	0	0	0	0	0	0	0	0	0	0	0	0	1	0	0	1	1	1	0	0	0	0	0	0	0	0	0	0	0	0	0	0	0	0	0	0	0	0	0	0	0	0	0	0	0	0	0	0	0	0	0	0	0	0	1	0	0	1	0	0	0	0	0	0	0	0	0	0	0	-1	0	0	0	0	0	0	0	0	0	0	0	
41986015	0	-1	0	0	1	0	0	0	0	-1	0	0	1	0	0	0	0	0	0	0	1	0	0	0	1	1	1	-1	1	0	0	0	0	0	0	0	0	0	0	1	0	0	0	0	0	0	1	1	0	0	0	1	1	0	0	0	0	-1	0	1	-1	0	0	1	0	0	1	0	0	0	0	1	0	0	0	0	1	1	-1	-1	0	-1	0	0	0	0	-1	-1	1	0	-1	-1	0	0	0	0	0	0	0	0	1	-1	0	0	0	1	0	-1	1	1	0	0	-1	1	0	0	0	0	0	-1	0	0	-1	1	1	-1	1	1	1	0	0	0	0	0	-1	0	0	0	1	1	41986015	62	female	none	bachelor	single_living_alone	retired	hispanic_american	Roman Catholic	yes	no
19838540	-1	-1	0	1	1	1	-1	-1	-1	0	0	0	0	1	0	-1	0	0	1	0	0	0	1	1	0	1	1	-1	0	0	-1	0	0	0	-1	1	1	-1	-1	1	-1	0	0	0	1	1	0	0	0	1	1	1	1	0	1	0	1	1	0	0	0	0	0	-1	0	-1	0	0	1	0	-1	1	1	0	-1	-1	-1	1	1	1	1	0	0	1	1	0	0	1	1	0	0	1	0	1	0	1	-1	1	1	1	1	0	1	1	0	-1	0	0	1	-1	0	1	1	-1	1	1	0	1	1	1	1	-1	-1	1	-1	1	-1	0	1	1	1	-1	-1	0	0	0	-1	1	11	2	19838540	41	male	independent	bachelor	married	employee	white	Muslim	yes	yes
41676062	0	0	0	0	1	0	0	0	0	0	0	0	0	0	0	0	0	0	0	0	1	0	0	0	0	0	0	0	0	0	0	0	0	0	0	0	0	0	0	1	0	0	0	0	0	0	1	0	0	0	0	1	1	0	0	0	0	0	0	1	0	0	0	1	0	0	0	0	0	0	0	0	0	0	0	0	1	-1	-1	-1	0	0	0	0	0	0	-1	-1	0	0	0	-1	0	0	0	0	0	0	0	0	0	-1	0	0	0	0	0	0	0	1	0	0	-1	0	0	0	0	0	0	0	0	0	0	0	0	0	0	0	-1	0	0	0	0	0	0	0	0	0	0	0	
39501628	1	0	-1	-1	1	1	-1	1	0	-1	1	1	1	1	1	0	0	0	-1	1	0	-1	-1	0	1	1	1	-1	-1	1	1	1	-1	1	-1	0	1	1	1	1	1	-1	-1	-1	-1	0	0	1	-1	-1	1	-1	-1	1	-1	1	1	1	1	1	0	0	1	1	-1	0	1	1	0	-1	0	1	-1	1	0	-1	0	0	1	-1	0	0	1	0	-1	1	1	1	0	1	-1	0	0	1	0	-1	-1	1	-1	-1	1	1	1	1	1	0	1	1	1	1	0	0	0	-1	1	1	0	0	1	0	0	0	0	0	1	-1	-1	1	1	1	0	0	-1	1	0	-1	1	1	13	4	
43888123	0	0	0	0	0	0	0	0	1	0	0	0	0	0	0	0	0	0	0	0	0	0	0	1	0	0	0	0	0	0	0	0	0	0	0	0	0	0	0	1	1	1	1	1	0	0	0	0	0	0	0	0	0	0	0	0	0	0	1	0	0	0	0	0	-1	0	0	0	0	0	0	0	0	0	0	0	0	0	0	0	0	0	0	0	0	0	0	0	0	0	0	0	0	0	0	0	0	0	0	0	0	0	0	0	1	-1	-1	1	0	-1	0	0	0	0	0	0	0	0	1	0	0	0	0	0	-1	0	0	0	0	0	0	0	0	0	0	0	0	0	0	0	43888123	23	female	democrat	bachelor	single_living_with_partner	student	white	Protestant	no	yes
43932665	0	0	0	0	0	0	0	0	0	0	0	0	0	0	0	0	0	0	0	0	1	-1	-1	1	0	0	0	0	0	0	0	0	0	0	0	0	0	0	0	0	0	0	0	0	0	0	0	0	0	0	0	0	0	0	0	0	0	0	0	0	0	0	0	0	0	0	0	0	0	0	0	0	0	0	0	0	0	0	0	0	0	0	0	0	0	0	0	0	0	0	0	0	0	0	0	0	0	0	0	0	0	0	0	0	0	0	0	0	0	0	0	0	0	0	0	0	0	0	0	0	0	0	0	0	0	0	0	0	0	0	0	0	0	0	0	0	0	0	0	0	
43934710	0	0	0	0	0	0	0	0	0	0	0	0	0	0	0	0	-1	0	0	0	0	0	0	0	0	0	0	0	0	0	0	0	0	0	0	0	0	0	0	0	0	0	0	0	0	0	0	0	0	0	0	0	0	0	0	0	0	0	0	0	0	0	0	0	-1	0	0	0	0	0	0	0	0	0	0	0	0	0	0	0	0	0	0	0	0	0	0	0	0	0	0	0	0	0	0	0	0	0	1	0	0	0	0	0	0	0	0	0	0	0	0	1	0	0	0	0	0	0	0	0	0	0	0	0	0	0	0	0	0	0	0	0	0	0	0	0	0	0	0	0	
43630064	0	0	0	0	-1	1	-1	-1	-1	0	0	0	0	0	-1	0	-1	0	0	0	0	1	0	0	1	0	-1	0	0	0	0	0	0	0	0	0	1	0	0	0	0	0	1	0	0	0	0	0	0	0	0	1	0	0	0	0	1	0	-1	0	0	0	-1	0	0	-1	0	0	0	1	0	0	0	0	0	0	0	0	0	0	1	0	-1	0	0	0	0	0	1	-1	1	-1	0	0	0	0	-1	-1	1	-1	0	1	-1	0	0	0	0	1	0	0	0	0	0	0	0	0	0	0	1	0	0	0	0	0	0	0	0	-1	0	-1	0	0	0	-1	0	0	0	0	1	7	
22345789	-1	1	0	0	0	0	1	0	0	0	0	0	0	0	0	-1	1	1	1	1	1	0	1	0	0	0	1	0	0	-1	1	0	-1	0	0	1	0	0	0	0	1	-1	0	0	-1	-1	1	1	0	1	0	0	1	1	1	0	0	0	0	0	-1	1	-1	1	0	0	0	0	0	0	0	-1	-1	0	0	-1	1	1	0	0	0	0	0	1	0	0	0	1	0	-1	0	0	1	1	-1	1	-1	1	-1	-1	0	0	1	0	1	1	-1	0	1	-1	1	0	0	-1	1	0	0	1	0	1	-1	1	-1	1	0	0	1	0	0	1	0	1	0	0	0	1	0	0	1	1	22345789	62	female	independent	associate_degree	single_living_alone	employee	white	other:Christian	no	yes
16854635	0	0	0	0	0	1	0	1	0	-1	0	1	0	0	0	0	0	0	0	0	0	1	0	0	0	0	1	0	0	0	0	0	0	0	0	0	0	0	0	0	0	0	-1	-1	0	0	0	0	0	0	0	0	0	0	0	0	0	0	1	0	0	-1	0	0	0	0	0	0	-1	1	-1	1	0	0	0	0	0	0	0	0	0	0	0	0	0	0	1	0	1	0	0	0	0	0	0	0	0	0	0	-1	0	0	1	0	0	0	0	1	1	-1	1	1	0	0	0	0	0	0	0	0	1	-1	-1	1	0	0	0	0	0	0	0	0	0	0	1	0	0	0	0	2	
40107272	0	0	1	1	0	0	0	1	0	0	-1	-1	0	1	0	1	0	0	0	1	1	0	1	0	0	0	0	0	0	1	0	0	-1	0	1	0	0	1	1	0	0	0	0	0	1	0	0	0	0	0	0	1	0	0	1	0	0	0	0	0	0	0	0	1	0	-1	0	0	-1	0	0	0	0	0	-1	0	0	0	0	1	1	1	1	1	0	0	0	0	0	0	1	1	0	-1	0	0	-1	0	0	0	0	0	0	1	0	0	1	0	0	1	0	0	1	-1	0	1	0	0	0	0	1	-1	0	1	-1	0	0	-1	1	1	1	-1	1	0	-1	1	-1	1	1	0	
43942386	1	0	1	-1	0	0	0	0	0	0	1	0	0	0	0	1	0	0	0	1	1	0	1	0	0	0	0	0	0	1	0	0	1	-1	1	0	0	1	1	0	0	0	0	0	0	0	0	1	0	1	0	1	1	0	1	1	0	0	0	0	0	1	0	1	0	1	0	1	0	0	0	0	0	1	1	0	0	0	0	1	0	1	0	0	0	0	0	0	1	0	-1	0	-1	1	0	-1	1	1	1	-1	1	1	1	1	0	0	1	0	0	1	0	0	0	1	0	1	0	0	0	0	1	1	0	1	0	0	0	0	1	1	1	1	1	1	0	1	1	1	0	2	
20430407	0	0	0	0	1	1	-1	1	0	0	0	0	1	0	0	0	0	0	0	0	0	0	0	0	-1	0	0	0	0	-1	1	0	0	0	0	0	0	0	0	0	-1	0	0	0	-1	1	1	1	0	0	0	0	0	0	1	0	1	1	0	0	1	1	1	1	0	0	0	0	0	0	0	1	0	0	0	0	0	0	1	0	0	0	0	0	0	0	0	0	0	0	0	0	1	1	1	1	0	-1	0	0	0	0	0	0	0	0	1	1	1	0	0	1	0	-1	0	0	0	0	1	0	0	0	0	0	0	1	0	0	0	0	0	0	0	0	0	0	0	0	1	2	
36276573	0	0	0	0	0	0	0	0	0	0	0	0	0	0	0	0	0	0	0	0	0	1	0	0	0	0	0	0	0	0	0	0	0	0	0	0	0	0	0	0	0	0	0	0	0	0	0	0	0	-1	0	0	0	0	0	0	0	0	0	0	0	0	0	0	0	0	0	0	0	1	0	0	0	0	0	1	0	0	0	0	0	0	0	0	0	0	0	0	0	0	0	0	0	0	0	0	0	0	0	0	0	0	0	0	0	1	0	0	0	0	0	0	0	0	0	0	1	0	0	0	0	0	0	0	0	1	0	0	0	0	0	0	0	0	0	0	0	0	0	0	
18869867	1	0	0	0	0	0	0	0	0	0	0	0	0	0	0	0	0	0	0	0	0	0	0	0	0	0	0	0	0	0	0	0	0	0	0	0	0	0	0	0	0	0	0	0	0	0	0	1	0	1	0	0	1	0	0	0	0	0	0	0	0	-1	0	0	0	0	0	0	0	0	0	0	0	0	0	0	0	0	0	0	0	0	0	0	0	0	0	0	0	0	0	0	0	0	0	-1	-1	1	-1	-1	0	0	0	0	0	0	1	0	0	0	0	0	0	0	0	0	0	0	0	0	0	0	0	0	0	0	0	0	0	0	0	0	0	0	0	1	0	0	0	0	18869867	67	female	republican	bachelor	single_living_alone	retired	white	Protestant	yes	yes
43941355	1	0	0	-1	0	0	0	0	-1	0	0	0	0	1	-1	-1	0	0	-1	0	1	1	-1	-1	1	-1	0	0	0	0	1	1	0	0	0	0	0	-1	0	0	0	0	1	0	0	0	1	1	1	1	-1	1	0	0	-1	0	0	-1	1	0	0	0	-1	0	0	0	1	0	0	0	1	0	0	0	0	0	0	0	-1	0	-1	1	1	1	0	-1	-1	1	1	0	-1	-1	0	-1	0	0	0	0	0	-1	1	1	1	0	0	1	0	0	0	0	0	-1	0	0	1	0	1	1	-1	-1	0	1	0	0	0	-1	1	1	0	0	1	1	0	1	0	0	0	0	3	1	43941355	21	male	republican	associate_degree	single_living_alone	civil_servant	white	Atheist / Agnostic	yes	yes
43875818	0	0	0	0	-1	1	0	0	-1	0	0	0	0	0	0	0	0	0	0	0	0	1	0	0	1	0	1	0	0	0	0	-1	0	0	0	0	0	0	0	0	0	0	1	0	0	0	0	0	0	0	0	1	0	0	0	0	0	0	-1	0	0	0	0	0	0	1	0	0	0	0	0	0	0	0	0	0	0	0	0	0	-1	0	-1	0	0	0	0	0	0	0	1	0	0	0	0	0	0	-1	1	-1	0	0	1	0	0	0	0	1	0	0	0	0	1	-1	1	-1	0	0	1	0	0	0	0	0	0	0	0	0	0	0	0	0	0	0	0	0	0	0	0	12	
34557302	1	0	1	1	0	0	0	1	0	0	1	1	1	0	0	1	0	1	1	1	1	0	1	1	1	0	0	1	1	1	0	0	-1	-1	-1	1	0	1	0	0	0	0	0	-1	0	1	0	1	1	1	1	0	0	0	1	0	0	1	0	0	1	1	1	1	0	-1	0	1	0	0	-1	-1	1	1	1	1	0	1	1	0	0	0	0	1	0	0	1	0	1	0	-1	0	-1	1	1	1	-1	0	1	-1	0	0	0	1	0	1	1	0	0	0	0	1	0	0	0	1	0	0	0	0	1	1	0	1	0	0	0	0	0	0	1	0	0	1	1	1	1	0	1	22	34557302	36	female	independent	master	married	other:homemaker	white	Roman Catholic	yes	yes
43762146	0	0	0	0	0	0	0	1	0	1	0	0	0	0	-1	1	0	1	0	0	1	1	1	1	0	0	0	0	0	0	0	0	1	0	1	-1	0	0	1	0	0	0	0	0	0	0	1	0	1	1	1	1	0	1	0	0	-1	1	1	1	0	0	-1	0	0	1	0	1	1	1	1	0	0	1	0	1	0	0	0	0	0	0	0	0	0	0	0	0	0	0	0	0	0	0	0	1	0	0	0	0	0	-1	0	0	0	1	0	0	0	0	0	0	0	0	0	1	1	0	0	0	1	0	1	0	0	1	0	1	0	0	0	1	1	0	0	0	0	1	0	13	
40212251	0	-1	0	0	0	0	0	-1	-1	1	-1	1	0	0	0	1	0	0	0	0	1	1	0	0	0	0	0	0	0	0	0	0	0	0	0	0	0	0	0	1	0	0	0	0	0	0	-1	0	1	1	1	-1	0	-1	0	0	1	1	-1	-1	1	0	0	0	0	0	0	1	0	1	-1	0	0	0	0	-1	-1	-1	1	1	0	0	0	0	0	0	0	0	0	0	1	0	0	0	0	1	0	0	0	0	1	1	1	1	0	-1	0	0	1	0	0	0	0	0	0	1	-1	0	0	1	0	0	1	0	0	1	0	0	1	1	0	0	0	0	0	0	0	0	0	0	
43961825	1	0	0	0	0	1	0	0	0	0	0	0	0	0	-1	0	0	0	1	0	0	-1	0	0	0	0	-1	0	1	1	1	-1	0	0	0	0	0	1	0	0	0	1	0	0	0	0	0	0	0	0	0	0	-1	-1	1	1	0	0	1	0	0	0	0	0	0	0	0	0	0	0	0	0	0	0	0	-1	0	0	0	0	0	0	0	1	0	0	0	-1	0	0	0	-1	0	0	0	0	0	0	0	1	1	0	-1	0	1	0	-1	-1	1	0	-1	-1	0	0	0	1	0	-1	0	-1	0	1	-1	0	0	0	0	0	0	0	1	0	0	0	0	0	0	0	2	26	43961825	25	female	democrat	vocational_secondary_certification	single_living_alone	employee	american_indian_or_alaska_native	Protestant	yes	yes
20512953	1	1	-1	1	0	0	-1	1	0	-1	0	-1	0	-1	1	-1	0	1	0	0	1	1	1	1	0	0	0	0	0	0	0	0	0	0	-1	1	0	0	-1	0	0	0	0	0	0	0	0	0	0	0	0	0	0	0	0	1	0	0	0	0	0	0	-1	0	0	0	0	0	0	1	0	0	0	1	0	0	0	0	0	0	-1	1	1	1	0	0	0	0	0	0	0	0	0	1	0	0	0	0	0	0	0	1	0	0	0	0	1	0	0	0	0	0	0	0	0	0	0	1	0	0	-1	0	0	0	0	0	0	1	0	0	0	0	0	0	1	0	0	0	0	2	20512953	38	female	democrat	bachelor	single_living_with_parents	employee	white	Atheist / Agnostic	yes	yes
15448937	-1	1	0	1	-1	1	0	1	0	0	0	1	1	0	0	0	0	1	0	0	0	0	0	0	-1	1	1	-1	1	1	0	0	0	-1	-1	0	1	1	0	1	0	1	0	0	0	0	0	-1	0	0	1	1	0	0	0	0	0	1	0	-1	1	1	1	-1	0	-1	1	0	0	0	-1	0	0	1	0	0	0	0	0	0	1	1	1	0	0	1	0	0	0	0	1	0	1	1	1	1	-1	-1	1	0	1	0	0	0	0	-1	0	0	1	-1	1	1	0	-1	0	0	-1	1	1	1	1	-1	1	1	-1	1	1	-1	0	1	0	0	1	0	1	0	0	-1	0	0	15448937	40	male	republican	high_school	single_living_with_partner	employee	white	Atheist / Agnostic	no	yes
43722521	0	0	1	0	0	0	0	-1	0	0	0	1	0	-1	0	0	0	0	0	0	0	0	0	0	0	1	0	0	0	0	0	0	0	-1	0	0	0	0	0	0	0	0	0	0	0	0	0	0	0	0	0	0	0	0	0	-1	1	0	0	0	0	0	0	0	0	0	0	0	0	0	0	0	0	0	0	0	0	0	0	0	-1	1	-1	1	0	0	0	0	0	0	0	0	0	0	0	0	0	0	0	0	0	0	0	0	0	0	-1	0	0	0	1	0	0	0	0	0	0	0	0	0	0	0	0	0	0	0	0	-1	0	0	0	0	0	0	1	0	0	0	0	1	43722521	27	female	democrat	master	single_living_alone	employee	white	Atheist / Agnostic	yes	yes
43918613	0	0	0	0	0	0	1	0	0	-1	0	0	0	0	1	1	0	1	0	-1	1	1	1	1	0	0	0	0	0	0	0	0	0	0	-1	-1	0	0	-1	0	0	0	-1	0	0	0	0	0	0	0	0	0	0	0	0	0	0	0	0	0	0	0	1	0	-1	-1	1	1	0	1	0	0	0	1	0	0	-1	0	0	0	0	0	0	0	0	0	0	0	0	0	0	0	0	1	0	0	0	0	0	0	0	1	0	0	0	0	0	0	0	0	0	0	0	0	0	0	0	1	0	0	1	0	0	0	0	0	0	-1	0	0	0	0	0	0	0	0	0	0	0	0	
38671298	1	0	0	0	0	0	0	0	-1	-1	-1	-1	0	0	0	0	0	0	0	1	0	0	-1	0	0	0	0	0	0	0	0	0	0	0	1	0	0	-1	1	0	0	0	0	1	-1	0	1	1	0	-1	0	0	0	0	0	0	0	0	0	0	0	0	0	1	0	1	0	0	0	-1	0	-1	0	0	0	0	0	0	0	0	-1	-1	1	1	0	0	-1	0	0	0	0	-1	0	0	0	0	0	0	0	0	0	0	0	0	0	0	-1	0	-1	1	-1	-1	0	0	0	0	0	0	0	0	-1	1	-1	-1	0	0	0	0	0	-1	0	1	0	0	0	0	1	-1	0	2	
38806465	-1	-1	-1	1	0	1	0	0	0	-1	0	0	0	0	0	0	0	0	0	0	1	1	1	1	0	0	0	0	0	0	0	0	0	0	0	0	0	0	0	0	0	0	0	0	0	0	0	0	-1	0	0	0	0	0	0	0	0	0	0	0	0	0	0	0	0	0	0	0	0	0	0	0	0	1	0	0	0	1	0	0	0	0	0	0	0	1	0	0	0	1	0	0	1	0	0	0	0	0	1	0	0	1	0	0	0	0	0	0	0	0	0	0	0	0	0	0	0	0	0	0	0	0	0	0	0	0	0	0	0	0	0	0	0	1	0	0	0	0	0	0	
43987213	-1	0	-1	-1	1	0	0	0	0	0	-1	0	0	0	-1	-1	1	-1	-1	-1	0	0	0	0	0	0	0	0	-1	-1	0	0	0	-1	0	0	0	0	0	0	1	0	0	0	0	0	0	1	0	-1	0	0	-1	-1	0	0	0	0	0	0	0	-1	0	0	0	-1	0	-1	0	0	0	0	-1	-1	0	0	0	0	0	-1	0	0	-1	0	-1	0	1	-1	-1	0	-1	-1	-1	-1	-1	1	1	1	-1	-1	-1	0	1	0	1	0	-1	0	0	1	0	0	0	0	0	-1	0	-1	0	0	-1	0	0	0	0	0	0	0	1	0	-1	0	-1	-1	-1	0	0	0	3	0	
36293563	0	0	0	0	0	0	0	0	0	0	-1	0	0	0	0	0	0	0	0	0	0	0	-1	0	0	1	1	0	0	0	0	0	0	1	1	0	0	0	1	0	1	0	0	1	-1	0	0	0	0	0	0	0	0	0	0	0	-1	0	0	0	0	0	0	0	0	0	0	0	0	0	0	0	0	0	1	0	0	1	0	-1	0	0	0	0	0	0	0	0	1	0	0	0	0	0	0	0	1	-1	0	0	0	0	1	0	0	0	0	0	0	0	1	0	-1	1	0	0	0	0	0	0	0	0	0	0	0	0	0	0	-1	1	1	-1	0	0	0	0	0	1	0	2	36293563	38	female	republican	master	married	employee	white	Protestant	no	yes
43913997	-1	1	-1	1	0	0	0	1	0	0	0	-1	0	-1	1	0	0	1	0	0	0	0	0	0	0	0	0	0	0	0	0	0	0	0	0	1	0	0	0	0	0	0	0	0	0	0	0	0	0	0	0	0	0	0	0	1	0	0	-1	0	0	0	-1	0	0	0	0	0	0	0	0	0	0	1	0	0	0	0	0	0	0	0	0	0	0	0	0	0	0	0	0	0	0	1	0	0	0	0	0	0	0	-1	1	0	0	0	1	0	0	0	0	0	0	0	0	0	0	0	0	0	-1	0	0	0	0	0	1	-1	0	0	0	0	0	0	1	0	0	0	0	0	
38202325	1	0	-1	1	0	1	-1	1	1	-1	0	-1	1	0	-1	-1	-1	1	1	1	0	-1	1	1	-1	1	1	0	1	0	-1	1	0	1	0	1	1	-1	0	1	0	-1	-1	0	0	-1	-1	1	1	0	0	1	1	1	1	1	1	0	1	0	0	0	-1	1	-1	0	1	1	0	1	-1	0	-1	0	-1	1	1	1	1	0	0	1	0	0	1	1	1	1	1	-1	-1	-1	1	1	0	0	0	0	-1	-1	0	1	1	0	-1	0	1	1	0	-1	1	1	-1	-1	0	1	1	1	1	1	-1	0	-1	1	0	1	1	-1	0	1	1	-1	-1	1	1	0	1	0	7	1	
43620110	0	0	0	0	0	0	-1	0	0	0	0	-1	0	0	0	-1	0	1	0	0	0	0	0	0	0	0	0	0	0	0	0	0	0	0	0	1	0	0	0	0	0	0	0	1	0	-1	0	0	0	0	0	0	0	1	0	0	0	0	0	0	0	0	0	1	0	0	0	0	-1	-1	1	1	1	1	0	0	0	0	0	0	0	0	0	0	0	0	-1	0	0	-1	0	0	0	1	0	0	0	0	0	0	0	0	0	0	1	0	0	0	-1	1	1	1	0	0	0	0	0	1	0	0	0	1	-1	0	0	0	0	0	0	0	0	1	0	0	0	0	0	0	2	0	
43498762	0	0	0	0	0	0	0	0	0	0	-1	0	0	0	-1	0	1	1	-1	1	0	0	-1	0	0	0	0	0	1	0	0	0	0	0	1	0	0	-1	1	0	1	0	0	0	0	0	0	0	0	0	0	1	0	1	0	0	0	0	0	1	0	0	0	1	0	0	0	0	0	0	0	0	-1	0	1	0	0	0	0	-1	0	0	1	0	0	0	0	0	0	0	0	0	0	0	-1	0	1	0	0	0	0	0	0	0	1	0	0	0	0	0	0	0	1	1	0	0	0	0	0	0	0	0	0	0	0	0	0	0	1	1	1	-1	-1	1	1	1	0	1	0	2	
38153196	0	0	0	0	0	0	0	0	0	0	-1	0	0	0	0	0	0	0	0	0	0	0	-1	-1	1	0	-1	0	0	0	1	1	1	1	1	1	0	0	1	0	1	-1	0	1	-1	0	1	1	0	0	-1	1	0	0	0	1	0	0	0	0	0	0	0	0	0	0	1	0	1	0	0	1	0	0	1	1	1	1	0	1	0	-1	1	1	-1	0	0	1	1	-1	0	-1	0	0	0	1	1	1	0	-1	0	0	1	1	0	1	0	0	0	1	0	0	0	1	1	0	0	0	0	0	0	0	0	-1	1	0	-1	0	-1	-1	-1	-1	1	0	0	0	1	1	1	0	
43930419	-1	0	1	1	0	0	0	0	0	0	0	0	0	0	0	1	0	0	0	0	0	0	0	0	0	0	0	0	0	1	0	0	-1	-1	-1	-1	0	0	0	0	0	0	0	0	0	0	0	-1	0	1	0	0	0	0	0	0	0	0	0	0	0	0	0	0	0	-1	0	1	0	0	0	0	0	0	0	0	0	0	0	0	0	0	0	0	0	0	0	0	1	0	1	0	0	1	0	0	0	0	0	0	0	0	0	0	0	0	1	0	0	0	0	0	0	0	0	1	0	0	0	0	1	0	0	0	0	0	0	0	0	0	1	0	0	1	0	-1	0	0	0	0	
20623511	0	0	0	0	0	0	0	0	0	0	0	0	0	0	0	0	0	0	0	0	0	0	0	0	0	0	0	0	0	0	0	0	0	0	0	0	0	0	0	0	0	0	0	0	0	0	0	0	0	0	0	1	0	0	0	0	0	0	0	1	0	0	0	-1	0	0	0	0	0	0	0	0	0	0	0	0	0	0	0	0	0	0	0	0	0	0	0	0	0	0	0	0	0	0	0	0	0	0	0	0	0	0	0	0	0	0	0	0	0	0	0	0	1	0	0	0	0	0	0	0	0	0	0	0	0	0	0	0	0	0	0	0	0	0	0	0	0	0	0	1	20623511	40	female	none	vocational_secondary_certification	married	employee	white	Roman Catholic	yes	yes
36968345	0	0	1	0	0	0	-1	0	0	0	0	0	0	0	0	0	0	0	1	0	1	1	0	0	0	0	1	0	0	0	0	0	0	0	0	0	1	0	0	1	0	0	0	0	0	1	0	0	0	0	0	0	0	0	0	1	0	0	1	0	0	0	0	0	0	0	0	-1	-1	0	0	0	0	0	0	0	0	0	0	0	0	0	0	0	0	0	0	0	0	0	0	0	0	0	0	0	0	0	0	0	0	0	0	0	0	0	0	0	0	1	0	0	0	0	0	0	0	0	1	0	1	0	0	0	0	0	0	0	0	0	0	0	0	0	0	0	0	0	0	1	36968345	39	female	democrat	doc	married	other:parent	white	Atheist / Agnostic	yes	yes
43946798	0	0	0	0	0	0	0	1	0	-1	0	0	0	0	-1	-1	0	0	0	0	1	-1	-1	1	0	0	0	0	0	0	0	0	1	0	-1	0	0	0	1	0	0	0	0	0	0	0	1	0	0	0	0	0	0	1	0	0	-1	-1	-1	1	0	0	-1	0	0	1	0	-1	-1	-1	1	0	0	0	0	0	0	0	0	0	0	0	0	0	0	0	0	0	0	0	0	0	0	0	0	-1	0	0	0	0	0	-1	0	0	0	0	0	0	0	0	0	0	0	0	0	1	0	0	0	0	0	0	-1	0	0	0	0	1	0	0	0	1	-1	0	0	0	0	1	0	2	
20328071	1	0	-1	0	0	0	-1	0	-1	0	0	0	0	1	1	0	0	0	0	0	1	-1	0	-1	0	0	-1	0	0	0	0	0	1	0	0	1	1	0	0	1	1	1	-1	1	0	1	0	0	1	0	0	0	1	1	1	1	1	0	-1	0	1	0	1	1	1	0	0	1	-1	0	0	0	0	0	1	1	1	0	0	0	-1	0	0	1	0	1	0	1	0	-1	0	1	0	0	1	0	0	0	0	0	1	0	0	0	1	1	1	0	1	1	1	0	0	0	1	1	1	1	1	1	1	0	1	0	1	1	0	-1	-1	0	1	-1	0	0	0	0	1	1	3	4	20328071	21	female	democrat	high_school	married	unemployedseeking_employment	white	Atheist / Agnostic	no	yes
43589420	0	0	0	0	0	0	0	0	-1	0	0	0	0	0	0	0	0	0	0	0	0	0	0	1	0	0	0	0	0	0	0	0	0	0	0	0	0	0	0	0	0	0	0	0	0	0	0	0	0	0	0	0	0	0	0	0	0	0	0	0	0	0	0	0	-1	0	0	0	0	0	0	0	0	0	0	0	0	0	0	0	0	0	0	0	0	0	0	0	0	0	0	0	0	0	0	0	0	0	0	0	0	0	0	0	-1	-1	1	1	0	0	0	0	0	0	0	0	0	0	0	0	0	0	0	0	-1	0	0	0	0	0	0	0	0	0	0	0	0	0	0	0	
43811627	0	-1	0	0	-1	0	0	0	0	-1	1	0	1	0	1	0	-1	1	1	0	1	0	0	0	-1	1	1	-1	1	0	0	0	0	0	0	0	0	0	0	1	-1	0	0	0	0	0	-1	-1	0	0	0	-1	1	-1	0	0	0	1	0	-1	0	0	0	-1	0	0	1	0	0	0	0	-1	-1	1	0	0	-1	1	1	1	0	1	-1	0	1	0	1	1	1	0	1	1	1	0	1	0	0	0	0	0	1	1	0	1	-1	-1	0	1	1	-1	0	0	1	-1	0	0	0	1	0	1	0	0	1	1	-1	1	1	-1	1	1	0	0	1	1	1	-1	0	0	2	2	
43787047	0	0	0	0	0	0	0	0	0	0	0	0	0	0	0	0	0	0	0	0	0	0	1	0	0	0	1	0	0	0	0	0	0	0	0	0	0	0	0	0	1	0	0	0	-1	0	0	0	0	0	0	0	0	0	0	0	0	0	0	0	0	0	0	0	0	0	0	0	0	0	0	0	0	0	0	0	0	1	0	0	0	0	0	0	0	0	0	0	0	0	0	0	0	0	0	0	0	1	0	0	0	0	1	0	0	0	0	0	0	0	0	0	0	0	0	0	0	0	0	0	0	0	0	0	0	0	0	0	0	0	0	0	0	0	0	0	0	0	0	1	43787047	22	female	democrat	bachelor	single_living_with_parents	student	asien	Atheist / Agnostic	yes	yes
37177227	0	0	0	0	0	0	0	1	0	0	0	0	0	0	0	0	0	0	0	1	0	0	0	0	0	0	0	0	0	0	0	0	0	0	0	0	0	0	-1	0	0	0	-1	0	0	0	0	0	0	0	0	0	0	0	0	0	0	0	0	0	0	-1	0	0	1	-1	-1	1	0	0	1	0	0	0	0	0	1	0	0	0	0	0	0	0	0	0	0	0	0	0	0	0	0	0	0	0	0	0	0	0	0	0	0	0	0	0	0	0	0	0	0	0	0	0	0	0	0	0	0	0	0	0	0	0	0	0	0	0	0	0	0	0	0	0	-1	0	0	0	0	8	37177227	32	male	democrat	master	married	employee	white	Roman Catholic	no	yes
43935069	-1	-1	0	-1	1	-1	-1	0	0	0	0	-1	0	1	0	0	0	-1	-1	0	0	0	0	0	0	-1	0	1	0	0	1	1	0	-1	1	0	1	-1	1	1	1	-1	0	0	0	-1	0	0	0	-1	-1	-1	-1	-1	-1	-1	-1	-1	0	1	-1	0	-1	0	0	0	-1	0	-1	0	0	-1	-1	0	0	0	0	0	-1	0	0	0	0	0	0	-1	0	-1	0	0	-1	0	-1	0	-1	0	1	0	0	-1	-1	0	0	0	-1	1	0	-1	0	0	-1	0	0	0	0	0	1	0	-1	-1	0	0	-1	0	0	-1	0	0	0	0	0	0	-1	0	0	0	1	-1	4	0	
20398835	0	0	0	0	0	0	0	0	0	0	0	0	0	0	0	0	0	0	0	0	0	0	0	0	0	0	0	0	0	0	0	0	0	0	0	0	0	0	0	0	0	0	0	0	0	0	0	0	1	0	0	0	0	0	0	0	0	0	0	0	0	0	0	0	-1	0	0	0	0	0	0	0	0	0	0	0	0	0	0	0	1	0	0	0	0	1	0	0	0	0	0	0	0	0	0	0	0	0	0	0	0	0	0	0	0	0	0	0	0	0	0	0	0	0	0	0	0	0	0	0	0	0	0	0	0	0	0	0	0	0	0	0	0	0	0	0	0	0	0	0	
44075879	-1	0	0	-1	0	-1	0	0	0	1	0	0	1	-1	-1	-1	0	-1	0	0	0	0	0	-1	-1	0	0	-1	0	0	0	-1	0	0	0	0	0	0	0	0	0	0	0	0	0	0	-1	1	-1	0	0	0	0	0	0	0	0	0	-1	0	0	0	0	0	0	0	-1	0	0	0	-1	0	0	-1	0	0	0	-1	0	0	0	0	0	0	0	-1	-1	-1	0	-1	0	0	-1	1	0	0	0	0	-1	0	0	-1	-1	0	0	0	0	0	0	0	0	0	0	0	-1	0	-1	-1	-1	-1	0	0	0	0	0	0	1	0	0	0	-1	-1	-1	-1	0	0	0	0	1	149	
43718472	0	0	0	0	0	0	0	0	0	-1	0	0	0	0	0	0	0	0	0	0	0	0	0	0	0	0	0	0	0	0	0	0	0	0	-1	0	0	0	1	0	0	0	0	0	0	0	-1	0	0	0	0	0	0	0	0	0	0	0	0	0	0	0	0	0	0	-1	0	0	0	1	0	0	0	0	0	0	0	0	0	0	0	0	0	0	0	0	0	0	0	0	0	0	0	0	0	0	0	0	0	0	0	0	0	0	0	0	0	0	0	0	0	0	0	0	0	0	0	0	0	0	0	0	0	0	0	0	0	0	0	0	0	1	0	0	0	0	0	1	0	1	
39721866	1	-1	-1	-1	1	1	-1	1	1	0	0	0	0	1	0	0	0	1	1	0	0	0	-1	1	0	0	1	0	1	0	-1	1	0	1	0	-1	1	0	-1	1	-1	0	0	-1	1	1	-1	-1	-1	1	0	0	1	0	1	0	-1	-1	0	1	1	0	1	-1	0	0	1	0	0	0	0	1	0	0	0	0	0	0	-1	0	0	-1	0	0	0	-1	0	0	1	-1	-1	-1	1	-1	1	1	0	-1	0	-1	0	0	0	0	0	0	0	0	0	0	1	1	0	0	0	0	0	0	0	-1	0	0	0	0	0	0	0	0	0	0	0	0	0	0	0	0	1	0	4	1	
15577915	-1	0	0	1	0	1	0	-1	-1	-1	-1	1	1	-1	1	1	0	1	0	0	1	0	0	1	-1	0	0	-1	0	0	0	1	0	0	0	0	0	0	0	1	0	0	0	0	0	0	-1	1	1	0	0	0	0	0	0	0	0	0	1	0	0	-1	0	0	0	0	1	0	0	0	-1	-1	0	1	0	0	-1	1	1	1	0	0	0	0	1	1	1	1	0	1	0	0	1	1	0	0	0	0	1	0	0	0	1	0	0	0	0	0	0	0	0	0	0	0	-1	0	-1	1	1	1	0	0	0	1	0	0	1	0	1	1	1	1	1	1	1	0	0	0	0	0	
41193378	0	0	0	0	1	0	0	0	0	0	-1	0	0	0	0	0	1	0	1	0	0	0	0	-1	0	0	0	1	-1	0	1	0	0	0	0	1	-1	0	0	0	0	0	0	1	0	0	0	0	0	0	-1	1	1	0	-1	0	0	0	0	0	0	0	0	0	0	1	0	0	0	1	0	0	-1	-1	1	1	0	1	0	0	-1	1	-1	0	0	0	0	0	-1	-1	1	1	0	0	0	1	0	1	-1	0	0	0	0	0	0	1	0	0	0	0	0	0	0	0	0	0	0	0	-1	0	0	1	0	0	0	0	0	0	0	-1	0	0	0	0	0	0	0	0	0	0	
18212596	-1	0	0	0	0	0	0	0	0	0	0	0	0	0	0	0	0	1	0	0	0	0	0	0	0	0	0	-1	0	0	0	0	0	0	0	0	0	0	0	0	0	0	0	0	0	0	0	0	0	0	0	0	0	0	0	0	0	0	0	0	0	0	0	0	0	0	0	0	0	0	0	0	0	0	0	0	0	0	0	0	0	0	0	0	0	0	0	0	0	0	0	0	0	0	0	0	0	0	0	0	0	0	0	0	0	0	0	0	0	0	0	0	0	0	0	0	0	0	0	0	0	0	0	0	0	0	0	0	0	0	0	0	1	0	0	0	0	0	0	0	18212596	34	female	none	vocational_secondary_certification	other:Single living with children	unemployedseeking_employment	black_or_african_american	Atheist / Agnostic	no	yes
13095205	0	0	0	0	1	1	0	0	1	0	1	0	0	0	0	0	-1	0	0	-1	0	1	1	0	-1	0	1	0	0	0	-1	-1	-1	-1	-1	1	1	1	-1	1	-1	1	1	-1	1	0	0	0	0	0	1	-1	1	0	0	-1	1	0	1	0	0	0	0	-1	0	-1	0	0	1	1	0	-1	0	0	-1	-1	-1	1	0	1	1	1	-1	0	0	0	0	1	1	1	1	0	0	0	0	1	-1	-1	1	1	0	0	1	1	0	-1	0	1	1	-1	1	0	1	-1	1	1	0	0	1	0	0	0	0	1	-1	0	1	0	1	1	1	1	1	1	0	0	-1	-1	2	3	
43932026	1	0	-1	1	0	0	0	0	0	0	1	0	0	0	-1	1	1	1	1	1	1	0	0	0	0	0	0	0	1	1	0	0	1	1	0	0	0	0	0	0	1	0	0	0	0	0	0	1	0	1	0	0	1	1	1	0	0	0	0	0	0	1	0	0	0	1	0	1	0	0	0	0	-1	1	0	0	0	0	0	1	0	0	1	0	1	0	0	0	1	0	-1	0	1	1	-1	1	1	1	-1	-1	1	1	1	1	1	0	1	0	0	0	0	0	0	0	0	1	0	1	0	0	-1	1	0	0	0	0	0	0	1	0	1	0	-1	0	1	1	0	0	1	2	
43939704	0	0	-1	0	1	1	-1	1	0	0	0	-1	1	1	0	0	1	1	0	0	0	0	0	0	1	0	0	0	0	1	0	1	0	0	0	0	1	0	0	-1	0	0	0	-1	-1	-1	-1	1	1	0	0	0	0	0	0	-1	-1	0	0	0	1	-1	0	1	0	0	0	0	-1	1	-1	1	0	0	0	0	0	0	1	0	-1	1	1	0	0	0	-1	0	1	1	1	1	1	-1	1	1	1	1	0	0	0	0	0	1	0	0	1	0	1	-1	1	1	0	0	0	0	0	0	0	0	-1	1	-1	1	0	0	0	-1	0	1	0	0	0	1	-1	0	1	0	2	1	
43851130	1	1	1	0	0	1	0	0	0	1	0	0	-1	1	1	1	0	1	0	0	0	0	0	-1	1	0	0	1	0	0	0	1	0	0	0	0	0	0	0	0	0	0	0	0	0	0	1	1	1	0	0	0	0	0	0	0	0	0	0	0	0	0	0	0	0	0	1	0	0	0	1	0	0	1	0	0	0	-1	0	0	0	0	0	0	1	1	-1	1	0	-1	0	0	1	0	0	0	0	0	1	0	0	1	0	0	0	0	0	0	0	0	0	0	0	0	-1	0	0	0	0	0	0	0	0	0	0	0	0	0	0	0	1	1	-1	1	0	0	0	0	1	2	43851130	25	male	democrat	bachelor	single_living_alone	employee	white	Roman Catholic	yes	yes
43102561	1	0	-1	1	0	0	0	0	0	0	0	0	0	0	0	-1	1	0	0	1	1	0	1	0	0	0	0	0	1	0	0	0	-1	1	0	0	0	-1	0	0	0	0	0	0	0	0	0	1	0	-1	0	0	1	1	1	0	0	0	0	0	0	1	0	1	0	-1	0	-1	0	0	0	0	0	1	0	0	0	0	0	-1	0	0	0	0	1	0	0	0	-1	0	-1	0	-1	1	0	-1	-1	1	-1	1	1	-1	1	1	0	0	1	0	0	0	0	0	0	0	0	1	0	1	0	0	-1	1	0	0	0	0	0	0	1	0	-1	0	-1	1	1	-1	0	0	1	2	43102561	34	male	independent	master	married	selfemployed	hispanic_american	Protestant	yes	no
43780975	1	1	0	1	1	1	1	0	0	0	0	-1	1	1	1	0	0	0	-1	0	0	0	0	0	0	1	0	-1	0	0	0	0	0	-1	1	1	1	0	-1	1	1	0	1	0	0	-1	0	0	0	1	1	0	0	1	1	0	1	0	1	1	-1	0	1	1	0	0	-1	0	0	0	0	0	-1	0	0	1	0	0	1	0	0	0	0	1	0	1	0	0	0	1	0	-1	0	0	1	0	-1	0	0	0	-1	0	0	0	1	0	-1	1	1	1	0	1	0	0	0	1	0	1	1	1	0	1	0	0	0	1	0	0	0	0	1	1	0	0	0	0	0	-1	3	13	
6377879	0	0	0	0	0	0	0	0	0	0	0	0	0	0	0	0	0	0	0	0	1	-1	0	0	0	0	1	0	0	0	0	0	1	0	0	0	1	0	0	0	0	0	0	0	0	-1	0	0	0	0	0	0	0	0	0	1	0	0	0	0	0	0	0	0	0	0	0	0	-1	0	0	0	-1	0	0	0	0	0	0	0	0	0	0	0	0	0	0	0	0	0	0	0	0	0	0	0	0	0	0	0	0	0	0	0	0	0	0	0	0	0	0	0	0	0	0	0	0	0	0	0	-1	0	0	0	0	0	0	0	0	0	0	0	0	0	0	0	1	1	0	1	
43608431	0	0	0	0	0	0	0	0	0	0	0	0	0	0	0	0	0	0	0	0	0	0	0	0	0	0	0	0	0	0	0	0	0	0	0	0	0	0	0	0	0	0	0	0	0	0	0	0	0	0	0	0	0	0	0	0	0	0	0	0	0	0	0	0	0	0	0	0	-1	1	-1	1	0	0	0	0	0	0	0	0	0	0	0	0	0	0	0	0	0	0	0	0	0	0	0	0	0	0	0	0	0	0	0	0	0	0	0	0	0	0	0	0	0	0	0	0	0	0	0	0	0	0	0	0	0	0	0	0	0	0	0	0	0	0	0	0	0	0	0	0	
43822436	0	0	0	0	1	0	0	0	0	-1	1	0	1	0	1	0	1	1	1	-1	0	0	0	0	0	0	0	0	1	0	0	0	0	0	0	0	0	0	0	0	-1	0	0	0	0	0	0	1	0	0	0	-1	1	-1	0	0	0	1	0	-1	1	0	0	-1	0	0	1	0	0	0	0	0	1	0	0	0	0	0	0	1	0	1	-1	0	0	0	1	1	1	0	0	1	0	0	1	0	0	0	0	0	1	1	0	0	1	0	0	1	0	-1	0	0	1	-1	0	0	0	0	0	0	0	0	-1	0	0	1	1	-1	0	0	0	0	0	0	1	-1	0	0	1	0	43822436	19	female	independent	some_college	single_living_with_parents	student	white	Roman Catholic	yes	yes
21785776	1	-1	0	1	1	1	-1	-1	1	0	0	-1	1	-1	0	0	1	1	1	0	0	-1	0	1	0	1	1	1	1	1	0	1	0	-1	-1	1	1	1	0	1	0	-1	-1	-1	-1	1	-1	1	1	1	1	-1	1	0	1	0	1	1	1	-1	1	1	1	-1	-1	-1	1	0	0	1	0	1	1	1	-1	-1	0	1	1	0	-1	1	-1	0	0	1	0	0	1	1	-1	1	1	1	1	1	-1	-1	1	1	0	0	1	1	0	0	0	1	1	0	1	1	1	-1	1	1	0	0	1	1	0	1	0	0	0	-1	1	0	0	1	1	1	-1	1	0	0	-1	1	3	0	
44086620	0	0	0	1	0	0	0	0	0	0	1	0	0	0	0	0	0	0	0	0	0	0	0	0	0	0	0	0	0	0	0	0	0	0	0	0	0	0	0	0	0	0	0	0	0	0	0	0	1	0	1	0	0	0	0	0	0	0	0	0	0	0	0	0	0	0	0	0	1	1	1	1	0	0	0	0	0	0	0	0	0	0	0	0	0	0	0	0	0	1	0	0	0	0	0	-1	0	0	0	0	0	0	0	0	0	1	0	0	0	0	0	0	0	0	0	0	0	0	0	0	0	0	0	0	0	0	0	0	0	0	0	0	0	1	0	0	0	0	0	0	
42870640	0	0	0	0	0	0	0	0	0	0	0	0	0	0	0	0	0	0	0	0	0	0	0	0	0	0	0	0	0	0	0	0	0	0	0	0	0	0	0	0	0	0	0	0	0	0	0	0	0	0	0	0	0	-1	0	0	1	1	1	-1	0	0	0	0	0	0	0	1	0	0	0	0	0	0	0	0	0	0	0	0	0	0	0	0	0	0	0	0	0	0	0	0	0	0	0	1	0	0	0	0	0	0	0	0	0	0	0	0	0	0	0	0	0	0	0	1	0	0	0	0	0	0	0	0	0	0	0	0	0	0	0	0	0	0	0	0	0	0	0	0	
ID	284	285	286	287	288	289	290	291	292	293	294	295	296	297	298	299	300	301	302	303	304	305	306	307	308	309	310	311	312	313	314	315	316	317	318	319	320	321	322	323	324	325	326	327	328	329	330	331	332	333	334	335	336	337	338	339	340	341	342	343	344	345	346	347	348	349	350	351	352	353	354	355	356	357	358	359	360	361	362	363	364	365	366	367	368	369	370	371	372	373	374	375	376	377	378	379	380	381	382	383	384	385	386	387	388	389	390	391	392	393	394	395	396	397	398	399	400	401	402	403	404	405	406	407	408	409	410	411	412	413	414	415	416	417	418	419	420	421	best 284	worst 284	best 285	worst 285	best 286	worst 286	best 287	worst 287	best 288	worst 288	best 289	worst 289	best 290	worst 290	best 291	worst 291	best 292	worst 292	best 293	worst 293	best 294	worst 294	best 295	worst 295	best 296	worst 296	best 297	worst 297	best 298	worst 298	best 299	worst 299	best 300	worst 300	best 301	worst 301	best 302	worst 302	best 303	worst 303	best 304	worst 304	best 305	worst 305	best 306	worst 306	best 307	worst 307	best 308	worst 308	best 309	worst 309	best 310	worst 310	best 311	worst 311	best 312	worst 312	best 313	worst 313	best 314	worst 314	best 315	worst 315	best 316	worst 316	best 317	worst 317	best 318	worst 318	best 319	worst 319	best 320	worst 320	best 321	worst 321	best 322	worst 322	best 323	worst 323	best 324	worst 324	best 325	worst 325	best 326	worst 326	best 327	worst 327	best 328	worst 328	best 329	worst 329	best 330	worst 330	best 331	worst 331	best 332	worst 332	best 333	worst 333	best 334	worst 334	best 335	worst 335	best 336	worst 336	best 337	worst 337	best 338	worst 338	best 339	worst 339	best 340	worst 340	best 341	worst 341	best 342	worst 342	best 343	worst 343	best 344	worst 344	best 345	worst 345	best 346	worst 346	best 347	worst 347	best 348	worst 348	best 349	worst 349	best 350	worst 350	best 351	worst 351	best 352	worst 352	best 353	worst 353	best 354	worst 354	best 355	worst 355	best 356	worst 356	best 357	worst 357	best 358	worst 358	best 359	worst 359	best 360	worst 360	best 361	worst 361	best 362	worst 362	best 363	worst 363	best 364	worst 364	best 365	worst 365	best 366	worst 366	best 367	worst 367	best 368	worst 368	best 369	worst 369	best 370	worst 370	best 371	worst 371	best 372	worst 372	best 373	worst 373	best 374	worst 374	best 375	worst 375	best 376	worst 376	best 377	worst 377	best 378	worst 378	best 379	worst 379	best 380	worst 380	best 381	worst 381	best 382	worst 382	best 383	worst 383	best 384	worst 384	best 385	worst 385	best 386	worst 386	best 387	worst 387	best 388	worst 388	best 389	worst 389	best 390	worst 390	best 391	worst 391	best 392	worst 392	best 393	worst 393	best 394	worst 394	best 395	worst 395	best 396	worst 396	best 397	worst 397	best 398	worst 398	best 399	worst 399	best 400	worst 400	best 401	worst 401	best 402	worst 402	best 403	worst 403	best 404	worst 404	best 405	worst 405	best 406	worst 406	best 407	worst 407	best 408	worst 408	best 409	worst 409	best 410	worst 410	best 411	worst 411	best 412	worst 412	best 413	worst 413	best 414	worst 414	best 415	worst 415	best 416	worst 416	best 417	worst 417	best 418	worst 418	best 419	worst 419	best 420	worst 420	best 421	worst 421	participant id	age	gender	affiliation	education	family status	profession	race	religion	ties2overseas	US citizen
