participant id	All the people have right to have all the vaccines.	Vaccines ensure public safety.	People who do not vaccinate put others at a higher risk.	Some people have side effects from vaccination.	No vaccination can lead to people getting sick or even killed by a virus.	All people should have access to vaccines.	Doctors and science are more educated on vaccinations than parents and religious organizations.	Vaccination programs have been carried out extensively and have totally eradicated life threatening diseases from the human race.	The ingredients in vaccines are safe in the small amounts they are used.	Vaccines should be free.	Vaccine's should be mandatory for everyone.	Vaccinations prevents disease.	Vaccines prevent disease outbreaks.	Vaccines should be mandatory.	Vaccines are crucial to make sure diseases don't start.	Vaccines can cause serious and fatal side effects.	A greater number of people should be vaccinated for a vaccine to be effective.	Parents should choose whether or not to have their child vaccinated.	Vaccinations cause autism.	Vaccines help in supporting public health.	Vaccines have never been proven to work.	Diseases are more controlled under vaccines.	Children should not be allowed in school or daycare unless vaccinated.	Vaccine's can help one from getting sick.	Vaccines are very helpful and very needed.	Patients have the right to know what is in vaccines.	There are social and religious groups that to be educated more about vaccination.	Vaccinations should be mandatory.	Vaccines help us live longer and protect us from fatal diseases.	The people have the right to choose if they want participe in vaccination or not.	Side effects of vaccinations are rare.	Vaccines can have adverse side effects such as the disease that the vaccine is trying to prevent.	No tested vaccines are dangerous.	Vaccination is the administration of antigenic material.	Vaccinations should be a choice.	Vaccines provide immunity against diseases.	Vaccines improve the lives of citizens.	Vaccines prevent public health epidemics.	Artificial immunity will compromise the bodyâ€™s ability to defend itself for a long time.	Early vaccines are safe.	Vaccines are necessary to tackle strong diseases.	Most medical doctors and other healthcare professionals are positive about what has been achieved through vaccination in preventing and eradication a number of life threatening diseases.	Someone who is not vaccinated is at higher risk of getting certain diseases.	Vaccines should be mandatory when entering a public or private school.	The government should promote campaigns for vaccination.	Vaccines save people's lives.	The ingredients in vaccines are safe in the amounts used.	Any method is ok to prevent major tragedies.	Vaccines are not the perfect solution to diseases.	Children should be vaccinated from early childhood.	Vaccination should be free for everyone.	It is safe to use vaccines if the doctor recommends it.	Vaccines do not suit all people (e.g. people with diabetes).	Vaccinations should be mandatory for all school children.	Vaccines are key to development in Africa.	It should be mandatory for all people to get vaccines to protect those who cannot get vaccinated.	Vaccines prevent deadly diseases.	Vaccinations need to be regulated.	The ingredients in vaccines are unsafe in the amounts used.	Vaccines has to be somthing thats readilly available for people to buy.	There must be greater support of vaccination from medical institutes.	Vaccines can cause adverse reactions.	Vaccines can cause very harmful side effects and are not always safe.	Vaccination should be mandatory at an early age.	Vaccination should be offered in school.	Vaccination prevents outbreaks of easily preventable diseases.	Vaccines endagers the human race in some areas.	The government should not intervene in personal medical choices.	Vaccines do not suit people with AIDS.	The benefits of vaccinations far outweigh the risks.	Vaccines prevent people from harmful diseases.	Vaccines need to be mandatory to promote safe health.	A lot of money has been saved since the advent and adoption of vaccination.	Vaccine's are good for kids.	Vaccine's can protect other people than yourself.	Must have a containment plan when a new disease is discovered.	Vaccines can end up saving childrens lives.	Vaccines are an example of where the common good outweighs individual rights.	The vaccines must be given by people who are very prepared to put them.	Medical treatments like vaccines should be for all the people.	The government must interfere with holistic methods that are not safe and anti vaccination.	Vaccination protect the young and vulnerable ones.	Vaccines are important for newborns.	Vaccinations don't just protect individuals, they protect the whole country for diseases.	People who are against vaccinations are not smart.	Government should leave vaccinations to medical practioners.	Vaccines have a positive effect on people's health.	Once a child is born it must be vaccinaced.	Vaccine's should be free for everyone.	Vaccinations are safe.	Not everyone has the chance to get vaccinated.	Vaccines are not safe.	Vaccines prevent disease.	Vaccinations increase herd immunity.	Vaccination must be a staple in medical benefits.	There should be more funding for vaccination.	Vaccination should be compulsory.	The benefits of vaccines outweigh the risks.	Everyone should have certain recommended vaccines.	Vaccines keep us healthy.	Vaccines should be required by law.	Vaccines can have severe side effects.	Vaccines are necessary for our safety.	Vaccinations saves lives.	Compulsory vaccination would avoid epidemics.	Viruses like human papilloma can only be prevented with the vaccine.	Vaccines are tested and proven to be safe.	Vaccination have the risk of harmful and toxic chemicals being introduced to the body.	Not vaccinating your child is unhealthy for the child and its contemporaries.	Some vaccines are very expensive for the public, such as HPV vaccines.	People should not be forced to vaccinate.	Vaccinations are expensive and yet not 100% safe.	Vaccines are a dirty business of pharmaceuticals.	Some people are unable to receive vaccines.	Vaccines are well trusted science.	Vaccination is good for everyone's health.	Vaccines are good for society.	The theory of herd immunity has never been proven.	Vaccines increase the risk of autism.	It is cruel to force someone to get an injection.	Vaccination are important for public health.	Mandatory vaccination should be implemented.	Proper vaccinations are safe.	Vaccine ingredients are not always disclosed to patients.	Schools shouldn't require vaccinations.	Vaccination saves lives.	Vaccines do not make you develop diseases.	It should be a parents choice whether to vaccinate or not.	Vaccinations can safeguard against deadly diseases and viruses.	Vaccination must be madatory.	People should be allowed to make their own decisions about medical choices for their children.	Vaccines should be implemented.	Vaccination is too expensive.	Vaccinations help prevent sickness.	faultyAD	faultyBW	participant id	age	gender	affiliation	education	family status	profession	race	religion	ties2overseas	US citizen
42703498	0	0	0	0	0	1	0	0	1	1	1	1	0	0	0	0	0	1	0	0	1	1	1	1	0	0	0	0	0	0	0	0	0	0	0	0	1	1	0	0	0	0	0	1	0	0	0	0	0	1	0	0	0	0	0	0	1	0	0	0	0	0	1	0	0	0	0	0	0	0	1	0	1	0	0	1	0	0	0	0	1	1	0	0	1	1	1	1	0	0	0	0	1	1	0	0	0	0	0	0	0	0	0	0	1	1	0	0	0	0	1	0	0	0	0	0	1	0	0	0	0	0	0	1	1	0	0	0	0	0	0	0	0	0	0	1	
22139728	1	1	1	1	1	0	0	1	0	0	0	0	0	1	0	1	1	1	-1	1	0	1	1	0	0	1	1	1	0	1	0	0	1	1	1	-1	1	1	1	1	1	0	1	0	1	0	0	0	0	0	0	0	1	1	1	1	1	0	1	0	0	0	0	0	1	1	1	1	1	0	0	1	0	1	1	0	0	1	0	0	1	1	0	0	0	0	0	0	1	0	0	0	0	0	1	0	0	0	0	0	0	0	0	0	1	1	1	1	0	0	0	1	0	0	0	0	0	0	1	0	0	0	0	0	0	1	1	1	0	1	0	0	1	1	0	16	22139728	32	female	democrat	master	single_living_alone	employee	black_or_african_american	other:Christian	yes	yes
43856538	0	0	1	1	1	0	0	1	0	0	1	0	0	1	0	0	0	1	0	0	0	1	0	0	0	0	0	0	0	0	0	0	1	0	0	0	0	0	0	0	0	0	0	0	0	0	0	0	1	1	1	1	0	0	0	0	0	0	0	1	0	0	1	0	0	0	0	0	0	1	0	1	0	0	1	1	0	1	1	1	0	0	0	0	0	0	0	0	1	0	1	0	0	0	1	0	0	0	0	0	1	0	1	0	0	0	0	1	0	1	0	0	0	1	1	0	0	0	1	0	0	0	0	0	0	0	0	-1	1	0	1	0	0	0	0	7	
43736722	0	1	0	0	0	0	0	0	0	0	0	0	0	0	0	0	0	0	0	0	0	0	0	0	0	0	0	0	0	0	0	0	0	0	0	0	0	0	0	0	0	0	0	0	0	0	0	0	0	0	0	0	0	0	0	0	0	0	0	0	-1	0	0	0	0	0	1	0	0	0	0	0	0	0	0	0	0	0	0	0	0	0	1	0	0	0	1	0	0	0	0	0	0	0	0	0	0	0	0	0	0	0	0	0	0	0	0	0	0	0	0	0	1	0	0	0	0	0	0	0	0	0	0	0	0	0	0	0	0	1	0	0	0	0	0	1	43736722	22	female	independent	some_college	single_living_alone	employee	hispanic_american	other:Christian	yes	no
43860631	0	1	1	0	1	1	1	1	1	1	0	0	1	1	0	-1	0	-1	0	0	0	1	1	0	0	0	1	1	1	-1	1	0	0	-1	0	1	1	1	1	1	1	1	1	1	1	1	1	1	0	0	1	0	-1	1	1	1	1	1	1	1	1	-1	0	1	0	0	0	1	0	1	1	1	0	0	0	1	1	1	1	1	0	0	1	1	1	-1	1	1	1	0	0	0	1	1	0	0	1	1	0	1	1	-1	1	1	1	1	0	-1	1	1	-1	-1	-1	-1	1	1	0	0	-1	0	1	1	1	1	0	0	1	1	1	0	-1	1	1	0	6	10	
5007431	0	0	0	0	0	0	1	0	0	0	0	1	1	1	1	1	0	0	0	1	0	0	0	0	0	1	0	0	0	0	1	0	0	0	0	0	0	0	0	0	0	0	0	0	0	0	0	0	1	1	0	0	0	0	0	0	0	0	0	0	-1	0	0	0	0	0	0	0	0	0	0	0	0	0	0	1	1	0	0	0	0	0	0	0	0	0	0	0	0	0	0	0	0	0	0	0	0	1	0	0	0	0	0	0	0	0	0	0	0	-1	0	0	0	0	0	0	1	0	0	0	0	0	0	0	0	0	1	0	0	0	0	0	-1	0	0	0	
42468998	0	0	0	0	0	0	1	0	0	0	0	-1	0	0	0	0	-1	0	-1	1	-1	0	-1	0	0	0	0	0	1	0	0	1	-1	1	1	1	0	0	0	0	0	0	0	0	0	0	0	1	1	0	1	1	0	-1	0	1	0	0	0	0	0	0	0	0	0	0	0	0	0	1	0	0	0	1	0	0	1	0	0	0	1	0	0	0	1	0	0	0	0	0	0	1	1	-1	1	1	0	0	1	1	1	-1	-1	1	-1	0	1	0	1	0	0	0	0	1	1	0	1	0	-1	1	0	1	0	1	0	0	1	0	0	0	0	0	-1	1	1	0	
38548574	0	0	0	0	0	0	0	0	0	0	0	0	0	0	0	0	0	0	0	0	0	0	0	0	0	0	0	0	0	0	0	0	0	1	0	0	0	0	0	0	0	0	0	0	0	0	-1	0	0	0	0	0	0	0	0	0	0	0	0	0	1	1	1	-1	0	0	0	0	0	0	0	0	0	0	0	0	0	0	0	0	0	0	0	0	0	0	0	0	0	0	0	0	0	0	0	0	0	0	0	0	0	1	0	0	0	0	-1	0	0	0	0	0	0	0	0	0	0	0	0	0	0	0	0	0	0	0	0	0	0	0	0	0	0	0	0	1	
27748798	0	0	0	0	0	0	0	0	0	0	0	0	0	0	0	1	0	0	0	1	0	0	0	0	1	0	0	1	0	0	0	0	0	0	0	0	0	0	0	0	0	0	0	0	0	0	0	0	0	1	-1	0	0	0	0	0	0	0	-1	0	0	0	1	0	0	0	0	0	1	0	0	1	0	0	0	0	0	0	0	0	0	0	0	0	0	0	0	0	0	1	0	0	1	0	0	0	1	0	0	0	0	0	0	0	0	0	0	0	0	0	0	-1	0	0	0	0	0	0	0	0	0	0	0	0	0	0	0	0	0	0	-1	0	0	1	0	1	
1933319	0	0	0	0	0	0	0	0	0	0	0	0	0	0	0	0	0	0	0	0	0	0	0	0	1	0	0	0	0	0	0	0	0	0	0	0	0	1	0	0	0	0	0	0	0	0	0	0	0	0	0	0	0	0	0	0	0	0	0	0	0	0	0	0	1	0	0	0	0	0	0	0	0	0	0	0	0	0	0	0	0	0	0	1	0	0	0	0	0	0	0	0	0	0	0	0	0	0	0	0	0	0	0	0	0	0	0	0	0	0	0	0	0	0	0	0	0	0	0	0	0	0	0	0	0	0	0	0	0	0	0	0	0	0	0	1	1933319	37	male	independent	some_college	single_living_alone	employee	white	Protestant	yes	yes
14070474	0	0	0	0	0	0	0	0	0	0	0	0	0	0	0	-1	0	0	0	0	0	0	0	0	0	0	0	0	0	0	0	0	0	0	0	0	0	0	0	0	0	0	0	0	-1	0	0	0	0	0	0	0	0	0	1	0	0	0	0	0	0	0	0	1	0	0	0	1	0	0	1	0	0	0	0	0	0	0	0	1	0	0	0	1	0	0	0	0	0	0	0	0	1	0	0	0	0	0	1	0	0	0	0	0	1	0	0	0	0	0	0	0	0	0	0	0	0	0	0	0	0	0	0	0	0	0	1	0	0	0	0	0	0	0	0	0	14070474	69	female	republican	bachelor	single_living_with_partner	employee	white	Protestant	no	yes
39147083	0	0	0	0	0	0	0	0	0	0	0	0	0	0	0	0	0	0	0	0	0	1	0	0	0	0	0	1	0	0	0	0	0	0	0	0	0	0	0	0	0	0	0	0	0	1	0	0	0	0	0	0	-1	0	0	0	0	0	0	0	0	0	0	0	0	0	0	0	0	0	0	0	0	0	0	0	0	0	0	0	0	0	1	0	0	0	0	0	0	0	0	0	0	0	0	0	1	1	1	1	0	0	1	0	0	0	0	0	0	0	0	0	0	0	0	0	0	0	0	0	1	0	0	0	0	1	0	0	0	0	0	0	0	0	0	0	
21467491	0	0	0	0	0	0	0	0	0	0	0	0	0	0	0	-1	0	0	0	0	0	0	0	0	0	0	0	0	0	0	0	0	0	0	0	0	0	0	0	0	0	0	0	0	1	0	0	0	0	0	0	0	0	0	1	0	0	0	0	0	0	0	0	1	0	0	0	1	0	0	1	0	0	0	0	0	0	0	0	1	0	0	0	1	0	0	0	0	0	0	0	0	1	0	0	0	0	0	1	0	0	0	0	0	1	0	0	0	0	0	0	0	0	0	0	0	0	0	0	0	0	0	0	0	0	0	-1	0	0	0	0	0	0	0	0	0	21467491	41	female	democrat	vocational_secondary_certification	single_living_with_partner	employee	other	other:baptist	no	yes
43837109	0	1	0	0	1	0	0	1	0	0	0	0	0	1	0	-1	-1	-1	-1	1	0	1	-1	0	0	0	1	1	0	-1	0	0	1	1	1	1	1	1	-1	1	0	0	1	0	1	0	0	0	0	0	0	0	1	1	0	1	1	0	-1	0	0	0	0	0	0	0	-1	1	1	0	0	1	0	1	1	0	0	-1	0	0	1	1	0	0	0	0	0	0	1	0	0	0	0	0	1	0	0	0	0	0	0	0	0	0	0	0	0	0	0	0	0	-1	0	0	0	0	0	0	1	0	0	0	0	0	0	1	1	0	0	1	0	0	-1	1	0	2	
19302668	0	1	1	1	0	1	1	1	0	1	0	0	0	0	1	0	1	0	0	0	-1	1	1	1	1	1	0	-1	0	0	0	0	1	1	1	1	0	0	-1	0	0	1	1	0	1	1	1	-1	1	1	-1	0	0	-1	0	-1	0	0	-1	-1	1	0	-1	-1	0	0	0	0	1	1	1	-1	1	0	0	0	1	1	0	0	0	0	0	0	-1	0	1	1	-1	1	1	-1	0	1	0	0	-1	1	1	1	-1	1	1	1	0	1	1	0	-1	0	0	0	-1	1	1	1	1	-1	1	-1	1	-1	1	-1	-1	1	1	1	1	-1	1	1	0	1	5	2	19302668	44	female	democrat	high_school	married	employee	white	other:Christian	no	yes
28813722	0	0	0	0	0	0	0	0	0	0	0	0	1	0	0	0	0	0	0	0	0	0	0	0	0	0	0	0	0	0	0	0	0	0	0	0	1	0	0	-1	0	0	0	1	0	0	0	0	0	0	0	0	0	0	0	0	0	0	0	0	0	0	0	0	0	0	0	0	0	0	0	0	0	0	0	0	0	0	0	0	0	0	0	0	0	0	0	0	1	0	0	0	0	0	0	0	0	0	0	0	0	0	0	0	0	0	0	0	0	1	0	0	0	0	-1	0	0	0	1	0	0	0	0	0	0	0	0	0	0	0	0	0	0	0	0	0	28813722	39	female	independent	high_school	married	unemployedseeking_employment	white	Atheist / Agnostic	yes	yes
20244740	0	0	0	0	0	0	0	0	0	1	-1	1	0	0	0	0	0	0	0	0	0	0	0	0	0	0	1	0	0	0	0	0	0	0	0	-1	0	0	0	0	0	0	0	0	0	0	0	0	0	0	0	0	0	0	-1	0	-1	0	0	-1	0	0	0	0	0	0	0	0	0	0	0	0	0	0	0	1	0	1	0	0	0	-1	0	0	1	-1	1	-1	0	0	0	1	-1	0	0	0	0	0	0	0	0	1	0	0	0	0	0	0	0	0	1	0	0	0	0	0	0	0	0	0	0	-1	0	0	1	0	0	0	0	0	0	0	0	0	1	5	
43676331	0	0	0	0	0	0	0	0	0	0	0	0	0	0	0	1	0	0	0	0	0	0	0	0	0	0	0	0	1	1	-1	1	0	0	0	0	0	0	0	0	0	0	0	0	0	0	0	0	0	0	0	1	0	0	0	0	0	0	0	0	0	0	0	0	0	0	1	0	0	0	0	0	0	0	0	0	0	0	0	0	0	0	0	0	0	0	0	0	0	0	0	0	0	0	0	0	0	0	0	0	0	0	0	0	0	0	0	0	0	0	0	0	0	0	0	0	0	0	0	0	0	0	0	0	0	0	0	0	0	0	0	-1	0	0	0	0	
33708599	0	-1	0	0	0	0	0	-1	0	0	0	0	0	0	0	1	0	0	0	-1	1	0	0	0	-1	0	0	-1	0	0	0	0	0	1	0	0	0	-1	0	0	0	-1	0	0	0	0	0	0	0	0	0	0	1	0	0	-1	0	0	1	0	-1	0	0	0	-1	-1	1	1	1	0	0	-1	0	0	-1	0	0	0	0	0	0	0	-1	-1	0	0	-1	0	0	0	0	0	0	0	0	0	0	0	0	0	0	0	0	0	0	0	0	0	0	0	0	1	1	0	0	0	0	0	1	0	0	0	0	0	0	-1	0	0	0	-1	0	0	0	-1	0	0	33708599	31	female	none	bachelor	single_living_with_partner	employee	white	other:Non religious	yes	yes
39021669	0	1	0	0	0	0	0	0	0	0	0	1	0	0	0	0	0	0	-1	0	-1	0	0	0	0	0	0	0	1	0	0	1	0	0	-1	0	0	0	0	0	0	1	0	0	1	1	1	-1	0	0	0	1	0	0	0	0	0	0	0	0	1	0	0	0	0	1	0	0	-1	0	0	0	0	1	0	0	1	0	0	0	1	0	0	0	1	0	1	0	0	0	0	0	0	0	1	1	0	0	0	0	0	0	0	0	1	0	0	0	1	0	0	0	0	0	0	0	1	1	0	-1	0	1	1	1	0	0	0	0	0	1	1	0	-1	1	1	2	39021669	43	female	democrat	vocational_secondary_certification	single_living_with_partner	employee	other	Roman Catholic	yes	yes
34070076	1	0	0	0	0	0	0	0	1	1	0	1	1	0	1	1	0	0	-1	1	0	0	0	0	0	0	1	0	1	-1	1	0	0	1	-1	1	1	0	0	1	1	0	0	1	1	0	0	0	0	0	1	1	-1	1	1	1	1	0	0	0	0	0	0	1	1	1	0	-1	0	0	1	0	0	1	0	0	1	1	0	1	1	0	1	1	1	0	0	1	1	0	0	-1	1	0	0	1	0	1	1	1	0	-1	0	0	1	0	0	1	1	1	0	0	0	0	1	0	0	-1	-1	-1	0	1	1	1	-1	0	1	0	1	0	0	0	1	1	0	1	34070076	30	male	none	bachelor	single_living_alone	employee	asien	Roman Catholic	yes	yes
43847840	0	0	0	0	0	0	0	0	-1	1	1	1	0	0	0	0	0	0	0	0	0	0	0	0	1	0	0	0	0	0	0	1	0	0	0	0	0	1	0	0	0	0	0	0	0	0	0	1	0	0	0	0	0	0	0	0	0	0	0	0	0	0	0	0	1	0	-1	0	0	0	0	0	0	0	0	1	0	0	0	0	0	1	1	1	0	0	1	0	0	0	0	0	1	0	1	0	0	0	0	0	0	0	0	0	0	0	0	0	0	0	1	0	-1	0	0	0	1	0	0	0	0	0	0	0	0	0	0	0	0	0	0	0	0	0	0	0	43847840	31	male	democrat	bachelor	single_living_alone	selfemployed	black_or_african_american	Roman Catholic	yes	yes
31888345	0	0	0	0	-1	1	1	1	0	0	0	0	0	0	0	0	0	0	0	0	0	0	0	0	0	0	0	0	0	0	0	0	0	0	0	0	0	0	0	0	0	0	0	0	0	0	0	0	0	0	0	0	0	0	0	0	0	0	0	0	0	0	0	0	1	1	-1	-1	0	0	0	0	0	0	0	0	0	0	0	0	0	0	0	0	0	0	0	0	0	0	0	0	0	0	0	0	0	0	0	0	0	0	0	0	1	1	1	-1	0	0	0	0	0	0	0	0	0	0	0	0	0	0	0	0	0	0	0	0	0	0	0	0	0	0	0	0	31888345	23	female	republican	bachelor	single_living_with_parents	unemployedseeking_employment	asien	Atheist / Agnostic	yes	yes
43855522	1	1	-1	1	0	0	0	1	-1	0	0	0	0	0	0	1	0	0	0	-1	0	0	0	0	0	-1	0	1	0	0	1	0	0	0	0	0	0	0	0	0	1	1	0	0	0	0	1	0	0	0	0	0	0	0	1	0	0	1	1	0	1	0	0	0	1	0	1	1	1	0	0	1	0	0	0	0	0	0	0	0	0	0	0	0	0	0	1	0	0	0	0	0	0	0	0	0	0	0	0	0	0	1	0	0	1	-1	1	1	0	0	0	1	1	0	0	0	0	1	1	0	1	0	0	0	0	0	0	-1	0	1	0	0	0	-1	3	5	43855522	26	male	democrat	bachelor	single_living_alone	employee	white	Roman Catholic	yes	yes
43943585	0	0	0	0	0	0	0	1	0	0	0	0	0	0	0	1	0	0	0	1	0	0	0	0	0	0	0	1	0	0	0	0	0	1	0	0	0	0	0	0	0	0	0	0	0	0	0	0	0	0	0	0	0	0	0	0	0	0	-1	0	0	0	0	0	0	0	0	-1	1	0	0	1	0	0	0	0	0	0	0	0	0	0	0	0	0	0	0	0	0	0	0	0	0	0	0	0	0	0	0	0	0	0	0	0	0	0	0	0	0	0	0	-1	0	0	0	0	0	0	-1	0	0	0	0	0	0	0	0	0	0	0	0	0	0	1	0	0	43943585	27	female	independent	associate_degree	single_living_alone	civil_servant	white	Atheist / Agnostic	yes	no
15193250	1	1	1	1	-1	0	1	0	0	1	0	0	1	1	1	1	0	-1	-1	0	0	1	0	1	1	1	1	-1	1	1	1	1	-1	0	0	0	0	0	-1	0	0	1	1	1	1	1	-1	0	0	1	1	-1	0	0	0	1	0	0	1	1	1	1	1	1	0	1	-1	0	-1	1	1	1	1	1	1	1	0	0	1	1	0	1	0	1	-1	1	0	1	1	0	0	1	0	1	0	1	1	1	1	1	1	0	1	1	0	0	1	1	1	0	-1	1	0	0	-1	1	1	0	1	-1	1	1	0	1	0	0	0	-1	1	1	0	1	0	0	5	4	
34854490	0	0	0	0	0	0	0	0	0	0	0	0	0	0	0	0	0	0	0	0	0	0	0	0	1	0	0	0	0	0	0	0	0	0	0	0	0	0	0	0	0	0	0	0	0	0	0	0	0	1	0	0	0	0	0	0	0	0	0	0	0	0	0	0	0	0	0	0	0	0	0	0	0	0	0	0	0	0	0	0	0	0	0	0	0	0	0	0	0	1	0	0	0	0	0	0	0	0	0	0	0	0	0	0	0	0	0	0	0	0	0	0	0	0	0	0	0	0	0	0	0	0	0	0	0	0	0	0	0	0	1	0	0	0	0	0	34854490	35	male	democrat	bachelor	single_living_with_parents	other:caregiver	asien	Atheist / Agnostic	yes	yes
43981010	0	0	0	0	0	0	0	0	0	1	0	0	0	0	0	0	0	-1	0	0	0	0	0	0	0	0	0	0	0	0	0	0	0	0	0	0	0	1	0	0	0	0	0	0	0	0	0	0	0	0	0	0	0	0	0	0	1	0	0	0	0	0	-1	0	0	0	0	0	0	0	0	0	1	0	0	0	0	0	0	0	0	0	0	0	0	0	0	0	0	0	0	0	0	1	0	0	0	0	0	0	0	0	0	0	0	1	0	0	0	0	0	0	0	0	0	0	0	0	0	0	0	0	0	0	0	0	0	0	0	0	0	0	0	0	0	0	
19638651	0	0	0	0	0	0	0	0	0	0	0	0	1	-1	1	1	0	0	0	0	0	0	0	0	0	1	0	0	0	0	1	0	0	1	0	0	0	0	0	0	0	0	0	0	0	0	1	0	0	0	0	0	0	0	0	0	0	0	0	0	0	0	0	0	0	0	0	0	0	0	0	0	0	0	0	0	0	0	0	0	0	0	0	0	0	0	0	0	0	0	0	0	0	0	0	0	0	1	0	0	0	1	0	0	0	0	1	0	0	1	0	0	0	0	0	0	0	0	0	0	0	0	0	0	0	0	0	0	0	0	0	0	0	0	0	1	
11521789	0	0	0	0	0	0	1	0	0	0	0	1	1	1	1	1	0	0	-1	1	0	0	0	0	0	1	0	0	1	0	1	-1	0	0	1	0	0	0	0	0	0	1	0	0	0	0	0	0	1	0	1	1	0	0	0	1	0	0	0	0	1	0	1	0	0	0	0	0	0	0	0	0	-1	1	0	0	1	0	0	0	1	0	0	0	1	0	0	0	0	0	1	-1	1	1	1	1	1	1	1	1	1	0	0	0	1	0	0	0	0	1	0	0	0	1	0	0	0	1	0	0	1	1	0	1	0	0	-1	0	0	0	0	0	1	0	0	1	11521789	54	male	republican	some_college	other:Separated	employee	asien	Protestant	yes	yes
41841195	1	1	1	1	1	0	0	0	1	0	0	0	0	0	0	0	1	-1	-1	1	-1	0	1	0	0	1	0	0	0	0	0	0	0	0	0	1	0	0	0	0	1	0	0	0	0	0	0	0	0	0	0	0	0	0	1	0	1	0	0	0	0	0	0	0	0	1	0	0	0	0	0	0	0	0	0	0	0	0	0	0	1	0	0	0	0	0	0	0	0	0	0	0	0	0	0	0	0	0	0	0	0	0	0	0	0	0	0	0	0	0	0	0	0	0	0	0	0	0	0	0	1	0	0	0	0	0	1	-1	0	0	0	0	0	0	0	0	41841195	32	female	independent	some_college	single_living_with_partner	other:homemaker	white	Atheist / Agnostic	no	yes
40668212	0	0	0	0	0	0	0	0	0	0	0	0	0	0	0	0	0	0	0	0	0	0	0	0	0	0	0	0	0	0	0	0	0	0	0	0	0	0	0	0	0	0	1	0	0	0	0	0	0	0	0	0	0	0	0	0	0	0	0	0	0	1	0	0	0	0	0	0	0	0	0	0	0	0	0	0	0	0	0	0	0	0	0	0	0	0	0	0	0	0	0	0	-1	0	1	1	0	0	0	0	0	0	0	1	0	0	0	0	0	0	0	0	0	0	0	0	0	0	0	0	0	0	0	0	0	0	0	0	0	0	0	0	0	0	1	0	
34689613	0	0	0	0	0	0	0	0	0	0	1	0	-1	0	0	0	0	0	0	0	0	0	0	0	0	0	0	0	0	0	0	-1	1	0	1	0	0	0	-1	1	0	0	-1	-1	0	-1	0	0	0	0	0	0	0	0	0	0	0	1	-1	0	0	-1	0	1	0	0	0	0	1	1	0	0	0	-1	0	0	0	0	0	0	1	-1	1	1	1	1	0	0	1	0	0	0	0	0	0	1	0	0	0	0	0	1	0	0	0	0	0	0	0	1	1	0	0	0	1	1	0	0	-1	1	0	0	0	0	0	0	0	0	0	0	0	0	0	-1	1	40	
40790579	0	1	1	1	1	0	0	0	0	0	0	0	0	1	0	-1	0	1	0	1	1	0	0	0	1	1	0	1	0	0	0	0	0	0	0	0	0	1	0	0	0	1	0	0	0	0	0	0	1	1	1	1	1	0	0	0	0	0	-1	1	1	0	1	0	1	1	1	0	0	1	1	1	0	0	0	1	0	0	0	0	0	0	1	1	0	1	1	0	1	1	0	0	1	0	0	0	1	0	0	0	1	0	0	0	0	0	0	0	0	1	0	0	1	0	1	0	0	0	0	0	0	0	0	0	0	0	0	1	1	1	1	0	0	1	2	0	40790579	29	male	democrat	bachelor	single_living_alone	employee	other	Muslim	no	no
43943676	0	1	0	0	0	1	1	0	0	0	0	0	0	1	0	-1	0	0	0	0	0	0	0	0	0	0	0	0	1	-1	-1	-1	0	0	0	0	0	0	0	0	0	0	0	0	0	0	0	1	-1	0	1	1	0	1	0	1	0	0	-1	0	0	0	0	0	0	0	-1	0	0	1	0	0	0	0	0	1	1	0	1	0	0	0	0	0	0	0	0	0	0	0	0	0	0	0	1	0	0	0	0	1	0	0	0	0	0	1	0	0	0	0	0	0	0	0	1	0	1	0	0	0	0	0	0	0	-1	1	1	1	0	0	0	1	-1	0	0	0	
43606269	0	0	0	0	1	1	1	1	0	1	0	1	0	0	0	0	0	1	0	0	1	1	1	1	0	0	0	0	0	0	0	0	0	0	0	0	1	1	0	0	0	0	0	1	0	0	0	0	0	1	0	0	0	0	0	0	1	0	0	0	0	0	1	0	0	0	0	0	0	0	1	0	1	0	0	1	0	0	0	0	1	0	0	0	0	0	0	0	0	0	0	0	0	1	0	0	0	0	0	0	0	0	0	0	1	1	0	0	0	0	0	0	0	0	0	0	1	0	0	0	0	0	0	1	1	0	0	0	0	0	0	0	0	0	0	0	
43869435	1	-1	1	1	0	0	0	0	1	0	0	0	0	1	0	0	-1	1	-1	1	-1	1	-1	0	0	1	1	0	0	1	1	0	1	-1	-1	1	1	1	1	1	1	0	1	0	1	0	1	0	0	0	0	0	1	1	1	-1	1	1	0	0	0	0	0	0	1	1	-1	-1	0	0	0	0	0	1	1	0	0	-1	0	0	1	1	0	0	0	0	0	0	1	0	0	0	0	0	1	0	0	0	0	0	0	1	0	0	1	-1	1	-1	0	0	0	0	0	0	0	0	0	-1	0	0	1	0	0	0	0	1	-1	1	0	1	0	0	-1	0	1	0	
43510526	0	0	0	0	0	0	0	0	0	0	0	0	0	0	0	0	0	0	0	0	0	0	0	0	0	0	0	0	0	0	0	0	-1	-1	-1	1	0	0	0	0	0	0	0	0	0	0	0	0	0	0	0	0	0	1	0	0	0	0	0	0	0	0	0	0	0	0	0	0	0	0	0	0	0	0	0	0	0	0	0	0	0	0	0	0	0	0	0	0	0	0	0	0	0	0	0	0	0	0	0	0	0	0	0	0	0	0	1	0	0	0	0	0	0	1	0	0	0	0	0	0	0	0	0	0	0	0	0	0	0	0	0	0	0	1	0	0	43510526	30	female	none	bachelor	single_living_alone	retired	hispanic_american	Russian Orthodox	yes	no
43857136	1	0	0	-1	0	0	1	0	0	0	0	0	1	1	1	-1	0	0	0	1	0	0	0	0	1	1	0	0	0	0	1	0	0	0	0	0	0	0	0	0	0	1	0	0	0	0	1	0	1	0	0	0	0	0	0	0	0	0	0	0	1	0	0	0	0	0	0	0	0	0	0	0	1	0	0	0	1	0	0	0	0	0	0	0	0	0	0	0	0	0	1	0	0	0	0	0	0	1	0	1	0	0	0	0	0	0	0	0	0	1	0	0	0	0	0	1	1	0	0	0	1	0	0	0	0	0	0	-1	1	1	1	1	0	0	0	0	
31613324	1	1	1	1	1	0	0	0	1	0	0	0	0	0	0	0	1	1	1	1	-1	1	1	0	0	1	1	0	0	1	-1	0	1	1	1	1	1	1	0	0	1	0	1	0	1	0	1	0	0	0	0	0	1	1	1	1	1	1	0	0	0	0	0	0	-1	1	0	1	0	0	0	0	0	1	1	0	0	1	0	0	1	1	0	0	0	0	0	0	1	0	0	0	0	0	1	0	0	0	0	0	0	1	0	0	1	1	1	1	0	0	0	0	0	0	0	0	0	1	0	0	1	0	0	0	0	1	1	1	0	0	0	0	1	0	5	2	
43650804	0	0	0	0	0	1	0	0	1	1	1	1	0	0	1	-1	0	-1	0	0	0	0	0	0	0	0	1	0	0	0	1	0	0	1	0	1	0	1	0	0	0	0	0	0	1	0	0	0	0	0	0	0	0	0	1	0	0	0	0	0	0	0	0	1	0	0	0	-1	0	0	1	0	0	0	0	1	0	0	0	1	0	1	1	1	0	0	0	0	0	0	0	0	1	0	0	0	0	0	1	0	0	0	0	1	1	0	0	-1	0	0	-1	0	0	0	0	0	0	0	0	0	0	1	0	0	0	0	1	0	0	0	0	0	-1	0	0	1	
43679467	0	1	0	0	0	0	0	0	0	0	0	0	0	0	0	1	0	0	0	-1	-1	0	0	0	1	0	0	-1	0	0	1	0	0	0	0	0	0	-1	0	0	0	1	0	0	0	0	0	0	0	0	-1	0	0	0	0	0	0	-1	1	0	1	0	1	0	1	1	1	0	-1	0	0	-1	0	0	0	0	0	0	0	0	0	0	-1	1	0	0	1	0	0	0	0	0	1	0	0	0	1	0	0	0	0	0	0	0	0	0	0	0	0	0	0	1	0	0	0	0	0	1	0	0	0	0	0	0	0	0	0	0	0	1	0	0	0	1	1	1	43679467	23	female	democrat	bachelor	single_living_with_parents	employee	white	Roman Catholic	yes	yes
23711512	0	0	0	0	0	0	0	0	1	1	0	0	0	0	0	1	0	0	0	0	0	0	0	0	0	0	1	0	0	0	0	0	0	0	0	1	0	0	0	0	0	0	0	0	1	0	0	0	0	0	0	0	0	0	1	0	1	0	0	0	0	0	0	1	0	0	0	-1	0	0	1	0	0	0	0	0	0	1	0	1	0	0	0	1	0	0	0	0	0	0	0	0	1	0	0	0	0	0	1	0	0	1	0	0	1	0	0	0	0	0	0	0	0	0	0	0	0	0	0	0	0	0	0	0	-1	0	1	0	0	0	0	0	0	0	0	0	23711512	33	female	independent	vocational_secondary_certification	single_living_alone	employee	white	Protestant	no	yes
18979155	0	0	0	0	0	0	0	0	0	0	0	0	0	0	0	0	0	0	0	0	0	0	0	0	0	0	0	0	0	0	0	0	0	0	0	0	1	0	0	0	0	0	0	0	0	0	0	0	0	0	0	0	0	0	0	0	0	0	0	0	0	0	0	0	0	0	0	0	0	0	1	0	0	0	0	0	0	0	0	0	0	0	0	0	0	0	0	0	0	0	0	0	0	0	0	0	0	0	0	0	0	0	0	0	1	0	0	0	0	0	0	0	0	0	0	0	0	0	0	0	0	0	0	1	0	0	0	0	0	0	0	0	0	0	0	0	18979155	26	female	none	high_school	single_living_with_parents	unemployedseeking_employment	white	Atheist / Agnostic	no	yes
34081916	0	0	0	0	0	0	0	0	0	0	0	0	0	0	0	0	0	0	0	-1	0	0	0	0	0	0	0	-1	0	0	0	0	0	0	0	0	0	0	0	0	0	0	0	0	0	0	0	0	0	0	0	0	0	0	0	0	0	0	1	0	0	0	0	0	0	0	0	0	0	0	0	-1	0	0	0	0	0	0	0	0	0	0	0	0	0	0	0	0	0	0	0	0	0	0	0	0	0	0	0	0	0	0	0	0	0	0	0	0	0	0	0	0	0	0	0	0	0	0	0	0	0	0	0	0	0	0	0	0	0	0	0	0	0	0	0	0	
12366026	0	0	0	1	0	0	0	0	0	0	-1	0	1	-1	1	1	1	0	0	0	0	0	-1	1	0	0	0	0	1	0	1	-1	-1	0	0	0	0	0	0	0	1	1	1	1	1	1	-1	-1	0	0	0	0	0	0	0	0	1	1	-1	1	1	1	1	1	0	0	-1	0	1	0	-1	1	0	0	0	1	0	0	1	1	0	1	0	0	0	1	0	0	0	-1	1	0	0	0	0	1	1	0	0	0	-1	0	0	1	0	1	0	0	0	-1	-1	1	1	1	1	1	0	0	0	0	0	0	0	0	0	0	0	0	0	0	0	0	0	0	6	3	12366026	23	female	democrat	master	single_living_alone	employee	white	Atheist / Agnostic	yes	yes
43046630	0	1	0	0	0	1	0	0	0	0	0	0	0	0	0	0	0	1	0	0	0	0	0	0	0	0	0	0	0	0	0	0	0	0	0	0	0	-1	0	0	0	0	0	0	0	0	0	0	0	0	0	0	0	0	0	1	0	0	1	0	0	0	0	0	0	0	0	0	0	0	0	0	0	0	0	0	1	1	1	1	0	0	0	0	0	0	0	0	0	0	0	0	0	0	0	0	0	0	0	0	0	0	0	1	0	0	0	0	0	0	0	0	0	0	0	0	0	0	0	0	0	0	0	0	0	0	0	0	0	0	0	1	0	0	0	0	
35849301	0	0	0	0	0	0	0	0	0	0	0	0	0	0	0	0	0	0	0	0	0	0	0	0	0	0	0	0	0	0	1	0	0	0	0	0	0	0	0	0	0	0	0	0	0	0	0	0	0	0	0	0	0	0	0	0	0	1	0	0	0	0	0	0	1	0	0	0	0	0	0	0	0	0	0	0	0	0	0	0	0	0	0	0	0	0	0	0	0	0	0	0	0	0	0	0	0	0	0	0	0	0	0	0	0	0	0	0	0	0	0	0	0	0	0	0	0	-1	0	0	0	0	0	0	0	0	0	0	0	0	0	0	0	0	0	1	
43684066	1	0	0	-1	0	0	1	1	1	1	0	1	1	0	0	0	0	0	-1	1	0	0	0	1	1	0	1	1	1	0	0	-1	0	0	0	0	0	0	0	0	1	1	1	0	1	1	1	0	-1	0	1	1	1	1	1	1	0	0	0	0	1	-1	-1	1	1	-1	0	0	0	0	1	1	1	1	1	0	1	0	1	1	-1	1	0	0	1	1	0	1	0	0	0	-1	1	1	1	1	1	1	1	1	1	-1	1	1	0	0	0	0	1	0	0	0	-1	-1	1	1	1	-1	0	1	1	1	1	-1	0	1	0	-1	1	1	1	1	-1	1	0	3	
43947238	0	0	0	0	0	0	0	0	0	0	0	0	0	0	1	0	0	0	0	0	0	0	1	0	0	0	0	0	0	0	0	0	0	0	0	0	0	0	0	0	0	0	0	0	0	0	1	0	0	0	0	0	0	0	0	0	0	1	0	0	0	0	0	0	0	0	0	0	0	0	0	0	0	0	0	0	0	0	0	0	0	0	0	0	0	0	0	0	0	0	0	0	0	0	0	0	0	0	0	0	0	0	0	0	0	0	0	0	0	0	0	0	0	0	0	0	0	0	0	0	0	0	0	0	0	0	0	0	0	0	0	0	0	0	0	47	
43797734	1	0	0	0	0	0	0	0	0	0	0	0	0	0	0	0	0	0	-1	0	0	0	0	0	0	0	0	0	0	0	0	0	0	0	0	0	0	0	0	0	1	0	0	0	0	0	0	0	0	0	0	0	0	0	0	0	0	0	0	0	0	0	0	0	1	1	0	0	0	0	0	0	0	0	0	0	0	0	0	0	0	0	0	0	0	0	0	0	0	0	0	0	0	0	0	0	0	1	0	0	0	0	0	0	0	0	0	0	0	0	0	0	0	0	0	0	0	0	0	-1	0	0	1	0	0	0	0	0	0	0	0	0	0	0	0	0	
15004831	1	1	1	1	1	1	1	1	0	1	0	1	1	1	1	0	0	0	-1	1	-1	1	1	1	1	0	1	1	1	-1	0	0	1	-1	-1	1	0	1	1	0	1	1	1	1	0	1	1	0	1	0	1	1	1	1	0	1	1	1	-1	1	1	1	0	1	1	0	0	0	-1	1	1	0	1	1	1	1	1	1	1	1	1	1	1	1	0	0	1	0	1	1	1	-1	0	0	1	0	1	1	1	1	1	1	1	1	0	1	1	-1	1	1	-1	-1	-1	1	1	-1	1	0	-1	-1	1	1	1	1	-1	1	1	-1	1	0	-1	1	1	1	7	11	
43948769	0	0	0	0	0	1	0	0	1	1	1	1	0	0	0	0	0	-1	0	0	1	1	1	-1	0	0	0	0	0	0	0	0	0	0	0	0	0	1	0	0	0	0	0	1	0	0	0	0	0	1	0	0	1	0	0	0	1	0	0	0	0	0	-1	0	0	0	0	0	0	0	0	0	1	0	0	1	0	0	0	0	1	1	1	0	1	-1	1	1	0	0	0	0	1	1	0	0	1	1	1	-1	0	0	1	0	0	1	0	0	0	0	-1	0	0	0	0	0	1	0	0	0	0	0	0	0	-1	0	0	0	0	0	0	0	0	0	0	5	
43858972	0	1	0	0	1	0	0	1	0	0	0	0	0	1	0	1	0	0	0	1	1	1	0	0	0	0	1	1	0	1	0	0	1	1	1	0	1	1	1	1	0	1	1	0	1	0	0	0	0	0	0	0	1	1	0	1	0	0	1	0	1	0	0	0	0	1	1	1	1	0	0	1	0	1	1	0	0	1	0	0	0	1	0	0	0	0	1	0	1	0	0	0	0	0	1	0	0	0	0	0	0	0	0	0	0	0	0	0	0	0	0	1	1	0	0	0	0	0	1	0	0	0	0	0	0	1	0	0	0	1	0	0	1	1	0	0	
43836952	0	0	0	0	0	0	0	0	0	0	0	0	0	0	0	0	0	0	0	0	0	0	0	0	1	1	-1	1	0	0	0	-1	0	0	1	0	0	0	1	0	0	0	-1	0	1	1	1	0	0	1	0	0	0	0	0	0	0	0	1	0	0	0	0	-1	0	0	0	0	1	0	0	0	0	1	0	0	0	0	0	0	1	1	1	-1	1	1	1	0	1	1	-1	1	0	0	1	0	0	0	0	0	0	0	0	0	0	0	0	0	0	0	1	0	1	0	0	-1	1	0	0	0	0	0	0	0	0	0	0	0	0	0	-1	0	0	1	1	0	
30501721	1	0	0	0	0	0	0	0	0	0	0	0	0	0	1	0	-1	0	0	0	-1	0	-1	1	1	1	1	-1	0	0	0	1	-1	1	1	1	0	0	0	0	0	0	0	0	-1	1	1	-1	0	1	0	0	0	-1	0	0	0	0	0	0	0	0	0	0	0	0	0	0	-1	1	0	0	0	0	0	0	0	0	0	0	0	0	0	0	0	0	1	0	1	1	1	-1	0	0	1	0	0	0	0	0	-1	-1	1	1	0	0	1	0	-1	0	0	0	-1	1	1	-1	1	1	-1	1	0	0	0	0	0	0	0	0	0	0	1	0	0	1	0	0	30501721	32	female	none	vocational_secondary_certification	single_living_with_partner	other:Homemaker	white	other:Christian/Southern Baptist	yes	yes
43642386	0	1	1	1	-1	1	1	1	0	0	1	0	0	0	0	0	1	1	0	0	-1	1	0	-1	0	0	1	0	1	1	0	0	-1	-1	1	0	1	1	-1	1	0	1	1	-1	1	0	0	1	1	1	-1	1	1	0	0	-1	1	1	-1	1	1	0	1	0	0	1	-1	1	1	1	1	0	0	1	1	1	1	1	1	0	0	1	0	0	1	1	1	1	1	1	1	-1	1	1	1	1	0	1	0	1	1	0	1	0	1	1	1	1	1	0	0	1	-1	1	1	0	1	0	0	-1	0	0	1	1	1	1	1	1	0	-1	1	0	0	1	5	16	43642386	34	male	independent	bachelor	married	selfemployed	hispanic_american	Protestant	yes	no
10959404	0	0	0	0	0	0	0	0	0	0	0	0	0	0	0	0	0	0	-1	1	0	0	0	0	0	0	0	0	0	0	0	0	0	0	0	0	0	0	0	0	0	0	0	0	0	0	0	0	0	0	1	0	0	0	0	1	0	0	0	0	0	0	0	0	0	0	0	0	0	0	0	0	0	0	0	0	0	0	0	0	0	0	0	0	0	0	0	0	0	0	0	-1	0	0	0	0	0	0	1	1	0	0	0	0	0	0	0	0	0	0	0	0	0	0	0	0	0	0	0	0	0	0	0	0	0	0	0	0	0	0	0	0	0	0	0	1	
43641877	0	-1	1	1	0	1	0	1	0	1	1	0	0	-1	0	-1	1	1	0	0	0	1	0	1	0	0	1	1	-1	1	-1	1	1	0	0	0	0	0	1	0	0	1	1	0	0	0	0	0	1	1	1	1	0	1	0	1	0	0	1	1	1	1	0	1	0	0	1	0	1	0	1	0	0	0	1	1	0	0	0	1	0	0	0	1	1	1	0	1	1	1	1	1	0	1	1	0	0	0	1	0	1	0	1	1	0	1	0	0	0	0	0	1	0	0	1	0	0	0	0	0	1	1	1	1	0	0	0	0	1	0	1	0	0	0	8	13	
43584008	0	0	0	0	1	0	0	0	0	0	0	0	0	-1	1	0	0	0	0	0	0	1	1	0	0	0	1	0	0	1	0	0	0	0	1	0	0	0	0	0	0	0	1	0	0	0	1	0	0	0	0	0	0	0	0	0	0	1	0	0	0	0	0	0	0	0	-1	1	0	0	0	0	0	0	0	0	0	0	0	0	0	1	0	0	0	0	0	0	0	0	0	0	0	0	0	0	-1	1	1	1	0	0	0	0	0	0	0	0	0	0	0	0	0	0	0	0	0	0	0	0	0	0	0	0	0	0	0	0	0	-1	0	0	0	0	0	0	43584008	29	female	democrat	master	single_living_with_partner	student	white	Atheist / Agnostic	yes	yes
43851278	1	1	1	1	0	0	0	0	1	0	0	0	0	0	0	0	1	-1	1	1	1	-1	1	0	0	1	1	0	0	1	-1	0	1	1	1	1	-1	-1	0	0	1	0	-1	0	1	0	1	0	0	0	0	0	1	1	1	-1	1	1	0	0	0	0	0	0	1	1	1	0	0	0	0	0	0	1	-1	0	0	1	0	0	1	1	0	0	0	0	0	0	1	0	0	0	0	0	-1	0	0	0	0	0	0	-1	0	0	1	1	1	1	0	0	0	0	0	0	0	0	0	1	0	0	1	0	0	0	0	1	1	1	0	1	0	0	1	0	5	7	43851278	25	male	democrat	bachelor	single_living_with_parents	employee	black_or_african_american	Protestant	yes	yes
39531214	1	0	0	0	0	0	0	0	0	0	1	0	1	1	1	1	1	0	0	1	1	0	1	1	1	1	1	1	0	0	1	1	1	0	1	0	1	0	1	0	0	1	1	0	0	1	0	1	1	0	0	0	0	0	0	0	0	-1	1	0	1	-1	0	1	0	0	0	0	-1	0	0	0	1	1	0	0	1	0	0	0	1	1	1	1	1	1	0	0	1	1	1	1	0	0	0	1	0	1	0	0	0	1	0	0	0	0	0	0	1	1	0	0	0	0	1	1	-1	0	-1	-1	1	0	0	0	0	0	0	0	0	0	0	0	0	1	3	12	
27947324	1	1	1	1	0	0	0	1	1	0	1	1	0	0	0	-1	0	0	-1	1	0	0	0	0	0	1	0	0	1	0	0	0	0	-1	-1	0	0	0	0	0	1	0	0	1	0	0	0	0	0	0	1	1	0	1	1	1	0	0	0	1	0	0	0	0	0	1	0	-1	-1	0	0	0	0	1	0	0	1	1	0	0	1	0	0	0	1	0	0	1	0	1	0	-1	0	0	1	1	-1	0	1	1	0	0	0	0	1	0	1	0	1	1	0	-1	0	0	0	0	0	-1	-1	-1	0	1	1	-1	0	0	0	0	1	0	0	0	-1	1	2	1	27947324	40	male	democrat	bachelor	married	employee	hispanic_american	Roman Catholic	yes	yes
8921119	0	0	0	0	0	0	1	0	1	1	1	1	0	0	0	0	0	0	0	0	-1	1	1	1	0	0	0	0	1	0	0	-1	0	0	0	0	0	0	0	0	0	0	0	0	0	0	0	0	-1	1	0	0	0	0	0	0	0	0	0	0	0	0	0	0	0	0	0	0	0	0	0	0	0	0	0	1	0	0	0	0	0	1	0	0	0	0	0	0	0	0	0	0	1	0	0	0	0	0	0	0	1	0	0	0	0	0	0	0	0	0	-1	0	0	1	0	0	1	0	0	0	0	0	0	0	0	0	1	0	0	0	0	0	-1	0	0	0	
39513281	0	0	0	0	0	0	0	0	0	0	-1	0	0	0	0	0	0	0	0	0	0	0	0	0	0	0	0	0	0	0	0	-1	-1	0	0	0	1	0	0	0	0	0	0	0	0	1	0	0	0	0	0	0	0	0	0	0	0	1	0	0	0	1	0	0	0	0	0	0	0	1	0	0	0	0	0	0	0	0	0	0	0	0	0	0	0	0	0	0	0	0	0	0	0	0	0	0	0	0	0	0	0	0	0	0	0	0	0	0	0	0	0	0	0	0	0	0	0	0	0	0	0	0	0	0	0	0	0	0	0	0	0	0	0	0	0	0	
35330747	0	0	0	0	0	1	0	0	0	1	0	0	1	0	0	0	0	1	0	0	-1	1	-1	1	0	0	0	0	1	1	0	0	0	0	0	0	1	1	0	1	1	0	0	-1	-1	0	0	0	0	0	0	0	0	0	0	0	1	0	0	0	0	0	1	0	0	0	0	0	-1	1	1	-1	1	0	0	0	0	0	0	0	-1	0	0	0	0	1	0	0	1	0	0	0	0	1	0	0	0	0	0	0	0	1	0	0	0	1	0	0	1	1	1	1	0	0	-1	0	0	0	-1	1	0	0	0	0	1	0	0	0	0	0	0	0	0	0	1	1	35330747	22	female	none	some_college	single_living_with_parents	employee	white	Atheist / Agnostic	no	yes
33266010	0	0	0	0	0	0	0	0	0	0	0	0	0	0	0	0	0	0	0	0	0	0	0	0	1	1	0	0	0	0	0	0	0	0	0	0	0	1	0	0	0	0	0	1	0	0	0	0	0	0	1	0	1	0	0	0	0	0	0	1	0	0	1	0	1	0	1	0	0	0	0	0	0	0	0	0	0	0	0	0	0	0	-1	1	0	0	1	0	0	1	0	0	1	0	0	0	1	0	0	0	0	0	0	0	0	0	1	0	0	1	0	1	1	0	0	0	0	0	0	1	0	0	0	0	0	0	0	1	1	0	0	0	0	0	0	34	
43904063	0	0	0	0	0	0	0	0	0	0	0	0	-1	0	1	0	0	0	0	0	0	1	-1	-1	0	0	0	1	0	0	0	0	0	0	0	0	0	0	0	0	0	0	0	0	0	-1	1	0	0	0	0	0	-1	0	0	0	0	-1	0	0	0	0	0	0	0	0	0	0	0	0	0	0	0	0	1	0	0	0	0	0	0	1	-1	0	0	0	0	0	0	0	0	0	0	0	0	0	1	1	1	-1	0	0	-1	1	0	0	0	0	0	0	0	0	0	0	0	0	0	0	0	0	-1	0	0	0	0	-1	0	0	0	0	0	1	0	0	0	19	
34093227	0	0	0	0	0	0	0	0	1	0	1	1	0	0	0	0	-1	0	0	0	0	0	0	1	0	0	0	0	1	0	0	1	1	1	-1	1	0	0	0	0	0	0	0	0	0	0	0	0	0	0	0	0	-1	1	1	1	0	0	0	1	0	0	0	0	0	0	0	0	0	0	0	0	0	0	0	0	0	0	0	0	0	0	0	0	1	1	1	1	0	1	0	-1	0	0	0	0	0	0	0	0	1	0	0	0	0	0	1	0	0	0	0	0	0	0	0	0	0	0	0	0	0	1	0	0	0	0	0	0	1	0	0	0	0	1	1	0	34093227	38	female	none	bachelor	single_living_with_partner	employee	white	Roman Catholic	yes	yes
37292698	0	0	0	0	0	0	0	0	1	1	-1	1	1	0	0	0	0	0	0	0	-1	0	0	0	0	0	0	0	-1	1	0	0	0	0	0	0	0	0	0	0	1	0	0	0	0	0	0	0	0	0	0	0	0	0	1	0	0	0	0	1	0	0	0	0	0	1	0	0	0	0	0	0	0	0	0	-1	0	0	0	0	0	1	0	0	1	-1	1	-1	0	0	0	-1	1	0	0	0	0	0	0	0	0	0	0	0	0	0	0	0	0	0	1	0	0	0	0	0	0	0	0	0	1	-1	0	0	0	0	0	0	0	0	0	0	0	0	0	2	
18666417	0	0	0	0	-1	1	1	1	1	1	-1	1	1	-1	1	1	0	0	0	0	0	0	1	0	0	1	0	0	0	0	-1	0	0	0	0	0	0	0	0	0	0	0	0	0	0	0	1	0	0	0	0	0	0	0	0	0	0	1	0	0	0	0	0	0	0	0	0	0	0	0	0	0	0	0	0	1	0	0	0	0	0	1	0	0	0	0	0	0	0	0	0	0	1	0	0	0	0	1	0	0	0	0	0	0	0	0	0	0	0	1	1	0	0	0	0	0	0	0	0	0	0	0	0	0	0	0	0	0	0	0	0	0	0	0	0	0	18666417	57	female	democrat	some_college	single_living_alone	retired	white	Roman Catholic	no	yes
43994669	0	0	0	0	0	0	0	0	0	1	1	1	0	0	0	0	0	0	0	0	0	0	0	0	0	0	1	0	0	0	0	0	0	0	0	1	0	0	0	0	0	0	0	0	0	0	0	0	0	0	0	0	0	0	1	0	1	0	0	1	0	0	0	0	0	0	0	0	0	0	0	0	0	0	0	1	0	1	0	0	0	1	0	0	1	1	1	1	0	0	0	1	1	0	0	0	0	0	0	0	0	1	0	0	0	0	0	0	0	0	-1	0	0	0	0	0	0	0	0	0	0	1	0	0	1	0	0	0	0	0	0	0	0	0	1	3	43994669	24	male	none	associate_degree	single_living_with_partner	selfemployed	white	Atheist / Agnostic	yes	yes
43989034	1	0	0	0	0	1	0	0	1	0	0	1	0	0	1	0	1	1	0	0	0	0	1	-1	1	1	1	1	1	0	0	-1	1	1	1	1	0	1	0	0	0	0	0	0	0	0	0	1	0	1	1	0	-1	1	1	1	0	0	0	0	0	0	0	0	0	0	0	0	0	0	0	0	0	0	0	0	0	0	1	0	0	0	0	0	0	0	0	1	1	1	1	-1	0	0	1	0	0	0	0	1	1	-1	1	1	0	0	1	0	1	0	0	0	0	-1	0	1	1	-1	-1	-1	0	0	0	0	-1	1	1	1	1	0	1	0	-1	1	0	0	
43907115	0	0	0	1	0	0	0	0	0	0	0	0	0	0	0	0	0	1	0	0	0	0	0	0	0	0	0	0	0	0	1	0	0	-1	0	0	0	0	0	0	0	0	0	0	0	0	1	0	0	0	0	0	0	0	0	0	0	-1	0	0	0	0	0	0	1	1	-1	-1	0	0	0	0	0	0	0	0	0	0	0	0	0	0	0	0	0	0	0	0	0	0	0	0	0	0	0	0	0	0	0	0	1	-1	0	0	1	1	1	-1	0	0	0	0	0	0	0	0	0	1	0	0	0	0	0	0	0	0	0	0	0	0	1	0	0	0	0	0	43907115	21	male	democrat	high_school	married	student	american_indian_or_alaska_native	Muslim	yes	yes
43942953	0	0	0	0	0	1	0	0	0	1	0	1	0	0	0	0	0	1	0	0	1	1	1	1	0	0	0	0	0	0	0	0	0	0	0	0	1	1	0	0	0	0	0	1	0	0	0	0	0	1	0	0	0	0	0	0	1	0	0	0	0	0	1	0	0	0	0	0	0	0	1	0	1	0	0	1	0	0	0	0	1	0	0	0	0	0	0	0	0	0	0	0	0	1	0	0	0	0	0	0	0	0	0	0	1	1	0	0	0	0	0	0	0	0	0	0	1	0	0	0	0	0	0	1	1	0	0	0	0	0	0	0	0	0	0	3	
38198526	0	0	0	0	0	0	0	0	0	0	0	1	0	0	0	0	0	0	0	0	0	0	0	0	0	1	0	0	0	0	0	0	0	0	0	0	1	0	0	0	0	0	0	1	0	0	0	0	0	1	1	0	-1	0	0	0	0	0	0	1	0	0	-1	0	0	0	0	0	0	0	1	0	0	0	0	1	0	0	0	0	0	0	0	0	0	0	0	0	0	1	0	0	1	0	0	0	1	0	0	0	0	0	0	0	1	0	1	0	0	1	0	-1	0	0	0	0	1	0	0	-1	0	0	0	-1	0	0	0	1	1	0	0	0	0	0	0	1	38198526	49	male	democrat	some_college	single_living_with_partner	selfemployed	white	Atheist / Agnostic	no	yes
43912740	0	0	0	0	0	0	0	0	0	0	0	0	0	0	1	0	0	0	0	0	0	0	0	0	0	0	0	0	0	0	-1	0	0	-1	0	1	0	0	0	0	0	0	0	0	0	0	0	0	0	0	0	0	0	0	0	0	0	0	0	0	0	0	0	0	0	0	0	0	0	0	0	0	0	0	0	0	0	0	0	0	0	0	1	0	0	0	0	0	0	0	0	0	0	0	0	0	0	0	0	0	0	0	0	0	0	0	0	1	0	0	0	0	0	0	0	0	0	0	0	0	0	-1	0	0	0	0	0	0	0	0	0	0	-1	0	0	0	
29571331	1	0	0	0	0	0	0	0	-1	0	0	-1	0	0	-1	0	-1	0	0	0	-1	0	-1	-1	-1	-1	-1	-1	0	0	0	-1	-1	-1	1	-1	0	0	0	0	-1	0	0	0	1	-1	-1	0	0	-1	0	0	1	-1	1	-1	0	0	0	0	0	0	0	0	-1	0	0	0	-1	-1	0	0	0	0	0	0	0	0	0	0	0	0	0	0	0	0	-1	-1	1	-1	1	1	0	0	-1	0	0	-1	0	0	-1	1	-1	-1	0	0	-1	0	-1	0	0	0	1	-1	-1	-1	-1	-1	-1	-1	0	0	0	0	0	0	0	0	-1	0	-1	0	0	-1	1	4	29571331	21	male	democrat	high_school	single_living_with_parents	unemployedseeking_employment	black_or_african_american	Roman Catholic	no	yes
13581319	1	0	0	1	0	0	0	0	0	0	-1	1	0	0	1	0	0	0	0	0	0	0	0	1	1	1	-1	-1	1	1	0	1	1	0	1	0	1	0	0	0	0	0	0	0	0	1	0	-1	0	-1	0	0	0	0	0	0	0	1	0	0	0	1	0	-1	0	0	0	0	0	1	0	0	0	1	0	0	1	0	0	0	-1	0	0	0	-1	0	0	0	1	0	-1	-1	1	1	-1	1	0	0	0	0	-1	1	0	0	-1	1	0	0	0	0	1	0	0	1	0	-1	0	1	0	1	0	-1	0	1	0	0	0	0	0	0	1	0	0	0	2	0	
43984981	0	0	0	0	0	1	0	0	0	0	0	0	0	0	1	0	0	0	0	0	0	0	-1	0	0	0	0	0	0	0	0	0	0	0	0	0	0	0	-1	0	0	0	0	0	0	0	1	0	0	0	-1	0	0	-1	0	0	0	1	0	0	-1	0	0	0	0	0	0	0	0	0	0	0	0	0	0	0	1	0	1	0	0	0	0	0	0	0	0	0	0	0	0	-1	0	-1	0	0	0	0	0	1	0	0	0	0	0	-1	0	0	0	0	0	0	0	0	0	0	0	0	0	0	1	-1	-1	1	-1	0	0	0	0	0	0	0	0	0	0	1	
32569659	0	0	0	0	0	0	0	0	0	0	0	0	0	0	0	0	0	0	0	0	-1	0	0	0	0	0	0	0	0	0	0	0	0	0	0	0	0	0	0	0	0	1	0	0	0	0	0	0	0	0	0	0	0	0	0	0	0	0	0	0	0	0	0	0	0	1	0	0	0	0	0	0	0	0	0	0	0	0	0	0	0	0	0	0	0	0	-1	0	0	0	0	0	0	0	0	0	0	0	0	0	0	0	0	0	0	0	0	0	0	0	0	0	0	0	0	0	0	0	0	0	0	0	0	0	0	0	0	0	0	0	0	0	0	0	0	0	
40407716	0	0	0	0	0	0	0	1	0	0	0	0	0	0	0	0	0	0	0	0	0	0	0	0	0	0	0	0	0	0	0	0	0	1	0	0	0	0	0	0	0	0	0	0	0	0	0	0	0	0	0	0	0	0	0	0	0	0	0	0	0	0	0	0	0	0	0	1	0	0	0	0	0	0	0	0	0	0	0	0	0	0	0	0	0	0	0	0	0	0	0	0	0	0	0	0	0	0	0	0	0	0	0	0	0	0	0	0	0	0	0	0	0	0	0	0	0	0	-1	0	0	0	0	0	0	0	0	0	0	0	0	0	0	0	0	0	
20170210	-1	0	0	0	0	0	0	0	0	0	0	0	0	0	0	0	0	0	0	0	0	0	0	0	0	0	0	0	0	0	0	0	0	0	0	0	0	0	0	0	-1	0	0	0	0	0	0	0	0	0	0	0	0	0	0	0	0	0	0	0	0	0	0	0	-1	0	0	0	0	0	0	0	0	0	0	0	0	0	0	0	0	0	0	0	0	0	0	0	0	0	0	0	0	0	0	0	0	-1	0	0	0	0	0	0	0	0	0	0	0	0	0	0	0	0	0	0	0	0	0	0	0	0	0	0	0	0	0	0	0	0	0	0	0	0	0	0	20170210	37	female	republican	bachelor	other:divorced living with kids	selfemployed	white	Protestant	yes	yes
43936844	0	0	1	1	0	0	0	0	0	0	1	0	0	0	0	0	1	0	0	0	0	0	0	-1	0	0	0	0	1	1	0	1	0	0	0	0	0	0	0	1	0	0	0	0	0	0	0	1	0	1	0	1	0	0	0	0	0	0	0	0	0	0	1	1	0	0	0	0	0	0	0	1	0	0	0	0	0	-1	0	0	0	0	0	0	0	0	0	1	0	1	0	0	1	-1	1	1	0	0	0	0	-1	0	1	0	0	-1	0	-1	0	0	0	0	0	1	0	0	0	0	-1	0	0	0	1	0	0	0	0	0	0	0	0	0	0	0	1	0	
44084851	0	0	0	0	1	1	1	1	0	0	0	0	0	0	0	0	0	0	0	0	0	0	0	0	0	0	0	-1	0	0	0	0	0	0	0	0	0	0	0	0	0	0	0	0	0	0	0	0	0	0	0	0	0	0	0	0	0	0	0	0	0	0	0	0	0	0	0	0	0	0	0	0	0	0	0	0	0	0	0	0	0	0	0	1	0	1	0	0	0	0	0	0	0	0	0	0	0	0	0	0	0	0	0	0	0	0	0	0	0	0	0	1	0	0	0	0	0	0	0	0	0	0	0	0	0	0	0	0	0	0	0	0	0	0	0	11	
43936834	0	0	1	0	0	0	1	1	0	0	1	0	0	0	0	0	0	0	0	0	0	0	0	0	0	1	0	0	0	0	0	0	0	1	0	0	0	0	0	1	0	0	1	1	0	0	0	0	-1	1	0	0	-1	0	0	0	0	0	0	1	0	0	0	0	0	0	0	1	0	0	0	1	0	1	0	0	0	1	0	0	1	1	1	1	0	1	0	1	0	1	1	0	0	0	1	0	-1	0	0	0	0	0	0	0	0	0	1	-1	0	1	1	-1	0	-1	0	0	0	0	-1	1	0	0	1	0	0	0	-1	1	1	0	0	0	-1	0	0	1	43936834	29	male	democrat	some_college	married	employee	hispanic_american	Roman Catholic	yes	no
13900808	0	0	0	0	0	0	0	0	0	0	0	0	0	0	0	0	0	0	0	0	0	0	0	0	0	0	0	0	0	0	0	0	0	0	0	0	0	0	0	0	0	0	0	-1	0	0	0	0	0	0	0	0	0	0	0	0	0	0	0	0	0	0	0	0	0	0	0	0	0	0	0	0	0	0	0	0	0	0	0	0	0	0	0	0	0	0	0	0	0	0	0	0	0	0	0	0	0	0	0	0	0	0	0	0	0	0	-1	0	0	0	0	1	0	0	0	0	0	0	0	1	0	0	0	0	0	0	0	0	0	0	0	0	0	0	0	0	
12115558	0	0	0	0	0	0	0	0	1	1	-1	1	1	0	-1	-1	0	0	0	0	0	0	0	0	1	1	1	1	1	1	1	0	0	-1	-1	1	0	0	0	0	1	0	1	0	1	1	1	1	0	1	1	0	1	0	1	0	1	1	-1	1	1	1	-1	1	0	0	0	1	-1	1	1	1	0	0	0	1	0	-1	0	1	0	1	1	1	1	0	1	1	0	1	0	-1	1	-1	0	1	0	0	1	0	0	1	1	1	0	0	0	0	1	1	0	0	0	0	0	0	0	0	-1	0	1	0	1	1	-1	0	1	-1	1	0	1	0	1	0	7	0	12115558	64	female	democrat	bachelor	married	retired	white	Roman Catholic	yes	yes
43808323	0	0	0	0	0	0	0	0	0	0	0	0	0	0	0	0	0	0	0	0	0	0	0	0	0	0	0	0	0	0	0	0	0	0	0	0	0	0	0	0	1	1	1	-1	0	0	0	0	0	0	0	0	0	0	0	0	0	0	0	0	0	0	0	0	0	0	0	0	0	0	0	0	0	0	0	0	0	0	0	0	0	0	0	0	0	0	0	0	0	0	0	0	0	0	0	0	0	0	0	0	0	0	0	0	0	0	0	0	0	0	0	0	0	0	0	0	0	0	0	0	0	0	0	0	0	0	0	0	0	0	0	0	0	0	0	0	
43866745	0	1	0	0	0	0	1	0	0	0	0	0	1	1	1	-1	0	0	0	1	-1	0	0	0	0	1	0	1	0	0	1	0	0	0	0	0	0	0	0	0	0	1	0	0	0	0	0	0	-1	0	0	0	0	0	0	0	0	0	-1	0	1	0	0	0	0	1	0	0	-1	0	0	1	0	0	0	0	1	0	0	0	0	0	0	0	0	0	1	0	0	0	0	0	0	0	0	0	0	1	0	0	0	0	0	0	0	0	0	0	0	1	0	-1	-1	0	0	0	0	0	0	0	0	0	0	0	0	0	1	0	0	1	0	0	-1	1	0	0	43866745	43	female	none	associate_degree	married	employee	white	Protestant	yes	yes
43847796	0	0	0	0	0	1	0	0	0	0	0	0	0	0	0	0	0	0	0	0	0	0	0	0	0	0	0	0	0	0	0	0	0	0	0	0	0	0	0	0	0	0	0	1	0	0	0	0	0	0	0	0	0	0	0	0	0	0	0	0	0	0	0	0	0	0	0	0	0	0	0	0	0	0	0	0	0	0	0	0	-1	0	0	0	0	0	0	0	0	0	0	0	0	0	0	0	0	0	0	0	0	0	0	0	0	0	0	0	0	0	0	0	0	0	0	0	0	0	0	0	0	0	0	0	-1	0	0	0	0	0	0	0	0	0	0	0	
43986037	0	0	0	0	0	0	0	0	0	0	0	1	0	0	0	0	0	0	-1	0	0	0	0	0	0	0	0	0	0	0	0	0	0	0	0	0	0	0	0	0	0	0	0	0	0	0	0	0	0	-1	0	0	0	0	0	0	0	0	0	0	0	0	0	0	0	-1	0	0	0	0	0	0	0	0	0	1	0	0	0	0	0	0	0	0	0	0	0	0	0	0	0	0	0	0	0	0	0	0	0	0	0	0	0	0	0	0	0	0	0	0	0	0	0	0	0	0	-1	0	0	1	0	0	-1	0	0	0	0	0	0	0	0	0	0	0	0	1	43986037	55	female	republican	some_college	married	selfemployed	white	Protestant	yes	yes
32055577	0	0	0	0	0	0	0	0	1	0	0	0	0	0	0	0	0	0	0	0	-1	0	0	0	0	0	0	0	0	0	0	0	0	0	0	0	0	0	0	0	0	0	0	0	0	0	0	0	0	0	0	0	0	0	0	0	0	0	0	0	0	0	0	0	0	1	0	0	0	0	0	0	0	0	0	0	0	0	0	0	0	0	0	0	0	0	0	0	0	0	0	0	0	0	0	0	0	0	0	0	0	0	0	0	0	0	0	0	0	0	0	0	0	0	0	0	0	0	0	0	1	0	0	0	0	0	0	0	0	0	0	0	0	0	0	0	
37799090	0	0	0	0	0	0	0	0	1	1	1	1	1	0	1	-1	0	0	0	0	0	0	0	0	0	0	1	0	1	-1	1	0	0	-1	0	1	0	0	0	0	1	0	0	0	1	0	0	0	0	0	0	0	0	0	1	0	1	0	0	1	0	0	0	1	0	0	0	-1	0	0	1	0	0	0	0	0	0	1	0	1	0	0	1	1	0	0	0	0	0	0	0	-1	1	0	0	0	0	0	1	0	0	-1	0	0	1	0	0	-1	0	0	0	0	0	0	0	0	0	0	0	0	0	1	0	0	-1	0	1	0	0	0	0	0	-1	0	0	0	37799090	24	female	independent	high_school	single_living_with_partner	unemployedseeking_employment	white	Buddhist	no	yes
43861611	0	1	0	0	-1	0	0	0	0	0	0	0	0	0	0	-1	1	-1	-1	1	0	0	1	0	0	0	0	0	0	0	0	0	0	0	0	1	0	0	0	0	0	0	0	0	1	0	0	0	0	0	0	0	0	0	1	0	1	0	0	0	0	0	0	1	0	0	0	-1	0	0	1	0	0	0	0	0	0	0	0	1	1	0	0	1	0	0	0	0	0	0	0	0	1	0	0	0	0	0	1	0	0	0	0	0	1	0	0	0	0	0	0	0	0	0	0	0	0	0	0	0	0	0	0	0	0	0	1	0	0	0	0	0	0	0	0	0	43861611	28	female	independent	bachelor	married	unemployedseeking_employment	white	Protestant	no	yes
38858920	0	0	0	0	0	0	0	0	0	0	0	0	0	0	0	0	0	0	0	0	0	0	0	0	0	0	0	0	0	0	0	0	0	1	1	0	0	0	-1	0	0	0	0	0	0	0	1	0	0	0	1	0	0	0	0	0	0	0	-1	0	0	0	-1	-1	0	0	0	0	-1	0	0	0	0	0	0	0	0	0	0	0	0	0	0	0	1	0	0	0	0	0	0	0	1	0	0	0	1	0	0	0	0	1	0	0	0	0	1	0	0	0	0	0	0	0	0	1	0	0	0	0	0	0	0	0	0	0	0	0	0	0	0	0	0	1	0	0	38858920	41	female	republican	doc	single_living_alone	unemployedseeking_employment	white	Roman Catholic	yes	yes
34554100	1	0	0	0	0	0	0	0	0	0	0	0	0	0	1	0	1	0	0	0	-1	0	1	1	1	1	1	-1	0	0	0	1	-1	1	-1	1	0	0	0	0	0	0	0	0	1	1	-1	0	0	1	0	0	0	1	0	0	0	0	0	0	0	0	0	0	0	0	0	0	-1	1	0	0	0	0	0	0	0	0	0	0	0	0	0	0	0	0	1	0	1	0	1	1	0	0	1	0	0	0	0	0	-1	1	1	1	0	0	-1	0	1	0	0	0	1	1	1	-1	1	-1	1	-1	0	0	0	0	0	0	0	0	0	0	1	0	0	1	2	1	34554100	30	female	independent	high_school	single_living_with_partner	selfemployed	white	other:baptist	no	yes
43944033	0	0	0	0	0	0	0	0	0	0	0	0	1	0	0	0	0	0	0	0	0	0	0	0	0	0	0	0	1	1	0	0	0	0	1	0	1	0	1	1	1	0	1	1	0	0	0	0	0	0	0	0	0	0	0	0	0	0	-1	0	0	0	0	1	0	0	0	0	-1	0	0	0	0	1	0	0	0	0	0	0	-1	1	1	1	1	1	0	0	1	0	0	0	0	0	0	-1	0	0	0	0	0	-1	0	0	0	0	0	0	0	1	1	0	0	0	1	1	0	0	-1	1	0	0	0	0	0	0	0	0	0	0	0	0	0	1	0	2	
43876255	0	0	0	0	0	0	0	0	0	0	0	0	1	0	1	0	0	0	0	0	0	0	0	0	0	0	0	0	1	1	1	0	0	1	0	-1	0	0	0	0	1	0	0	0	0	0	0	0	0	0	0	0	0	0	0	0	0	0	0	0	0	0	0	0	0	0	0	0	0	0	0	0	0	0	0	0	0	0	0	0	0	0	1	0	0	0	0	0	0	0	0	0	0	0	0	0	0	0	0	0	0	0	0	0	0	0	0	-1	0	0	0	0	0	0	0	0	0	0	0	0	0	1	0	0	0	0	0	0	0	0	0	0	-1	0	0	0	43876255	27	male	independent	associate_degree	married	employee	white	Protestant	no	yes
30410452	0	0	0	0	0	0	0	0	0	0	0	0	0	0	0	0	0	0	0	0	0	0	0	0	0	0	0	0	0	0	1	0	0	0	0	0	0	0	0	0	0	0	0	0	0	0	0	0	0	0	0	0	0	0	0	0	0	1	0	0	0	0	0	0	1	1	-1	-1	0	0	0	0	0	0	0	0	0	0	0	0	0	0	0	0	0	0	0	0	0	0	0	0	0	0	0	0	0	0	0	0	0	0	0	0	1	1	1	-1	0	0	0	0	0	0	0	0	0	-1	0	0	0	0	0	0	0	0	0	0	0	0	0	0	0	0	0	0	30410452	22	male	democrat	associate_degree	single_living_with_partner	employee	white	Atheist / Agnostic	no	yes
44087209	0	0	0	0	0	0	0	1	0	1	0	0	0	0	0	0	0	0	0	0	0	0	0	0	0	0	-1	-1	0	0	0	0	0	0	0	0	0	0	0	0	0	1	0	0	0	1	0	0	0	0	0	0	0	0	0	0	0	0	0	0	0	1	0	0	0	0	0	0	0	0	-1	0	0	0	0	0	0	0	1	1	0	0	0	0	0	0	0	0	0	0	0	0	0	0	0	0	0	0	1	0	0	0	1	0	0	0	0	0	0	0	0	0	0	0	0	0	0	0	0	0	1	0	1	-1	0	1	0	0	0	0	0	0	0	0	0	1	
43811734	1	0	0	0	0	0	0	0	1	0	0	1	0	0	1	0	1	0	0	0	-1	0	1	-1	1	1	1	1	0	0	0	-1	1	1	-1	1	0	0	0	0	1	0	0	0	0	0	0	1	0	1	0	0	1	1	1	1	0	0	0	0	0	0	0	0	1	0	0	0	0	1	0	0	0	0	0	0	0	0	0	0	0	0	0	0	0	0	0	1	1	1	1	-1	0	0	1	0	0	1	0	0	1	-1	1	1	0	0	1	0	1	0	0	0	0	-1	1	1	1	1	-1	-1	0	0	0	0	0	0	0	0	1	0	-1	0	0	1	0	1	
43751819	0	0	0	0	0	0	0	0	0	0	0	0	0	0	0	0	0	0	0	1	0	0	0	0	0	0	0	0	0	0	0	0	0	0	0	0	0	0	0	0	0	0	0	0	0	0	0	0	1	0	0	0	0	0	0	0	0	0	0	0	1	0	0	0	0	0	0	0	0	0	0	0	0	0	0	0	1	0	0	0	0	0	0	0	0	0	0	0	0	0	0	0	0	0	0	0	0	0	0	0	0	0	0	0	0	0	0	0	0	0	0	0	0	0	0	0	0	0	0	0	0	0	0	0	0	0	0	0	0	0	0	0	0	0	0	0	43751819	32	male	independent	bachelor	married	employee	white	other:Christian	no	yes
44089777	0	0	0	0	0	0	0	0	0	0	0	0	0	0	0	0	0	0	0	0	0	0	0	0	0	0	0	0	0	0	0	0	0	0	0	0	0	0	0	0	0	0	0	0	0	0	0	0	0	0	0	0	0	0	0	0	0	0	0	0	0	0	0	0	0	0	0	0	0	0	0	0	0	0	0	0	0	0	0	0	0	0	0	0	0	0	0	0	0	0	0	0	0	0	0	0	0	0	0	0	0	0	0	0	0	0	0	0	1	1	1	1	0	0	0	0	0	0	0	0	0	0	0	0	0	0	0	0	0	0	0	0	0	0	0	0	
43393412	0	0	1	0	0	0	0	0	0	0	1	0	0	0	0	0	0	0	0	0	0	0	0	0	0	1	0	0	0	0	0	0	0	0	0	0	0	0	0	1	0	0	0	0	0	0	0	0	0	1	0	0	-1	0	0	0	0	0	0	-1	0	0	0	0	0	0	0	0	0	0	0	-1	0	0	0	0	0	-1	0	0	0	0	0	0	0	0	0	-1	0	1	1	0	0	0	1	0	-1	0	0	0	0	0	0	0	0	0	0	-1	0	-1	0	0	0	-1	0	0	0	0	0	0	0	0	1	0	0	0	0	1	1	0	0	0	0	0	0	2	
43916681	0	0	1	0	1	1	1	1	0	1	1	0	0	0	0	0	0	1	0	0	0	0	0	0	0	0	0	0	0	0	0	0	0	0	0	0	1	-1	0	1	0	0	0	0	0	0	0	0	0	-1	0	0	0	0	0	0	-1	0	0	0	0	0	1	0	0	0	0	0	0	0	-1	1	1	0	0	0	0	1	0	0	0	0	0	0	0	0	0	1	0	0	-1	0	0	1	1	0	0	0	0	0	0	0	0	0	-1	1	0	1	0	0	0	0	0	-1	0	0	0	0	0	0	0	0	1	-1	0	0	0	0	0	0	0	0	0	0	0	43	43916681	24	male	none	associate_degree	single_living_with_parents	student	hispanic_american	Roman Catholic	yes	yes
43859850	0	0	0	0	0	0	0	0	0	0	0	0	0	0	0	1	0	0	0	0	0	0	0	0	0	0	0	0	0	0	0	0	0	0	0	0	0	0	0	0	0	0	0	0	0	0	0	0	0	0	0	0	1	0	0	1	0	0	0	0	0	0	0	0	0	0	0	0	1	0	0	0	0	0	1	0	0	0	0	0	0	0	0	0	0	0	0	0	0	0	0	0	0	0	0	0	0	0	0	0	0	0	0	0	0	0	0	0	0	0	0	1	0	0	0	0	0	0	0	0	0	0	0	0	0	1	0	0	0	0	0	0	0	1	0	14	
31585018	0	0	0	0	0	0	0	0	0	0	0	0	0	0	0	0	0	0	0	0	0	0	0	0	0	0	0	0	0	0	0	0	0	0	-1	0	0	0	-1	0	0	0	1	0	0	0	0	0	0	0	0	0	0	0	0	0	0	0	-1	0	0	0	0	1	0	0	0	0	-1	0	0	0	0	1	0	0	0	0	0	0	1	1	1	1	1	-1	0	0	0	0	0	0	0	0	0	0	0	0	0	0	0	0	0	0	0	0	0	0	0	0	-1	0	0	0	0	1	0	0	0	0	0	0	0	0	0	0	0	0	0	0	0	0	0	1	0	0	31585018	30	female	democrat	associate_degree	married	unemployedseeking_employment	white	Atheist / Agnostic	no	yes
43912578	0	0	0	1	0	0	0	0	0	0	1	0	1	0	0	0	1	1	0	0	0	0	0	1	0	0	0	0	1	1	0	1	-1	0	1	0	1	0	1	1	1	1	1	1	0	1	0	0	0	0	0	0	0	0	0	0	0	1	-1	0	0	1	0	1	0	0	0	0	-1	-1	0	0	-1	1	0	0	0	0	0	0	1	1	1	1	1	-1	0	0	1	1	1	0	0	0	0	1	0	0	0	0	1	1	0	0	0	0	0	0	0	-1	0	0	0	0	1	1	0	0	-1	-1	1	0	0	0	0	0	0	0	0	0	1	0	0	1	1	0	
43938234	1	0	0	0	0	0	0	0	0	0	0	0	0	0	1	0	1	0	0	0	-1	0	1	1	1	1	1	1	0	0	0	0	0	0	0	0	0	0	0	0	0	0	0	0	0	0	0	1	0	0	0	0	0	0	0	0	0	0	0	0	0	0	0	0	0	0	0	0	0	1	0	0	0	0	0	0	0	0	0	0	0	0	0	0	0	0	0	0	1	1	1	1	1	1	1	1	0	0	0	0	0	0	0	0	0	0	0	0	1	0	0	0	0	0	1	1	1	0	-1	-1	0	0	0	0	0	0	0	0	0	0	0	0	0	0	1	1	
43651516	0	0	0	0	0	0	0	0	-1	1	0	0	0	0	0	0	0	0	0	0	0	0	0	0	1	0	1	0	0	0	0	0	0	0	0	1	0	1	0	0	0	0	0	0	0	0	0	0	0	0	0	0	0	0	0	0	1	0	0	0	0	0	0	0	1	0	-1	0	0	0	0	0	0	0	0	0	0	-1	0	0	0	0	1	1	1	1	1	1	0	0	0	0	0	0	0	0	0	0	0	0	0	-1	0	0	0	0	0	0	0	0	0	0	-1	0	0	0	0	0	0	0	0	0	0	0	-1	0	0	0	0	0	0	0	0	0	0	1	
44092298	0	0	1	1	-1	0	1	1	0	1	0	0	0	1	0	-1	0	0	0	0	0	0	0	0	0	0	1	0	1	0	1	-1	0	0	0	0	0	0	-1	0	1	0	1	-1	0	0	0	-1	1	1	1	1	0	0	0	0	1	-1	1	-1	1	1	-1	1	0	0	-1	0	0	1	1	1	0	0	0	1	1	1	1	1	0	0	0	0	1	0	0	1	1	0	-1	1	0	1	0	0	0	1	1	0	-1	0	1	0	0	-1	0	-1	0	0	0	0	0	-1	1	0	-1	0	-1	0	1	1	1	1	0	0	0	0	1	0	0	1	0	0	2	4	
44091788	0	0	0	0	0	0	0	0	0	0	0	0	0	-1	0	0	0	0	0	0	0	0	0	0	0	0	1	0	0	0	0	0	-1	0	1	0	0	0	0	0	0	0	1	0	0	0	0	0	0	0	0	0	0	0	0	0	0	0	0	0	0	0	0	0	0	0	-1	0	0	0	0	0	0	0	0	0	0	0	0	0	0	0	0	0	0	0	0	0	1	0	0	0	0	0	0	0	0	0	0	0	0	0	0	0	0	0	0	0	0	0	0	0	0	0	0	0	0	0	0	0	0	0	0	0	0	1	0	0	0	0	0	0	0	0	0	0	
39073124	0	1	0	0	-1	0	0	0	-1	0	0	0	0	0	0	0	1	-1	-1	1	-1	0	1	0	0	0	0	0	0	0	0	0	0	0	0	1	0	0	0	0	0	0	0	0	0	0	0	0	0	0	0	0	0	0	0	0	1	0	0	0	0	0	0	0	0	1	0	0	0	0	0	0	0	0	0	0	0	0	0	0	-1	0	0	0	0	0	0	0	0	0	0	0	0	0	0	0	0	0	0	0	0	0	0	0	0	0	0	0	0	0	0	0	0	0	0	0	0	0	0	0	1	0	0	0	0	0	-1	0	0	0	0	0	0	0	0	0	
43591595	0	0	0	0	0	0	0	0	0	0	0	0	0	0	0	0	0	0	-1	1	0	0	0	0	0	0	0	0	0	0	0	0	0	0	0	0	0	0	0	1	0	0	0	0	0	0	0	0	0	1	1	0	0	0	0	1	0	0	0	0	0	0	0	0	0	0	0	0	0	0	0	1	1	1	1	1	0	0	0	0	0	0	0	0	0	0	0	1	0	0	1	-1	0	0	0	0	0	0	1	1	0	0	0	0	0	0	0	-1	0	0	0	0	0	1	0	0	0	0	0	0	0	0	1	0	0	0	0	0	0	0	0	0	0	0	0	0	
41127744	0	0	0	0	0	1	0	0	0	1	0	1	0	0	0	0	0	-1	0	0	1	1	1	-1	0	0	0	0	0	0	0	0	0	0	0	0	0	1	0	0	0	0	0	1	0	0	0	0	0	1	0	0	0	0	0	0	1	0	0	0	0	0	-1	0	0	0	0	0	0	0	0	0	1	0	0	-1	0	0	0	0	1	0	0	0	1	1	1	1	0	0	0	0	0	1	0	0	0	0	0	0	0	0	0	0	0	1	0	0	0	0	0	0	0	0	0	0	1	0	0	0	0	0	0	0	-1	0	0	0	0	0	0	0	0	0	0	3	
38082417	0	0	0	0	0	0	0	0	0	0	1	0	0	0	0	0	1	0	0	0	0	0	0	1	0	0	0	0	0	0	0	0	0	0	0	0	0	0	0	0	0	0	0	0	0	0	0	0	0	0	0	0	0	0	0	0	0	0	0	0	0	0	0	0	0	0	0	0	0	0	0	0	0	0	0	0	0	0	0	0	0	0	0	0	0	0	0	0	0	1	0	0	0	0	0	0	0	0	0	0	0	0	0	0	0	0	0	0	0	0	0	0	0	0	0	0	0	0	0	0	0	0	0	0	0	0	0	0	0	0	0	0	0	0	0	0	
44009386	-1	0	0	-1	0	0	-1	0	0	0	1	0	-1	0	0	0	-1	0	-1	1	0	0	0	0	-1	0	0	-1	0	0	0	0	0	0	0	0	0	0	0	0	0	0	0	0	-1	-1	-1	0	-1	0	-1	-1	0	0	0	-1	0	0	0	0	-1	-1	-1	-1	0	0	0	0	0	0	0	0	-1	0	-1	0	-1	0	0	0	0	-1	0	-1	0	-1	0	0	0	-1	0	-1	-1	-1	-1	-1	-1	0	1	-1	0	0	-1	-1	0	0	0	1	0	1	-1	-1	1	-1	-1	0	0	0	-1	0	0	-1	0	1	0	0	-1	-1	-1	-1	-1	-1	-1	0	3	158	
43842980	1	0	0	0	0	0	0	0	0	0	0	0	0	0	1	0	1	0	0	0	1	0	1	1	1	1	1	1	1	0	0	1	1	1	1	1	0	0	0	0	0	0	0	0	1	1	1	1	0	0	0	0	0	1	0	0	0	0	0	0	0	0	0	0	0	0	0	0	1	1	0	0	0	0	0	0	0	0	0	0	0	0	0	0	0	0	1	0	1	1	1	-1	0	0	1	0	0	0	0	0	1	1	1	1	0	0	1	0	1	0	0	0	1	1	1	1	1	1	1	1	0	0	0	0	0	0	0	0	0	0	1	0	0	1	0	3	
6363996	0	0	0	0	0	0	0	0	0	0	1	0	0	0	0	0	0	0	0	0	0	0	0	0	0	0	0	0	0	0	0	-1	1	0	0	0	1	0	0	0	0	0	0	0	0	1	0	0	0	0	0	0	0	0	0	0	0	1	0	0	0	1	0	0	0	0	0	0	0	1	0	0	0	0	0	0	0	0	0	0	0	0	0	0	0	0	0	0	0	0	0	0	0	0	0	0	0	0	0	0	0	0	0	0	0	0	0	0	0	0	0	0	0	0	0	0	0	0	0	0	0	0	0	0	0	0	0	0	0	0	0	0	0	0	0	1	
8308030	1	0	0	0	0	0	0	0	1	1	0	1	0	0	0	0	1	-1	-1	1	-1	1	0	1	0	0	0	0	1	0	0	0	1	1	-1	1	0	1	0	0	1	0	0	0	0	0	0	-1	0	0	1	1	1	1	1	1	1	0	0	0	0	0	-1	0	1	1	0	0	0	0	0	0	1	1	0	0	1	0	0	0	1	0	0	0	1	0	0	1	0	0	0	-1	0	1	0	1	0	1	1	1	1	1	1	1	1	1	1	0	1	0	0	0	0	1	0	0	0	-1	0	-1	0	1	1	-1	0	0	0	0	1	0	0	0	-1	1	1	0	
43861467	1	0	0	1	0	0	1	0	0	0	0	0	1	0	0	0	0	0	0	0	0	0	0	1	1	0	0	0	0	0	0	1	0	0	1	0	0	0	-1	0	1	1	1	1	1	1	1	1	1	1	0	0	0	0	0	0	1	-1	0	1	1	1	1	1	0	0	0	0	1	0	0	0	1	1	1	1	0	0	0	0	0	1	0	0	-1	1	1	0	0	1	0	0	0	0	1	1	1	1	0	1	0	0	0	1	0	0	0	0	1	0	0	0	1	1	1	1	1	0	0	0	0	0	0	0	0	0	0	1	1	1	1	1	0	1	1	0	43861467	32	male	democrat	bachelor	single_living_with_parents	unemployedseeking_employment	black_or_african_american	Roman Catholic	yes	yes
39174418	0	0	0	1	0	0	0	0	0	0	0	0	1	0	0	0	0	0	0	1	0	0	0	1	1	0	0	1	0	0	0	0	0	0	0	0	0	0	0	0	0	0	0	0	0	1	1	0	0	0	0	0	0	0	0	0	0	0	-1	0	0	0	0	0	0	0	0	0	0	0	0	1	0	0	1	0	0	0	0	0	0	1	0	0	0	0	0	0	0	0	0	0	0	0	0	0	1	0	0	0	0	0	0	1	0	0	0	0	0	0	0	0	0	0	0	1	0	0	0	0	0	0	0	0	0	0	0	0	1	1	-1	1	0	0	0	0	
18386513	0	0	0	0	0	0	0	0	-1	-1	0	0	0	0	0	0	0	0	0	0	0	0	0	0	0	0	-1	0	0	0	0	0	0	0	0	1	0	0	0	0	0	0	0	0	0	0	0	0	0	0	0	0	0	0	0	0	1	0	0	0	0	0	0	0	0	0	0	0	0	0	0	0	0	0	0	0	0	-1	0	0	0	0	0	0	0	0	0	0	0	0	0	0	0	0	0	0	0	0	0	0	0	1	0	0	0	0	0	0	0	0	0	0	0	0	0	0	0	0	0	0	0	0	0	0	1	0	0	0	0	0	0	0	0	0	0	0	18386513	50	female	republican	high_school	married	selfemployed	white	other:Christian	yes	yes
42768322	0	0	0	0	0	0	0	0	0	0	0	1	0	0	0	0	0	0	0	0	-1	1	1	-1	0	0	0	0	0	0	0	0	0	0	0	0	1	0	0	0	0	0	0	0	0	0	0	0	0	1	0	0	0	0	0	0	0	0	0	0	0	0	0	0	0	0	0	0	0	0	1	0	0	0	0	1	0	0	0	0	0	0	0	0	0	0	0	0	0	0	0	0	0	0	0	0	0	0	0	0	0	0	0	0	1	0	0	0	0	0	0	0	0	0	0	0	1	0	0	0	0	0	0	1	0	0	0	0	0	0	0	0	0	0	0	0	
43945424	0	0	0	0	0	0	0	0	0	0	0	0	0	0	1	0	0	0	0	0	0	-1	-1	0	0	0	0	0	0	0	0	0	0	0	0	0	0	0	0	0	0	0	0	0	0	0	1	0	0	0	0	0	-1	0	0	0	0	1	0	0	0	0	0	0	0	0	0	0	0	0	0	0	0	0	0	0	0	0	0	0	0	0	1	0	0	0	0	0	0	0	0	0	0	0	0	0	1	-1	1	-1	0	0	-1	0	0	0	0	0	0	0	0	0	0	0	0	0	0	0	0	0	0	0	0	0	0	0	0	0	0	0	0	0	0	0	0	21	
29301997	0	0	0	0	0	0	0	0	0	0	0	0	0	0	0	0	0	0	0	0	0	0	0	0	0	0	0	0	0	0	0	0	0	-1	0	0	0	0	0	0	0	0	0	0	0	0	1	0	0	0	0	0	0	0	0	0	0	0	0	0	0	0	0	0	0	0	0	0	0	0	0	0	0	0	0	0	0	0	0	0	0	0	0	0	0	0	0	0	0	0	0	0	0	0	0	0	0	0	0	0	0	1	0	0	0	0	1	0	0	0	0	0	0	0	0	0	0	0	0	0	0	0	0	0	0	0	0	0	0	0	0	0	0	0	0	0	
41545007	0	1	1	0	0	1	1	1	0	1	1	0	1	1	1	-1	0	-1	0	1	0	1	1	0	0	1	1	1	0	0	1	-1	1	-1	-1	1	1	1	-1	1	0	1	1	1	0	1	1	0	-1	1	1	1	0	1	0	1	0	0	-1	1	1	0	0	1	0	0	0	-1	-1	1	1	1	1	1	1	0	1	0	1	1	1	1	1	1	1	1	0	1	1	0	1	-1	0	1	0	1	1	1	1	1	0	-1	1	1	0	1	0	-1	0	-1	-1	0	0	0	1	1	0	0	-1	-1	1	1	1	1	-1	1	1	-1	0	0	0	1	-1	1	2	0	
15016371	0	0	0	0	0	0	0	0	0	0	0	0	1	0	0	0	0	0	0	0	0	0	0	1	0	0	0	0	0	0	0	0	0	0	0	0	0	0	0	0	0	0	0	0	0	1	0	0	0	0	0	0	0	0	0	0	0	0	0	0	0	0	0	0	0	0	0	0	0	0	0	0	0	0	1	0	0	0	0	0	0	1	0	0	0	0	0	0	0	0	0	0	0	0	0	0	1	0	0	0	0	0	0	1	0	0	0	0	0	0	0	0	0	0	0	0	0	0	0	0	0	0	0	0	0	0	0	0	0	0	0	1	0	0	0	0	15016371	56	female	republican	bachelor	married	selfemployed	white	Roman Catholic	yes	yes
43917255	0	0	0	0	0	0	0	0	0	0	0	0	1	1	1	1	0	0	0	0	0	0	0	0	0	1	0	0	0	0	1	0	0	0	0	0	0	0	0	0	0	1	0	1	0	0	0	0	0	0	0	0	1	0	0	0	0	0	0	1	0	0	0	0	0	0	0	0	0	0	0	0	1	0	0	0	0	0	0	0	0	0	0	0	0	0	0	0	0	1	-1	0	0	0	0	0	1	1	0	0	0	0	0	0	0	0	1	0	0	-1	0	-1	0	0	0	0	0	0	0	-1	1	0	0	0	0	0	0	1	1	0	0	0	0	0	0	0	43917255	30	female	democrat	bachelor	single_living_alone	employee	white	Atheist / Agnostic	yes	yes
43974080	1	0	0	0	0	0	0	0	0	0	0	0	0	0	0	0	1	0	0	0	0	0	1	0	0	0	0	0	0	0	0	0	1	1	-1	1	0	0	0	0	1	0	0	0	0	0	0	1	0	0	0	0	0	1	0	0	0	0	0	0	0	0	0	0	1	0	0	0	0	0	0	0	0	0	0	0	0	0	0	0	0	0	0	0	0	0	0	0	0	0	0	0	0	0	0	0	0	-1	0	0	1	1	1	1	0	0	1	0	0	0	0	0	0	-1	0	0	1	1	-1	1	0	0	0	0	0	0	0	0	0	0	0	0	0	1	0	0	
41192746	0	0	0	0	0	0	0	0	0	0	0	0	0	0	0	0	0	0	0	0	0	0	0	0	0	0	0	0	-1	0	0	0	0	0	0	0	0	0	0	0	0	0	0	0	0	0	0	0	0	0	0	0	0	0	0	0	0	0	0	0	0	0	0	0	0	0	0	0	0	0	0	0	0	0	0	0	0	0	0	0	0	0	0	0	0	0	0	0	0	0	0	0	0	0	0	0	0	0	0	0	0	0	0	0	0	0	0	0	-1	0	0	0	0	0	0	0	0	0	0	0	0	0	0	0	0	0	0	0	0	0	0	0	1	-1	0	0	
41986015	0	0	0	0	0	0	0	0	1	1	1	1	0	0	0	0	0	0	0	0	0	0	0	0	0	0	0	0	0	0	0	0	0	0	0	0	0	0	0	0	0	0	0	0	0	0	0	0	0	0	0	0	0	0	0	0	0	0	0	0	0	0	0	0	0	0	0	0	0	0	0	0	0	0	0	1	0	0	0	0	0	1	0	0	-1	-1	1	1	0	0	0	0	1	0	0	0	0	0	0	0	0	0	0	0	0	0	0	0	0	0	-1	0	0	0	0	0	0	0	0	0	0	0	0	0	0	0	0	0	0	0	0	0	0	0	0	1	41986015	62	female	none	bachelor	single_living_alone	retired	hispanic_american	Roman Catholic	yes	no
19838540	1	1	0	1	-1	1	1	0	1	0	1	1	0	1	0	-1	-1	0	-1	1	0	1	0	1	1	1	0	1	1	1	1	-1	0	0	1	0	0	1	-1	0	1	0	0	0	1	1	1	1	1	0	1	1	1	1	1	1	1	0	-1	1	1	-1	-1	1	1	1	-1	1	-1	1	1	1	0	1	0	1	1	1	1	1	1	1	0	1	-1	0	1	-1	0	1	1	-1	1	1	1	1	-1	1	1	1	0	-1	1	1	1	1	1	-1	1	0	0	-1	-1	1	1	1	1	-1	0	1	1	1	1	1	0	1	1	0	1	1	1	1	-1	1	3	2	19838540	41	male	independent	bachelor	married	employee	white	Muslim	yes	yes
6413571	0	1	0	0	0	0	0	0	0	0	0	0	0	0	0	0	0	0	0	0	1	0	0	0	0	0	0	0	0	0	0	0	0	0	0	0	0	0	0	0	0	1	0	0	0	0	0	0	0	0	0	0	0	0	0	0	0	0	0	0	1	0	0	0	0	1	0	0	0	0	0	0	0	0	0	0	0	0	0	0	0	0	0	0	0	0	-1	0	0	0	0	0	0	0	0	0	0	0	0	0	0	0	0	0	0	0	0	0	0	0	0	0	1	0	0	0	0	0	0	0	0	0	0	0	0	0	0	0	0	-1	0	0	0	0	0	0	
39501628	1	1	1	1	1	1	1	1	1	1	1	1	1	1	1	-1	0	-1	0	0	0	1	0	0	1	1	1	0	1	-1	-1	-1	1	1	0	1	1	1	-1	1	1	1	1	1	1	1	1	0	0	0	1	1	-1	1	1	1	1	-1	-1	0	1	-1	-1	1	0	0	-1	-1	-1	1	1	1	1	1	1	1	1	1	1	1	0	0	1	1	-1	-1	1	1	1	1	1	-1	1	1	0	1	1	1	1	1	1	-1	1	1	1	-1	0	-1	0	1	1	0	-1	1	1	1	0	0	-1	-1	1	1	1	1	-1	0	1	0	1	1	1	1	-1	0	2	4	
43888123	1	0	0	0	0	0	0	0	0	0	0	0	0	0	1	0	0	0	0	0	0	0	0	1	0	0	0	0	0	0	0	0	0	0	0	0	0	0	0	0	0	0	0	0	0	0	0	0	0	0	0	0	0	0	0	0	0	0	0	0	0	0	0	0	0	0	0	0	0	0	0	0	0	0	0	0	0	0	0	0	0	0	0	0	0	0	0	0	0	0	0	0	0	0	0	0	0	0	0	0	0	0	0	0	0	0	0	0	0	0	0	0	0	0	0	1	0	0	0	0	0	0	0	0	0	0	0	0	0	0	0	0	0	0	0	0	43888123	23	female	democrat	bachelor	single_living_with_partner	student	white	Protestant	no	yes
43932665	0	0	1	0	0	0	0	0	0	0	-1	0	0	0	0	0	0	0	0	0	0	0	0	0	0	0	0	0	0	0	0	0	0	0	0	0	0	0	0	0	0	0	0	0	0	0	0	0	0	0	0	0	0	0	0	0	0	0	0	0	0	0	0	0	0	0	0	0	0	0	0	0	0	0	0	0	0	-1	0	0	0	0	0	0	0	0	0	0	0	0	0	0	0	0	1	0	0	0	0	0	0	0	0	0	0	0	0	0	0	0	0	0	0	0	0	0	0	0	0	0	0	0	0	0	0	0	0	0	0	0	0	0	0	0	0	0	
43934710	0	0	0	0	0	0	0	-1	0	1	0	0	0	0	0	0	0	0	0	0	0	0	0	0	0	0	1	0	0	0	0	0	0	0	0	0	0	0	0	0	0	1	0	0	0	0	0	0	0	0	0	0	0	0	0	0	0	0	0	0	0	1	0	0	0	0	0	0	0	0	-1	0	0	0	0	0	0	0	1	1	0	0	0	0	0	0	0	0	0	0	0	0	0	0	0	0	0	0	-1	0	0	0	-1	0	0	0	0	0	0	0	0	0	0	0	0	0	0	0	0	0	0	0	-1	1	0	0	0	0	0	0	0	0	0	0	0	0	
43630064	0	0	0	0	1	-1	1	-1	0	0	0	0	0	0	0	0	0	0	0	0	0	0	0	0	0	0	0	0	0	0	0	0	0	0	0	0	0	0	0	0	1	-1	1	-1	0	0	0	0	-1	0	0	0	0	0	0	0	1	-1	1	1	0	0	1	0	0	0	0	0	0	0	0	0	1	-1	1	-1	0	0	0	0	0	0	0	0	0	0	0	0	0	0	0	0	0	0	0	0	0	-1	0	0	0	0	-1	0	0	0	0	1	1	-1	1	-1	1	-1	1	-1	-1	0	-1	0	0	0	0	0	0	0	0	0	0	0	0	0	0	0	0	7	
22345789	1	0	0	0	0	0	0	0	0	0	0	0	1	1	1	1	0	0	-1	0	0	0	0	0	1	1	0	0	1	0	1	0	-1	0	0	0	1	1	0	1	1	0	1	1	1	1	1	-1	0	0	0	0	0	0	0	0	0	0	0	0	0	0	0	0	-1	-1	0	0	1	0	0	0	0	-1	1	1	1	1	1	1	-1	1	1	1	0	-1	1	0	1	0	0	0	1	0	0	1	0	1	0	0	0	1	0	0	0	0	0	0	1	0	0	0	-1	0	1	0	0	0	-1	0	0	0	1	0	0	0	0	0	0	0	1	0	-1	1	3	1	22345789	62	female	independent	associate_degree	single_living_alone	employee	white	other:Christian	no	yes
16854635	0	1	0	0	0	0	0	0	0	0	0	0	1	-1	1	-1	0	0	0	0	-1	0	0	0	1	1	0	0	0	0	1	0	0	0	0	0	0	1	0	0	1	1	1	1	0	0	0	0	0	0	0	0	0	0	0	0	0	0	0	0	1	0	0	0	1	1	-1	0	0	0	0	0	0	0	0	0	0	0	0	0	0	0	1	-1	0	0	1	0	0	0	0	0	0	0	0	0	0	1	0	0	0	0	0	0	0	0	0	0	0	1	0	0	-1	0	0	0	0	0	0	0	0	0	0	0	0	0	0	0	0	-1	0	0	0	0	0	2	
40107272	0	0	0	0	0	0	0	0	0	0	0	1	0	0	0	0	0	0	-1	1	0	0	0	0	0	1	0	0	0	0	0	0	0	0	1	0	0	0	0	1	0	1	1	0	0	0	0	0	0	1	1	1	-1	0	0	1	0	0	0	1	0	0	-1	0	0	0	0	0	0	0	0	1	1	1	0	0	1	0	0	0	1	1	1	1	1	1	0	1	0	1	1	-1	1	-1	1	1	1	0	1	1	0	0	0	0	1	0	0	-1	0	1	1	0	0	1	0	0	0	1	0	0	1	1	1	-1	0	0	0	-1	1	0	0	0	0	0	0	0	
43942386	0	0	0	0	0	0	0	0	0	0	1	0	1	0	-1	1	0	0	0	1	0	0	0	0	0	0	0	0	1	1	1	1	1	1	0	1	1	0	1	1	1	1	1	1	1	1	0	0	1	0	0	0	0	0	1	0	0	1	1	0	1	1	0	1	0	0	0	-1	1	1	1	0	1	1	0	0	1	0	0	1	1	1	1	1	1	-1	0	0	1	0	1	0	1	0	0	1	0	0	1	0	1	1	0	0	1	0	0	1	0	1	0	0	0	1	1	1	0	0	1	-1	1	1	0	0	0	0	1	0	0	0	0	0	-1	1	2	2	
20430407	0	0	1	1	1	1	1	0	0	0	0	0	0	1	0	0	0	-1	0	0	0	0	0	0	0	0	0	0	1	0	0	0	0	0	0	0	0	1	0	0	0	0	0	0	0	0	0	0	1	1	1	-1	0	0	0	0	0	0	0	0	0	0	0	0	0	0	0	0	0	1	0	1	1	1	1	1	0	0	0	0	0	0	0	0	-1	0	0	1	1	0	0	0	0	0	0	0	0	0	0	0	1	0	0	1	0	0	0	0	1	0	0	0	0	0	1	0	0	0	0	0	1	1	1	-1	0	0	0	0	1	0	-1	0	-1	1	0	2	
18869867	0	0	0	0	0	0	0	0	0	0	0	0	1	0	0	0	0	0	0	0	0	0	0	0	0	0	0	0	0	0	0	0	0	0	0	0	1	0	0	1	0	0	0	-1	0	0	0	0	0	0	0	0	0	0	0	0	0	0	0	0	0	0	0	0	0	0	0	0	0	0	0	0	0	0	0	0	0	0	0	0	0	0	0	0	0	0	0	0	-1	0	0	0	0	0	0	-1	0	0	0	0	0	1	0	0	0	0	0	0	0	1	1	0	0	0	1	0	0	0	-1	1	0	0	0	0	0	0	0	0	0	0	0	0	0	0	0	0	18869867	67	female	republican	bachelor	single_living_alone	retired	white	Protestant	yes	yes
43941355	1	1	1	1	-1	1	1	1	1	0	0	1	0	0	0	0	-1	-1	-1	1	-1	1	1	1	0	1	0	1	0	0	1	0	0	0	0	1	0	0	0	0	1	0	0	1	0	1	0	0	0	1	0	0	0	0	1	0	1	1	0	-1	0	0	0	0	1	1	1	-1	0	0	0	0	1	1	1	1	0	0	0	0	0	0	0	1	0	-1	0	0	0	0	0	0	0	0	0	0	0	0	0	0	1	0	0	0	1	-1	1	-1	0	0	0	-1	0	0	0	0	1	1	0	0	1	0	0	0	-1	1	-1	-1	0	0	-1	0	0	0	1	1	43941355	21	male	republican	associate_degree	single_living_alone	civil_servant	white	Atheist / Agnostic	yes	yes
43875818	0	0	0	1	0	0	0	0	0	0	0	0	0	0	0	0	0	0	0	0	0	0	0	0	0	0	0	0	0	-1	0	0	0	0	0	0	0	0	0	0	-1	-1	1	-1	1	0	0	1	0	0	0	1	0	0	0	0	1	1	1	1	0	0	0	1	0	0	0	0	0	0	0	0	-1	1	-1	1	0	0	0	0	0	0	0	0	0	1	0	0	0	0	-1	0	0	0	0	1	0	0	0	0	-1	0	0	0	0	1	0	0	-1	0	0	0	-1	1	1	1	0	0	0	0	0	0	0	0	0	0	0	0	0	0	0	0	0	0	0	12	
34557302	0	1	1	1	1	0	1	-1	0	0	1	0	0	0	0	0	0	1	0	1	0	1	0	0	0	0	0	0	0	1	0	1	-1	0	1	0	1	0	-1	0	0	1	1	0	0	1	0	1	0	1	-1	1	0	0	0	0	0	1	-1	1	1	1	1	1	0	0	-1	0	1	1	0	0	1	1	1	0	1	0	1	1	1	1	1	1	1	1	1	0	-1	0	0	0	0	0	0	1	0	0	0	0	1	-1	1	0	0	-1	0	-1	0	0	-1	0	-1	0	0	1	0	0	-1	-1	1	0	0	0	0	0	1	0	1	1	1	0	-1	1	2	22	34557302	36	female	independent	master	married	other:homemaker	white	Roman Catholic	yes	yes
43762146	0	0	1	0	-1	1	1	1	0	1	1	1	0	0	0	0	0	1	0	0	1	1	1	1	0	0	0	0	0	0	0	0	0	0	0	0	1	1	0	0	0	0	0	1	0	0	0	0	0	1	0	0	0	0	0	0	1	0	0	0	0	0	1	0	0	0	0	0	0	0	1	0	1	0	0	1	0	1	0	0	1	0	0	0	0	0	0	0	0	0	0	0	0	1	1	0	0	0	0	0	0	0	0	0	1	1	0	0	0	0	0	0	0	0	0	0	1	0	0	0	0	0	0	1	1	0	0	0	0	0	0	0	0	0	0	13	
40212251	0	0	0	0	0	1	0	0	1	1	1	1	1	0	1	0	0	0	0	0	1	1	1	1	0	0	0	0	1	-1	1	0	0	1	0	1	0	0	0	0	1	0	0	1	0	0	0	0	0	1	0	0	0	0	0	0	0	0	0	0	0	0	0	0	0	0	0	0	0	0	0	0	0	0	0	1	0	0	0	0	1	1	1	0	0	0	0	0	0	0	0	0	1	0	0	0	0	0	0	0	0	0	0	0	0	0	0	1	0	0	-1	0	0	0	0	0	1	0	0	0	0	1	0	0	-1	0	0	0	0	0	0	0	-1	0	0	0	
43961825	-1	0	0	-1	0	-1	0	0	0	0	0	0	0	0	1	0	0	1	0	0	0	-1	-1	0	1	0	0	-1	0	0	0	0	0	0	0	0	0	1	0	0	-1	-1	-1	1	0	1	0	0	0	0	0	0	1	0	0	0	0	1	0	0	0	0	0	0	0	0	0	0	0	0	0	0	1	0	0	0	0	0	0	0	0	0	1	0	0	0	0	0	0	0	0	0	0	0	0	0	1	-1	-1	0	0	0	1	-1	0	0	0	0	0	0	0	0	0	0	0	-1	0	0	0	0	-1	0	0	0	1	0	-1	0	1	1	1	1	0	0	4	26	43961825	25	female	democrat	vocational_secondary_certification	single_living_alone	employee	american_indian_or_alaska_native	Protestant	yes	yes
20512953	0	0	1	0	1	1	1	1	0	0	1	0	0	0	0	0	0	0	0	0	0	0	0	0	0	1	0	0	0	0	0	0	0	0	0	0	1	0	0	1	0	0	0	1	0	0	0	0	0	1	1	0	-1	0	0	0	0	0	0	1	0	0	-1	0	0	0	0	0	0	0	1	1	0	0	0	0	0	1	0	0	0	0	0	0	0	0	0	1	0	1	-1	0	1	0	1	0	1	0	0	0	0	0	0	0	1	0	1	-1	0	1	0	-1	0	-1	0	0	0	0	0	-1	0	0	1	-1	0	0	0	-1	1	0	0	0	0	0	0	2	20512953	38	female	democrat	bachelor	single_living_with_parents	employee	white	Atheist / Agnostic	yes	yes
15448937	0	1	0	0	1	0	0	0	1	1	1	1	0	0	0	0	1	1	-1	1	-1	0	0	0	1	0	0	0	0	0	0	0	0	1	0	1	1	1	1	1	0	1	1	0	1	0	0	0	1	1	1	1	-1	-1	0	1	1	1	-1	1	1	1	1	1	1	1	0	1	0	0	0	1	0	0	1	1	0	1	0	0	0	1	0	1	0	1	1	1	0	0	1	0	1	1	1	1	0	0	0	0	0	0	1	1	0	0	0	-1	1	0	1	0	-1	1	0	0	0	0	-1	0	1	-1	1	1	0	1	0	0	0	1	0	1	1	0	1	0	15448937	40	male	republican	high_school	single_living_with_partner	employee	white	Atheist / Agnostic	no	yes
43722521	0	0	0	0	0	0	0	0	0	0	0	0	0	0	0	0	0	0	0	0	0	0	0	0	0	1	0	0	0	0	0	0	0	0	0	0	0	0	0	1	0	0	0	1	0	0	0	0	0	1	1	0	1	0	0	0	0	0	0	1	0	0	-1	0	0	0	0	0	0	0	0	1	0	0	0	0	0	0	0	0	0	0	0	0	0	0	0	1	0	1	1	0	1	0	0	0	0	0	0	0	0	0	0	0	0	0	1	-1	0	-1	0	-1	0	1	0	0	0	0	0	-1	0	0	1	0	0	0	0	-1	1	0	0	0	0	0	1	1	43722521	27	female	democrat	master	single_living_alone	employee	white	Atheist / Agnostic	yes	yes
33427067	0	0	0	0	0	0	0	0	0	0	0	0	0	0	0	-1	0	0	0	0	0	0	0	0	0	0	0	0	1	-1	1	-1	-1	0	0	0	0	0	0	0	0	0	0	0	0	0	0	0	0	0	0	1	0	0	0	0	0	0	0	0	0	0	0	0	0	0	-1	0	0	0	0	0	0	0	1	0	0	0	1	1	0	0	0	0	0	0	0	0	0	0	0	0	0	0	0	0	0	0	0	0	0	0	0	0	0	0	0	0	0	0	0	0	0	0	0	0	0	0	0	0	0	0	0	0	0	0	0	0	0	0	0	1	0	0	0	0	
43918613	0	0	-1	0	-1	1	1	-1	0	0	-1	0	0	0	0	-1	0	0	0	0	0	0	0	0	0	1	0	0	0	0	0	0	0	0	0	0	-1	0	0	-1	0	0	0	-1	0	0	0	0	0	-1	0	0	1	0	0	0	0	0	0	-1	0	0	0	0	0	0	0	0	-1	0	1	-1	0	0	0	0	0	-1	0	0	0	0	0	0	0	0	0	-1	0	1	1	0	0	0	-1	0	-1	0	0	0	0	0	0	0	-1	0	-1	1	0	1	0	1	0	1	0	0	0	0	0	-1	0	0	1	1	0	0	0	-1	1	0	0	0	0	1	0	0	
38671298	0	0	0	0	0	0	0	0	0	0	0	0	1	1	1	-1	0	0	0	1	0	0	0	0	1	1	0	0	0	0	1	0	0	0	0	0	1	1	0	0	0	1	0	0	0	0	0	0	-1	0	1	0	0	0	0	0	0	0	0	0	1	0	-1	0	1	0	-1	0	0	0	1	0	1	0	0	0	1	0	0	0	0	0	1	1	0	0	1	0	0	0	1	0	1	0	0	0	1	1	0	0	0	0	0	0	1	0	0	0	0	1	0	0	-1	0	0	0	0	0	0	0	1	0	0	1	0	0	0	0	0	0	0	0	0	0	0	2	
38806465	0	0	0	0	-1	0	0	1	0	0	0	0	0	1	0	0	0	0	0	1	0	1	0	0	0	0	1	0	0	-1	0	0	1	-1	-1	0	0	0	-1	1	0	0	1	0	1	0	0	0	1	0	0	0	-1	0	0	1	0	0	0	0	1	0	0	0	0	0	-1	-1	0	0	0	0	0	1	1	0	1	0	0	0	0	1	0	0	0	0	0	0	1	0	0	0	0	0	0	0	0	0	0	0	0	0	0	0	0	0	0	0	0	0	0	0	0	0	0	0	0	0	-1	0	0	0	0	0	0	1	0	0	0	1	0	0	0	0	0	0	
43987213	0	0	0	0	0	0	0	0	1	1	1	0	1	0	1	-1	0	0	0	0	0	0	0	0	0	0	1	0	1	1	-1	-1	1	-1	1	1	1	0	-1	1	1	0	0	1	1	1	0	0	0	0	0	0	0	0	1	0	1	1	1	1	0	-1	0	0	0	0	0	1	-1	1	1	0	0	0	0	0	0	1	0	1	0	0	1	1	1	0	0	0	1	0	0	-1	-1	0	0	1	0	0	1	0	0	-1	0	0	1	0	0	-1	0	1	1	0	0	0	1	1	0	0	-1	1	0	0	0	0	1	0	-1	0	0	0	0	0	-1	1	2	0	
36293563	1	0	0	1	0	0	-1	0	0	0	0	0	0	0	0	0	0	0	-1	1	0	0	0	0	1	0	0	0	0	1	0	0	0	0	0	0	0	0	0	0	0	0	0	0	1	1	1	0	1	0	0	1	0	0	0	0	0	0	0	0	1	0	0	-1	0	1	0	0	0	0	0	0	1	0	0	0	1	0	0	0	0	0	0	0	0	0	0	0	0	0	1	0	0	0	0	0	0	-1	0	1	-1	0	0	0	0	-1	0	0	0	0	0	0	0	0	0	1	1	0	0	1	0	0	1	0	0	0	0	1	1	-1	1	1	0	0	1	2	36293563	38	female	republican	master	married	employee	white	Protestant	no	yes
43913997	0	0	1	0	1	1	1	-1	0	0	1	0	0	1	0	0	0	0	0	1	0	0	0	0	0	0	0	1	0	0	0	0	1	0	0	0	0	0	-1	1	0	0	0	0	1	0	0	0	0	0	0	0	0	0	0	0	0	0	-1	0	0	0	0	0	0	0	0	0	0	0	0	1	0	1	0	0	0	1	0	0	0	0	0	0	0	0	0	0	1	0	0	0	0	0	1	0	0	0	0	0	0	0	0	0	0	0	0	0	0	0	0	0	0	0	0	0	0	0	0	0	0	0	0	0	0	1	0	0	0	0	0	0	0	0	0	0	
38202325	1	1	0	1	0	1	0	-1	1	1	-1	1	1	-1	0	0	0	1	-1	1	-1	1	-1	1	1	1	1	-1	1	1	-1	1	0	1	1	1	1	1	1	-1	1	1	0	-1	-1	1	1	0	1	0	1	-1	1	-1	1	-1	1	1	0	1	1	1	1	-1	1	1	-1	1	0	0	1	-1	0	1	1	1	1	1	1	1	-1	1	-1	0	-1	1	0	-1	1	0	1	-1	1	1	1	1	-1	0	0	1	-1	1	0	1	0	-1	0	1	0	1	1	1	0	1	1	-1	1	0	-1	1	1	-1	0	1	0	1	-1	1	1	-1	1	0	-1	0	19	1	
43620110	1	0	0	0	0	0	0	0	1	0	0	1	0	0	0	0	0	0	0	0	0	0	0	0	1	0	0	0	0	0	0	0	0	0	0	0	0	1	0	1	-1	0	0	0	0	0	0	0	0	1	0	0	1	1	-1	1	0	0	0	0	0	0	0	0	0	0	-1	0	0	0	0	1	0	0	0	0	0	0	0	0	0	0	1	1	0	0	1	1	0	0	-1	0	0	0	0	0	0	1	0	0	0	0	0	0	0	0	0	-1	0	0	0	0	-1	1	0	0	0	0	0	0	0	0	1	0	0	0	0	0	1	0	0	0	0	0	1	0	
43857153	0	0	0	0	0	-1	0	0	0	0	0	0	0	0	0	0	0	0	0	0	0	0	0	0	0	0	0	0	0	0	0	0	0	0	0	0	0	0	0	0	0	0	0	-1	0	0	0	0	0	0	0	0	0	0	0	0	0	0	0	0	0	0	0	0	0	0	0	0	0	0	0	0	0	0	0	0	0	0	0	0	-1	0	0	0	0	0	0	0	0	0	0	0	0	0	0	0	0	0	0	0	0	0	0	0	0	0	0	0	0	0	0	0	0	0	0	0	0	0	0	0	0	0	0	0	-1	0	0	0	0	0	0	0	0	0	0	0	
43498762	0	0	0	0	0	0	-1	0	1	1	0	0	0	0	0	0	0	0	0	0	0	1	0	0	0	0	1	0	0	0	0	0	0	0	0	-1	0	0	0	0	0	1	0	0	0	0	0	0	-1	0	0	0	1	0	-1	0	1	0	0	1	0	0	0	0	0	0	0	0	0	0	0	0	1	0	0	0	0	-1	0	0	0	0	1	0	-1	1	1	1	0	0	1	-1	1	1	1	1	0	0	0	0	0	1	1	0	0	0	0	0	0	0	0	0	0	0	0	0	0	0	0	0	1	-1	0	0	-1	0	1	0	0	0	0	0	1	0	0	2	
38153196	1	-1	-1	1	0	0	-1	0	-1	0	0	1	0	0	0	0	0	0	-1	1	0	0	0	0	0	1	0	0	0	0	-1	1	0	0	1	0	0	0	0	0	1	0	0	0	0	0	0	0	1	0	-1	1	1	-1	0	-1	0	-1	0	0	0	0	0	0	-1	-1	0	0	0	0	0	0	0	-1	0	0	1	0	0	0	-1	0	0	0	-1	0	0	-1	0	0	0	1	1	-1	-1	-1	0	0	-1	-1	-1	0	0	0	-1	0	0	0	-1	0	0	0	0	1	0	0	0	0	0	1	0	-1	1	1	0	0	-1	1	1	0	0	0	-1	-1	3	0	
43930419	0	0	0	0	0	0	0	0	0	0	1	0	0	0	0	0	0	0	0	0	0	0	0	0	0	0	0	0	0	0	0	-1	1	0	0	0	1	0	0	0	0	0	0	0	0	1	0	0	0	0	0	0	0	0	0	0	0	-1	0	0	0	-1	0	0	0	0	0	0	0	1	0	0	0	0	0	0	0	0	0	0	0	0	0	0	0	0	0	0	0	0	0	0	0	0	0	0	0	0	0	0	0	0	0	0	0	0	0	0	0	0	0	0	0	0	0	0	0	0	0	0	0	0	0	0	0	0	0	0	0	0	0	0	0	0	0	0	
20623511	0	0	0	0	0	0	0	0	0	0	0	0	0	0	0	0	0	0	0	0	0	0	0	0	0	0	0	0	0	0	0	0	0	0	0	0	0	0	0	0	0	0	0	0	0	0	0	0	0	0	0	0	0	0	-1	0	0	0	0	-1	0	0	0	0	0	0	0	0	0	0	0	0	0	0	0	0	0	0	0	0	0	0	0	0	0	0	0	0	0	0	0	-1	0	0	0	0	0	0	0	0	0	0	0	0	0	0	0	0	0	0	0	0	0	0	0	0	0	0	0	0	0	-1	0	0	0	0	0	0	0	0	0	0	0	0	0	1	20623511	40	female	none	vocational_secondary_certification	married	employee	white	Roman Catholic	yes	yes
36968345	0	0	0	0	0	0	0	0	0	0	0	0	0	0	0	0	0	0	0	0	0	0	0	0	1	1	1	-1	0	0	0	0	0	0	0	0	0	0	0	0	0	0	0	0	0	0	0	0	0	1	0	0	0	0	0	0	0	0	0	0	0	0	0	0	0	0	0	0	0	0	0	0	0	0	0	0	0	0	0	0	0	0	0	0	0	0	0	0	1	1	1	-1	0	0	0	0	0	0	0	0	0	0	0	0	0	0	0	0	0	0	0	0	0	0	0	0	0	0	0	0	0	0	0	0	0	0	0	0	0	0	1	0	0	0	0	1	36968345	39	female	democrat	doc	married	other:parent	white	Atheist / Agnostic	yes	yes
43946798	0	0	0	0	1	1	1	1	0	1	0	0	0	0	0	0	0	1	0	0	0	0	0	0	0	0	0	0	0	0	0	0	0	0	0	0	1	1	0	0	0	0	0	1	0	0	0	0	0	0	0	0	0	0	0	0	1	0	0	0	0	0	1	0	0	0	0	0	0	0	1	0	1	0	0	0	0	0	0	0	-1	0	0	0	0	0	0	0	0	0	0	0	0	1	0	0	0	0	0	0	0	0	0	0	1	1	0	0	0	0	0	0	0	0	0	0	0	0	0	0	0	0	0	1	-1	0	0	0	0	0	0	0	0	0	0	2	
20328071	1	0	0	0	0	1	0	0	0	0	0	0	0	0	1	0	1	1	0	0	-1	1	1	1	1	1	1	1	0	0	0	1	-1	-1	-1	1	0	1	0	0	1	0	0	0	1	1	1	1	-1	1	1	1	1	1	0	0	0	0	0	0	0	0	0	0	1	0	0	0	1	1	0	0	0	0	0	0	1	1	1	1	0	0	1	0	0	0	1	0	1	1	-1	-1	0	0	1	0	1	1	1	1	1	-1	1	1	0	1	1	0	1	0	0	0	1	1	1	-1	1	-1	-1	-1	1	1	1	1	1	1	1	1	0	0	0	0	0	1	1	4	20328071	21	female	democrat	high_school	married	unemployedseeking_employment	white	Atheist / Agnostic	no	yes
43589420	1	0	0	0	0	0	0	0	0	0	0	0	0	0	1	0	0	0	0	0	0	0	0	1	0	0	0	0	0	0	0	0	0	0	0	0	0	0	0	0	0	0	0	0	0	0	0	0	0	0	0	0	0	0	0	0	0	0	0	0	0	0	0	0	0	0	0	0	0	0	0	0	0	0	0	0	0	0	0	0	0	0	0	0	0	0	0	0	0	0	0	0	0	0	0	0	0	0	0	0	0	0	0	0	0	0	0	0	0	0	0	0	0	0	0	1	0	0	0	0	0	0	0	0	0	0	0	0	0	0	0	0	0	0	0	0	
43811627	0	0	0	0	0	0	0	0	1	1	1	1	0	0	1	-1	0	0	0	0	0	0	0	0	0	0	1	0	0	0	1	0	0	-1	0	1	0	0	0	0	0	0	0	0	1	0	0	0	0	0	0	0	0	0	-1	0	1	0	0	-1	0	0	0	1	0	0	0	1	0	0	1	0	0	0	0	1	0	1	0	1	0	1	1	1	1	1	1	1	0	0	0	-1	1	0	0	0	0	0	1	0	0	-1	0	0	1	0	0	1	0	0	-1	0	0	0	0	0	0	0	0	0	0	1	0	0	-1	0	1	0	0	0	0	0	1	0	0	2	
43787047	1	0	0	0	0	0	0	0	1	0	0	1	0	0	0	0	0	0	-1	0	0	0	0	0	0	0	0	0	0	0	0	0	0	0	0	0	0	0	0	0	1	0	0	0	0	0	0	0	0	0	0	0	-1	1	1	1	0	0	0	0	0	0	0	0	1	1	0	0	0	0	0	0	0	0	0	0	0	0	0	0	0	0	0	0	0	0	0	1	0	0	0	0	0	0	0	0	0	1	0	0	0	0	0	0	0	0	0	0	0	0	0	0	0	0	0	0	0	0	0	-1	0	0	1	0	0	0	0	0	1	0	0	0	0	0	0	1	43787047	22	female	democrat	bachelor	single_living_with_parents	student	asien	Atheist / Agnostic	yes	yes
37177227	0	-1	0	0	0	0	0	0	0	0	0	0	0	0	0	-1	0	0	0	-1	1	0	0	0	0	0	0	1	0	0	0	0	0	0	0	0	0	0	0	0	0	-1	0	0	0	0	0	0	0	0	0	0	0	0	0	0	0	0	1	0	-1	0	0	0	0	-1	1	0	1	0	0	1	0	0	0	0	0	0	0	0	0	0	-1	0	0	0	1	0	0	0	0	0	0	0	0	0	0	0	0	0	0	0	0	0	0	0	0	0	0	0	0	1	0	0	0	0	0	0	0	0	0	0	0	0	0	0	0	0	0	-1	0	0	0	-1	1	8	37177227	32	male	democrat	master	married	employee	white	Roman Catholic	no	yes
43935069	0	1	1	0	1	1	0	-1	0	1	0	1	0	0	0	0	0	1	0	0	-1	1	-1	-1	0	0	0	1	0	0	0	0	0	0	0	0	0	1	-1	0	0	0	1	-1	0	1	0	0	0	1	1	0	1	1	0	1	1	0	-1	1	1	-1	-1	0	0	0	0	0	-1	-1	-1	1	1	0	0	1	1	1	1	1	1	0	1	0	0	0	0	0	1	0	0	-1	0	1	0	0	1	1	1	1	0	0	1	1	0	0	0	0	0	0	0	0	0	0	0	0	1	0	0	0	1	0	0	0	1	1	-1	1	1	0	0	1	0	0	1	0	
20398835	0	0	0	0	0	0	0	0	0	0	0	0	0	0	0	0	0	0	0	0	-1	0	0	0	0	0	0	0	0	0	0	0	0	0	0	0	0	0	0	0	0	1	0	0	0	0	0	0	0	0	0	0	0	0	0	0	0	0	0	0	0	0	0	0	0	1	0	0	0	0	0	0	0	0	0	0	0	0	0	0	0	0	0	0	0	0	1	0	0	0	0	0	0	0	0	0	0	0	0	0	1	1	1	1	0	0	0	0	0	0	0	0	0	0	0	0	0	0	0	0	0	0	0	0	0	0	0	0	0	0	0	0	0	0	0	0	
44075879	-1	-1	1	-1	0	0	0	0	-1	0	0	0	0	0	0	0	0	1	-1	-1	-1	1	-1	0	0	-1	-1	0	0	-1	-1	0	-1	-1	-1	-1	-1	-1	-1	-1	1	0	-1	0	-1	0	-1	0	0	0	0	0	-1	-1	1	-1	-1	-1	0	0	0	0	0	0	-1	-1	-1	-1	0	0	0	0	0	-1	-1	0	0	1	0	0	-1	1	0	0	0	0	0	0	-1	0	0	0	0	0	-1	0	0	0	0	0	0	-1	0	0	-1	-1	-1	-1	0	0	0	0	0	0	0	0	0	-1	0	0	1	0	0	0	0	-1	1	-1	0	-1	0	0	1	0	3	149	
43718472	0	0	0	0	0	0	0	0	0	0	0	0	0	0	0	0	0	0	0	0	0	0	0	0	0	0	0	0	0	0	0	0	0	0	0	0	1	0	0	0	0	0	0	0	0	0	0	0	0	0	0	0	0	0	0	0	0	0	0	0	0	0	0	0	0	0	0	0	0	0	1	0	0	0	0	0	0	0	0	0	0	0	0	0	0	0	0	0	0	0	0	0	0	0	0	0	0	0	0	0	0	0	0	0	1	0	0	0	0	0	0	0	0	0	0	0	0	0	0	0	0	0	0	1	0	0	0	0	0	0	0	0	0	0	0	1	
39721866	1	0	1	0	0	0	0	0	0	0	1	0	1	0	1	-1	1	0	-1	1	0	0	-1	-1	0	0	0	0	1	1	-1	-1	0	0	0	0	0	0	0	1	0	0	1	0	0	-1	1	0	-1	0	1	1	0	0	0	0	0	-1	0	0	1	-1	0	0	0	1	-1	0	-1	1	1	1	-1	1	1	1	0	0	1	1	0	1	0	0	0	0	0	1	0	1	0	0	0	1	1	0	1	0	0	0	0	0	0	-1	0	0	0	-1	0	0	0	0	-1	1	1	1	0	0	0	1	0	0	1	0	-1	-1	1	1	1	-1	1	1	0	0	3	1	
43605836	0	0	0	0	0	0	0	0	0	0	0	0	0	0	0	0	0	0	0	0	0	0	0	0	0	0	0	0	0	0	0	0	0	1	0	0	0	0	0	0	0	0	0	0	0	0	1	0	0	0	0	0	0	0	0	0	0	0	0	0	0	0	0	0	0	0	0	0	0	0	0	0	0	0	0	0	0	0	0	0	0	0	0	0	0	0	0	0	0	0	0	0	0	0	0	0	0	0	0	0	0	1	0	0	0	0	1	0	0	0	0	0	0	0	0	0	0	0	0	0	0	0	0	0	0	0	0	0	0	0	0	0	0	0	0	0	
15577915	1	1	-1	1	-1	0	0	0	1	0	0	0	0	0	0	0	1	1	-1	1	-1	0	-1	0	0	1	0	0	0	0	0	0	0	0	0	1	1	1	-1	1	1	1	0	0	0	0	0	0	0	0	0	0	0	-1	1	0	1	0	0	0	1	0	0	0	-1	1	-1	1	0	0	0	0	0	0	0	0	0	-1	0	0	-1	0	0	0	0	0	1	0	0	0	0	0	0	0	1	0	0	0	0	0	0	0	0	0	1	-1	-1	1	0	0	0	0	-1	0	0	0	0	0	0	0	1	0	0	0	0	0	-1	1	0	-1	0	0	1	0	0	0	
41193378	1	0	0	1	0	0	1	0	0	0	1	0	1	0	0	0	-1	0	0	0	0	0	0	1	1	0	0	1	0	0	0	0	0	0	0	0	0	0	0	0	0	0	0	1	1	1	1	0	-1	0	0	0	0	0	0	0	1	1	1	-1	0	0	-1	0	0	0	0	0	0	0	0	0	1	0	1	0	0	0	0	0	0	1	0	1	0	0	0	0	0	1	0	0	0	0	0	1	-1	1	0	1	0	0	1	1	0	0	1	-1	1	-1	-1	-1	0	0	0	1	1	0	-1	-1	0	0	0	0	0	0	0	-1	1	1	-1	1	0	0	1	0	
22653569	0	0	0	0	0	0	0	0	0	0	0	0	0	0	0	0	0	0	0	0	0	0	0	0	0	0	0	0	0	0	0	0	0	0	0	0	0	0	0	0	0	0	0	0	0	0	0	0	0	0	0	0	0	0	0	0	0	0	0	0	0	0	0	0	0	0	0	0	0	0	0	0	1	1	1	1	0	0	0	0	0	0	0	0	0	0	0	0	0	0	0	0	0	0	0	0	0	0	0	0	0	0	0	0	0	0	0	0	0	0	0	0	0	0	0	0	0	0	0	0	0	0	0	0	0	0	0	0	0	0	0	0	0	0	0	0	
18212596	0	0	0	0	0	0	0	0	0	0	0	0	0	0	0	0	0	0	0	0	0	0	0	0	0	0	0	0	0	0	0	0	0	1	0	0	-1	-1	1	-1	0	0	0	0	0	0	-1	0	0	0	0	0	0	-1	0	0	0	0	0	0	0	0	0	0	0	0	0	0	0	0	0	0	0	0	0	0	0	-1	0	0	0	0	0	0	0	0	0	0	0	0	0	0	0	0	-1	0	0	0	0	0	0	1	0	0	0	0	-1	0	0	0	0	0	0	0	0	0	0	0	0	0	0	0	0	0	0	0	0	0	0	0	0	0	1	0	0	0	18212596	34	female	none	vocational_secondary_certification	other:Single living with children	unemployedseeking_employment	black_or_african_american	Atheist / Agnostic	no	yes
13095205	1	0	0	1	0	0	-1	0	-1	0	-1	-1	-1	-1	-1	1	-1	0	1	-1	0	0	0	-1	-1	1	0	-1	-1	0	-1	1	0	0	1	0	0	0	1	0	-1	0	-1	-1	0	-1	-1	-1	1	0	-1	-1	1	-1	-1	-1	-1	1	1	-1	-1	1	1	-1	0	-1	0	0	1	0	0	0	-1	-1	-1	1	-1	0	0	0	-1	-1	0	-1	-1	1	0	-1	0	-1	-1	1	-1	-1	-1	-1	-1	-1	-1	-1	-1	0	0	-1	-1	0	0	0	0	1	1	1	1	1	-1	-1	-1	1	0	1	-1	-1	-1	1	0	0	-1	1	-1	-1	1	-1	1	-1	2	3	
43932026	0	0	0	0	0	0	0	0	1	1	1	0	1	0	1	1	0	0	0	0	0	0	0	0	0	0	1	0	1	1	1	1	1	1	1	1	1	0	1	1	1	0	1	1	1	1	0	0	0	0	0	0	0	0	1	0	1	1	1	1	0	1	0	1	0	0	0	1	1	1	1	0	0	1	0	0	0	1	0	1	1	1	1	1	1	1	0	0	1	0	0	1	1	0	0	1	0	0	1	0	0	1	0	0	1	0	0	1	0	1	1	0	0	0	1	1	0	0	1	1	0	1	0	0	-1	0	1	0	0	0	0	0	-1	1	0	2	
43939704	0	0	1	0	0	0	0	1	0	0	0	0	0	0	0	1	0	0	0	0	0	1	0	0	1	0	0	0	1	1	-1	1	0	0	0	0	0	1	0	0	0	0	0	1	0	0	0	0	-1	1	1	1	0	0	0	0	0	0	0	1	0	0	-1	0	1	0	-1	0	0	0	0	0	0	0	0	0	0	0	0	0	0	0	1	1	0	0	1	0	0	0	0	0	1	0	0	0	1	0	0	0	0	0	1	0	0	0	-1	1	1	1	-1	-1	-1	0	0	0	0	0	-1	-1	0	0	0	0	0	0	0	0	0	0	0	1	0	0	0	1	
43851130	1	1	1	1	1	0	0	1	-1	0	0	0	0	0	0	0	0	0	0	0	1	-1	0	0	0	1	1	0	0	1	1	0	1	0	1	0	1	1	1	-1	1	0	-1	0	1	0	1	0	0	0	0	0	1	1	1	-1	0	1	0	0	0	0	0	0	1	0	1	1	0	0	0	0	0	1	1	0	0	1	0	0	0	-1	0	0	0	0	0	0	1	0	0	0	0	0	-1	0	0	0	0	0	0	1	0	0	1	-1	1	1	0	0	0	0	0	0	0	0	0	1	1	0	1	0	0	0	0	1	0	1	0	1	0	0	1	0	3	2	43851130	25	male	democrat	bachelor	single_living_alone	employee	white	Roman Catholic	yes	yes
43102561	0	0	0	0	0	0	0	0	0	0	-1	0	1	0	1	1	0	0	0	0	0	0	0	0	0	0	0	0	1	1	1	1	-1	-1	1	1	1	0	-1	1	1	1	1	1	1	1	0	0	0	0	0	0	0	0	1	0	0	1	-1	1	0	1	0	0	0	0	0	1	-1	1	1	0	1	1	0	0	0	0	0	1	-1	1	1	1	-1	1	0	0	1	0	1	-1	1	0	0	1	0	0	1	0	0	-1	0	0	1	0	0	-1	0	1	1	0	0	0	1	1	0	0	-1	-1	1	-1	0	0	0	0	1	0	0	0	0	0	-1	1	1	2	43102561	34	male	independent	master	married	selfemployed	hispanic_american	Protestant	yes	no
43780975	0	1	-1	1	-1	1	-1	0	0	0	0	0	0	0	0	0	1	1	0	0	0	1	1	0	0	0	0	-1	0	0	0	0	0	0	0	0	0	1	1	0	0	0	1	0	0	1	0	1	1	0	1	0	1	0	0	1	0	0	-1	0	1	-1	0	0	0	0	0	0	0	0	0	1	0	0	0	0	1	-1	0	1	0	0	1	0	-1	0	0	1	1	0	0	-1	0	0	0	0	0	1	0	1	-1	0	1	1	0	0	0	0	0	0	0	0	0	0	0	0	1	-1	0	0	1	0	0	0	0	1	1	1	1	0	1	1	0	0	3	13	
30721568	0	0	0	0	0	0	0	0	0	0	0	0	0	0	0	0	0	0	0	0	-1	0	0	0	0	0	0	0	0	0	0	0	0	0	0	0	0	0	0	0	0	0	0	0	0	0	0	0	0	0	0	0	0	0	0	0	0	0	0	0	0	0	0	0	0	0	0	0	0	1	0	0	0	0	0	0	0	0	0	0	0	0	0	0	0	0	0	0	0	0	0	0	0	0	0	0	0	0	0	0	0	0	0	0	0	0	0	0	-1	0	0	0	0	0	1	0	0	0	0	0	0	0	0	0	0	0	0	0	0	0	0	0	0	0	0	0	
6377879	0	0	0	0	0	1	0	0	0	0	0	0	0	0	0	0	0	0	0	0	0	0	0	0	0	0	0	0	0	0	0	0	0	0	0	0	0	0	0	0	0	0	0	0	0	0	0	0	0	0	0	0	0	1	0	0	0	0	0	0	0	0	0	0	0	0	0	0	0	0	0	0	0	0	0	0	1	0	0	0	0	0	0	0	0	0	0	0	0	0	0	0	0	0	0	0	0	0	0	0	0	0	0	0	0	-1	0	0	0	0	0	0	0	0	0	0	0	0	0	0	0	0	0	0	0	0	0	0	0	0	0	0	0	0	0	1	
43822436	0	0	0	0	0	0	0	0	1	1	0	0	0	0	0	0	0	0	0	0	0	0	0	0	0	0	1	0	0	0	0	0	0	0	0	1	0	0	0	0	0	0	0	0	0	0	0	0	0	0	0	0	0	0	1	0	1	0	0	1	0	0	0	0	0	0	0	0	0	0	0	0	0	0	0	0	0	1	0	0	0	0	0	0	1	-1	1	1	0	0	0	-1	0	0	0	0	0	0	0	0	0	1	0	0	0	0	0	0	0	0	0	0	0	0	0	0	0	0	0	0	0	1	0	0	-1	0	0	0	0	0	0	0	0	0	0	0	43822436	19	female	independent	some_college	single_living_with_parents	student	white	Roman Catholic	yes	yes
21785776	1	1	1	1	1	0	0	1	1	1	1	0	1	0	0	-1	-1	-1	0	0	-1	1	1	1	0	1	1	1	1	-1	1	-1	1	-1	-1	0	1	1	-1	1	1	1	1	1	1	1	1	0	0	0	0	1	-1	1	1	1	1	1	-1	1	1	0	-1	1	0	1	-1	-1	-1	1	1	1	1	1	1	1	0	1	-1	1	1	1	1	1	0	-1	0	0	1	1	-1	0	0	0	1	1	1	0	1	1	1	0	1	1	0	1	0	-1	1	-1	-1	-1	-1	1	1	1	0	0	-1	0	1	1	1	-1	0	0	1	-1	1	0	-1	1	-1	0	2	0	
44086620	0	0	0	1	0	0	0	0	0	0	0	0	0	0	0	0	0	0	0	0	0	0	0	0	0	0	0	0	0	1	0	0	0	0	0	0	0	0	0	0	0	0	0	0	1	1	1	1	0	0	0	1	0	0	0	0	0	0	0	0	0	0	0	1	0	0	1	0	0	0	0	0	0	0	0	0	0	0	0	0	0	0	1	0	0	0	1	0	0	0	1	0	0	0	0	0	0	0	0	0	1	0	0	0	0	1	0	0	0	0	0	0	1	0	0	0	0	0	0	0	0	0	0	0	0	0	0	0	0	0	0	0	0	0	0	0	
ID	2000	2001	2002	2003	2004	2005	2006	2007	2008	2009	2010	2011	2012	2013	2014	2015	2016	2017	2018	2019	2020	2021	2022	2023	2024	2025	2026	2027	2028	2029	2030	2031	2032	2033	2034	2035	2036	2037	2038	2039	2040	2041	2042	2043	2044	2045	2046	2047	2048	2049	2050	2051	2052	2053	2054	2055	2056	2057	2058	2059	2060	2061	2062	2063	2064	2065	2066	2067	2068	2069	2070	2071	2072	2073	2074	2075	2076	2077	2078	2079	2080	2081	2082	2083	2084	2085	2086	2087	2088	2089	2090	2091	2092	2093	2094	2095	2096	2097	2098	2099	2100	2101	2102	2103	2104	2105	2106	2107	2108	2109	2110	2111	2112	2113	2114	2115	2116	2117	2118	2119	2120	2121	2122	2123	2124	2125	2126	2127	2128	2129	2130	2131	2132	2133	best 2000	worst 2000	best 2001	worst 2001	best 2002	worst 2002	best 2003	worst 2003	best 2004	worst 2004	best 2005	worst 2005	best 2006	worst 2006	best 2007	worst 2007	best 2008	worst 2008	best 2009	worst 2009	best 2010	worst 2010	best 2011	worst 2011	best 2012	worst 2012	best 2013	worst 2013	best 2014	worst 2014	best 2015	worst 2015	best 2016	worst 2016	best 2017	worst 2017	best 2018	worst 2018	best 2019	worst 2019	best 2020	worst 2020	best 2021	worst 2021	best 2022	worst 2022	best 2023	worst 2023	best 2024	worst 2024	best 2025	worst 2025	best 2026	worst 2026	best 2027	worst 2027	best 2028	worst 2028	best 2029	worst 2029	best 2030	worst 2030	best 2031	worst 2031	best 2032	worst 2032	best 2033	worst 2033	best 2034	worst 2034	best 2035	worst 2035	best 2036	worst 2036	best 2037	worst 2037	best 2038	worst 2038	best 2039	worst 2039	best 2040	worst 2040	best 2041	worst 2041	best 2042	worst 2042	best 2043	worst 2043	best 2044	worst 2044	best 2045	worst 2045	best 2046	worst 2046	best 2047	worst 2047	best 2048	worst 2048	best 2049	worst 2049	best 2050	worst 2050	best 2051	worst 2051	best 2052	worst 2052	best 2053	worst 2053	best 2054	worst 2054	best 2055	worst 2055	best 2056	worst 2056	best 2057	worst 2057	best 2058	worst 2058	best 2059	worst 2059	best 2060	worst 2060	best 2061	worst 2061	best 2062	worst 2062	best 2063	worst 2063	best 2064	worst 2064	best 2065	worst 2065	best 2066	worst 2066	best 2067	worst 2067	best 2068	worst 2068	best 2069	worst 2069	best 2070	worst 2070	best 2071	worst 2071	best 2072	worst 2072	best 2073	worst 2073	best 2074	worst 2074	best 2075	worst 2075	best 2076	worst 2076	best 2077	worst 2077	best 2078	worst 2078	best 2079	worst 2079	best 2080	worst 2080	best 2081	worst 2081	best 2082	worst 2082	best 2083	worst 2083	best 2084	worst 2084	best 2085	worst 2085	best 2086	worst 2086	best 2087	worst 2087	best 2088	worst 2088	best 2089	worst 2089	best 2090	worst 2090	best 2091	worst 2091	best 2092	worst 2092	best 2093	worst 2093	best 2094	worst 2094	best 2095	worst 2095	best 2096	worst 2096	best 2097	worst 2097	best 2098	worst 2098	best 2099	worst 2099	best 2100	worst 2100	best 2101	worst 2101	best 2102	worst 2102	best 2103	worst 2103	best 2104	worst 2104	best 2105	worst 2105	best 2106	worst 2106	best 2107	worst 2107	best 2108	worst 2108	best 2109	worst 2109	best 2110	worst 2110	best 2111	worst 2111	best 2112	worst 2112	best 2113	worst 2113	best 2114	worst 2114	best 2115	worst 2115	best 2116	worst 2116	best 2117	worst 2117	best 2118	worst 2118	best 2119	worst 2119	best 2120	worst 2120	best 2121	worst 2121	best 2122	worst 2122	best 2123	worst 2123	best 2124	worst 2124	best 2125	worst 2125	best 2126	worst 2126	best 2127	worst 2127	best 2128	worst 2128	best 2129	worst 2129	best 2130	worst 2130	best 2131	worst 2131	best 2132	worst 2132	best 2133	worst 2133	participant id	age	gender	affiliation	education	family status	profession	race	religion	ties2overseas	US citizen
