participant id	America should control the middle east.	Torture should not be allowed.	Sometimes spying on terrorists can unfortunately reveal about unrelated persons.	Terrorism is an international threat.	Measure put in place to allow government more access to private information after the 9-11 terrorist attacks have been mis used.	All suspected individual should be well detaned.	Fighting terrorism by using bombings that kill civilians creates more terrorists than it kills.	The US uses terrorism to justifice violence against other countries.	Terrorism needs to end with the hope of peace.	We need to take necessary means to capture terrorists.	The war on terror having long-term economic effects while we could keep our borders safe here instead.	The government should have many strategies for the war.	War on terrorism should be the priority by the US.	We should take troops out of the middle east.	The war on terror makes us a police state rather than do much for our world image and sovereignt.	The war or terrorism must be enforced and take seriously.	A person's chances of being killed by a terrorist are astronomically low.	More countries should join forces in combating terrorist.	The cost of terror has economical and human consequences.	USA need more arab people to fight terror.	US should not meddle in foreign affairs in the name of defense.	Eradicating terrorism save many lives.	As a bonus, war on terror almost guarantees safety worldwide.	The war against Afghanistan was justified by terrorism.	The war on terrorism must be taken serious.	People can not avoid war.	Terrorism should not be encouraged.	The terrorist issue is small compared to other priorities.	Using torture makes us terrorists.	Terrorism should be defeated but not at the cost of civilian lives.	Terrorism has to be defeated using all available means.	Torture can be a necessary tool in the war on terror.	Many companies are getting rich by selling wapons agains terrorism.	Terrorists lose any kind of human right.	The government uses the war on terror to spy on US citizens.	We must protect our country.	War against terrorism is expensive.	We must have a psychological support group for many of the affected by terror.	Any arrested terrorist should be jailed.	Fighting terrorists only radicalizes more.	The war on terrorism has lead to discrimination of muslims.	It is ok that our taxes support the war on terrorism.	Terrorism is only a problem in the middle east.	We should not call it a war, as it is totally different than what we think of as a war between countries.	Terrorism needs to be eliminated once and for all.	We need to focus on intelligence and infiltrating groups of suspected terrorists.	Terrorism needs to be stopped.	American born terrorists are a bigger threat than middle eastern terrorists.	The war on terrorism is to costly.	Any cost is little if terrorism is eliminated.	The United States must work with the international community to defeat terrorism.	If U.S. citizens have nothing to hide, then they shouldn't be concerned about the government spying on them.	Torture is an ineffective way to extract reliable information from people.	The government uses war on terror to spy on foreign affairs.	The war on terrorism has been minimally effective.	It is necessary to defeat the evils that want to destroy others as their mission.	War on terrorism is good for the country.	The government must take care that the taken measures on counter-terror does not affect innocents.	Terrorism should be countered.	Troops lives have been lost for no reason due to the war on terrorism.	Terrorism takes many forms and is home grown through the use of the internet and a section of the population that is completely disenfranchised with our society.	The war on terrorism resulted in more terrorist acts against the United States.	Too many lives are lost during acts of terrorism.	The War on Terror is unwinnable.	The War on Terrorism did not boost the economy.	The US needs to stop their war on terrorism.	Torture may have some benefits although inhuman.	Terrorism needs to be destroy  by using tecnology.	Torture is sometimes required to get answers.	Terrorism is the biggest problem of our time.	We must fight for our freedoms.	War on terrorism is a necessary strategy.	All Muslims are terrorists.	The us government need to spot out all the terrorist with intellegence.	The war against afghanistan was justified by terrorism.	Jet fuel can't melt steel beams: 9-11 is fake.	Too much lives are wasted because of war on terrorism.	The war on terror made us look a lot stronger as a nation.	Terrorism should be stopped.	It is needed to educate people to reduce terrorism.	Terrorism needs to be defeated using all available means.	The United States had to do something regarding terror following September 11, 2001.	The war on terrorism does not prevent terrorism.	The economic costs of terrorism and human cost is far too much.	Radical Islamic terrorists do not portray the beliefs of all muslims.	Government need to increase fighting measure.	US should act seriously on terrorism war.	Military deployment to the Middle East is a necessary to deter terrorism.	The war on terror costs too much.	The War on Terrorism required a large amount of funding to be.	Measures to be taken must be preventive to major risks.	The war on terrorism is an invasion of privacy.	We have no credible evidence that Iraq and al Qaeda cooperated on attacks against the United States.	The government is trying to use the war on terrorism to scare people.	The CIA use the war on terror to spy on others.	Terrorism will always be ahead of authorities trying to combat it because there is no boundary too great to cross and they will do anything to achieve their results.	The United States must appropriate adequate funds to fight terrorism internationally.	Terrorism must be defeated.	God does not approve any war.	War on terriorism kept us safe so far.	We use the word terrorist for groups that attack us, and rebels if they attack our enemies.	Torture can be used to extract necessary information.	The war on terrorism has caused more harm to us citizens.	The government uses the war on terror to spy on US citizen.	Casualties piled by the War on Terrorism are necessary to protect constitutional fundamentals.	We will never be able to eliminate terrorism.	The war on terrorism is too expensive.	Terrorist should be killed without trials.	Measures to end terrorism must be maximized.	Terrorism is dangerous to all the world.	Quit spending money overseas.	The War on Terrorism is costing too much.	The war on terror kept us safe so far.	Terrorism is a war that effects the world.	The war on terrorism needs to be stopped.	Terrorists are recruiting people via the internet.	The war on terrorism creates more terrorism.	Terrorism should be stopped by any means necessary.	War is sometimes a necessary thing.	Government surveillance may inadvertantly pick up info on unrelated persons.	Terrorism will be a part of our world until the end of time, that is one of the costs of freedom of thought.	It is necessary to protect ourselves from viable terrorism.	Spying is a necessary method to prevent terrorists from acting.	The terrorists are very crue to telorate.	Terrorism has destroyed too much and needs to end.	The United States is in more debt than ever because of the War on Terrorism.	Torture is a necessary tool in the war on terror.	Immigration into the United States must be monitored and restricted to prevent terrorism within our borders.	The War on Terrorism was a necessary defense measure.	The US government must provide measures to prevent war.	President Bush had to make a difficult decisions regarding the War on Terrorism.	We should fight to the finish against Afghanistan.	The 9/11 attacks stunned the nation.	The government is spending too much funds on war on terrorism.	faultyAD	faultyBW	participant id	age	gender	affiliation	education	family status	profession	race	religion	ties2overseas	US citizen
42703498	0	0	1	0	1	1	1	1	1	1	1	0	1	0	0	0	0	0	0	0	1	1	1	0	1	1	1	1	0	0	0	0	0	0	0	1	0	0	0	1	0	0	0	0	0	1	0	0	0	0	1	1	0	0	1	0	1	0	0	1	0	0	0	0	0	1	0	0	0	0	0	0	0	0	0	0	1	1	1	0	1	0	0	1	0	1	0	1	0	0	0	1	0	0	1	0	1	1	1	1	0	0	0	0	0	0	0	1	0	0	0	1	0	0	0	0	0	0	0	0	1	1	1	1	1	0	1	0	0	0	0	1	0	0	0	1	
22139728	1	0	0	1	0	0	1	0	0	1	0	0	1	1	1	1	0	1	1	0	0	0	0	1	0	0	0	0	0	1	0	0	0	1	0	0	0	1	1	1	1	1	1	1	1	1	1	1	1	0	0	0	0	0	0	0	0	0	0	0	1	0	0	0	0	1	0	0	0	1	0	0	0	1	0	1	0	0	0	0	0	0	0	0	0	0	0	0	1	0	0	1	0	1	0	1	0	0	0	0	1	1	0	0	0	1	1	0	1	1	1	1	0	0	1	1	0	0	0	1	0	0	1	0	0	0	1	0	0	0	1	0	1	0	0	16	22139728	32	female	democrat	master	single_living_alone	employee	black_or_african_american	other:Christian	yes	yes
43856538	0	1	0	1	0	1	1	0	0	0	0	0	0	0	0	1	1	1	1	1	0	1	0	0	1	0	0	0	1	1	1	1	0	0	0	0	0	0	0	0	0	0	1	1	0	0	1	0	1	0	0	1	1	0	0	1	0	0	0	0	1	1	0	0	0	0	1	0	0	0	0	1	1	1	1	1	0	0	0	0	1	1	0	1	1	0	0	1	0	0	0	0	0	1	0	0	0	1	1	0	0	0	1	1	1	1	1	1	0	0	0	0	1	1	1	1	-1	0	0	0	0	0	0	0	1	0	0	0	0	1	0	1	0	0	1	7	
43736722	0	1	1	0	0	0	0	0	0	0	0	1	0	0	0	0	1	0	0	0	0	1	0	0	0	-1	0	0	0	1	0	-1	0	0	0	1	0	0	0	0	1	0	0	0	0	0	0	-1	0	1	0	0	0	0	1	0	0	0	0	0	0	0	0	0	0	0	0	0	0	0	0	0	0	0	0	1	0	0	0	0	0	0	0	0	0	0	0	0	1	0	0	0	0	0	-1	0	0	0	0	0	0	0	0	0	0	0	0	0	0	0	0	0	0	0	0	0	1	0	0	0	0	0	0	0	0	0	0	1	1	1	0	0	0	0	1	1	43736722	22	female	independent	some_college	single_living_alone	employee	hispanic_american	other:Christian	yes	no
43860631	1	-1	1	1	0	0	0	-1	0	0	1	1	1	0	1	1	0	1	1	1	0	0	0	0	1	0	0	-1	-1	1	1	1	0	-1	-1	1	1	1	1	1	1	1	-1	1	1	1	0	0	0	1	0	1	-1	-1	0	1	0	1	1	0	1	-1	1	-1	1	0	1	0	1	1	-1	1	0	1	0	1	1	0	0	0	1	1	0	1	1	0	0	0	0	1	0	0	1	-1	-1	0	0	1	1	-1	1	0	1	0	1	-1	0	1	1	0	-1	0	1	1	1	-1	0	1	0	1	1	1	0	1	0	0	0	0	0	1	0	1	1	0	12	10	
5007431	0	0	0	0	0	1	0	0	0	0	0	0	1	0	0	1	0	1	0	0	0	0	0	0	1	1	1	-1	0	0	0	0	0	0	0	0	0	-1	0	0	0	0	0	0	0	1	0	0	0	0	0	0	1	1	-1	1	0	0	0	0	0	0	0	0	0	0	0	1	0	0	0	0	0	0	0	0	0	0	0	0	0	0	0	0	0	0	0	0	0	1	0	0	-1	0	0	0	1	0	0	0	0	0	0	-1	0	0	0	0	0	0	0	0	0	0	0	0	0	0	0	0	0	0	0	0	0	0	0	0	0	0	0	-1	0	0	0	0	
42468998	0	0	0	0	0	0	0	0	0	0	0	0	1	0	0	0	0	0	-1	0	0	0	0	0	0	-1	0	0	0	0	1	0	0	0	0	0	1	0	0	0	0	0	0	0	0	0	0	0	0	1	1	0	0	0	0	0	1	1	1	1	0	0	0	0	-1	-1	1	1	0	0	0	1	0	0	0	0	0	0	0	0	0	0	0	0	0	0	0	0	1	-1	1	-1	0	0	0	0	0	1	0	1	0	0	0	0	0	0	0	0	0	1	0	0	0	1	1	0	0	0	1	0	0	0	0	0	0	0	0	0	0	0	0	0	0	0	0	0	
38548574	0	0	0	0	0	0	0	0	0	0	0	0	0	0	0	0	0	0	0	0	0	0	0	0	0	0	0	0	0	0	0	0	0	0	0	0	0	0	0	0	0	0	0	0	0	0	0	0	0	0	0	0	0	0	0	0	0	0	0	0	0	0	0	0	0	0	-1	0	0	0	0	0	0	0	0	0	0	0	0	0	0	0	1	0	0	0	1	0	0	0	0	0	0	0	0	0	0	0	0	0	0	0	0	0	0	0	0	0	0	0	0	0	-1	0	0	0	0	0	0	0	0	0	0	0	0	0	0	0	0	0	0	0	0	0	0	1	
27748798	0	0	0	0	0	0	0	0	0	1	0	0	0	0	0	0	0	0	0	0	0	0	0	0	0	0	0	0	0	0	0	0	0	0	0	0	0	1	-1	-1	0	0	0	0	1	0	0	0	0	0	0	0	0	0	0	0	0	0	0	0	0	0	0	0	0	0	0	0	0	0	0	0	0	1	0	0	0	0	0	0	0	0	0	0	0	0	0	0	0	0	0	0	0	-1	0	1	0	0	0	0	0	1	0	0	0	1	0	0	0	0	-1	0	0	0	0	0	0	0	0	1	0	0	0	0	0	0	0	0	0	0	0	0	0	0	0	1	
1933319	0	1	1	0	1	0	0	0	1	1	0	1	0	0	0	0	1	0	0	0	0	0	0	0	0	0	0	0	0	0	0	-1	1	0	0	1	-1	0	0	0	0	0	0	0	0	0	0	1	0	0	0	0	0	0	0	0	0	0	0	0	0	1	0	1	0	0	0	0	-1	0	0	0	0	0	0	0	0	0	0	0	0	0	0	0	-1	0	1	0	-1	0	0	0	0	0	1	0	0	0	0	0	0	0	0	0	0	0	0	0	0	0	0	0	1	0	0	0	-1	0	0	0	0	0	0	0	0	0	0	0	1	0	1	0	0	-1	1	1	1933319	37	male	independent	some_college	single_living_alone	employee	white	Protestant	yes	yes
14070474	0	0	0	0	0	0	0	0	0	0	0	0	0	0	0	0	0	0	0	0	0	0	0	0	0	0	0	0	0	0	0	0	0	0	0	0	0	0	0	0	0	0	0	0	0	0	0	0	0	0	0	0	0	0	0	0	0	0	0	0	0	0	0	0	0	0	0	0	0	0	0	0	0	0	0	-1	0	0	0	0	0	1	0	0	0	0	0	0	0	0	0	0	-1	0	0	0	0	0	0	0	0	0	0	0	0	0	0	0	0	0	-1	0	0	0	0	0	0	0	0	0	0	0	0	0	0	0	0	0	0	0	0	0	0	0	0	0	14070474	69	female	republican	bachelor	single_living_with_partner	employee	white	Protestant	no	yes
39147083	0	0	0	0	0	0	0	0	0	0	0	0	0	0	0	0	0	0	0	0	0	0	0	0	0	0	0	0	0	0	0	0	0	0	0	0	0	0	0	0	0	0	0	0	0	0	0	0	1	-1	1	-1	0	0	0	0	0	0	0	0	0	0	0	0	0	0	0	0	0	0	0	0	0	0	0	0	0	0	0	0	0	0	0	0	0	0	0	0	0	0	0	0	0	0	0	0	0	0	0	0	0	0	0	0	0	0	0	0	0	0	0	0	0	0	0	0	0	0	0	0	0	0	0	0	0	0	0	0	0	0	0	0	0	0	0	0	
21467491	0	0	0	0	0	0	0	0	0	0	0	0	0	0	0	0	0	0	0	0	0	0	0	0	0	0	0	0	0	0	0	0	0	0	0	0	0	0	0	0	0	0	0	0	0	0	0	0	0	0	0	0	0	0	0	0	0	0	0	0	0	0	0	0	0	0	0	0	0	0	0	0	0	0	0	-1	0	0	0	0	0	1	0	0	0	0	0	0	0	0	0	0	-1	0	0	0	0	0	0	0	0	0	0	0	0	0	0	0	0	0	1	0	0	0	0	0	0	0	0	0	0	0	0	0	0	0	0	0	0	0	0	0	0	0	0	0	21467491	41	female	democrat	vocational_secondary_certification	single_living_with_partner	employee	other	other:baptist	no	yes
43837109	1	0	0	1	0	0	-1	0	0	1	0	0	0	-1	1	0	0	1	1	0	1	0	0	1	0	0	0	0	0	1	0	0	0	1	0	0	1	1	1	1	1	1	-1	1	1	0	1	-1	1	0	0	0	0	0	0	0	0	0	0	0	0	0	0	0	0	1	0	0	0	-1	1	0	0	1	0	-1	0	0	0	0	0	0	0	0	0	0	1	0	1	0	0	0	0	1	0	1	0	0	0	0	1	1	0	0	1	1	1	0	1	1	1	1	0	0	-1	1	0	0	0	1	0	0	1	1	0	0	-1	0	0	0	1	0	1	0	0	2	
19302668	-1	1	1	1	0	0	0	0	0	0	1	0	0	0	0	1	0	-1	1	-1	-1	0	0	-1	0	1	0	0	0	0	-1	0	0	0	-1	0	0	0	1	0	0	0	-1	0	0	0	0	0	1	-1	1	0	0	0	0	0	0	1	1	0	0	0	0	0	-1	0	-1	0	0	-1	0	0	0	1	0	0	0	0	0	1	0	0	-1	0	0	-1	1	0	0	1	0	0	0	0	0	0	0	1	-1	0	0	0	0	0	1	0	0	0	1	1	1	0	0	1	-1	1	0	-1	0	0	1	1	1	1	0	0	-1	0	0	0	0	-1	0	0	3	2	19302668	44	female	democrat	high_school	married	employee	white	other:Christian	no	yes
20244740	0	0	1	0	0	0	0	0	0	0	1	0	0	0	0	-1	0	1	0	0	0	0	0	0	-1	0	0	1	0	0	0	0	0	0	0	0	0	1	0	0	0	0	0	0	0	0	0	0	0	0	1	-1	1	0	0	1	0	0	0	0	0	0	0	0	-1	0	0	1	0	0	0	0	0	0	0	0	-1	-1	-1	0	0	0	0	0	0	-1	0	0	0	0	0	0	1	0	-1	0	1	1	-1	0	0	0	0	-1	0	1	0	0	0	0	0	-1	0	0	0	0	0	0	0	0	0	1	0	1	1	0	0	0	0	0	0	0	0	0	5	5	
43676331	0	0	0	0	0	0	0	0	0	0	0	0	0	0	0	0	0	0	0	0	0	0	0	0	0	0	0	0	1	-1	-1	-1	0	0	0	0	0	0	0	0	0	0	0	0	0	0	0	0	0	0	0	0	0	0	0	0	0	0	0	0	0	0	0	0	0	0	0	0	0	0	0	0	0	0	0	0	0	0	0	0	0	0	0	0	0	0	0	0	0	0	0	0	0	0	0	0	0	0	0	0	0	0	0	0	0	0	0	0	0	0	0	0	0	0	0	0	0	0	0	0	0	0	0	0	0	0	0	0	0	0	0	0	0	0	0	0	
33708599	-1	1	1	0	1	0	0	0	1	-1	1	1	0	1	1	0	1	0	0	0	1	-1	0	-1	0	-1	0	0	0	1	0	-1	-1	0	0	1	1	1	1	-1	1	-1	0	0	1	0	0	1	0	-1	0	0	0	0	1	0	0	0	0	0	0	1	0	0	0	1	0	1	0	0	-1	0	0	-1	0	-1	0	0	0	0	0	1	0	0	0	0	-1	0	1	0	0	0	0	1	1	1	0	0	0	0	0	-1	0	0	-1	1	0	0	0	0	1	0	0	0	0	1	1	-1	-1	1	0	0	0	-1	0	0	0	1	-1	1	0	0	0	0	0	0	33708599	31	female	none	bachelor	single_living_with_partner	employee	white	other:Non religious	yes	yes
39021669	0	1	1	0	1	1	0	0	0	0	0	1	1	0	0	1	1	0	0	0	0	1	0	0	0	-1	0	0	0	1	0	-1	0	0	0	1	1	0	0	0	0	0	0	0	0	0	0	1	0	-1	0	0	0	1	1	1	0	0	0	1	0	0	0	0	0	0	0	-1	-1	1	1	1	0	0	0	1	-1	0	0	0	0	0	0	0	0	0	0	0	0	1	1	-1	1	0	1	0	-1	0	0	0	0	0	0	0	0	1	0	0	0	1	0	0	0	0	-1	0	1	0	1	0	1	1	1	1	0	0	0	1	1	1	0	0	0	0	2	2	39021669	43	female	democrat	vocational_secondary_certification	single_living_with_partner	employee	other	Roman Catholic	yes	yes
34070076	0	0	0	0	0	0	0	1	0	0	0	1	1	0	0	0	0	0	0	0	0	0	0	1	0	0	0	0	0	0	0	0	0	0	0	0	1	0	0	0	0	1	0	1	0	0	0	0	0	0	0	0	0	0	0	0	0	0	0	0	0	0	0	0	0	0	0	0	1	1	1	1	0	1	1	-1	0	0	0	0	1	1	0	0	0	0	0	0	1	1	1	1	1	0	0	0	0	0	0	0	0	0	1	1	0	0	1	0	0	0	-1	1	0	0	1	0	0	1	1	1	0	0	0	-1	0	0	0	0	0	0	0	0	0	0	0	1	34070076	30	male	none	bachelor	single_living_alone	employee	asien	Roman Catholic	yes	yes
43847840	0	1	1	0	1	1	1	1	1	1	1	1	0	0	0	1	-1	0	0	0	1	1	1	0	0	1	0	0	0	1	0	1	1	0	0	1	1	0	0	0	1	0	0	0	0	0	0	-1	0	1	1	0	1	1	1	1	-1	0	0	0	0	1	0	0	0	1	0	1	0	0	0	0	0	0	0	1	1	1	1	0	1	0	0	0	0	0	0	0	1	0	0	1	1	0	1	0	0	0	0	1	0	0	0	0	0	1	0	0	0	1	0	0	0	0	0	0	1	0	0	0	1	1	0	0	1	0	1	1	1	1	0	0	0	0	1	0	43847840	31	male	democrat	bachelor	single_living_alone	selfemployed	black_or_african_american	Roman Catholic	yes	yes
31888345	0	0	0	1	0	1	0	0	1	0	0	0	1	0	-1	1	0	0	0	0	-1	1	1	1	1	0	1	0	0	0	0	0	0	0	0	0	0	0	1	0	0	0	0	-1	0	0	1	0	0	0	0	0	0	0	-1	0	0	0	0	0	-1	0	0	0	0	0	0	1	0	0	0	0	0	0	0	0	0	1	0	0	1	1	0	0	0	0	0	0	0	0	0	-1	-1	-1	0	0	0	0	0	0	0	-1	0	0	0	0	0	0	0	0	0	0	0	0	0	1	-1	1	1	1	0	0	0	0	1	0	0	0	0	1	0	0	0	0	1	0	31888345	23	female	republican	bachelor	single_living_with_parents	unemployedseeking_employment	asien	Atheist / Agnostic	yes	yes
43855522	0	0	0	0	0	0	0	0	1	1	0	0	1	1	1	-1	0	0	0	0	1	0	0	0	0	0	1	0	0	0	1	0	0	1	0	0	1	-1	1	-1	0	1	0	0	0	1	1	-1	0	0	0	0	0	0	0	0	0	0	0	0	1	0	0	0	0	1	0	0	0	0	1	0	0	1	0	0	0	1	0	0	0	0	1	0	0	1	1	0	0	0	0	-1	0	1	0	1	0	0	0	0	0	0	0	0	1	1	1	-1	1	0	1	0	0	0	0	0	0	0	0	-1	0	0	0	1	0	0	0	0	0	0	0	0	1	0	2	5	43855522	26	male	democrat	bachelor	single_living_alone	employee	white	Roman Catholic	yes	yes
43943585	0	0	0	0	0	0	0	0	0	1	0	0	0	0	0	0	0	0	0	0	0	0	0	0	0	0	0	0	0	0	0	0	0	0	0	0	0	1	1	1	0	0	0	0	1	0	0	0	0	0	0	0	0	0	0	0	0	0	0	0	0	0	0	0	0	0	0	0	0	0	0	0	0	1	0	0	0	0	0	0	0	0	0	0	0	0	0	0	0	0	0	0	0	1	0	1	0	0	0	0	0	1	0	0	0	1	0	0	0	0	1	0	0	0	0	0	0	0	0	1	0	0	0	0	0	0	0	0	0	0	0	0	0	0	0	0	43943585	27	female	independent	associate_degree	single_living_alone	civil_servant	white	Atheist / Agnostic	yes	no
15193250	1	1	1	1	0	0	0	0	0	1	0	0	0	1	-1	1	1	1	1	1	0	0	0	0	1	0	1	1	1	1	1	-1	1	0	1	0	0	0	1	0	0	0	-1	0	0	0	1	-1	1	1	1	-1	0	0	0	1	0	1	1	0	1	-1	1	-1	0	0	1	0	-1	0	0	1	0	1	1	0	1	1	1	1	0	0	1	0	1	1	1	1	1	1	1	0	-1	-1	1	1	0	0	1	0	1	-1	-1	1	-1	1	-1	0	0	0	-1	-1	-1	1	1	1	0	1	1	0	0	0	0	0	1	1	-1	1	0	1	-1	1	0	-1	2	4	
43981010	0	0	-1	0	1	-1	1	1	1	1	0	0	0	0	0	0	0	0	0	0	1	1	-1	0	0	0	0	0	0	0	0	0	0	0	0	1	0	0	0	0	0	0	0	0	0	0	0	0	0	0	0	0	0	0	1	0	-1	0	0	1	0	0	0	0	0	1	0	0	0	0	0	0	0	0	0	0	0	0	0	0	-1	0	0	0	0	0	0	0	0	0	0	1	0	0	0	0	0	0	0	0	0	0	0	0	0	0	0	0	0	0	0	0	0	0	0	0	0	0	0	0	1	1	0	0	1	0	-1	0	0	0	0	0	0	0	0	0	
11521789	0	0	0	0	0	0	0	0	1	0	0	1	0	0	0	0	0	0	1	-1	0	0	0	0	0	0	1	0	0	0	0	0	0	0	-1	0	0	0	0	0	0	0	-1	0	0	0	0	0	0	1	1	0	0	0	0	1	-1	1	1	1	0	0	0	0	1	-1	-1	-1	0	0	0	1	0	0	0	0	0	0	0	0	0	0	0	0	0	0	0	-1	1	1	1	-1	0	0	0	0	0	0	1	-1	0	0	0	0	0	0	0	0	0	0	0	0	0	1	0	0	0	0	0	0	0	0	0	0	0	0	0	0	1	0	0	0	0	0	0	1	11521789	54	male	republican	some_college	other:Separated	employee	asien	Protestant	yes	yes
41841195	0	0	0	0	0	0	0	0	0	0	0	0	0	0	0	0	0	0	0	0	0	0	0	0	0	0	0	1	0	0	1	0	0	0	0	0	0	0	0	0	0	0	0	0	1	0	0	0	0	0	0	0	0	0	0	0	0	0	0	0	0	0	0	0	0	0	0	0	0	0	0	0	0	0	0	0	0	0	0	0	0	0	1	1	0	-1	0	0	0	0	0	0	0	0	0	1	0	0	0	0	0	0	0	0	0	0	0	-1	-1	0	0	1	0	0	0	0	0	0	0	0	0	0	0	0	0	0	0	0	-1	1	1	-1	1	0	0	0	41841195	32	female	independent	some_college	single_living_with_partner	other:homemaker	white	Atheist / Agnostic	no	yes
42082009	0	0	0	0	0	-1	0	0	0	0	0	0	0	0	0	0	0	1	0	0	0	0	0	0	0	0	0	0	0	0	0	0	0	0	0	0	0	1	0	0	0	0	0	0	0	0	0	0	0	0	0	0	0	0	0	0	0	0	0	0	0	0	0	0	0	0	0	0	0	0	0	0	0	0	0	0	0	0	0	0	0	0	0	0	0	0	0	0	0	0	0	0	0	0	0	0	0	0	0	0	0	0	0	-1	0	0	0	0	0	0	0	0	0	0	0	0	0	0	0	0	0	0	0	0	0	0	0	0	0	0	0	0	0	0	0	0	42082009	28	female	democrat	bachelor	single_living_with_partner	employee	white	Roman Catholic	yes	yes
34689613	1	0	0	0	0	0	0	-1	0	0	0	0	0	0	0	0	0	1	0	0	0	0	0	0	0	0	0	0	0	0	0	0	0	1	0	0	0	0	0	0	0	0	0	0	0	0	0	0	0	0	0	0	0	0	0	0	1	0	0	0	1	-1	-1	1	0	0	0	-1	0	0	0	0	-1	0	0	0	0	0	0	0	0	0	0	0	0	0	0	0	0	0	0	0	0	0	0	0	0	0	0	1	0	0	0	0	0	0	0	0	0	0	0	0	0	0	0	0	0	0	1	0	0	0	0	0	0	0	0	-1	0	0	0	0	0	0	0	40	
40790579	1	1	1	0	1	0	0	0	1	1	1	1	0	0	1	1	1	0	1	1	-1	1	1	0	1	1	1	0	0	1	0	1	1	0	1	1	1	1	1	-1	1	1	1	0	1	0	1	1	1	1	0	1	1	0	1	1	0	1	1	0	1	1	0	1	1	-1	1	0	1	0	1	0	0	1	0	1	1	0	0	0	0	0	1	0	1	0	1	0	1	1	1	0	0	0	1	-1	0	1	1	0	1	1	1	1	1	-1	0	0	0	0	1	0	1	0	0	0	1	0	0	1	0	0	0	1	0	0	0	1	1	1	1	1	0	1	1	0	40790579	29	male	democrat	bachelor	single_living_alone	employee	other	Muslim	no	no
43943676	0	-1	1	0	1	0	0	0	0	0	-1	0	0	0	0	0	-1	0	0	0	-1	0	0	1	0	0	0	0	0	0	1	0	0	0	-1	1	0	0	1	0	0	-1	-1	0	0	0	0	0	0	0	0	0	-1	0	0	1	0	1	1	-1	0	-1	0	0	1	-1	0	0	0	0	0	0	0	0	-1	0	0	0	0	0	0	0	0	0	1	0	1	0	1	1	0	0	0	-1	0	1	0	0	0	0	0	0	0	-1	1	0	0	0	0	1	0	0	0	0	0	-1	0	-1	0	0	0	0	0	0	0	-1	0	-1	1	0	0	0	0	0	0	0	
43606269	0	0	1	0	1	1	1	1	1	1	0	0	1	1	0	1	0	1	0	0	1	1	1	1	1	1	1	1	0	0	0	0	0	0	0	1	0	1	0	1	0	0	0	0	0	1	0	0	0	0	0	0	1	1	1	1	1	0	0	1	0	0	0	0	0	1	0	1	0	0	0	0	0	0	0	0	0	0	0	0	1	1	0	0	0	0	0	1	0	1	0	1	1	0	0	0	1	0	0	0	0	0	0	1	0	0	0	1	0	0	0	0	0	0	0	0	1	1	1	1	1	1	1	0	1	0	1	0	0	1	0	1	0	0	0	0	
43869435	1	0	0	0	0	0	1	0	-1	0	0	0	-1	1	1	-1	0	1	1	0	0	0	0	1	0	0	-1	0	0	-1	1	0	0	1	0	0	0	0	1	1	-1	1	-1	1	1	-1	1	1	1	0	0	0	0	0	0	0	0	0	0	0	-1	0	0	0	0	1	0	0	0	1	0	0	0	0	0	1	0	1	0	0	0	0	-1	0	0	1	0	0	1	0	0	-1	0	1	0	1	0	0	0	0	-1	1	0	0	0	-1	-1	1	1	0	-1	1	0	0	-1	-1	0	0	0	1	0	0	1	0	0	0	-1	0	0	0	1	0	1	0	2	0	
43510526	0	0	0	0	0	0	0	0	0	0	0	0	0	0	0	0	0	0	1	-1	0	0	0	0	0	0	0	1	0	0	0	0	0	0	0	0	0	0	0	0	0	0	0	0	0	0	0	0	0	0	0	0	0	0	0	1	0	0	0	0	0	0	0	0	0	0	0	0	0	0	0	0	0	0	0	0	0	0	0	0	0	0	0	1	0	-1	0	0	0	0	0	0	0	0	0	0	0	0	1	0	0	0	0	0	0	0	0	0	0	0	0	1	0	0	0	0	0	0	0	0	0	0	0	0	0	0	0	0	0	0	0	0	0	0	0	0	43510526	30	female	none	bachelor	single_living_alone	retired	hispanic_american	Russian Orthodox	yes	no
43857136	0	0	0	0	0	0	0	0	0	0	0	0	0	0	0	0	0	0	0	0	0	0	0	0	0	0	0	0	0	0	0	0	0	0	0	0	0	0	0	0	0	0	-1	0	0	0	0	0	0	0	0	0	0	0	0	0	0	0	0	0	0	0	0	0	0	0	0	0	0	0	0	0	0	1	0	0	0	0	0	0	0	0	0	0	0	1	0	0	0	0	0	0	0	0	0	0	0	0	0	0	0	0	0	0	0	0	0	0	0	0	-1	0	0	0	0	0	0	0	0	0	0	0	0	0	0	0	0	0	0	0	0	0	0	0	0	0	
31613324	1	0	0	1	0	0	1	0	1	0	0	0	1	1	1	1	0	1	1	0	0	0	0	1	0	0	1	0	0	1	1	0	0	1	0	0	0	0	1	1	1	1	1	0	1	1	1	1	1	0	0	0	0	0	0	0	0	0	0	0	1	0	0	0	0	1	0	0	0	1	0	0	0	0	0	1	0	1	0	0	0	0	1	0	0	-1	0	0	1	0	0	1	0	1	0	1	0	0	0	0	1	1	0	0	0	1	1	1	1	1	1	1	0	0	-1	1	0	0	0	1	0	0	1	0	0	0	1	0	0	0	1	0	1	0	1	2	
43650804	0	0	-1	0	0	1	0	0	0	0	-1	0	0	0	1	0	1	0	0	0	0	0	0	-1	0	0	0	0	1	0	0	0	0	1	1	1	0	0	1	0	0	0	0	0	0	0	0	0	0	0	1	0	1	1	0	-1	0	0	0	0	1	0	0	0	0	0	0	0	0	0	0	0	0	0	-1	-1	1	-1	1	0	0	-1	0	0	1	0	0	0	0	1	0	1	-1	1	1	1	0	0	0	-1	0	0	0	0	-1	1	1	0	-1	0	1	0	0	1	0	0	0	0	0	0	0	1	0	0	1	1	0	0	0	0	0	0	1	1	0	1	
43679467	0	1	1	0	0	0	0	0	-1	1	1	1	0	0	0	0	1	0	-1	1	1	1	0	0	0	-1	1	0	0	-1	0	1	1	0	1	1	-1	-1	1	-1	1	1	1	0	1	0	0	1	0	1	0	0	0	0	1	1	0	0	0	0	0	1	0	1	0	1	-1	0	1	0	1	0	0	1	0	-1	0	0	0	0	0	0	0	0	-1	0	0	0	1	0	0	0	0	1	-1	1	0	0	1	0	0	-1	0	0	1	1	0	0	0	0	1	0	-1	0	0	0	1	0	0	1	0	0	0	1	0	0	0	1	-1	-1	1	0	0	1	2	1	43679467	23	female	democrat	bachelor	single_living_with_parents	employee	white	Roman Catholic	yes	yes
23711512	0	0	0	0	0	0	0	0	0	0	0	0	0	0	0	0	0	0	0	0	0	0	0	0	0	0	0	0	0	0	0	0	0	0	0	0	0	0	0	0	0	0	0	0	0	0	0	0	0	0	0	-1	0	0	0	0	0	0	0	0	0	0	0	0	0	0	0	0	0	0	0	0	0	0	0	-1	1	0	0	0	0	1	0	0	0	0	0	0	0	0	0	0	-1	0	0	0	0	0	0	0	0	0	0	0	0	0	0	0	0	0	1	0	0	0	0	0	0	0	0	0	0	1	0	1	0	0	0	0	0	0	0	0	0	0	0	0	23711512	33	female	independent	vocational_secondary_certification	single_living_alone	employee	white	Protestant	no	yes
18979155	0	0	0	0	0	0	0	0	0	0	0	0	0	-1	0	0	0	0	0	0	0	0	0	0	0	0	0	0	0	0	0	0	0	0	0	0	0	0	0	0	0	0	0	0	0	0	0	0	0	0	0	0	0	0	0	0	0	0	0	0	0	0	0	0	0	0	0	1	0	0	0	0	0	0	0	0	0	0	0	0	0	1	0	0	0	0	0	0	0	0	0	0	0	0	0	0	0	0	0	0	0	0	0	0	0	0	0	0	0	0	0	0	0	0	0	0	0	0	0	0	0	0	0	0	0	0	0	0	0	1	0	0	0	0	0	0	18979155	26	female	none	high_school	single_living_with_parents	unemployedseeking_employment	white	Atheist / Agnostic	no	yes
34081916	0	0	0	0	0	0	0	0	0	0	0	0	0	0	0	0	0	0	0	0	1	0	0	0	0	0	0	0	0	0	0	0	0	0	0	0	0	0	0	0	0	-1	0	0	0	0	0	0	0	0	0	0	0	0	0	0	0	0	0	0	0	0	0	0	0	-1	0	0	0	0	0	0	0	0	0	0	0	0	0	0	0	0	0	0	0	0	1	0	0	0	0	0	0	0	0	1	0	0	0	0	0	1	0	0	0	0	0	0	0	0	-1	0	0	0	0	0	0	0	0	-1	0	0	0	0	0	0	0	0	0	0	0	0	0	0	0	0	
12366026	0	0	0	0	0	0	0	0	0	1	0	0	0	0	0	1	-1	0	0	-1	0	0	1	0	0	0	1	1	-1	1	1	1	1	-1	1	1	0	0	0	0	0	-1	-1	0	0	0	0	-1	0	0	1	1	0	0	0	0	0	0	1	0	0	0	1	1	0	0	1	0	1	0	1	1	-1	0	-1	0	0	0	1	1	0	0	1	0	0	0	1	0	0	0	0	0	1	1	1	-1	1	0	-1	0	1	-1	1	1	-1	1	1	-1	0	0	0	1	-1	0	0	0	0	1	0	0	1	0	1	0	1	1	1	1	1	-1	1	1	0	1	2	3	12366026	23	female	democrat	master	single_living_alone	employee	white	Atheist / Agnostic	yes	yes
43046630	0	0	0	0	0	0	0	0	0	0	-1	0	0	0	0	0	1	0	0	0	0	0	0	1	0	0	0	0	0	0	0	0	0	0	0	0	0	0	0	0	0	0	0	0	0	0	0	0	0	0	0	0	-1	1	0	1	0	0	0	0	0	0	0	0	0	0	0	0	0	0	0	0	0	0	-1	0	0	0	0	0	0	0	0	0	0	0	0	0	0	-1	0	0	0	0	0	0	0	0	0	0	0	0	0	0	0	0	1	0	0	0	0	0	0	1	0	0	0	0	0	0	0	0	0	0	0	1	0	0	0	0	0	0	0	1	0	0	
35849301	0	0	0	0	0	0	0	0	0	0	0	0	0	0	0	0	0	0	0	0	0	0	0	0	0	0	1	0	0	0	0	0	0	0	-1	0	0	0	0	0	0	0	1	0	0	0	0	0	0	0	0	0	0	-1	0	0	0	0	0	0	0	0	0	0	0	0	1	0	0	0	0	0	0	0	0	0	0	1	0	0	0	0	0	0	0	0	0	0	0	0	0	0	0	0	-1	0	0	0	0	0	0	0	0	0	0	0	0	0	0	0	0	0	0	0	0	0	0	0	0	0	0	0	0	0	0	0	0	0	0	0	0	0	1	0	0	1	
43684066	0	0	0	0	0	0	0	0	0	1	0	0	1	0	0	0	-1	0	1	0	1	0	1	0	0	-1	1	0	0	0	-1	0	0	0	1	0	1	0	1	0	0	-1	-1	0	0	0	0	1	0	-1	1	0	0	1	0	0	-1	1	1	1	0	1	1	0	-1	1	-1	1	1	-1	1	-1	-1	1	0	0	0	1	1	0	0	0	-1	0	0	1	-1	0	0	0	1	-1	-1	0	1	0	-1	1	1	-1	0	0	0	0	-1	0	0	0	1	1	-1	0	-1	1	1	1	0	1	-1	0	1	0	1	0	1	1	-1	1	0	0	0	0	1	0	1	3	
43947238	0	0	1	0	0	0	0	1	0	0	0	0	1	0	1	0	0	0	0	0	0	1	0	0	0	0	0	1	0	1	0	1	0	1	0	1	1	1	1	1	1	0	0	0	1	1	0	0	0	0	0	0	0	0	0	0	0	1	0	1	0	0	0	1	0	0	0	0	0	1	1	0	0	0	0	0	0	0	0	0	0	0	0	1	0	0	0	0	0	0	0	0	0	0	0	0	0	0	0	0	1	0	0	0	0	0	0	0	0	0	0	0	0	1	0	0	0	0	0	0	1	1	0	0	0	1	0	0	0	0	0	0	0	0	1	47	
43797734	0	0	0	0	0	0	0	0	0	0	0	0	0	0	0	0	0	0	0	0	1	0	0	0	0	0	0	1	0	0	0	0	0	0	0	0	0	0	0	0	0	0	0	0	0	1	0	0	0	0	0	0	0	-1	0	0	0	0	0	0	0	0	0	0	0	0	0	0	0	1	0	0	0	0	0	0	0	1	0	1	0	0	0	0	0	0	0	0	0	0	0	0	0	0	-1	0	0	0	1	0	0	0	0	0	1	0	0	0	1	0	0	0	0	0	-1	0	0	0	0	0	-1	0	0	0	0	1	-1	0	0	0	0	0	1	0	0	0	
15004831	1	1	1	1	1	1	1	1	1	1	1	1	-1	0	0	1	1	1	1	-1	1	1	0	-1	1	-1	0	0	1	0	1	1	1	1	0	1	1	1	1	1	0	-1	-1	0	1	1	0	-1	1	0	0	1	1	0	1	1	-1	1	0	1	0	1	1	1	1	1	1	1	1	1	0	0	-1	0	-1	0	0	-1	1	1	-1	0	0	1	1	0	0	0	0	1	1	-1	1	0	0	1	1	1	1	-1	0	0	0	-1	-1	0	-1	0	1	1	0	1	-1	1	1	1	0	1	-1	0	1	1	1	1	1	0	-1	1	-1	1	1	-1	1	1	12	11	
43948769	0	0	1	0	0	-1	0	0	0	0	1	0	1	0	0	0	0	1	0	0	0	0	0	0	1	0	1	0	0	0	0	0	0	0	0	0	1	1	-1	1	0	0	0	0	1	1	0	0	0	0	1	1	1	1	0	0	0	0	0	0	0	0	0	-1	0	0	0	0	0	0	1	0	0	0	0	0	1	-1	1	0	0	0	0	1	0	1	0	1	0	1	0	0	0	0	1	0	0	1	1	-1	0	0	0	1	0	-1	0	-1	0	0	0	1	0	0	0	0	0	0	0	0	0	1	1	1	1	0	0	0	0	0	0	-1	0	0	3	5	
43858972	1	0	0	1	0	0	1	0	0	1	0	0	0	1	1	0	0	1	1	0	1	0	0	1	0	0	0	0	0	1	0	0	0	1	0	0	1	1	1	1	1	1	-1	1	1	0	1	1	1	0	0	0	0	0	0	0	0	0	0	0	0	0	0	0	0	1	0	0	0	1	1	0	0	1	0	1	0	0	0	0	0	0	0	0	0	0	1	0	1	0	0	0	0	1	0	1	0	0	0	0	1	1	0	0	1	1	1	0	1	1	1	1	0	0	1	1	0	0	0	1	0	0	1	1	0	0	1	0	0	0	1	0	1	0	0	0	
43836952	0	0	0	0	0	0	0	0	0	0	0	0	0	0	0	0	0	0	0	0	0	0	0	0	0	0	0	0	0	0	0	0	0	0	0	0	0	0	0	0	0	0	0	0	0	0	0	0	0	0	0	0	0	0	0	0	0	0	0	1	0	0	0	0	0	0	0	0	0	0	0	0	0	0	0	0	0	0	0	0	0	0	0	0	0	0	0	0	0	0	0	0	0	0	0	0	0	0	0	0	0	0	0	0	0	0	0	0	0	1	0	0	0	0	0	0	0	0	0	0	1	-1	1	1	0	0	0	-1	1	0	0	0	0	0	0	0	
29738307	0	0	1	0	0	0	0	1	0	0	0	0	0	0	0	0	0	0	0	0	0	1	0	0	0	0	0	0	0	0	0	0	0	0	0	0	0	0	0	0	0	0	0	0	0	0	0	0	0	0	0	0	0	0	0	0	0	0	0	-1	0	0	0	0	0	0	0	0	0	0	0	0	0	0	0	0	0	0	0	0	0	0	0	0	0	0	0	0	0	0	0	0	0	0	0	0	0	0	0	0	0	0	0	0	0	0	0	0	0	0	0	0	0	0	0	0	0	0	0	0	0	0	0	0	0	0	0	0	0	0	0	0	0	0	0	0	29738307	21	female	democrat	some_college	single_living_with_parents	student	white	Atheist / Agnostic	yes	yes
30501721	0	0	0	0	0	0	0	0	0	0	0	0	0	0	0	0	0	0	0	0	1	0	0	0	0	1	0	0	0	0	1	0	0	0	0	0	0	0	0	0	0	0	0	0	0	0	0	0	0	0	0	0	0	-1	0	0	0	0	0	1	0	0	0	0	0	0	0	0	0	1	0	0	0	0	0	0	0	-1	0	1	0	0	0	0	0	0	0	0	0	0	0	0	0	0	-1	0	0	1	-1	0	0	0	0	0	1	0	0	0	1	1	0	0	0	0	-1	0	0	0	0	0	-1	1	1	1	0	0	-1	1	1	0	0	0	1	0	0	0	30501721	32	female	none	vocational_secondary_certification	single_living_with_partner	other:Homemaker	white	other:Christian/Southern Baptist	yes	yes
43642386	-1	1	1	1	0	0	1	0	0	1	0	0	-1	1	1	0	-1	1	1	1	0	1	-1	1	0	0	1	0	1	1	1	1	1	-1	-1	1	0	0	0	1	1	-1	-1	0	0	0	1	-1	1	0	0	-1	1	0	0	1	0	1	1	0	1	1	1	0	1	1	-1	0	-1	0	1	0	-1	1	1	-1	1	-1	1	1	0	0	1	0	1	1	1	-1	1	0	1	0	-1	-1	1	-1	0	1	1	0	0	-1	1	1	0	1	1	-1	-1	1	1	1	0	1	1	1	1	0	1	1	1	1	1	1	0	0	-1	0	0	0	-1	-1	1	1	6	16	43642386	34	male	independent	bachelor	married	selfemployed	hispanic_american	Protestant	yes	no
10959404	0	0	0	0	0	0	0	0	-1	0	0	0	-1	0	0	0	0	0	0	0	0	0	0	0	0	1	1	0	0	0	0	0	0	0	0	0	1	0	0	0	0	0	0	0	0	0	0	0	0	0	0	1	1	0	0	0	0	0	0	0	0	0	0	0	0	0	0	0	0	0	0	0	0	0	0	0	1	-1	0	0	0	0	0	0	0	0	0	0	0	-1	0	0	0	0	0	0	1	0	0	0	0	-1	0	0	0	0	0	0	0	0	0	0	0	0	1	0	0	0	1	0	0	1	0	-1	0	0	0	0	0	0	0	0	0	0	0	1	
43641877	1	1	1	1	0	0	0	0	0	0	0	0	0	0	1	1	1	1	1	1	1	1	1	-1	0	0	0	1	-1	1	1	1	1	1	1	1	0	0	1	0	0	0	1	0	0	0	1	0	0	0	0	0	0	0	0	1	0	1	1	0	1	1	0	1	1	0	1	0	1	0	0	1	0	0	0	0	0	0	0	0	0	0	0	0	0	0	0	0	0	0	1	0	1	1	1	1	0	0	0	0	0	1	1	0	1	1	1	1	0	0	0	1	1	1	1	1	0	1	0	0	0	0	0	0	0	0	0	0	0	1	0	1	0	1	3	13	
43584008	0	0	0	1	0	0	1	0	0	0	0	0	0	1	0	0	0	-1	1	0	0	0	0	0	0	0	0	-1	0	0	0	0	0	0	0	0	1	1	-1	1	0	0	0	0	-1	-1	0	0	1	0	0	0	0	0	0	0	0	0	0	0	0	0	0	1	0	1	0	0	0	-1	-1	0	0	0	0	-1	0	0	0	0	0	0	0	1	0	0	0	0	0	0	0	0	0	0	0	0	0	0	0	0	1	0	0	0	0	0	0	0	-1	1	1	1	0	0	-1	0	0	0	0	1	1	0	1	0	0	1	-1	0	0	0	1	0	1	0	0	0	43584008	29	female	democrat	master	single_living_with_partner	student	white	Atheist / Agnostic	yes	yes
43851278	1	0	0	1	0	0	1	0	1	0	0	0	1	1	1	1	0	1	1	0	0	0	0	1	0	0	1	0	0	1	1	0	0	-1	0	0	0	0	1	-1	1	1	-1	1	1	1	1	-1	-1	0	0	0	0	0	0	0	0	0	0	0	1	0	0	0	0	-1	0	0	0	1	0	0	0	0	0	1	0	1	0	0	0	0	1	0	0	1	0	0	1	0	0	-1	0	1	0	1	0	0	0	0	-1	0	0	0	0	1	1	-1	-1	1	1	1	0	0	1	-1	0	0	0	1	0	0	1	0	0	0	1	0	0	0	1	0	1	0	1	7	43851278	25	male	democrat	bachelor	single_living_with_parents	employee	black_or_african_american	Protestant	yes	yes
25358609	0	0	0	0	0	0	0	0	0	0	0	0	0	0	0	0	0	0	0	0	0	0	0	0	0	0	0	0	0	0	0	0	0	0	0	0	1	0	0	0	0	0	0	0	0	0	0	0	0	0	0	0	0	0	0	0	0	0	0	0	0	0	0	0	0	0	0	0	0	0	1	0	0	0	0	0	0	0	0	0	0	0	0	0	0	0	0	0	0	0	0	0	0	0	0	0	0	0	0	0	0	0	0	0	1	0	0	0	0	0	0	0	0	0	0	0	0	0	0	0	0	0	0	-1	0	0	0	0	0	0	0	0	0	0	0	0	25358609	47	female	democrat	bachelor	single_living_alone	unemployedseeking_employment	asien	Buddhist	yes	yes
39531214	-1	0	0	0	0	0	0	-1	1	0	0	-1	0	0	0	0	0	-1	0	0	0	0	0	0	0	0	0	0	0	0	0	0	0	-1	0	0	0	0	0	0	0	0	0	0	0	0	0	0	0	0	0	0	0	0	0	0	-1	0	0	0	1	1	0	1	0	0	0	-1	0	0	0	0	-1	0	0	0	0	0	0	0	0	0	0	0	0	0	0	-1	0	0	0	0	0	0	0	0	0	0	0	-1	0	0	0	0	0	0	0	0	0	0	0	0	0	0	0	0	0	0	-1	0	0	0	0	0	0	0	0	-1	-1	0	0	0	0	0	1	12	
27947324	-1	0	0	0	0	1	0	0	0	1	0	0	-1	0	0	0	0	0	0	0	1	1	0	0	0	0	0	0	0	0	0	0	0	0	0	0	1	1	1	-1	1	-1	0	1	1	1	1	-1	0	0	0	0	1	0	0	0	0	0	0	0	0	0	1	0	1	1	0	0	1	1	1	-1	0	1	0	0	1	-1	1	1	1	0	1	0	1	-1	1	-1	1	1	1	-1	0	-1	0	0	0	1	0	0	0	0	0	0	0	-1	0	-1	0	0	0	0	0	0	1	0	0	0	1	0	0	0	0	0	1	0	0	0	0	0	0	0	0	0	1	1	27947324	40	male	democrat	bachelor	married	employee	hispanic_american	Roman Catholic	yes	yes
8921119	0	0	1	0	0	-1	0	0	0	0	1	0	1	0	0	1	0	1	0	0	0	0	0	0	1	-1	1	1	0	0	0	0	0	0	0	0	0	1	0	0	0	0	0	0	0	1	0	0	0	0	1	-1	1	1	1	1	-1	1	1	1	0	0	0	0	0	0	0	1	0	0	0	0	0	0	0	0	1	-1	1	0	0	0	0	1	0	-1	0	0	0	1	0	0	1	0	1	0	1	0	0	-1	0	0	0	1	0	1	0	0	0	0	0	1	0	0	0	0	0	0	0	0	0	1	0	1	1	0	0	0	0	0	0	-1	0	0	0	0	
39513281	-1	0	0	0	0	0	0	-1	0	0	0	0	0	0	0	0	0	0	0	0	0	0	0	0	0	0	0	0	0	0	0	0	0	1	0	0	0	0	0	0	0	0	0	0	0	0	0	0	0	0	0	0	0	0	0	0	0	0	0	0	0	0	0	0	0	0	0	1	0	0	0	0	-1	0	0	0	0	0	0	0	0	0	0	0	0	0	0	0	0	0	0	0	0	0	0	0	0	0	0	-1	0	0	0	0	0	0	0	0	0	0	0	0	0	0	0	0	0	0	1	0	0	0	0	0	0	0	0	1	0	0	0	0	0	0	0	0	
35330747	0	0	0	0	-1	1	-1	-1	1	1	0	1	0	0	0	1	0	1	0	0	1	0	-1	1	0	-1	1	0	0	0	1	0	0	0	0	1	0	-1	0	1	0	1	0	-1	0	0	0	0	0	0	0	-1	-1	0	-1	0	1	1	0	-1	0	0	0	1	1	-1	0	1	0	0	0	0	0	1	1	0	0	0	0	1	1	1	0	0	0	0	0	1	0	1	1	-1	-1	0	0	0	1	0	1	0	1	0	-1	-1	0	0	1	1	0	0	0	1	0	0	0	0	0	1	0	1	1	1	1	1	1	0	-1	0	1	1	1	1	0	0	0	1	35330747	22	female	none	some_college	single_living_with_parents	employee	white	Atheist / Agnostic	no	yes
33266010	0	1	-1	0	0	0	0	0	1	1	1	1	0	0	0	0	1	0	1	1	0	1	0	0	0	1	1	0	0	-1	0	1	1	0	1	1	1	0	0	0	-1	0	1	0	0	0	0	1	0	0	0	0	0	0	1	1	0	0	0	0	0	1	1	1	0	0	1	0	1	0	0	0	0	0	0	0	1	1	1	1	0	0	0	0	1	1	1	1	1	0	0	0	0	0	-1	0	0	0	1	0	0	0	1	0	0	0	0	1	0	0	0	0	1	0	0	0	1	0	1	0	0	0	0	0	0	0	0	1	1	1	1	0	0	1	1	34	
43904063	0	0	0	0	0	0	0	0	0	0	0	0	-1	0	1	0	1	0	0	0	0	0	1	0	0	0	0	-1	0	1	0	0	0	1	0	-1	-1	1	1	-1	-1	0	0	0	1	-1	0	-1	0	0	0	0	0	0	0	0	0	1	0	0	0	0	0	1	0	0	0	0	0	1	1	0	0	0	0	0	0	0	0	0	0	0	0	-1	0	0	0	0	0	0	0	0	0	0	0	0	0	0	0	0	-1	0	0	0	0	0	0	0	0	0	0	0	0	-1	0	0	0	1	0	0	1	1	0	0	1	0	-1	-1	0	0	0	0	0	0	3	19	
34093227	-1	0	0	0	0	0	0	0	0	0	0	0	0	0	0	0	0	0	0	-1	0	1	0	0	1	0	0	-1	1	1	-1	-1	0	0	0	0	0	1	0	0	1	0	0	0	0	0	0	0	1	0	0	0	1	0	0	0	-1	1	1	1	-1	0	0	0	0	0	0	0	0	0	0	-1	-1	1	-1	-1	1	0	0	0	0	0	1	-1	0	0	0	0	0	0	0	0	1	1	-1	-1	1	1	1	1	1	-1	1	-1	0	0	0	0	0	0	0	0	0	0	0	0	0	0	0	0	0	0	0	0	0	0	0	0	-1	1	1	1	0	0	1	0	34093227	38	female	none	bachelor	single_living_with_partner	employee	white	Roman Catholic	yes	yes
37292698	0	0	-1	0	0	0	0	0	1	0	1	0	0	0	0	0	0	0	0	0	0	0	0	0	1	0	1	0	0	0	-1	0	0	0	0	0	0	1	0	0	0	0	0	0	1	0	0	0	0	0	1	1	0	0	0	0	0	0	0	0	0	0	0	0	1	0	0	0	0	0	0	0	0	0	0	0	1	1	1	0	0	0	-1	1	0	1	0	0	0	0	0	0	0	0	1	-1	-1	1	1	1	0	-1	0	0	0	0	0	-1	1	0	0	0	0	0	0	0	0	0	0	0	0	1	0	-1	1	0	0	0	0	0	0	0	1	0	0	2	
18666417	0	0	1	0	0	0	0	0	0	0	-1	0	0	0	0	0	0	0	1	0	-1	1	-1	-1	0	0	0	0	0	0	0	-1	0	0	0	0	0	0	0	0	0	0	0	0	0	1	0	0	0	-1	1	-1	0	0	0	0	0	1	0	0	0	0	0	0	1	-1	-1	1	0	1	0	-1	0	0	0	0	1	1	1	0	0	0	0	0	0	0	0	0	0	0	1	1	0	0	1	0	0	0	0	1	0	0	0	0	0	0	0	0	0	0	0	0	0	1	0	0	0	0	0	0	0	1	0	1	1	0	0	0	0	0	0	0	0	0	0	0	18666417	57	female	democrat	some_college	single_living_alone	retired	white	Roman Catholic	no	yes
43994669	0	0	1	0	0	1	0	0	0	0	1	0	0	0	0	0	0	0	0	0	0	0	0	0	1	0	0	-1	0	0	0	0	0	0	0	0	0	1	0	0	0	0	0	0	0	0	0	0	0	0	1	-1	1	0	-1	1	0	0	0	0	0	0	0	0	1	0	0	0	0	0	0	0	0	0	0	0	1	1	1	0	0	0	0	0	0	-1	0	0	0	0	0	0	0	0	-1	0	1	1	-1	0	0	0	0	0	0	1	0	0	0	0	0	1	0	0	0	0	0	0	0	0	0	1	0	1	1	0	0	0	0	0	0	0	0	0	3	3	43994669	24	male	none	associate_degree	single_living_with_partner	selfemployed	white	Atheist / Agnostic	yes	yes
43989034	0	0	0	0	0	0	0	0	0	0	0	0	0	0	0	0	0	0	0	0	1	0	0	0	0	-1	0	0	0	0	-1	0	0	0	0	0	0	0	0	0	0	0	0	0	0	0	0	0	0	0	0	0	-1	1	0	1	0	1	0	1	0	0	0	0	1	0	0	0	-1	1	1	1	0	0	1	0	0	1	0	1	0	0	0	0	0	0	0	0	0	0	0	0	0	0	1	0	0	1	1	0	0	0	0	0	1	0	0	0	1	1	0	0	0	0	1	0	0	-1	0	0	0	0	0	0	0	-1	-1	1	1	0	0	0	1	0	0	0	
43907115	0	-1	1	0	-1	1	1	-1	1	1	0	0	1	-1	-1	1	0	0	0	0	1	1	1	0	0	0	1	0	0	0	0	0	0	0	0	1	0	0	1	0	0	0	0	0	0	0	0	0	0	0	0	1	0	0	-1	0	1	0	0	1	1	0	0	0	0	-1	1	0	0	0	0	0	0	0	0	0	0	1	0	0	1	0	0	0	0	0	0	0	0	0	0	-1	0	-1	0	0	0	0	0	0	0	1	0	0	0	0	0	0	0	0	0	0	1	0	0	0	0	0	0	0	1	1	0	0	1	0	-1	0	0	1	0	-1	0	0	0	0	43907115	21	male	democrat	high_school	married	student	american_indian_or_alaska_native	Muslim	yes	yes
43942953	0	0	1	0	1	1	1	1	1	1	0	0	1	0	0	1	0	1	0	0	1	1	1	0	1	1	1	1	0	0	0	0	0	0	0	1	0	1	0	1	0	0	0	0	0	1	0	0	0	0	0	0	1	1	1	1	1	0	0	1	0	0	0	0	0	1	0	1	0	0	0	0	0	0	0	0	1	0	0	0	1	0	0	0	0	0	0	1	0	1	0	1	1	0	0	0	1	0	0	0	0	0	0	1	0	1	0	1	0	0	0	0	0	0	0	0	1	1	1	1	1	1	1	0	1	0	1	0	0	0	0	1	0	0	0	3	
38198526	0	0	1	0	0	1	0	1	0	0	0	0	1	0	0	1	0	1	1	1	0	1	0	0	1	1	1	-1	0	0	0	0	0	0	1	0	0	1	0	0	0	0	-1	0	0	1	0	0	0	0	0	0	1	1	1	1	0	0	0	-1	0	0	1	1	0	0	-1	1	-1	0	0	0	0	0	0	0	0	-1	1	1	0	0	0	0	1	-1	1	1	0	1	0	0	1	0	0	0	1	0	-1	0	0	0	1	1	0	1	0	-1	0	0	0	0	-1	0	0	0	0	0	1	0	0	0	0	0	0	0	0	0	0	0	1	-1	0	-1	1	1	38198526	49	male	democrat	some_college	single_living_with_partner	selfemployed	white	Atheist / Agnostic	no	yes
29571331	0	0	0	0	0	0	0	0	0	0	0	0	0	0	0	0	0	0	0	0	0	0	0	0	0	1	0	0	0	0	1	0	0	0	0	0	0	0	0	0	0	0	0	0	0	0	0	0	0	0	0	0	0	0	0	0	0	0	0	1	0	0	0	0	0	0	0	0	0	0	0	0	0	0	0	0	0	0	0	0	0	0	0	0	0	0	0	0	0	0	0	0	0	0	0	0	0	1	0	0	0	0	0	0	0	0	0	0	0	1	0	0	0	0	0	0	0	0	0	0	1	1	1	-1	0	0	0	1	-1	0	0	0	0	0	0	4	29571331	21	male	democrat	high_school	single_living_with_parents	unemployedseeking_employment	black_or_african_american	Roman Catholic	no	yes
13581319	-1	0	0	0	0	0	0	-1	0	0	0	0	0	0	0	0	0	0	1	0	0	0	0	0	0	0	0	0	0	0	0	0	0	1	0	0	0	0	0	0	0	1	0	0	0	0	0	0	0	-1	1	0	0	0	0	0	-1	1	1	-1	0	-1	0	0	1	1	-1	1	0	0	1	1	-1	0	0	0	0	0	1	0	0	0	0	0	0	0	0	0	1	1	1	1	0	0	0	0	0	0	0	-1	0	0	0	0	0	0	0	0	0	0	0	0	0	1	0	0	0	0	1	0	1	0	1	0	0	0	0	1	0	0	0	0	0	0	0	0	
43984981	-1	1	1	1	0	0	0	0	0	0	-1	0	1	0	-1	0	-1	0	0	0	0	0	0	1	0	0	0	0	-1	1	0	-1	0	1	1	1	0	0	1	0	-1	0	0	0	0	1	0	0	0	0	0	0	0	1	0	0	0	1	1	0	1	1	1	-1	0	0	0	0	0	-1	0	0	0	0	0	0	0	0	0	0	0	0	0	0	0	0	0	0	0	1	0	0	0	0	0	0	0	0	0	0	0	0	0	0	0	0	1	0	1	0	0	0	-1	1	-1	1	0	0	0	0	0	1	0	0	0	0	0	0	0	0	0	0	1	-1	0	1	
32569659	0	0	0	0	0	0	0	0	0	0	0	1	0	0	0	0	0	0	0	0	0	0	0	0	0	0	0	0	0	0	0	0	0	0	0	0	0	0	0	0	0	0	0	0	0	0	0	0	0	-1	0	0	0	0	0	0	0	0	0	0	0	0	0	0	0	0	0	0	0	0	0	0	0	0	0	1	0	0	0	0	0	0	0	0	0	0	0	0	0	0	0	0	0	0	0	0	0	0	0	0	0	0	0	0	0	0	0	0	0	0	0	0	0	0	0	0	1	0	0	0	0	0	0	0	0	0	0	0	0	0	0	0	0	0	0	0	
34824899	0	0	0	0	0	0	0	1	0	0	0	0	0	0	0	0	0	0	0	0	0	0	0	-1	0	0	0	0	0	0	0	0	0	0	0	0	0	0	0	0	0	1	0	1	0	0	0	0	0	0	0	0	0	0	0	0	0	0	0	0	0	0	0	0	0	0	0	0	0	0	0	0	0	0	-1	0	0	0	0	0	0	1	0	0	0	0	0	0	0	0	0	0	0	0	0	0	0	0	0	0	0	0	-1	-1	0	0	-1	0	0	0	0	-1	0	0	0	0	0	0	0	1	0	0	0	1	0	0	0	0	0	0	0	0	0	0	0	0	34824899	41	female	independent	master	single_living_alone	employee	white	Protestant	no	yes
43936844	0	0	0	1	0	1	0	0	0	0	0	0	0	0	0	0	0	0	0	0	0	0	0	0	1	0	0	0	0	0	0	0	-1	1	-1	1	0	0	0	0	0	0	0	1	0	0	1	0	1	0	0	0	1	-1	1	1	-1	1	1	1	0	0	0	0	0	0	0	0	0	0	0	1	-1	1	-1	-1	0	0	1	1	-1	1	1	1	1	0	0	1	0	0	0	0	0	0	0	0	0	-1	0	0	0	0	0	0	0	0	0	0	0	0	0	0	0	0	0	-1	1	0	0	0	0	0	0	0	1	0	0	0	1	1	1	-1	0	0	1	0	
44084851	0	0	0	0	0	0	0	0	0	0	0	0	0	0	0	0	0	0	0	0	0	0	0	0	1	0	0	0	1	1	1	1	0	0	0	0	0	0	0	0	0	0	0	0	0	0	0	0	0	1	0	0	0	0	0	0	0	0	0	0	0	0	0	-1	0	0	0	0	1	0	0	0	0	0	0	0	0	0	0	0	0	0	0	0	-1	0	1	0	0	1	0	0	0	0	0	0	0	0	0	0	0	0	0	0	0	0	0	0	0	0	0	0	-1	0	0	0	0	0	0	0	0	0	0	0	0	0	0	0	0	0	1	0	0	-1	0	11	
43936834	-1	0	0	1	0	1	0	0	0	0	0	0	0	0	0	0	0	0	0	0	0	1	0	0	1	0	0	0	0	0	0	0	0	0	0	0	0	0	0	0	1	0	0	1	0	0	1	0	1	0	0	0	1	0	0	0	0	0	0	0	1	1	1	-1	-1	0	0	0	0	0	0	1	-1	1	-1	-1	1	1	1	1	-1	1	1	1	1	-1	-1	-1	0	0	0	0	0	0	0	0	0	1	0	0	0	0	1	0	0	0	0	-1	0	0	0	0	0	0	0	-1	1	0	-1	0	0	0	0	0	1	0	0	0	0	0	0	0	0	0	1	1	43936834	29	male	democrat	some_college	married	employee	hispanic_american	Roman Catholic	yes	no
13900808	0	0	0	0	0	0	0	0	0	0	0	0	0	0	0	0	0	0	0	0	0	0	0	0	0	0	0	0	0	0	0	0	0	0	0	0	0	0	0	0	0	0	0	0	0	0	0	0	0	0	0	0	0	0	0	0	0	0	0	0	0	0	1	0	0	0	0	0	0	0	0	0	0	0	0	0	1	-1	1	1	0	0	0	0	1	1	1	-1	0	0	0	0	0	0	0	0	0	0	0	0	0	0	1	0	0	0	0	-1	0	0	0	0	0	0	0	0	0	0	1	0	0	0	0	0	0	0	0	0	0	0	0	0	0	0	0	0	
12115558	0	1	1	0	0	0	0	0	1	-1	-1	1	0	0	1	0	0	1	0	1	0	0	-1	0	-1	0	1	1	0	0	0	0	0	0	0	0	0	-1	0	0	0	0	0	0	0	0	1	0	1	-1	1	-1	0	0	0	1	-1	1	1	0	1	1	1	1	1	0	-1	0	0	0	-1	0	-1	1	0	-1	1	-1	1	1	-1	-1	1	1	0	-1	-1	-1	0	-1	-1	0	1	0	1	0	-1	1	0	-1	1	0	0	0	0	0	0	0	0	0	1	1	-1	1	-1	1	0	-1	0	0	0	1	1	-1	1	0	0	0	-1	0	1	-1	0	0	1	0	12115558	64	female	democrat	bachelor	married	retired	white	Roman Catholic	yes	yes
44085886	0	0	0	0	0	0	0	0	0	0	0	0	0	0	0	0	0	0	0	0	0	0	0	0	0	0	0	0	0	0	0	1	0	0	0	0	0	0	0	0	0	0	0	0	0	-1	0	0	0	0	0	0	0	0	0	0	0	1	0	0	0	0	0	0	0	0	0	0	0	-1	0	0	0	0	0	0	0	0	0	0	0	0	0	0	0	0	0	0	0	0	0	0	0	0	0	0	0	0	0	0	0	0	0	0	-1	1	1	-1	0	0	0	0	0	0	0	0	0	0	0	0	0	0	0	0	0	0	0	0	0	0	0	0	0	0	0	0	44085886	23	male	none	bachelor	single_living_with_parents	employee	white	Atheist / Agnostic	yes	yes
43866745	0	0	0	0	0	0	0	0	0	1	0	1	0	0	0	0	0	0	0	0	1	0	0	0	0	0	0	0	0	0	0	0	0	0	0	0	1	1	1	-1	0	-1	0	0	1	0	0	0	0	1	0	0	0	0	0	0	0	0	0	0	0	0	0	0	0	-1	0	0	0	0	1	0	0	1	0	-1	0	0	0	0	0	0	0	0	0	0	1	0	0	0	0	0	0	1	0	1	0	0	0	0	0	1	0	0	-1	1	0	0	0	0	1	0	0	0	0	0	1	0	0	1	0	0	0	-1	0	0	0	0	0	0	0	0	0	0	0	0	43866745	43	female	none	associate_degree	married	employee	white	Protestant	yes	yes
43954811	0	0	0	0	0	0	0	0	0	0	0	0	0	0	0	0	0	0	0	0	0	0	0	0	0	0	0	0	0	0	0	0	0	0	0	0	0	0	0	0	0	0	0	0	0	0	0	0	0	0	0	0	0	0	0	0	0	0	0	0	1	-1	1	-1	0	0	0	0	0	0	0	0	0	0	0	0	0	0	0	0	0	0	0	0	0	0	0	0	0	0	0	0	0	0	0	0	0	0	0	0	0	0	0	0	0	0	0	0	0	0	0	0	0	0	0	0	0	0	0	0	0	0	0	0	0	0	0	0	0	0	0	0	0	0	0	0	
44021368	0	0	0	0	0	0	0	0	0	0	0	0	0	0	0	0	0	0	0	0	0	0	0	0	0	0	0	0	0	0	0	0	1	0	0	0	0	0	0	0	0	0	0	0	0	0	0	0	0	0	0	0	0	0	0	0	0	0	0	0	0	0	0	0	0	0	0	0	0	0	0	0	0	0	1	0	0	0	1	1	0	0	0	0	0	0	0	0	0	0	0	0	0	0	0	0	0	0	0	0	0	0	0	0	0	0	0	0	0	0	0	0	0	0	0	0	0	0	0	0	0	0	0	0	0	0	0	0	0	0	0	0	0	0	0	0	
43992695	0	0	0	1	0	0	0	0	0	0	0	0	0	0	0	0	0	0	0	0	0	0	0	0	1	0	0	0	0	0	0	0	0	0	0	0	0	0	0	0	0	0	0	0	0	0	1	0	0	0	0	0	0	0	0	0	0	0	0	0	0	0	0	0	0	0	0	0	0	0	0	0	0	0	0	0	0	0	0	0	0	0	0	0	0	0	0	0	0	0	0	0	0	0	0	0	0	0	0	0	0	0	0	0	0	0	0	0	0	0	0	0	0	0	0	-1	0	0	0	0	0	0	0	0	0	0	0	0	0	0	0	0	0	0	0	0	
43847796	0	0	0	0	0	0	0	0	0	0	0	0	0	0	0	0	0	0	0	0	0	0	0	0	0	0	0	0	0	0	0	0	0	0	0	0	0	0	0	1	0	0	0	0	0	0	0	0	0	0	0	0	0	0	0	0	0	0	0	0	0	0	0	0	0	0	0	0	0	0	0	0	0	0	0	0	0	0	0	0	0	0	0	0	0	0	0	1	0	0	0	0	0	0	0	0	0	0	0	0	0	0	0	0	0	0	0	-1	0	0	0	0	0	0	0	0	0	0	0	0	0	0	1	0	0	0	0	0	0	0	0	0	0	0	0	0	
43986037	0	0	0	0	0	0	0	0	0	0	0	0	1	0	0	0	0	0	0	0	0	0	0	0	1	-1	1	-1	0	0	0	0	0	0	0	0	0	0	0	0	0	0	0	0	0	1	0	0	0	0	0	0	0	0	0	0	0	0	0	0	0	0	0	0	0	0	0	0	0	0	0	0	0	0	0	0	0	0	0	0	0	0	0	0	0	0	0	0	0	0	0	0	0	0	0	0	1	0	0	0	0	0	0	0	0	0	0	0	0	0	0	0	0	0	0	0	0	0	0	0	0	0	0	0	0	0	0	0	0	0	0	-1	0	0	0	1	43986037	55	female	republican	some_college	married	selfemployed	white	Protestant	yes	yes
32055577	0	0	0	0	0	0	0	0	0	0	0	0	0	0	0	0	0	0	0	0	0	0	0	0	0	0	0	0	0	0	1	0	0	0	0	0	0	0	0	0	0	0	0	0	1	0	0	0	0	0	0	0	0	0	0	0	0	0	0	0	0	0	0	0	0	0	0	0	0	0	0	0	0	0	0	0	0	0	0	0	0	0	1	0	0	1	0	0	0	0	0	0	0	0	0	1	0	0	0	0	0	0	0	0	0	0	0	-1	1	0	0	0	0	0	0	0	0	0	0	0	0	0	0	0	0	0	0	0	0	0	0	0	1	0	0	0	
37799090	0	0	0	0	0	1	0	1	0	0	0	1	0	0	0	-1	0	0	0	0	0	0	0	-1	1	0	0	0	0	0	0	0	0	0	0	0	0	1	0	0	0	-1	0	1	0	0	0	0	0	0	1	0	1	0	1	1	0	0	0	0	0	0	0	0	1	0	0	-1	0	0	0	0	0	1	-1	1	1	0	1	0	1	-1	0	-1	0	0	0	0	0	0	0	0	1	0	0	0	0	0	0	-1	0	0	1	1	0	1	1	0	0	0	1	1	0	0	0	0	0	1	0	1	0	0	0	-1	1	0	0	0	0	0	0	0	0	0	1	0	37799090	24	female	independent	high_school	single_living_with_partner	unemployedseeking_employment	white	Buddhist	no	yes
43861611	0	0	0	0	0	0	0	0	0	0	0	0	0	0	0	0	0	0	0	0	0	0	0	0	0	0	0	0	0	0	0	0	0	0	0	0	0	0	0	0	0	0	0	0	1	1	1	-1	0	0	0	0	0	0	0	0	0	0	0	0	0	0	0	0	0	0	0	0	0	0	0	0	0	0	0	-1	0	0	0	0	0	1	0	0	0	0	0	0	0	0	0	0	-1	0	0	0	0	0	0	0	0	0	0	0	0	0	0	0	0	0	1	0	0	0	0	0	0	0	0	0	0	0	0	0	0	0	0	0	0	0	0	0	0	0	0	0	43861611	28	female	independent	bachelor	married	unemployedseeking_employment	white	Protestant	no	yes
38858920	0	0	0	1	0	0	1	0	0	0	0	0	0	0	0	0	0	0	0	0	0	0	0	0	0	0	0	0	0	1	0	0	0	0	0	0	0	0	0	0	0	0	0	0	0	0	0	1	-1	0	0	0	0	0	0	0	0	0	0	0	1	1	1	1	0	0	0	0	0	0	0	0	0	0	0	0	0	0	0	0	1	1	-1	-1	0	0	0	0	0	0	0	0	0	0	0	0	0	1	0	0	0	0	0	0	0	1	0	0	0	0	0	0	0	0	0	0	1	0	0	0	0	0	0	0	0	0	0	0	0	0	0	0	0	0	0	0	38858920	41	female	republican	doc	single_living_alone	unemployedseeking_employment	white	Roman Catholic	yes	yes
34554100	0	0	0	0	0	0	0	0	0	0	0	0	0	0	0	0	0	0	0	0	1	0	0	0	0	-1	0	0	0	0	1	0	0	0	0	0	0	0	0	0	0	0	0	0	0	0	0	0	0	0	0	0	0	-1	0	0	0	0	0	1	0	0	0	0	0	0	0	0	0	1	0	0	0	0	0	0	0	-1	0	1	0	0	0	0	0	0	0	0	0	0	0	0	0	0	-1	0	0	1	1	0	0	0	0	0	-1	0	0	0	1	1	0	0	0	0	1	0	0	0	0	0	1	1	-1	1	0	0	-1	1	-1	0	0	0	1	0	0	1	34554100	30	female	independent	high_school	single_living_with_partner	selfemployed	white	other:baptist	no	yes
43944033	0	0	0	0	0	0	0	-1	0	0	0	1	0	0	0	0	0	0	0	0	0	0	0	-1	1	0	0	0	0	0	0	0	0	0	0	0	0	0	0	0	0	-1	0	-1	0	0	0	0	0	1	0	0	0	0	0	0	0	0	0	0	1	1	1	-1	0	0	0	0	0	0	0	0	0	1	-1	0	0	0	0	0	1	1	0	0	0	0	0	0	0	1	0	0	0	0	0	0	0	0	0	0	0	0	1	1	0	0	1	0	0	0	0	1	0	0	0	0	0	1	0	1	0	0	0	1	0	0	0	0	0	0	1	0	0	0	0	2	
43945372	0	0	0	0	0	0	0	1	0	0	0	0	0	0	0	0	0	0	0	0	0	0	0	-1	0	0	0	0	0	0	0	0	0	0	0	0	0	0	0	0	0	-1	0	-1	0	0	0	0	0	0	0	0	0	0	0	0	0	0	0	0	0	0	0	0	0	0	0	0	0	0	0	0	0	0	-1	0	0	0	0	0	0	1	0	0	0	0	0	0	0	0	0	0	0	0	0	0	0	0	0	0	0	0	1	1	0	0	1	0	0	0	0	1	0	0	0	0	0	0	0	1	0	0	0	-1	0	0	0	0	0	0	0	0	0	0	0	0	
43876255	0	0	0	0	0	0	0	0	0	0	0	1	0	0	0	0	0	0	0	0	0	0	0	0	0	0	0	0	0	0	0	0	0	0	0	0	0	0	0	0	0	0	0	0	0	0	0	0	0	0	0	0	0	0	0	0	0	0	0	0	0	0	0	0	0	0	0	0	0	0	0	0	0	1	0	0	0	0	0	0	1	0	0	0	0	0	0	0	0	0	0	0	0	0	0	0	0	0	0	0	0	0	0	0	0	0	0	0	0	0	0	0	0	0	0	0	0	1	0	0	0	0	0	0	0	0	0	0	0	0	0	0	0	0	0	0	43876255	27	male	independent	associate_degree	married	employee	white	Protestant	no	yes
30410452	0	0	0	0	0	0	0	0	0	0	0	0	1	-1	-1	1	0	0	0	0	0	0	0	0	0	0	0	0	0	0	0	0	0	0	0	0	0	0	1	0	0	0	0	0	0	0	0	0	0	0	0	0	0	0	0	0	0	0	0	0	1	0	0	0	0	0	0	0	0	0	0	0	0	0	0	0	0	0	0	0	0	0	0	0	0	0	0	0	0	0	0	-1	0	-1	0	0	0	0	0	0	0	0	0	0	0	0	0	0	0	0	0	0	0	0	0	0	0	0	0	0	0	0	0	0	0	0	0	0	0	0	0	0	0	0	0	0	30410452	22	male	democrat	associate_degree	single_living_with_partner	employee	white	Atheist / Agnostic	no	yes
44087209	0	0	0	0	0	0	0	0	0	0	1	0	0	0	0	0	-1	0	0	0	0	0	0	-1	0	0	0	0	-1	0	0	0	0	0	1	0	0	0	0	0	0	0	0	0	0	0	0	0	1	-1	-1	1	0	0	0	0	0	0	0	0	0	0	0	0	0	0	0	0	0	0	0	0	0	0	0	0	0	0	0	0	0	0	0	0	-1	0	0	0	0	1	0	0	0	0	0	-1	0	0	0	0	0	0	0	0	1	0	0	0	1	0	0	0	0	0	0	0	0	0	0	0	0	0	0	0	0	0	0	0	0	0	0	0	1	1	0	1	
43811734	0	0	0	0	0	0	0	0	0	0	0	0	0	0	0	0	0	0	0	0	-1	0	0	0	0	-1	0	0	0	0	1	0	0	0	0	0	0	0	0	0	0	0	0	0	0	0	0	0	0	0	0	0	0	1	0	0	0	0	0	-1	0	0	0	0	0	0	0	0	0	1	0	0	0	0	0	0	0	1	0	1	0	0	0	0	0	0	0	0	0	0	0	0	0	0	-1	0	0	1	1	0	0	0	0	0	1	0	0	0	1	1	0	0	0	0	-1	0	0	0	0	0	0	0	0	0	0	0	-1	-1	1	0	0	0	-1	0	0	1	
43393412	1	0	0	-1	0	-1	1	0	0	0	0	0	0	0	0	0	0	0	0	0	0	-1	0	0	1	0	0	0	0	0	0	0	0	0	0	0	0	0	0	0	1	0	0	-1	0	0	-1	0	-1	0	0	0	1	0	0	0	0	0	0	0	0	0	0	0	-1	0	0	0	0	0	0	-1	-1	1	-1	-1	0	0	0	0	1	1	0	-1	1	0	0	1	0	0	0	0	0	0	0	0	0	1	0	0	0	0	1	0	0	0	0	0	0	0	0	0	0	0	0	1	1	0	0	0	0	0	0	0	1	0	0	0	0	0	0	0	0	0	1	2	
43916681	-1	0	1	1	1	1	0	1	1	-1	0	0	0	-1	0	0	0	0	0	0	1	0	0	-1	1	0	0	0	0	0	0	0	0	0	0	-1	0	0	0	0	1	0	0	1	0	0	1	0	1	0	0	0	1	0	1	0	-1	0	0	1	0	0	0	0	1	-1	0	1	0	0	0	-1	1	-1	1	1	0	0	0	0	0	0	1	-1	-1	0	0	1	0	0	0	1	0	0	0	0	0	1	0	0	0	0	1	0	0	0	0	0	0	0	0	0	0	0	0	1	1	1	1	-1	1	1	0	0	0	0	-1	0	0	-1	0	0	0	0	6	43	43916681	24	male	none	associate_degree	single_living_with_parents	student	hispanic_american	Roman Catholic	yes	yes
43859850	-1	0	0	0	0	0	0	0	0	1	0	0	0	0	-1	0	0	0	0	0	0	0	0	1	0	0	0	0	0	0	0	0	0	0	0	0	0	-1	1	-1	0	0	0	0	1	0	0	0	0	0	0	0	0	0	0	0	0	0	0	0	0	0	0	0	0	0	0	0	0	0	0	0	0	-1	0	0	0	0	0	0	0	0	0	0	0	0	0	0	0	0	0	0	0	-1	0	0	0	0	0	0	0	0	0	0	0	1	0	0	0	0	0	0	0	0	0	-1	0	0	0	0	0	0	0	0	0	0	0	0	0	0	0	0	0	0	0	14	
6309240	0	0	0	0	-1	0	0	0	0	0	0	1	0	0	0	0	0	0	0	0	0	1	0	0	0	0	0	0	0	1	0	0	0	0	0	0	0	0	0	0	0	0	0	0	0	0	0	0	0	1	0	0	0	0	0	0	0	0	0	0	0	0	0	0	0	0	0	0	0	0	0	0	0	0	0	-1	0	0	0	0	0	0	0	0	0	0	0	0	0	0	0	0	0	0	0	0	0	0	0	0	0	0	0	0	0	0	0	0	0	0	0	0	0	0	0	0	-1	0	0	0	0	0	0	0	0	0	0	0	0	1	0	0	0	0	0	0	6309240	50	female	republican	bachelor	single_living_with_parents	employee	asien	Roman Catholic	yes	yes
31585018	0	0	0	0	0	0	0	0	0	0	0	0	0	0	0	0	0	1	1	-1	0	0	0	0	0	0	0	0	0	0	0	0	0	0	0	0	0	0	0	0	0	0	0	0	0	0	0	0	0	0	0	0	0	0	0	1	1	0	0	0	1	-1	1	1	0	0	0	0	0	0	0	0	-1	0	0	0	0	0	0	0	0	0	0	0	0	0	0	0	0	0	0	0	0	0	0	0	0	0	-1	0	0	0	0	0	0	0	0	0	0	0	0	0	0	0	0	0	0	0	0	0	0	0	0	0	0	0	0	0	0	0	0	0	0	0	0	0	31585018	30	female	democrat	associate_degree	married	unemployedseeking_employment	white	Atheist / Agnostic	no	yes
43912578	-1	1	0	0	0	0	0	1	-1	0	0	1	0	0	0	1	0	1	0	0	0	0	0	1	0	0	0	0	0	0	0	0	0	1	0	0	0	0	0	0	0	-1	0	1	0	0	0	0	0	0	0	-1	0	0	0	0	-1	0	0	0	1	1	1	-1	0	0	-1	1	0	0	0	0	-1	1	1	0	0	0	0	0	-1	1	0	0	0	0	0	-1	0	0	0	0	0	0	0	0	0	0	0	-1	0	0	1	1	0	0	1	0	0	0	0	1	-1	0	0	0	0	-1	-1	1	0	0	0	1	0	0	0	1	1	1	0	-1	0	0	0	0	
43651516	0	-1	-1	0	0	1	0	0	1	1	1	1	0	0	0	0	1	1	0	0	0	1	0	0	0	-1	0	0	0	1	0	1	-1	0	0	1	1	1	0	0	-1	0	0	0	0	0	0	-1	0	0	0	0	-1	0	1	0	0	0	0	0	0	1	0	-1	0	0	0	0	1	0	0	0	0	0	0	0	0	0	0	0	0	0	0	0	1	0	1	0	1	1	0	0	0	0	-1	0	1	-1	1	1	0	0	0	-1	0	0	0	0	0	0	0	0	1	0	0	0	1	0	0	0	0	0	0	0	0	0	0	1	1	1	1	0	0	1	1	1	
44092298	-1	0	1	1	0	0	0	0	-1	0	1	1	0	0	1	1	1	0	0	-1	0	0	-1	1	1	0	0	-1	1	1	0	-1	-1	0	1	0	0	0	0	0	0	0	-1	0	0	0	1	0	0	-1	0	0	1	0	0	1	0	1	1	0	-1	-1	0	0	1	0	0	0	-1	0	0	-1	0	0	1	0	0	0	1	-1	0	0	0	0	-1	0	0	1	0	1	0	0	1	0	1	1	0	0	0	0	1	-1	1	0	1	0	0	0	0	0	0	1	-1	0	0	0	0	1	0	0	0	0	0	0	0	1	0	0	1	1	1	1	0	1	4	4	
44091788	0	0	0	0	0	0	1	0	-1	0	0	0	0	0	0	0	0	0	0	0	0	0	0	0	0	0	1	0	0	0	0	0	0	0	0	0	0	0	0	0	0	0	0	0	0	0	0	0	1	0	0	0	0	0	0	0	0	0	0	0	0	0	0	0	0	0	0	0	0	0	0	0	0	0	0	0	0	1	0	0	0	0	0	0	0	0	0	0	0	0	0	0	0	0	0	0	0	0	0	0	0	-1	0	0	0	0	0	0	1	1	1	1	0	0	0	0	0	0	0	0	0	0	0	0	0	0	-1	0	0	0	0	0	1	0	0	0	
39073124	0	0	0	0	0	0	0	0	0	0	0	0	0	0	0	0	0	0	0	0	0	0	0	0	0	0	0	0	0	0	1	0	0	0	0	0	0	0	0	0	0	0	0	0	1	0	0	0	0	0	0	0	0	0	0	0	0	0	0	0	0	0	0	0	0	0	0	0	0	0	0	0	0	0	0	0	0	0	0	0	0	0	1	0	0	1	0	0	0	0	0	0	0	0	0	1	0	0	0	0	0	0	0	0	0	0	0	-1	1	0	0	0	0	0	0	0	0	0	0	0	0	0	0	0	0	0	0	0	0	0	0	0	1	0	0	0	
43591595	0	0	0	0	0	0	1	0	0	0	0	0	0	-1	0	0	0	0	0	0	0	0	0	0	0	0	0	0	0	0	0	0	1	0	0	0	0	0	0	0	0	0	0	0	0	0	0	0	0	0	0	0	0	0	0	0	0	0	0	0	0	0	0	0	0	0	0	0	0	0	0	1	0	0	0	0	0	0	0	0	0	0	0	0	-1	0	0	1	1	0	0	0	0	0	0	0	0	0	0	0	0	0	0	0	0	0	0	0	0	0	0	0	0	0	0	0	0	0	0	0	0	0	0	0	0	1	0	0	0	0	0	0	0	0	0	0	
41127744	0	0	0	0	1	1	-1	1	-1	1	0	0	-1	0	0	0	0	1	0	0	1	0	-1	0	1	0	1	0	0	0	0	0	0	0	0	1	0	1	0	1	0	0	0	0	0	1	0	0	0	0	0	1	-1	0	1	0	0	0	0	1	0	0	0	0	-1	-1	0	0	0	0	0	0	0	0	0	0	1	0	0	0	1	0	0	0	0	1	0	1	0	1	0	-1	0	0	0	0	1	1	1	1	0	0	0	-1	0	0	0	-1	0	0	0	1	0	0	0	0	0	0	0	0	1	1	1	1	1	0	-1	0	0	0	0	-1	0	0	4	3	
44009386	0	1	0	0	0	0	0	0	0	-1	0	0	-1	0	1	0	-1	0	-1	-1	0	0	-1	0	0	0	-1	0	0	0	0	0	-1	-1	-1	-1	-1	0	0	0	0	-1	1	0	0	0	1	-1	-1	-1	-1	0	0	0	0	-1	0	1	-1	0	-1	-1	-1	0	-1	-1	0	-1	0	0	-1	-1	1	-1	0	0	-1	0	-1	-1	0	0	-1	0	0	1	-1	0	0	0	-1	-1	-1	0	0	0	-1	0	-1	1	0	0	0	0	0	0	0	0	0	0	-1	0	-1	-1	-1	0	0	-1	-1	0	-1	0	-1	0	-1	-1	-1	-1	1	-1	-1	-1	0	0	1	158	
43842980	0	0	0	0	0	0	0	0	1	0	0	-1	0	0	0	0	0	0	0	0	0	0	0	0	0	1	0	0	0	0	1	0	0	0	0	0	0	0	0	0	0	0	0	0	0	0	0	0	0	0	0	0	0	0	0	0	1	1	1	1	0	0	0	0	0	0	0	0	0	0	0	0	0	0	0	0	0	0	0	0	0	0	0	0	0	0	0	-1	0	0	0	0	0	0	0	0	0	1	0	0	0	0	0	0	0	0	0	0	0	1	0	0	0	0	0	0	0	0	0	0	1	1	1	1	0	0	0	1	1	0	0	0	0	0	0	3	
6363996	-1	0	0	0	0	0	0	1	0	0	0	0	0	0	0	0	0	1	0	0	0	0	0	0	0	0	0	0	0	0	0	0	0	1	0	0	0	0	0	0	0	0	0	0	0	0	0	0	0	0	0	0	0	0	0	0	-1	0	0	0	0	0	1	0	0	0	0	-1	0	0	0	0	-1	0	0	0	0	0	0	0	0	0	0	0	0	0	0	0	0	0	0	0	0	0	0	0	0	0	0	-1	0	0	0	0	0	0	0	0	0	0	0	0	0	0	0	0	0	0	-1	0	0	0	0	0	0	0	0	-1	0	0	0	0	0	0	0	1	
8308030	0	0	0	0	0	0	0	0	0	0	0	0	1	0	0	0	0	0	1	0	1	0	0	0	0	-1	0	0	0	0	-1	0	0	0	0	0	1	0	0	0	0	0	0	0	0	0	0	0	0	-1	1	0	0	1	0	0	0	0	0	0	0	0	0	0	-1	-1	-1	1	-1	-1	1	1	0	0	0	0	0	-1	0	1	0	0	0	0	0	0	0	0	-1	1	1	-1	0	0	1	0	0	1	1	1	0	0	0	0	-1	0	0	0	1	1	0	0	0	1	-1	0	0	0	-1	0	0	0	0	0	0	0	-1	0	0	0	0	0	1	0	0	0	
43861467	0	0	0	0	0	0	0	0	0	1	0	0	0	1	0	1	1	1	0	0	0	0	1	0	0	0	1	0	0	0	0	0	1	0	0	0	0	0	0	0	0	0	1	0	0	0	0	1	0	0	1	0	1	1	1	1	1	0	0	1	0	0	1	0	0	0	1	1	0	0	0	0	-1	1	0	0	0	0	0	1	0	0	1	0	0	1	1	0	1	0	0	0	1	0	0	0	1	0	1	0	0	0	0	0	0	0	0	0	0	1	1	0	1	0	0	0	0	1	0	0	1	1	1	1	1	1	1	1	1	0	0	0	0	0	0	0	43861467	32	male	democrat	bachelor	single_living_with_parents	unemployedseeking_employment	black_or_african_american	Roman Catholic	yes	yes
39174418	0	0	0	0	0	0	0	0	0	0	0	0	0	1	0	0	1	0	0	0	0	0	-1	0	0	0	0	0	0	0	0	0	0	0	0	0	0	0	0	0	0	0	0	0	0	0	0	-1	0	0	0	0	0	0	0	0	0	0	0	0	0	0	0	0	0	0	0	-1	0	0	0	0	0	0	0	0	0	0	0	0	0	1	0	0	0	0	0	0	0	0	0	0	0	0	0	1	0	0	0	0	0	1	0	0	0	0	0	0	0	0	-1	0	0	0	0	0	0	1	0	1	0	0	0	0	1	-1	1	1	0	-1	0	0	0	0	0	0	
39675153	0	0	0	0	0	0	0	0	0	0	0	0	0	0	0	0	0	0	0	0	0	0	0	0	0	0	0	0	0	0	0	0	0	0	0	0	0	0	0	0	0	0	0	0	0	0	0	0	0	0	0	0	0	0	0	0	0	0	0	0	0	0	0	0	0	0	0	0	0	0	0	0	0	0	0	0	0	0	0	0	0	0	0	0	0	0	0	0	0	0	0	0	0	0	0	0	0	0	0	0	0	0	0	0	0	0	0	0	0	0	0	0	0	0	0	0	1	1	1	1	0	0	0	0	0	0	0	0	0	0	0	0	0	0	0	0	
42768322	0	0	0	0	0	1	0	0	0	1	0	0	1	0	0	1	0	1	0	0	0	0	-1	0	1	-1	1	-1	0	0	0	0	0	0	0	1	0	1	0	0	0	0	0	0	0	1	0	0	0	0	0	-1	0	0	1	0	1	0	0	0	0	0	0	0	0	0	0	1	0	0	0	0	0	0	0	0	1	0	0	0	1	0	0	1	0	1	0	0	0	0	0	0	-1	0	0	0	1	0	0	0	0	0	0	-1	0	0	0	0	0	0	0	1	0	0	0	0	0	0	0	0	0	1	0	1	1	0	1	0	0	0	0	1	0	0	0	0	
43945424	0	0	0	0	0	0	0	0	0	0	0	0	-1	0	-1	0	0	0	0	0	0	0	0	0	0	0	0	1	-1	-1	0	-1	0	-1	0	-1	-1	-1	1	1	-1	0	0	0	1	1	0	0	-1	1	1	1	0	0	0	0	0	-1	0	0	0	0	0	1	0	0	0	0	0	1	1	0	0	0	0	0	0	0	0	0	0	0	0	1	0	0	0	0	0	0	0	0	0	0	0	0	0	0	0	0	1	0	0	0	0	0	0	0	0	0	0	0	0	-1	0	0	0	0	0	0	1	-1	0	0	0	-1	0	0	0	0	0	0	0	0	0	21	
41545007	-1	1	1	1	0	0	0	1	1	0	0	0	-1	0	0	-1	1	1	1	1	0	0	0	0	0	0	0	1	1	1	1	-1	1	1	1	0	0	0	1	0	1	0	0	0	0	0	0	0	1	-1	1	-1	1	1	0	1	1	1	1	0	-1	1	1	1	1	0	0	1	-1	0	0	-1	-1	1	-1	0	0	0	1	1	1	0	0	0	1	0	0	-1	0	0	0	0	1	1	1	1	0	0	0	-1	1	-1	1	1	-1	1	1	-1	1	0	0	1	-1	1	1	1	0	1	-1	0	0	0	0	0	0	1	0	-1	-1	1	1	-1	1	1	1	0	
15016371	0	0	0	0	0	0	0	0	0	0	0	0	0	0	0	0	1	0	0	0	0	0	-1	0	0	0	0	0	0	0	0	0	0	0	0	0	0	0	0	0	0	0	0	0	0	0	0	1	0	0	0	0	0	0	0	0	0	0	0	0	0	0	0	0	0	0	0	0	0	0	0	0	0	0	0	0	0	0	0	0	0	0	0	0	0	0	0	0	0	0	0	0	0	0	0	0	0	0	0	0	0	0	0	0	0	0	0	0	0	0	0	0	0	0	0	0	0	1	0	0	0	0	0	0	1	1	-1	1	0	0	0	0	0	0	0	0	15016371	56	female	republican	bachelor	married	selfemployed	white	Roman Catholic	yes	yes
43917255	-1	0	0	0	0	0	0	0	0	0	0	0	0	0	0	0	0	0	0	0	0	1	0	0	0	0	0	0	0	0	0	0	0	0	0	0	0	0	0	0	1	0	0	0	0	0	0	0	0	0	0	0	1	0	0	0	0	0	0	0	0	0	1	0	1	0	0	0	0	0	0	0	0	0	0	0	1	-1	1	1	0	0	-1	0	1	-1	1	1	0	0	0	0	0	0	0	0	0	1	0	0	0	0	-1	0	0	0	0	-1	0	0	0	0	0	0	0	0	0	0	1	0	0	0	0	0	0	0	0	0	0	0	0	0	0	0	0	0	43917255	30	female	democrat	bachelor	single_living_alone	employee	white	Atheist / Agnostic	yes	yes
43974080	0	0	0	0	0	0	0	0	0	0	0	0	0	0	0	0	0	0	0	0	1	0	0	0	0	-1	0	0	0	0	1	0	0	0	0	0	0	0	0	0	0	0	0	0	0	0	0	0	0	0	0	0	0	1	0	0	0	0	0	0	0	0	0	0	0	0	0	0	0	1	0	0	0	0	0	0	0	1	0	1	0	0	0	0	0	0	0	0	0	0	0	0	0	0	1	0	0	1	-1	0	0	0	0	0	1	0	0	0	1	1	0	0	0	0	-1	0	0	0	0	0	0	0	0	0	0	0	-1	0	0	0	0	0	-1	0	0	0	
41192746	0	0	0	0	0	0	0	0	0	0	0	0	0	0	0	0	0	0	0	0	0	0	0	0	0	0	0	0	0	0	0	0	0	0	0	0	0	0	0	0	0	0	0	0	0	0	0	0	0	0	0	0	0	0	0	0	0	0	0	0	0	0	0	0	0	0	0	0	-1	1	-1	-1	0	0	0	0	0	0	0	0	0	0	0	0	0	0	0	0	0	0	0	0	0	0	0	0	0	0	0	0	0	0	0	0	0	0	0	0	0	0	0	0	0	0	0	0	0	0	0	0	0	0	0	0	0	0	0	0	0	0	0	0	0	0	0	0	
41986015	0	0	1	0	0	1	0	0	0	0	1	0	0	0	0	0	0	0	0	0	0	0	0	0	1	0	0	-1	0	0	0	0	0	0	0	0	0	1	0	0	0	0	0	0	0	0	0	0	0	0	1	1	0	1	0	0	0	0	0	0	0	0	0	0	1	0	0	0	0	0	0	0	0	0	0	0	1	-1	1	0	0	0	0	0	0	-1	0	0	0	0	0	0	0	0	-1	0	1	1	1	-1	0	0	0	0	0	1	0	0	0	0	0	1	0	0	0	0	0	0	0	0	0	1	0	1	1	0	0	0	0	0	0	0	0	0	1	1	41986015	62	female	none	bachelor	single_living_alone	retired	hispanic_american	Roman Catholic	yes	no
19838540	-1	1	1	1	1	0	0	0	1	1	1	1	1	-1	-1	1	0	1	1	1	-1	0	0	1	1	0	1	0	-1	1	1	-1	1	1	0	1	1	0	1	0	1	0	-1	0	0	0	1	0	0	1	1	-1	0	-1	0	0	1	1	1	-1	1	1	1	-1	1	-1	-1	1	-1	1	1	1	0	0	1	-1	0	1	1	1	0	0	-1	0	1	0	1	0	1	1	1	0	1	1	1	1	1	0	-1	1	0	-1	-1	1	1	0	0	0	1	0	0	0	1	1	0	1	0	1	1	1	1	1	0	-1	0	0	-1	0	1	1	1	1	1	1	6	2	19838540	41	male	independent	bachelor	married	employee	white	Muslim	yes	yes
6413571	0	0	0	0	0	0	0	0	0	0	0	0	0	0	0	0	0	0	0	0	-1	0	0	0	0	0	0	0	0	0	0	0	0	0	0	0	1	0	0	0	0	1	0	0	0	0	0	0	0	0	0	0	0	0	0	0	0	0	0	0	0	0	0	0	0	-1	0	0	0	0	1	0	0	0	0	0	0	0	0	0	0	0	0	0	0	0	1	0	0	0	0	0	0	0	0	0	0	0	0	0	0	0	0	0	1	0	0	0	0	0	0	0	0	0	0	0	0	0	0	0	0	0	0	-1	0	0	0	0	0	0	0	0	0	0	0	0	
41676062	0	0	0	0	0	-1	0	0	0	0	0	0	0	0	0	0	0	0	0	0	0	0	0	0	1	0	0	0	0	0	0	0	0	0	0	0	0	1	0	0	0	0	0	0	0	0	0	0	0	0	0	0	0	1	0	0	0	0	0	0	0	0	0	0	1	0	0	0	0	0	0	0	0	0	0	0	1	0	0	0	0	0	0	1	0	0	0	0	0	0	0	0	0	0	0	0	0	0	0	0	0	0	0	0	0	1	0	0	0	0	0	0	0	0	0	0	0	0	0	0	0	0	0	0	0	0	0	0	0	0	0	0	0	0	0	0	
39501628	-1	1	1	1	0	-1	1	1	0	0	1	1	0	1	0	1	-1	1	1	-1	0	0	0	-1	1	0	0	0	0	0	1	-1	-1	1	1	0	1	1	1	-1	0	-1	-1	1	1	1	1	0	1	0	0	0	1	1	0	1	1	1	1	-1	1	1	0	-1	-1	0	0	1	-1	-1	1	0	-1	1	0	1	1	0	1	1	1	1	1	1	0	1	0	0	-1	1	1	0	1	0	0	0	1	1	0	0	0	0	1	-1	1	1	1	-1	0	0	1	1	1	1	-1	1	-1	1	0	1	-1	1	-1	1	1	1	0	1	0	1	0	0	0	1	5	4	
43932665	0	0	0	0	0	0	0	0	0	0	0	0	0	-1	0	0	0	0	0	0	0	0	0	0	0	0	0	0	0	0	0	0	0	0	0	0	0	0	0	0	0	0	0	0	0	0	0	0	0	0	0	0	0	0	0	0	0	0	0	0	0	0	0	0	0	0	0	1	0	0	0	0	0	0	0	0	0	0	0	0	0	1	0	0	0	0	0	0	0	0	0	0	0	0	0	0	0	0	0	0	0	0	0	0	0	0	0	0	0	0	0	0	0	0	0	0	0	0	0	0	0	0	0	0	0	0	0	0	0	1	0	0	0	0	0	0	
43630064	0	-1	0	0	0	0	0	0	0	0	0	0	0	-1	-1	0	0	0	0	-1	1	-1	1	-1	0	0	0	0	0	0	0	0	1	-1	1	-1	0	0	0	0	0	-1	0	0	0	0	-1	0	1	0	1	0	0	0	0	1	0	1	-1	0	1	1	-1	0	0	0	0	0	0	0	-1	0	-1	0	1	0	-1	0	-1	-1	0	0	0	0	0	0	0	0	-1	0	1	0	-1	0	0	0	1	0	0	0	0	0	0	0	0	0	0	0	0	0	0	0	0	0	0	0	0	0	0	0	1	0	1	0	0	1	0	0	0	0	0	1	0	0	0	7	
22345789	0	0	-1	1	0	0	0	0	1	1	-1	-1	1	0	0	0	0	0	0	0	0	0	0	0	1	0	0	0	0	0	0	0	-1	0	0	0	1	0	0	0	0	0	0	0	0	0	1	0	0	0	0	0	0	1	0	0	0	0	0	0	0	1	0	1	0	0	0	0	-1	-1	1	1	0	0	0	0	0	0	0	0	0	0	0	0	1	0	1	0	0	0	0	0	0	0	1	0	0	0	0	0	0	0	0	0	0	0	0	0	0	0	0	0	-1	0	1	1	0	0	-1	0	1	1	1	1	0	0	0	0	0	0	1	0	1	-1	1	1	22345789	62	female	independent	associate_degree	single_living_alone	employee	white	other:Christian	no	yes
16854635	0	1	1	0	1	0	0	0	1	1	0	1	0	0	0	0	1	0	0	0	-1	1	0	0	0	-1	0	0	0	1	0	-1	1	0	0	1	1	0	0	0	1	1	0	0	0	0	0	1	0	1	0	0	0	0	1	0	0	0	0	0	0	1	0	-1	0	-1	0	0	-1	0	1	0	0	0	0	-1	0	0	0	0	0	0	0	0	1	0	1	0	-1	0	0	0	0	0	1	0	0	0	0	0	0	0	0	0	1	0	0	0	0	0	0	0	-1	0	0	0	0	0	0	0	0	0	0	-1	0	0	0	-1	1	1	-1	0	0	-1	2	2	
40107272	-1	0	0	0	0	0	1	0	1	0	0	1	0	0	0	0	0	1	1	-1	0	1	0	0	0	0	1	0	0	0	0	0	0	0	-1	0	0	0	0	0	1	0	-1	0	0	0	0	0	0	1	1	0	1	0	0	1	-1	0	0	0	0	0	1	0	1	1	-1	1	0	0	0	0	-1	1	-1	-1	0	0	0	0	0	0	1	0	-1	0	0	-1	1	1	1	-1	0	0	0	0	0	1	1	-1	0	0	1	0	0	0	0	0	0	0	0	0	0	1	0	0	0	0	0	0	0	0	0	0	0	0	0	0	-1	0	0	0	0	0	1	0	
43942386	-1	0	0	0	0	0	0	1	1	0	0	1	0	0	0	0	0	1	0	0	0	0	0	1	0	0	0	0	0	0	0	0	0	1	0	0	0	0	0	0	0	-1	0	1	0	0	0	0	0	0	0	0	0	0	0	0	-1	1	1	1	1	1	1	1	0	0	0	1	0	0	0	0	-1	1	1	1	0	0	0	0	1	1	0	0	0	0	0	1	1	1	1	1	1	0	0	0	0	0	0	1	0	0	1	-1	0	0	1	0	0	0	1	1	0	0	0	0	0	1	-1	1	0	0	0	1	0	0	0	1	1	0	0	0	0	0	0	2	
20430407	0	1	0	0	0	0	0	0	0	0	0	0	1	1	-1	1	0	0	0	0	0	0	0	0	0	0	0	-1	1	1	1	-1	1	1	-1	1	1	1	1	-1	1	0	-1	0	1	1	0	0	0	0	0	-1	0	-1	0	0	0	1	0	0	1	1	0	-1	1	0	-1	0	-1	1	1	1	0	0	0	0	0	0	0	0	0	0	0	1	1	0	0	0	-1	0	0	0	0	-1	0	1	0	0	0	0	1	0	0	1	1	0	-1	0	1	0	0	0	-1	1	-1	1	0	1	0	0	1	1	0	0	0	1	0	0	0	1	0	-1	1	0	1	2	
36276573	0	0	0	0	0	-1	0	0	0	0	0	0	0	0	0	1	0	1	0	0	0	0	0	0	0	1	0	0	0	0	0	0	0	0	0	0	0	1	0	0	0	0	0	0	0	0	0	0	0	0	0	0	1	0	1	0	0	0	0	0	0	0	0	0	0	0	0	-1	0	0	0	0	0	0	0	0	0	0	0	0	0	0	0	0	0	0	0	0	0	1	0	0	-1	0	0	0	1	0	0	0	0	0	0	1	0	0	0	0	0	0	0	0	0	0	0	0	0	0	0	0	0	0	0	0	0	0	0	0	0	0	0	0	0	0	0	0	
43941355	0	-1	0	0	0	0	0	0	1	0	0	0	-1	1	1	1	-1	1	1	-1	-1	1	1	1	1	-1	1	-1	0	0	1	0	1	0	-1	0	0	0	1	-1	1	-1	1	-1	1	1	1	1	1	1	1	-1	0	0	0	1	0	0	0	0	0	0	0	0	0	0	1	1	0	0	0	0	0	0	0	0	0	1	0	0	0	1	1	0	0	1	0	1	1	0	0	1	0	1	0	1	1	0	-1	0	0	1	0	0	0	0	0	1	1	0	0	0	1	0	0	0	1	1	1	1	0	0	1	0	0	1	0	0	0	1	0	-1	1	0	1	1	43941355	21	male	republican	associate_degree	single_living_alone	civil_servant	white	Atheist / Agnostic	yes	yes
43875818	0	0	0	0	0	0	0	0	0	1	0	0	0	1	0	0	0	0	0	0	0	0	0	0	0	0	1	0	0	0	0	0	-1	0	0	0	0	0	0	0	0	1	0	0	0	0	0	0	0	0	1	0	0	0	0	0	0	0	0	0	0	1	-1	0	0	0	0	0	0	0	-1	0	1	0	0	0	0	0	1	1	0	0	0	0	0	0	0	0	1	0	-1	0	1	0	0	0	1	0	-1	0	0	0	0	0	0	0	0	0	0	0	0	0	0	0	0	0	0	0	0	0	1	0	1	0	0	-1	0	0	0	0	0	0	0	0	0	12	
34557302	-1	1	0	0	1	0	0	-1	1	0	0	1	0	0	0	1	1	1	1	1	0	1	0	0	1	1	0	-1	-1	1	1	1	0	1	0	0	0	0	0	0	1	0	0	0	0	0	0	0	0	0	0	1	0	0	1	0	-1	0	1	0	1	1	1	-1	0	0	1	1	1	0	0	1	-1	0	0	-1	0	0	0	0	0	0	0	0	0	0	0	-1	0	1	0	0	1	1	1	1	0	0	0	-1	1	1	1	1	-1	1	1	1	0	0	0	1	1	0	0	0	1	0	-1	0	0	0	0	0	0	0	0	1	1	1	1	0	0	1	2	22	34557302	36	female	independent	master	married	other:homemaker	white	Roman Catholic	yes	yes
43762146	0	0	1	0	1	1	1	1	1	1	0	0	1	1	0	0	0	1	0	0	1	1	1	-1	1	1	1	1	0	0	0	0	0	0	0	1	0	1	0	1	0	0	0	0	0	1	0	0	-1	0	0	0	1	0	1	0	1	0	0	1	0	0	0	0	0	1	0	1	0	0	0	0	0	0	0	0	0	0	0	0	1	1	1	-1	0	0	0	1	0	1	0	1	0	0	0	0	1	1	0	0	0	0	0	1	0	0	0	1	0	0	0	0	0	0	0	0	0	1	1	1	1	1	1	0	1	0	1	0	0	1	0	1	0	0	1	13	
40212251	0	0	1	0	1	1	1	1	-1	1	-1	1	1	0	0	0	0	1	0	0	-1	0	1	1	1	-1	1	-1	0	0	0	0	0	0	0	1	0	1	0	1	0	-1	0	1	0	1	0	0	0	0	1	0	1	1	1	-1	-1	0	0	1	0	0	0	0	0	1	0	0	0	0	0	0	0	1	1	0	1	-1	1	0	1	1	0	0	0	0	0	-1	0	1	0	-1	0	0	1	0	1	0	0	-1	0	0	1	1	0	-1	1	1	0	0	0	1	0	0	0	0	0	1	0	1	1	1	-1	-1	1	0	-1	0	0	0	0	-1	0	0	0	0	
43961825	0	0	0	0	0	0	0	0	0	0	0	0	-1	0	1	0	0	0	0	0	0	0	0	0	0	0	0	1	0	-1	0	0	0	-1	0	1	-1	1	-1	-1	-1	0	1	0	-1	0	0	0	-1	1	-1	1	-1	-1	0	1	0	1	0	0	0	0	0	1	0	0	0	0	0	-1	1	0	0	-1	1	0	0	0	0	0	0	0	0	1	0	1	0	0	0	0	0	0	0	0	0	0	0	0	0	0	-1	0	0	0	0	0	-1	0	0	0	-1	0	0	0	0	0	0	0	0	0	-1	1	0	0	0	1	0	0	0	0	0	0	0	-1	4	26	43961825	25	female	democrat	vocational_secondary_certification	single_living_alone	employee	american_indian_or_alaska_native	Protestant	yes	yes
20512953	-1	0	0	1	0	-1	1	0	0	0	0	0	0	1	0	0	0	0	0	0	1	0	-1	1	1	0	1	0	0	0	0	0	0	0	-1	0	0	0	0	0	1	0	-1	1	0	0	1	0	1	0	0	0	1	0	0	0	0	0	0	0	0	0	1	0	1	0	-1	1	0	0	0	-1	-1	1	1	-1	1	-1	1	1	-1	1	0	1	1	-1	1	0	0	0	0	0	0	0	0	0	0	1	0	0	0	0	1	0	0	0	0	-1	0	0	0	0	0	0	0	1	1	-1	1	1	0	0	0	0	1	0	0	0	0	1	0	0	0	0	3	2	20512953	38	female	democrat	bachelor	single_living_with_parents	employee	white	Atheist / Agnostic	yes	yes
15448937	0	0	1	0	0	0	1	0	1	-1	1	1	0	0	0	0	0	0	0	-1	0	0	0	0	0	0	1	-1	0	0	-1	0	1	0	1	0	1	0	1	1	0	0	0	1	1	1	1	1	1	1	1	-1	0	0	0	0	0	1	1	0	1	1	0	0	1	0	-1	0	0	0	0	-1	0	0	0	1	1	-1	1	1	0	0	1	1	1	1	1	-1	1	0	0	0	0	0	1	0	0	0	1	-1	0	0	0	0	0	0	0	0	0	1	0	1	-1	0	0	1	1	-1	0	0	0	1	0	1	1	0	0	0	0	0	0	0	0	0	0	0	15448937	40	male	republican	high_school	single_living_with_partner	employee	white	Atheist / Agnostic	no	yes
43722521	-1	0	0	0	0	0	1	0	0	0	0	0	0	0	0	0	0	0	1	-1	0	-1	0	0	0	0	1	0	0	0	0	0	0	0	-1	0	0	0	0	0	1	0	-1	0	0	0	0	0	0	0	0	0	1	0	0	-1	0	0	0	0	0	0	1	-1	1	0	-1	0	-1	0	0	-1	0	0	0	0	1	-1	1	1	0	0	1	0	1	-1	1	-1	0	0	0	0	0	0	0	0	0	-1	-1	0	0	0	1	0	0	0	0	-1	0	0	0	0	-1	0	0	0	0	0	-1	0	0	0	0	0	0	0	0	0	0	0	1	0	0	1	0	1	43722521	27	female	democrat	master	single_living_alone	employee	white	Atheist / Agnostic	yes	yes
33427067	0	0	0	0	0	0	0	0	0	0	0	0	0	0	0	0	0	0	0	0	0	0	0	0	0	0	0	0	0	0	0	0	0	0	0	0	0	0	0	0	0	0	0	0	0	0	0	0	0	0	0	0	0	0	0	0	0	0	0	0	0	0	0	0	0	0	0	0	0	0	0	0	0	0	0	0	0	0	0	0	0	0	0	0	0	0	0	0	0	0	0	0	0	0	0	0	0	0	0	0	1	-1	1	-1	0	0	0	0	0	0	0	0	0	0	0	0	0	0	0	0	0	0	0	0	0	0	0	0	0	0	0	0	0	0	0	0	
43918613	-1	0	0	1	0	-1	1	0	0	1	0	0	0	1	0	0	0	0	0	0	1	1	-1	-1	1	0	0	0	0	0	0	0	0	0	0	0	0	1	1	1	1	0	0	-1	1	0	1	0	1	0	0	0	1	0	0	0	0	0	0	0	0	0	1	0	1	0	0	1	0	0	0	-1	-1	1	-1	-1	1	-1	1	1	1	-1	1	1	1	-1	-1	-1	0	0	0	0	0	1	0	0	0	1	0	0	0	0	1	0	0	1	0	-1	0	0	0	0	0	0	0	1	1	1	-1	1	0	0	0	0	1	0	0	0	0	1	0	0	0	0	0	0	
38671298	0	0	1	0	1	0	0	-1	0	1	1	1	0	0	0	0	0	0	1	-1	0	1	0	0	0	-1	1	0	0	1	1	0	1	0	1	0	1	0	0	0	1	0	-1	0	0	0	0	0	0	0	0	0	1	1	0	1	0	0	0	1	0	1	0	1	0	0	-1	0	-1	0	0	0	0	0	0	0	0	0	0	0	0	0	0	0	1	0	1	1	0	0	0	0	0	0	0	0	0	1	1	0	0	0	0	0	0	0	0	0	0	1	0	0	1	0	0	0	0	0	0	0	0	0	0	0	0	0	0	1	1	1	1	0	0	1	2	2	
39911407	0	0	0	0	0	0	0	0	0	0	0	0	0	0	0	0	0	0	1	0	0	0	0	0	0	0	0	0	0	0	0	0	0	0	0	0	0	0	0	0	0	0	0	0	0	0	0	0	0	-1	1	0	0	0	0	0	0	0	0	0	0	0	0	0	1	-1	-1	1	0	0	0	1	0	0	0	0	0	0	0	0	0	0	0	0	0	0	0	0	0	0	1	1	0	0	0	0	0	0	0	-1	0	0	0	0	0	0	0	0	0	0	0	0	0	1	0	0	0	0	0	0	0	0	0	0	0	0	0	0	0	0	0	0	0	0	0	0	39911407	25	male	democrat	bachelor	single_living_with_parents	employee	white	Atheist / Agnostic	yes	yes
38806465	-1	0	0	1	0	0	1	0	0	0	0	0	0	1	1	0	0	1	1	0	0	0	0	-1	0	0	0	0	0	1	0	0	0	1	0	0	0	0	0	1	1	-1	-1	1	0	0	1	-1	1	0	0	0	0	0	0	0	0	0	0	0	0	0	0	0	0	1	0	1	0	1	0	0	0	0	0	-1	0	0	0	0	0	1	0	0	0	0	0	0	1	0	0	0	0	0	0	0	0	0	0	0	-1	-1	0	0	0	1	1	0	1	1	-1	1	0	0	-1	1	0	0	0	1	0	0	-1	0	0	0	-1	0	0	1	1	0	1	0	0	0	
43987213	1	0	0	0	0	0	0	-1	0	0	0	1	0	0	0	0	0	-1	0	0	0	0	0	1	0	0	0	0	0	0	0	0	0	1	0	0	0	0	0	0	0	1	0	1	0	0	0	0	0	0	0	0	0	0	0	0	-1	0	0	0	1	1	1	-1	0	0	0	1	0	0	0	0	-1	1	1	1	0	0	0	0	1	1	0	0	0	0	0	0	0	0	0	0	-1	0	0	0	0	0	0	-1	0	0	1	-1	0	0	1	0	0	0	1	1	0	0	0	0	0	1	1	1	0	0	0	1	0	0	0	1	0	0	0	0	0	0	0	0	
36293563	0	0	0	0	0	0	0	0	0	0	0	0	0	0	0	0	0	0	0	0	0	0	0	0	0	0	0	0	0	0	0	0	0	0	0	0	0	0	0	0	0	0	-1	0	0	0	0	0	0	0	0	0	0	0	0	0	0	0	0	0	0	0	0	0	0	0	0	0	0	0	0	0	0	1	0	0	0	0	0	0	0	0	0	0	0	-1	0	0	0	0	0	0	0	0	0	0	0	0	0	0	0	0	0	0	0	0	0	0	0	0	1	0	0	0	0	0	0	0	0	0	0	0	0	0	0	0	0	0	0	0	0	0	0	0	0	2	36293563	38	female	republican	master	married	employee	white	Protestant	no	yes
43913997	0	0	0	0	0	1	1	0	1	0	0	1	0	0	0	0	0	0	0	0	-1	1	-1	-1	0	0	0	0	0	0	0	0	0	0	0	0	1	0	0	0	0	1	0	1	0	0	0	0	1	0	0	0	0	0	0	0	0	0	0	0	0	0	0	0	0	-1	0	0	0	0	1	0	0	0	0	0	0	0	0	0	-1	1	1	1	0	0	1	1	0	0	0	0	0	0	0	1	0	1	0	0	0	1	0	0	1	0	0	0	0	0	1	0	0	0	0	0	0	-1	1	1	0	0	0	1	1	0	0	0	1	0	0	0	0	0	1	0	
38202325	-1	0	0	1	0	0	1	0	1	1	0	1	0	1	0	1	1	1	1	0	0	1	-1	-1	0	0	1	0	0	1	1	0	1	-1	1	1	1	0	1	-1	1	0	-1	-1	1	1	1	0	1	-1	1	1	1	1	0	1	-1	1	1	-1	1	-1	1	0	1	-1	1	0	-1	-1	1	0	-1	1	-1	-1	1	-1	1	1	1	1	1	1	1	0	1	1	0	1	1	-1	0	1	0	1	0	1	1	0	1	0	1	-1	-1	1	0	-1	1	1	-1	1	-1	1	0	1	-1	1	1	1	-1	1	1	0	1	1	-1	1	0	0	1	0	1	1	11	1	
43620110	0	1	1	1	1	0	1	0	1	1	1	1	0	0	0	0	1	0	0	0	1	1	0	0	1	-1	0	0	0	1	0	-1	1	0	0	1	1	0	0	0	1	0	0	0	0	0	1	1	1	0	0	0	0	1	1	0	0	0	0	0	0	1	0	-1	0	0	0	0	1	1	0	-1	-1	1	-1	-1	0	1	0	1	1	1	1	1	1	0	1	-1	1	0	0	0	0	0	0	0	0	1	1	0	0	0	0	0	-1	0	0	0	1	0	0	0	-1	0	1	-1	1	0	0	0	0	0	0	0	0	0	1	1	-1	1	1	0	1	1	1	0	
43857153	0	0	0	0	0	0	0	0	0	0	0	0	0	0	0	0	0	0	0	0	0	0	0	0	0	0	0	0	0	0	0	0	0	0	0	0	0	0	0	-1	0	0	0	0	0	0	0	0	0	0	0	0	0	0	0	0	0	0	0	0	0	0	0	0	0	0	0	0	0	0	0	0	0	0	0	0	0	0	0	0	0	0	0	0	0	0	0	1	0	0	0	0	0	0	0	0	0	0	0	0	0	0	0	0	0	0	0	-1	0	0	0	0	0	0	0	0	0	0	0	0	0	0	1	0	0	0	0	0	0	0	0	0	0	0	0	0	
43498762	0	0	0	0	0	0	0	0	0	0	0	0	0	0	0	0	0	0	0	0	0	0	0	0	1	0	0	0	0	0	0	0	0	0	0	0	0	1	0	0	0	0	0	0	0	0	0	0	0	0	0	0	0	0	0	0	0	0	0	0	0	0	0	0	1	0	0	0	0	0	0	0	0	0	0	0	0	0	0	0	0	0	0	1	0	0	0	0	0	0	0	0	0	0	0	0	1	1	-1	1	0	0	0	0	0	0	0	0	0	0	0	0	0	0	0	0	0	0	0	0	0	0	0	0	0	0	0	0	0	0	0	0	0	0	0	2	
38153196	0	0	0	0	0	0	0	0	0	0	0	0	-1	0	0	0	0	0	1	0	0	0	0	0	0	0	0	0	0	0	0	0	0	0	0	0	1	0	0	0	0	0	0	0	0	0	0	0	0	-1	1	0	0	0	0	0	-1	1	1	1	0	0	0	0	1	1	-1	-1	-1	1	1	-1	0	0	0	0	0	0	0	0	0	0	0	0	0	0	0	0	1	1	1	0	0	0	0	0	0	0	0	-1	0	0	0	0	0	0	0	0	0	0	0	0	0	1	1	0	0	0	1	0	0	0	0	0	0	0	0	0	0	0	0	0	0	0	1	0	
43930419	-1	0	0	0	0	0	0	1	0	0	0	0	0	0	0	0	0	-1	0	0	0	0	0	-1	0	0	0	0	0	0	0	0	0	1	0	0	0	0	0	0	0	-1	0	-1	0	0	0	0	0	0	0	0	0	0	0	0	-1	0	0	0	0	0	1	0	0	0	0	1	0	0	0	0	-1	0	-1	0	0	0	0	0	0	-1	0	0	0	0	0	0	0	0	0	0	0	0	0	0	0	0	0	-1	0	0	1	1	0	0	1	0	0	0	0	1	0	0	0	0	0	0	-1	1	0	0	0	1	0	0	0	1	0	0	0	0	0	0	0	0	
20623511	0	0	0	0	0	0	0	0	0	0	0	0	0	0	0	0	0	0	0	0	0	0	0	0	1	0	0	0	0	0	0	0	0	0	0	0	0	1	0	0	0	0	0	0	0	0	0	0	0	0	0	0	0	0	0	0	0	0	0	0	0	0	0	0	-1	0	0	0	0	0	0	0	0	0	0	0	0	0	0	0	0	0	0	1	0	0	0	0	0	0	0	0	0	0	0	0	0	0	0	0	0	0	0	0	0	0	0	0	0	0	0	0	0	0	0	0	0	0	0	0	0	0	0	0	0	0	0	0	0	0	0	0	0	0	0	1	20623511	40	female	none	vocational_secondary_certification	married	employee	white	Roman Catholic	yes	yes
43946798	0	0	1	0	1	1	-1	-1	1	1	0	0	0	1	0	0	0	0	0	0	0	1	1	1	0	0	0	0	0	0	0	0	0	0	0	1	0	0	0	-1	0	0	0	1	0	0	0	0	0	0	0	0	0	0	1	0	-1	0	0	1	0	0	0	0	0	1	0	1	0	0	0	0	0	0	0	0	0	0	0	0	1	1	0	0	0	0	0	1	0	0	0	1	0	0	0	0	0	0	0	0	0	0	0	0	0	0	0	1	0	0	0	0	0	0	0	0	1	1	-1	1	1	1	1	0	1	0	-1	0	0	1	0	0	0	0	1	2	
20328071	0	0	0	0	0	0	0	0	0	0	0	0	0	0	0	0	0	0	0	0	1	0	0	0	0	-1	0	1	1	0	-1	1	0	0	1	0	1	1	1	1	0	0	0	0	1	1	0	0	0	0	0	0	0	0	0	0	0	0	0	1	0	0	0	1	0	0	0	0	0	-1	1	0	0	0	0	0	0	-1	0	1	0	0	0	1	1	0	0	0	0	0	0	0	0	0	-1	1	0	1	-1	0	1	0	0	0	0	0	1	0	0	1	0	0	-1	1	0	1	0	0	0	0	1	1	1	1	0	1	-1	1	1	0	0	0	1	1	4	4	20328071	21	female	democrat	high_school	married	unemployedseeking_employment	white	Atheist / Agnostic	no	yes
43811627	0	0	1	0	0	1	0	0	0	0	1	0	0	0	0	0	0	0	0	0	0	0	0	0	1	0	0	-1	0	0	0	0	0	0	0	0	0	1	0	0	0	0	0	0	0	0	0	0	0	0	1	-1	0	1	0	0	0	0	0	0	0	0	0	0	1	0	0	0	0	0	0	0	0	0	0	1	1	-1	1	0	0	1	0	1	0	-1	0	0	0	0	0	0	-1	0	1	0	1	1	1	-1	0	0	0	0	0	1	0	0	0	0	1	1	0	0	0	0	0	0	0	0	0	1	0	1	1	0	0	0	0	0	0	0	0	0	0	2	
37177227	0	0	0	0	0	0	0	0	0	1	0	-1	0	0	0	0	0	0	0	0	-1	0	0	0	0	1	0	0	0	0	0	0	0	0	0	0	1	-1	-1	1	-1	1	0	0	1	0	0	0	0	1	0	0	0	0	1	0	0	0	0	0	0	0	0	0	0	1	0	0	0	0	1	0	0	1	0	-1	0	0	0	0	0	0	0	0	0	0	-1	0	0	0	0	0	0	-1	0	1	0	0	0	0	0	1	0	0	-1	1	0	0	0	0	1	0	0	0	0	0	1	0	0	-1	0	0	0	-1	0	0	0	1	0	0	0	0	0	0	0	8	37177227	32	male	democrat	master	married	employee	white	Roman Catholic	no	yes
43963742	0	0	0	0	0	0	0	0	0	0	-1	0	0	0	0	0	-1	0	0	0	0	0	0	-1	0	0	0	0	1	0	0	0	0	0	1	0	0	0	0	0	0	0	0	0	0	0	0	0	0	0	0	0	0	0	0	0	0	0	0	0	0	0	0	0	0	0	0	0	0	0	0	0	0	0	0	0	0	0	0	0	0	0	0	0	1	0	0	0	0	-1	0	0	0	0	0	1	0	0	0	0	0	0	0	0	-1	0	0	0	1	0	0	0	0	0	0	0	0	0	0	0	0	0	0	0	0	0	0	0	0	0	0	0	-1	-1	0	12	
43935069	1	0	1	1	0	0	0	0	0	0	-1	0	1	0	1	0	-1	1	1	1	-1	0	0	-1	1	-1	1	1	1	1	1	1	-1	1	-1	1	0	0	1	-1	0	1	0	0	0	1	0	0	0	0	0	1	-1	-1	0	-1	0	1	1	0	-1	1	0	-1	1	0	0	0	0	1	1	0	-1	0	-1	0	0	0	1	-1	0	0	0	0	-1	0	0	1	0	-1	1	0	0	0	0	-1	1	0	-1	0	1	0	0	0	-1	-1	-1	0	1	0	0	0	-1	-1	-1	-1	0	1	0	0	-1	-1	1	0	0	-1	-1	0	0	1	0	-1	1	0	3	0	
20398835	0	0	0	0	0	0	0	0	0	0	0	0	0	0	0	0	0	0	1	0	1	0	0	0	0	0	0	0	0	0	0	0	0	0	0	0	1	0	0	0	0	0	0	0	0	0	0	0	0	1	1	0	0	0	0	0	0	0	0	0	0	0	0	0	1	-1	1	-1	0	1	1	1	0	0	0	0	0	0	0	1	0	0	0	0	0	0	0	0	0	0	1	-1	0	0	0	0	0	0	-1	-1	0	0	0	0	1	0	0	0	1	0	0	0	0	1	1	0	0	0	0	0	0	0	0	1	0	0	1	0	0	0	0	0	0	0	0	0	
44075879	1	0	0	1	0	0	-1	0	-1	0	0	0	-1	-1	-1	-1	0	-1	-1	0	0	0	0	-1	0	0	-1	0	0	1	-1	0	0	-1	0	0	0	0	-1	-1	-1	-1	-1	-1	0	1	-1	-1	-1	0	0	0	0	0	0	0	0	0	0	0	-1	0	0	0	0	-1	0	0	0	-1	0	0	0	0	0	-1	0	-1	0	0	0	0	-1	0	0	-1	0	0	-1	0	0	-1	0	-1	0	1	0	0	0	0	-1	0	0	0	0	1	-1	-1	0	-1	-1	-1	0	0	-1	-1	0	0	0	-1	0	0	1	0	0	0	-1	0	0	0	-1	0	-1	0	3	149	
43718472	0	0	1	0	0	0	0	1	0	0	0	0	0	0	0	0	0	0	0	0	0	1	0	0	0	0	0	0	0	0	0	0	0	0	0	0	0	0	0	0	0	0	0	0	0	0	0	0	0	0	0	0	0	0	0	0	0	0	0	1	0	0	0	0	0	0	0	0	0	0	0	0	0	0	0	0	0	0	0	0	0	0	0	0	0	0	0	0	0	0	0	0	0	0	0	0	0	0	0	0	0	0	0	0	0	0	0	0	0	0	0	0	0	0	0	0	0	0	0	0	0	0	0	0	0	0	0	0	0	0	0	0	0	0	0	1	
39721866	-1	0	0	0	0	0	1	0	0	0	0	0	1	-1	-1	1	-1	0	0	0	-1	1	1	-1	0	0	0	0	-1	1	0	1	1	1	-1	1	0	0	1	0	0	1	-1	0	0	1	0	1	0	0	0	1	0	0	0	0	1	1	1	-1	0	0	0	-1	1	0	1	0	0	-1	0	1	-1	1	-1	1	0	0	0	0	0	0	0	0	-1	-1	0	1	-1	0	1	0	0	0	0	0	0	-1	0	0	1	1	-1	-1	1	-1	1	-1	0	0	-1	0	1	1	-1	-1	0	1	0	0	1	1	0	0	1	-1	1	1	1	1	-1	-1	0	0	1	1	
15577915	0	0	0	1	0	1	0	0	1	0	0	1	1	1	1	0	0	0	0	0	0	0	0	0	0	0	1	0	0	1	1	0	0	0	0	0	1	0	1	-1	1	-1	-1	0	1	1	1	0	0	1	0	0	1	-1	1	1	0	0	0	0	1	0	0	0	0	0	0	1	0	0	1	0	0	0	0	-1	1	-1	0	0	0	0	1	0	0	1	0	0	1	0	0	1	-1	1	0	1	0	0	0	0	0	-1	0	0	-1	1	0	-1	1	1	0	0	0	0	0	0	1	0	0	0	0	0	0	-1	0	0	0	0	0	0	0	0	1	0	3	0	
41193378	0	1	0	0	0	0	0	0	0	1	0	0	0	0	-1	0	1	0	0	0	0	0	-1	0	1	0	1	0	0	0	0	0	-1	1	-1	1	0	0	0	0	0	0	-1	0	0	0	1	-1	0	-1	0	0	0	0	0	1	0	1	1	0	0	0	0	0	0	0	0	0	0	0	0	0	0	1	1	0	1	-1	1	1	0	0	0	0	-1	-1	1	-1	0	1	0	0	0	0	0	0	0	0	1	0	0	0	0	0	0	0	0	0	0	0	1	0	0	0	0	0	0	1	0	0	0	0	0	0	1	1	-1	1	1	1	1	0	0	0	1	0	
43831115	0	0	0	0	0	1	0	0	0	0	0	0	0	0	0	0	0	0	0	0	0	0	0	0	0	0	0	0	0	0	0	0	0	0	0	0	0	0	0	0	0	0	0	1	0	0	0	0	0	0	0	0	0	0	0	0	0	0	0	0	0	0	0	0	0	0	0	0	0	0	0	0	0	0	0	0	0	0	0	0	1	0	0	0	0	0	0	0	0	0	0	0	0	0	0	0	0	0	0	0	0	0	0	0	0	0	0	0	0	0	0	0	0	0	0	0	0	0	0	0	0	0	0	0	1	0	0	0	0	0	0	0	0	0	0	0	
22653569	0	0	0	0	0	0	0	0	0	0	0	0	0	1	0	0	0	0	0	0	0	0	0	0	0	0	0	0	0	0	0	0	1	0	0	0	0	0	0	0	0	0	0	0	0	0	0	0	0	0	0	0	0	0	0	0	0	0	0	0	0	0	0	0	0	0	0	0	0	0	0	0	0	0	0	0	0	0	0	0	0	0	0	0	0	0	0	0	1	0	0	0	0	0	0	0	0	0	0	0	0	0	0	0	0	0	0	0	0	0	0	0	0	0	0	0	0	0	0	0	0	0	0	0	0	1	0	0	0	0	0	0	0	0	0	0	
28810858	0	0	0	0	0	0	0	0	0	0	0	0	0	0	0	0	0	0	0	0	0	0	0	0	0	1	0	0	0	0	1	0	0	0	0	0	0	0	0	0	0	0	0	0	0	0	0	0	0	0	0	0	0	0	0	0	0	0	0	0	0	0	0	0	0	0	0	0	0	0	0	0	0	0	0	0	0	0	0	0	0	0	0	0	0	0	0	0	0	0	0	0	0	0	0	0	0	1	0	0	0	0	0	0	0	0	0	0	0	1	0	0	0	0	0	0	0	0	0	0	0	0	0	0	0	0	0	0	0	0	0	0	0	0	0	0	
13095205	0	1	0	0	0	0	0	0	1	0	0	1	-1	1	1	0	1	0	1	-1	0	0	-1	0	1	0	1	0	0	0	0	0	1	1	1	1	1	0	0	0	0	-1	-1	0	0	0	1	1	1	0	1	0	0	0	0	1	-1	0	1	1	1	1	1	0	1	1	-1	1	-1	-1	1	0	-1	1	-1	0	1	0	1	1	0	0	1	0	0	-1	1	1	1	1	1	1	-1	0	0	0	1	0	0	-1	0	0	0	0	0	0	0	0	0	1	1	0	-1	1	1	0	0	1	-1	0	1	0	-1	0	1	1	-1	1	0	0	1	1	0	0	4	3	
43859839	0	0	0	0	0	0	0	0	0	0	0	0	0	0	0	0	0	0	0	0	0	0	0	0	0	0	0	0	0	0	0	0	0	0	0	0	0	0	0	0	0	0	0	0	0	0	0	0	0	0	0	0	0	-1	0	0	0	0	0	0	0	0	0	0	0	0	0	0	0	0	0	0	0	0	0	0	0	0	0	0	0	0	0	0	0	0	0	0	0	0	0	0	0	0	0	0	0	0	0	0	0	0	0	0	0	0	-1	0	0	0	0	0	0	1	0	0	0	0	0	0	0	0	0	0	0	0	0	0	0	0	0	0	0	-1	0	0	
43932026	1	0	0	0	0	0	0	1	0	0	0	1	0	0	0	0	0	1	0	0	0	0	0	1	0	0	0	0	0	0	0	0	0	1	0	0	0	0	0	0	0	1	0	1	0	0	0	0	0	0	0	0	0	0	0	0	-1	0	0	0	1	1	1	1	0	0	0	1	0	0	0	0	-1	1	1	1	0	0	0	0	1	1	0	0	0	0	0	0	0	0	0	0	1	0	0	0	0	0	0	1	0	0	1	1	0	0	1	0	0	0	1	1	0	0	0	0	0	1	1	1	0	0	0	1	0	0	0	1	0	0	0	0	0	0	0	2	
43939704	0	1	1	0	0	0	0	0	1	-1	1	-1	0	0	0	-1	0	1	1	-1	0	1	0	0	0	-1	1	1	1	1	-1	-1	1	0	-1	1	1	0	0	0	1	0	-1	0	0	0	0	-1	1	0	0	0	0	0	1	1	0	0	1	0	1	1	1	-1	0	0	-1	0	-1	0	0	-1	0	0	0	0	1	1	1	1	0	0	0	0	1	1	1	-1	1	0	0	0	1	1	0	1	0	0	1	0	1	-1	1	1	1	1	1	-1	0	0	0	1	-1	0	0	0	1	0	-1	0	0	0	0	0	0	0	0	-1	-1	1	1	0	0	1	3	1	
43851130	1	0	0	1	0	0	1	0	1	0	0	0	1	0	1	1	0	-1	1	0	0	0	0	1	0	0	-1	0	0	1	1	0	0	1	0	0	0	0	-1	-1	1	1	-1	1	1	1	0	0	1	0	0	0	0	0	0	0	0	0	0	0	1	0	0	0	0	1	0	0	0	-1	0	0	0	0	0	1	0	-1	0	0	0	0	1	0	0	1	0	0	1	0	0	1	0	1	0	1	0	0	0	0	1	1	0	0	0	1	1	1	0	1	1	-1	0	0	1	-1	0	0	0	-1	0	0	1	0	0	0	1	0	0	0	1	0	0	0	5	2	43851130	25	male	democrat	bachelor	single_living_alone	employee	white	Roman Catholic	yes	yes
43102561	-1	0	0	0	0	0	0	1	1	0	0	1	0	0	0	0	0	1	0	0	0	0	0	1	0	0	0	0	0	0	0	0	0	-1	0	0	0	0	0	0	0	-1	0	1	0	0	0	0	0	0	0	0	0	0	0	0	-1	0	0	0	1	1	1	-1	0	0	0	-1	0	0	0	0	-1	1	1	-1	0	0	0	0	1	1	0	0	0	0	0	1	0	0	0	0	-1	0	0	0	0	0	0	-1	0	0	1	-1	0	0	1	0	0	0	1	1	0	0	0	0	0	1	1	1	0	0	0	1	0	0	0	1	1	0	0	0	0	0	0	2	43102561	34	male	independent	master	married	selfemployed	hispanic_american	Protestant	yes	no
43780975	1	1	1	1	0	0	0	0	0	0	-1	0	1	0	1	0	1	0	0	0	0	0	0	1	0	0	0	1	0	1	0	0	0	-1	1	1	1	-1	1	1	1	0	0	0	1	0	0	0	1	-1	-1	1	-1	1	0	1	0	1	1	0	0	0	0	1	0	0	0	0	0	1	-1	0	0	0	-1	0	0	1	0	0	0	0	0	1	0	0	0	0	0	-1	0	0	0	0	1	0	0	0	0	0	1	0	0	0	0	0	1	0	-1	0	0	0	0	1	0	-1	0	0	0	0	1	1	0	0	0	1	0	0	0	0	0	0	-1	1	3	13	
43608431	0	0	0	0	0	0	0	0	0	0	0	0	0	0	0	0	0	0	0	0	0	0	0	0	0	0	0	0	0	0	0	1	0	0	0	0	0	0	0	0	0	0	0	0	0	0	0	-1	0	0	0	0	0	0	0	0	0	0	0	0	0	0	0	0	0	0	0	0	0	0	0	0	0	0	0	0	0	0	0	0	0	0	0	0	0	0	0	0	0	0	0	0	0	0	1	0	0	0	0	0	0	0	0	0	0	0	0	0	0	0	0	0	0	0	0	0	-1	0	0	0	0	0	0	0	0	0	0	0	0	0	0	0	0	0	0	0	
43822436	0	0	0	0	0	0	0	0	0	0	0	0	0	0	0	0	0	0	0	0	0	0	0	0	1	0	0	-1	0	0	0	0	0	0	0	0	0	1	0	0	0	0	0	0	0	0	0	0	0	0	0	0	0	0	0	0	0	0	0	0	0	0	0	0	1	0	0	0	0	0	0	0	0	0	0	0	0	0	0	0	0	0	0	1	0	-1	0	0	0	0	0	0	0	0	0	0	1	1	-1	-1	0	0	0	0	0	0	0	0	0	0	0	1	0	0	0	0	0	0	0	0	0	0	0	0	0	0	0	0	0	0	0	0	0	0	0	0	43822436	19	female	independent	some_college	single_living_with_parents	student	white	Roman Catholic	yes	yes
21785776	0	-1	0	1	0	0	1	0	0	1	0	0	0	1	-1	-1	1	0	0	-1	0	0	-1	0	1	-1	1	1	-1	0	0	1	1	1	-1	1	0	0	0	0	1	1	-1	0	1	1	1	1	1	1	1	-1	0	0	1	1	0	1	1	0	1	1	1	1	0	0	1	0	1	0	1	-1	-1	-1	-1	0	1	0	1	1	0	0	1	0	0	-1	1	0	1	1	1	0	1	1	-1	1	-1	0	-1	0	1	1	1	-1	-1	1	1	-1	-1	1	0	1	-1	0	0	0	0	-1	0	0	-1	0	1	0	1	1	1	-1	-1	1	1	-1	1	1	3	0	
44086620	0	0	0	0	0	0	0	0	0	0	0	0	0	0	0	0	0	0	0	0	0	0	0	0	0	0	0	0	0	0	0	1	0	0	0	0	0	0	0	0	1	1	1	1	0	0	0	1	0	0	1	0	0	0	0	0	0	0	0	0	0	0	1	0	0	0	0	0	0	0	0	0	0	0	0	0	0	0	0	0	0	0	0	0	0	0	0	0	0	0	0	0	1	0	1	0	1	0	0	0	0	0	1	0	0	0	0	1	0	0	0	0	0	0	0	0	1	0	1	0	0	0	0	0	0	0	0	0	0	0	0	0	0	0	0	0	
42870640	0	0	0	0	1	-1	1	1	1	0	0	0	0	0	0	0	0	0	0	0	1	0	0	0	0	-1	0	0	0	0	0	0	0	0	0	0	0	0	0	0	0	0	0	0	0	0	0	0	0	0	0	0	1	0	1	0	0	0	0	1	0	0	0	0	0	1	0	0	0	0	0	0	0	0	0	0	0	0	0	0	0	0	0	0	0	0	0	0	0	1	0	1	0	0	0	0	1	0	0	0	0	0	0	0	0	0	0	0	0	0	0	0	0	0	0	0	0	0	0	0	-1	1	0	0	0	0	0	0	0	0	0	0	0	0	0	0	
ID	2134	2135	2136	2137	2138	2139	2140	2141	2142	2143	2144	2145	2146	2147	2148	2149	2150	2151	2152	2153	2154	2155	2156	2157	2158	2159	2160	2161	2162	2163	2164	2165	2166	2167	2168	2169	2170	2171	2172	2173	2174	2175	2176	2177	2178	2179	2180	2181	2182	2183	2184	2185	2186	2187	2188	2189	2190	2191	2192	2193	2194	2195	2196	2197	2198	2199	2200	2201	2202	2203	2204	2205	2206	2207	2208	2209	2210	2211	2212	2213	2214	2215	2216	2217	2218	2219	2220	2221	2222	2223	2224	2225	2226	2227	2228	2229	2230	2231	2232	2233	2234	2235	2236	2237	2238	2239	2240	2241	2242	2243	2244	2245	2246	2247	2248	2249	2250	2251	2252	2253	2254	2255	2256	2257	2258	2259	2260	2261	2262	2263	2264	2265	2266	2267	best 2134	worst 2134	best 2135	worst 2135	best 2136	worst 2136	best 2137	worst 2137	best 2138	worst 2138	best 2139	worst 2139	best 2140	worst 2140	best 2141	worst 2141	best 2142	worst 2142	best 2143	worst 2143	best 2144	worst 2144	best 2145	worst 2145	best 2146	worst 2146	best 2147	worst 2147	best 2148	worst 2148	best 2149	worst 2149	best 2150	worst 2150	best 2151	worst 2151	best 2152	worst 2152	best 2153	worst 2153	best 2154	worst 2154	best 2155	worst 2155	best 2156	worst 2156	best 2157	worst 2157	best 2158	worst 2158	best 2159	worst 2159	best 2160	worst 2160	best 2161	worst 2161	best 2162	worst 2162	best 2163	worst 2163	best 2164	worst 2164	best 2165	worst 2165	best 2166	worst 2166	best 2167	worst 2167	best 2168	worst 2168	best 2169	worst 2169	best 2170	worst 2170	best 2171	worst 2171	best 2172	worst 2172	best 2173	worst 2173	best 2174	worst 2174	best 2175	worst 2175	best 2176	worst 2176	best 2177	worst 2177	best 2178	worst 2178	best 2179	worst 2179	best 2180	worst 2180	best 2181	worst 2181	best 2182	worst 2182	best 2183	worst 2183	best 2184	worst 2184	best 2185	worst 2185	best 2186	worst 2186	best 2187	worst 2187	best 2188	worst 2188	best 2189	worst 2189	best 2190	worst 2190	best 2191	worst 2191	best 2192	worst 2192	best 2193	worst 2193	best 2194	worst 2194	best 2195	worst 2195	best 2196	worst 2196	best 2197	worst 2197	best 2198	worst 2198	best 2199	worst 2199	best 2200	worst 2200	best 2201	worst 2201	best 2202	worst 2202	best 2203	worst 2203	best 2204	worst 2204	best 2205	worst 2205	best 2206	worst 2206	best 2207	worst 2207	best 2208	worst 2208	best 2209	worst 2209	best 2210	worst 2210	best 2211	worst 2211	best 2212	worst 2212	best 2213	worst 2213	best 2214	worst 2214	best 2215	worst 2215	best 2216	worst 2216	best 2217	worst 2217	best 2218	worst 2218	best 2219	worst 2219	best 2220	worst 2220	best 2221	worst 2221	best 2222	worst 2222	best 2223	worst 2223	best 2224	worst 2224	best 2225	worst 2225	best 2226	worst 2226	best 2227	worst 2227	best 2228	worst 2228	best 2229	worst 2229	best 2230	worst 2230	best 2231	worst 2231	best 2232	worst 2232	best 2233	worst 2233	best 2234	worst 2234	best 2235	worst 2235	best 2236	worst 2236	best 2237	worst 2237	best 2238	worst 2238	best 2239	worst 2239	best 2240	worst 2240	best 2241	worst 2241	best 2242	worst 2242	best 2243	worst 2243	best 2244	worst 2244	best 2245	worst 2245	best 2246	worst 2246	best 2247	worst 2247	best 2248	worst 2248	best 2249	worst 2249	best 2250	worst 2250	best 2251	worst 2251	best 2252	worst 2252	best 2253	worst 2253	best 2254	worst 2254	best 2255	worst 2255	best 2256	worst 2256	best 2257	worst 2257	best 2258	worst 2258	best 2259	worst 2259	best 2260	worst 2260	best 2261	worst 2261	best 2262	worst 2262	best 2263	worst 2263	best 2264	worst 2264	best 2265	worst 2265	best 2266	worst 2266	best 2267	worst 2267	participant id	age	gender	affiliation	education	family status	profession	race	religion	ties2overseas	US citizen
