participant id	Climate change causes hotter temperatures.	There has been an increase in tropical storms of greater intensity which can be attributed to climate change.	Glacier are melting at unprecedented rates due to global warming, causing additional climate change.	Humans do not have that large of an impact.	Climate change has a big affect on the Earth.	Oceans rise due to climate change.	Climate change has a lot of research that it is real.	Climate change cannot be blamed for every weather phenomenon.	Global warming can change our climate.	Climate change is serious matter.	Human produced co2 is re-absorbed by oceans,forests, and other carbon sinks negating any climate changes.	Global warming is not real.	Advertising campaigns that encourage the preservation of the environment.	Climate change is responsible for the deaths of polar bears.	Different changes in weather does not mean global warming.	Climate Change is accelerated by changes in atmospheric concentration of green house effect.	Irresponsible acts such as air pollutants, chemicals and human impact erosion contribute to climate change.	Climate change is affected by different human actions.	Natural changes in the sun's activity cannot explain 20th century global warming.	We are still unsure what could cause climate change.	Humanity holds key responsibility for combating climate change.	CO2 Levels may be controlled with more trees to prevent climate change.	Climate change is already costing money.	Climate change endangers people's health.	Climate change will cause problems for future generations.	Global warming can be stopped if we try hard enough.	We can see strange weather patterns around the world which is a strong indicator of climate change.	There is not a real contribution of human activitis in Climate change.	The US should do something about climate change.	Climate change can be reversed with effort.	Humans should do all they can to stop climate change.	Climate change could be caused my human factors.	Rising levels of atmospheric CO2 do not necessarily cause global warming.	Global warming is just a strategy to get people to recycle more.	Climate change is already costing lives.	The Bible talks about climate change.	Climate change increases the likelihood of some diseases.	Climate change is leading to some animals dying off.	Moving to electrical cars wil stop climate change.	Human activity is primarily responsible for global climate.	There are signs of global warming happening all over the world.	Animals have no responsibility for climate change.	Species of flora and fauna have disappeared due to climate change issues.	Climate change will reach a point where there is nothing we can do about it.	Stop killing trees will prevent climate change.	We should believe in scientists who are experts in the matter.	Climate change is affecting the polar ice caps.	Government should do something to avoid climate change.	There will be more rainfall due to climate change.	People should expect to see more volatile weather patterns resulting from climate change.	Global warming is a naturally occurring phenomenon unrelated to human activity.	Climate change is responsible for melting glaciers.	Car exhausts can change our climate.	The current Climate change is a natural phenomenon.	Decline in rice yields due to warmer nighttime minimum temperatures.	Sea levels have already risen in response to climate change.	Climate change is currently affecting the lives and livelihood of people globally.	Polar ice caps melting is due to global warming.	CO2 emissions are not the only cause for climate change.	If we do not decrease pollution it will exacerbate climate change.	Earth's climate has always warmed and cooled.	Climate change endangers lives.	Climate change has cost at least thirty lives from Hurricane Harvey.	Humans are not the only animals that cause pollution on this planet that results in climate change.	Extreme weather patterns are part of climate change.	Climate change causes huge weather occurances.	Climate change should be examined.	Climate change is affecting everyone.	Gas flaring can change our climate.	Man has contributed to climate change.	Climate change is real.	Climate Change results in billions of dollars of damage to public infrastructure.	Trump won the election due to his positions on the environment.	With earths population growing more of the rainforest are being developed and destroyed adding to climate change.	The high rate of fossil fuels is causing climate change.	Humans can effect climate change.	Reducing greenhouse gas emissions will not necessarily stop climate change.	Human activity need to be revised to change the effects of climate change.	Climate change is caused by bad people.	Climate change is deemed a fact by the scientific community.	Many people are not aware of the damage caused by climate change on planet earth.	The climate is in a constant cycle and we are currently in a warming period.	Decreasing human water supplies, increased fire frequency, ecosystem change and expanded deserts.	Scientific data from the last 100 years have shown climate change to be a fact.	Global warming has nothing to do with the change in weather.	Climate change is causing flooding due to melting ice caps.	People are responsible for climate change.	Climate change may also result in cooler weather in some areas.	We must stop destroying ozone to prevent climate change.	Climate change is bad.	A solution to climate change must be sought soon.	The ice caps are currently melting leading to increases in sea level.	Global warming causes economic damage especially to poorer, low latitude countries.	Some climate change is part of the earths natural cycle and cannot be blamed on mankind.	Al Gore should practice what he preaches - or go away.	It is not rising CO2 leels that are the only cause of climate change but certain instances do add to accelerating such.	Climate change extremes are being experienced more regularly in the current century.	Global warming is the rise in the temperature of the Earth's.	Climate change will adversely affect third world countries the most.	Climate change result in radom rainfall.	Climate change is costing lives.	Climate change increases the occurrence of allergic symptoms due to rise in allergenic pollen.	Preventing activities that cause climate change can prevent further damage.	Climate change is affecting animals homes.	Humans are responsible for the rise in temperatures.	Global warming will be solved by technology innovations.	Hurricanes are due to climate change.	Use of certain aerosol substances accelerates global warming.	Other countries, such as China, are worse for the environment than the US.	Earth's climate is a cycle of change as seen through ice ages and warming periods, in which we are currently in a warming period.	Climate change will make areas of the world uninhabitable within this decade.	Climate change has always been around.	Global warming has been showcased with increased temperatures in dry areas.	Climate change research shows that it affects us and the earth negatively.	The way to treat climate change is by reducing the amount of fossil fuel that is burnt.	We will see spread in mosquite-borne diseases such as Malaria and Dengue Fever.	Extremes in climate change can cause fammine, flooding, lack of water and other weather phenomena.	Humans are not responsible for climate change.	Increased hurricane activity and other extreme weather evenys are a result of natural weather patterns not human -caused climate change.	Rising of sea temperatures supports climate change.	High rate of emission is causing climate change.	The rising risk of climate change should not be ignored.	The ice caps are shrinking at an alarming rate.	The climate change is caused by most developed country.	Deep ocean currents not human activity or a primary driver of natural climate warming and cooling cycle.	People and environment as well as animals have been affected by climate change.	Climate change was made up by the government to keep people in fear.	Climate change needs to be addressed.	Climate change will cause food shortages.	Human beings are primarily responsible for global warming.	Climate change is a danger to everything living on Earth.	People should act now to protect earth and avoid climate change.	People play a huge factor in global warming.	Climate change is destroying the habitat of animals who depend on consistently cold environments.	Human activity is primarily responsible for global climate change.	The use of fossil fuels in excess has contributed to climate change.	Humans are the cause of pollution which enable climate change.	The change in climate can result from human activities.	The sea levels are rising due to climate change.	People should do their part to protect nature and avoid climate change.	We are experiencing more extreme weather in recent years.	Climate change is caused by humans.	participant id	age	gender	affiliation	education	family status	profession	race	religion	ties2overseas	US citizen
42703498	0	0	0	0	0	0	0	0	0	0	0	0	0	0	0	0	1	1	1	1	1	0	0	0	0	1	0	0	0	1	0	0	0	1	0	1	0	0	0	0	0	0	0	1	0	1	1	0	1	1	1	1	1	1	1	1	1	0	0	0	0	0	0	1	0	0	1	0	0	0	0	0	1	1	1	1	0	0	1	0	0	0	0	0	0	0	0	0	0	1	0	0	1	0	0	1	0	1	0	0	1	1	1	1	0	0	0	0	0	0	0	1	0	0	0	0	0	0	0	0	0	0	0	0	0	0	0	0	0	0	0	0	0	0	0	1	0	1	1	1	0	0	
22139728	0	1	0	0	0	0	1	0	1	1	1	-1	1	0	0	1	0	0	0	1	1	1	1	1	0	1	1	0	0	0	0	0	1	0	0	0	0	1	0	1	0	0	0	1	0	0	0	1	0	1	1	-1	0	0	0	0	0	1	0	0	1	0	0	0	1	1	0	0	0	0	0	1	0	1	0	1	1	1	0	1	0	0	0	0	0	0	0	0	0	0	1	0	1	0	1	0	0	0	0	0	0	0	0	1	0	0	0	0	1	1	1	1	0	0	1	1	0	0	1	0	0	0	0	0	1	0	0	0	0	0	0	1	1	1	1	1	1	0	0	1	0	0	22139728	32	female	democrat	master	single_living_alone	employee	black_or_african_american	other:Christian	yes	yes
43736722	1	0	0	0	0	0	0	0	0	0	0	0	1	-1	1	1	0	0	0	0	0	0	0	0	0	0	0	0	0	0	0	0	0	0	0	0	0	1	1	1	0	0	0	0	0	0	0	0	0	0	0	0	0	0	0	0	0	1	0	0	0	0	0	0	0	0	0	0	0	0	0	0	0	0	1	0	0	0	0	0	-1	0	0	0	0	0	0	1	0	0	0	0	0	0	0	0	0	0	1	0	0	0	0	0	0	0	0	0	0	0	0	0	0	0	0	0	0	0	0	0	0	0	0	0	0	0	0	0	0	0	0	0	0	0	0	0	0	0	0	0	0	0	43736722	22	female	independent	some_college	single_living_alone	employee	hispanic_american	other:Christian	yes	no
43860631	1	0	1	0	1	1	1	1	0	0	0	-1	0	1	-1	0	0	1	0	-1	1	1	0	1	1	0	1	-1	1	1	1	0	1	1	-1	0	1	0	1	0	1	1	1	1	1	1	1	1	1	0	1	1	0	-1	0	1	1	1	1	1	1	1	1	1	0	1	0	1	0	0	0	0	-1	0	0	0	0	0	0	1	0	1	1	1	-1	1	1	1	1	1	0	1	0	-1	1	1	1	1	1	0	1	1	-1	0	0	0	1	1	0	1	0	0	1	1	1	1	1	-1	0	0	0	1	0	-1	1	1	0	1	-1	0	0	1	0	1	0	1	1	1	1	-1	0	0	
5007431	0	0	0	0	0	0	0	1	1	1	1	-1	0	0	0	0	0	1	0	0	-1	0	0	0	0	0	0	0	0	0	0	0	0	0	0	0	1	0	0	0	0	0	0	0	0	0	1	0	0	0	0	0	0	0	0	0	0	0	0	0	0	0	0	0	0	0	0	1	0	0	1	0	0	0	0	0	0	0	0	0	0	0	1	0	0	0	0	0	1	0	0	1	0	0	0	0	0	0	0	0	0	0	0	0	0	0	0	0	0	0	0	0	0	0	0	0	1	0	1	0	0	1	1	0	0	1	0	0	0	0	0	0	0	0	0	0	0	0	1	1	-1	0	
42468998	1	0	0	-1	0	0	1	0	0	1	0	0	0	0	0	0	1	1	0	0	0	0	0	0	1	1	1	-1	0	0	0	-1	0	1	1	-1	1	0	-1	1	1	1	1	0	0	0	-1	0	0	0	0	1	0	0	0	0	0	0	0	1	0	0	1	0	1	1	1	1	1	1	1	1	-1	0	0	0	1	1	-1	1	0	0	0	0	1	-1	1	1	1	1	1	1	0	0	0	0	-1	0	1	0	0	0	1	0	1	1	1	1	-1	0	1	-1	0	0	0	1	1	-1	1	0	1	0	1	1	0	0	-1	0	1	0	0	0	0	0	0	0	0	0	1	0	0	0	
27914150	0	1	0	0	0	0	0	0	0	0	0	0	0	0	0	0	0	0	0	0	0	0	0	0	0	0	0	0	0	0	0	0	0	0	0	0	0	0	0	0	0	0	0	0	0	0	0	0	0	0	0	0	0	0	0	0	0	1	0	0	0	0	0	0	0	0	0	0	0	0	0	0	0	0	0	0	1	0	0	0	0	0	0	0	0	0	0	0	0	0	0	0	0	0	0	0	0	0	0	0	0	0	0	0	0	0	0	0	0	0	0	0	0	0	0	0	0	0	0	0	0	0	0	0	0	0	0	0	0	0	0	0	1	1	1	1	0	0	0	1	0	0	
43976334	1	1	1	0	1	1	1	1	0	1	1	1	-1	0	0	1	1	1	0	0	0	1	1	0	0	0	1	1	0	1	-1	1	1	1	1	1	0	0	0	0	1	1	1	1	-1	1	-1	1	0	0	0	1	0	0	0	1	1	1	1	0	1	1	1	0	1	1	0	1	0	1	0	0	1	0	1	0	1	1	1	0	0	1	0	-1	-1	1	1	1	1	1	1	1	0	-1	1	0	1	1	0	0	1	0	1	0	1	0	0	1	0	1	1	1	1	1	0	0	0	1	0	1	1	1	1	1	-1	1	0	0	1	1	1	1	0	0	0	1	1	-1	1	1	1	1	
38548574	0	0	0	0	0	0	0	0	0	0	0	0	0	0	0	0	0	0	0	0	0	1	0	0	0	0	0	0	0	0	0	0	0	0	0	0	0	0	0	0	0	0	0	0	0	0	0	0	0	0	0	1	0	0	0	0	0	0	0	0	0	0	0	0	0	0	0	0	0	0	0	0	0	0	0	0	0	0	0	0	0	0	0	0	0	0	0	0	0	0	0	0	0	0	0	0	0	0	0	0	0	0	0	0	0	0	0	0	0	0	0	0	0	0	0	0	0	0	0	0	0	0	0	0	0	0	0	0	0	0	0	0	0	0	0	0	0	0	0	0	1	1	
27748798	0	0	0	0	0	0	0	0	0	0	0	0	0	0	0	0	0	0	0	0	0	0	1	0	0	0	0	0	0	0	0	0	0	0	0	0	0	0	0	0	0	0	0	0	0	0	0	0	0	0	0	0	0	0	0	0	0	0	0	0	0	0	0	0	0	0	0	0	0	0	0	0	0	0	0	0	0	0	0	0	0	0	0	0	0	0	0	0	0	0	0	0	0	0	0	0	0	0	0	0	0	0	0	0	0	0	0	0	-1	-1	-1	1	0	0	0	0	0	0	0	0	0	0	0	0	0	0	0	0	0	0	-1	0	1	0	0	0	0	0	0	-1	0	0	
1933319	0	0	0	0	0	0	0	0	0	0	0	0	1	-1	1	-1	0	0	0	0	0	0	0	0	0	0	0	0	0	0	0	0	0	0	0	0	0	-1	0	0	0	0	0	0	0	0	0	0	1	0	0	0	0	0	0	0	0	0	0	0	0	0	0	-1	0	0	0	0	0	0	0	0	0	0	0	0	0	0	0	0	0	0	0	0	0	0	0	0	0	0	0	0	0	0	0	0	0	0	0	0	-1	0	0	0	0	0	0	0	1	0	0	0	0	-1	0	0	0	0	0	0	0	0	0	0	0	0	0	1	0	0	0	1	0	0	0	0	0	0	0	0	0	0	1933319	37	male	independent	some_college	single_living_alone	employee	white	Protestant	yes	yes
14070474	0	0	0	0	0	0	0	0	0	0	0	0	0	0	0	0	0	0	0	0	0	0	0	0	0	0	0	0	0	0	0	0	0	0	0	0	0	0	0	0	0	0	0	0	0	0	0	0	0	0	0	0	0	1	0	0	0	0	0	0	0	0	0	0	0	0	0	0	0	0	0	0	0	0	0	0	0	0	0	0	0	0	1	0	0	0	0	0	0	0	0	0	0	0	0	0	0	0	0	1	0	0	0	0	0	0	0	0	0	0	0	0	0	0	0	0	1	0	0	0	0	0	0	0	0	0	0	0	0	0	0	0	0	0	0	0	0	0	0	0	0	0	14070474	69	female	republican	bachelor	single_living_with_partner	employee	white	Protestant	no	yes
39147083	0	0	0	0	0	0	0	0	0	0	0	0	0	0	0	0	0	0	0	0	0	0	0	0	0	0	0	0	0	0	0	0	-1	-1	1	-1	0	0	0	0	0	0	0	0	0	0	0	0	0	0	0	0	0	0	0	0	0	0	0	0	0	0	0	0	0	0	0	0	0	0	0	0	0	0	0	0	0	0	0	0	0	0	0	0	0	0	0	0	0	0	0	0	0	0	0	0	0	0	0	0	0	0	0	0	0	0	0	0	0	0	0	0	0	0	0	0	0	0	0	0	0	0	0	0	0	0	0	0	0	0	0	0	0	0	0	0	0	0	0	0	0	0	
41966239	0	0	0	0	0	0	0	0	0	0	0	0	0	0	0	0	0	0	-1	0	0	0	0	0	0	1	1	0	0	0	0	0	0	0	0	0	0	0	0	0	0	0	0	0	0	0	0	0	0	0	0	0	0	0	0	0	0	0	0	0	0	0	0	0	0	0	0	0	0	0	0	0	0	0	0	0	0	0	0	0	0	0	0	1	-1	0	0	0	0	0	0	0	0	0	0	0	0	0	0	0	0	0	0	0	1	0	0	0	0	0	0	0	0	0	0	0	0	0	0	0	0	0	0	0	0	0	0	0	0	0	0	0	0	0	0	0	0	0	0	0	0	1	
43869373	0	-1	0	0	0	0	0	0	0	0	0	-1	0	0	0	-1	1	0	0	-1	0	0	0	-1	0	0	0	0	0	-1	0	0	0	0	1	0	0	0	0	1	-1	0	0	0	0	0	1	0	0	0	0	-1	-1	0	0	0	-1	0	0	0	0	1	0	1	-1	0	-1	0	0	1	0	0	0	0	0	0	0	1	0	0	0	0	0	0	1	1	-1	0	0	0	0	0	0	0	0	1	0	0	0	1	-1	0	0	-1	1	-1	0	0	1	1	0	0	-1	0	1	0	0	0	0	0	-1	0	0	0	1	0	0	-1	0	0	1	0	1	0	1	0	-1	-1	0	-1	1	-1	43869373	23	male	independent	associate_degree	single_living_alone	employee	black_or_african_american	Roman Catholic	no	yes
21467491	0	0	0	0	0	0	0	0	0	0	0	0	0	0	0	0	0	0	0	0	0	0	0	0	0	0	0	0	0	0	0	0	0	0	0	0	0	0	0	0	0	0	0	0	0	0	0	0	0	0	0	0	0	1	0	0	0	0	0	0	0	0	0	0	0	0	0	0	0	0	0	0	0	0	0	0	0	0	0	0	0	0	-1	0	0	0	0	0	0	0	0	0	0	0	0	0	0	0	0	-1	0	0	0	0	0	0	0	0	0	0	0	0	0	0	0	0	-1	0	0	0	0	0	0	0	0	0	0	0	0	0	0	0	0	0	0	0	0	0	0	0	0	0	21467491	41	female	democrat	vocational_secondary_certification	single_living_with_partner	employee	other	other:baptist	no	yes
43891892	1	0	0	0	1	1	-1	0	1	0	0	0	1	0	0	0	0	1	0	1	0	0	0	0	-1	0	0	0	1	1	-1	-1	0	1	0	0	0	0	0	0	0	1	-1	0	-1	-1	0	1	1	1	0	0	-1	0	-1	1	1	1	1	-1	-1	1	0	1	1	0	-1	0	1	0	0	1	1	0	1	0	0	1	0	0	1	1	-1	-1	-1	-1	0	0	1	0	1	-1	0	1	0	1	1	0	0	-1	1	0	0	0	0	1	1	0	0	1	0	1	0	1	1	0	1	-1	1	0	0	-1	0	1	0	1	0	0	0	-1	1	1	0	1	1	0	-1	1	0	0	1	0	43891892	25	male	none	bachelor	single_living_alone	student	white	Roman Catholic	no	yes
43837109	0	1	0	-1	0	0	1	0	1	1	0	0	0	0	0	1	0	0	0	-1	1	1	1	1	0	1	1	0	0	0	0	0	0	0	0	0	0	1	0	0	0	0	0	0	1	0	0	1	0	-1	1	1	0	0	0	0	0	1	0	0	1	1	0	0	1	1	0	0	0	0	0	0	0	1	0	1	1	1	0	1	0	0	0	0	0	0	0	0	0	0	1	0	1	0	0	0	0	0	0	0	0	0	0	1	0	0	0	0	1	1	1	1	1	1	1	1	0	0	1	0	0	0	0	1	0	0	0	0	0	0	0	1	1	1	1	1	1	0	0	1	0	0	
19302668	1	0	1	-1	1	1	1	1	0	0	0	0	0	1	0	1	1	0	0	1	0	1	1	1	0	0	0	-1	1	1	1	1	-1	-1	1	0	0	0	-1	-1	1	1	0	0	0	0	1	1	0	0	0	1	1	0	0	0	1	0	0	1	0	0	1	1	0	1	1	1	0	1	0	1	-1	0	0	0	1	1	-1	0	0	0	0	0	-1	1	0	1	0	0	0	0	0	1	1	0	1	0	-1	1	1	0	-1	1	1	-1	-1	1	1	1	1	1	1	0	-1	1	1	-1	-1	1	1	0	0	0	0	0	-1	1	1	0	0	0	1	0	-1	0	1	1	1	0	1	1	19302668	44	female	democrat	high_school	married	employee	white	other:Christian	no	yes
20244740	1	-1	-1	1	0	0	0	-1	1	1	-1	1	0	0	1	0	0	0	1	0	-1	0	0	0	1	0	0	0	-1	1	-1	0	0	0	0	-1	1	0	0	0	-1	1	1	0	0	-1	0	0	1	-1	1	1	0	1	-1	0	-1	0	0	0	-1	-1	0	0	0	0	1	0	0	0	0	0	1	-1	1	1	0	0	0	0	0	-1	-1	0	0	0	0	0	0	1	0	0	-1	0	-1	0	0	1	0	0	0	-1	0	0	0	0	0	-1	0	0	0	1	0	0	0	-1	1	0	0	0	0	0	0	0	1	-1	-1	1	1	1	-1	1	0	0	0	0	0	1	0	0	0	1	
33708599	1	1	0	-1	1	0	1	0	0	1	0	0	1	1	-1	1	0	0	0	-1	1	1	1	1	0	0	0	0	0	0	0	0	0	0	0	0	1	1	-1	1	0	0	0	0	0	0	0	0	0	1	0	0	1	0	0	0	0	1	0	0	0	0	0	0	0	0	0	0	-1	0	0	0	0	0	1	0	1	0	0	0	1	0	0	0	0	0	0	1	0	0	1	0	1	0	0	0	0	0	-1	0	1	1	0	0	0	0	0	0	-1	-1	1	-1	0	0	0	1	0	-1	0	1	0	0	0	0	0	0	0	1	0	0	0	1	1	1	1	1	1	1	0	1	0	1	33708599	31	female	none	bachelor	single_living_with_partner	employee	white	other:Non religious	yes	yes
39021669	0	-1	1	1	0	0	0	1	0	1	0	0	1	-1	1	0	0	0	0	1	0	0	0	0	0	0	0	0	-1	-1	1	-1	0	0	0	0	-1	-1	-1	-1	1	0	1	0	0	1	1	0	-1	0	0	1	0	1	0	1	1	1	0	0	0	0	0	0	0	0	1	0	1	0	0	0	0	0	-1	0	0	0	0	0	1	1	1	1	0	0	0	-1	1	1	1	1	0	1	0	0	0	0	-1	-1	0	0	0	0	-1	1	-1	-1	-1	0	0	0	1	0	1	0	1	0	0	0	0	1	0	0	0	1	0	1	-1	-1	-1	-1	0	0	0	0	-1	0	0	0	1	-1	39021669	43	female	democrat	vocational_secondary_certification	single_living_with_partner	employee	other	Roman Catholic	yes	yes
34070076	0	0	1	0	0	0	0	0	0	1	0	-1	0	0	0	0	0	0	0	-1	1	1	0	1	0	0	0	0	1	0	0	0	0	0	0	0	0	0	1	1	1	0	1	0	1	1	1	1	1	0	-1	1	0	1	0	1	0	0	0	1	1	1	1	1	1	1	1	1	1	0	1	0	0	0	0	0	1	0	0	1	1	1	0	1	0	0	0	0	1	1	1	1	1	0	1	1	0	1	-1	1	0	0	0	0	1	1	1	1	0	0	0	0	0	1	1	0	1	0	0	1	1	1	1	1	-1	1	-1	1	0	0	0	0	0	1	0	1	0	0	0	0	0	0	34070076	30	male	none	bachelor	single_living_alone	employee	asien	Roman Catholic	yes	yes
43847840	0	1	-1	-1	0	0	0	1	0	0	0	0	1	1	1	-1	1	1	1	1	0	0	1	1	0	0	0	0	0	1	0	1	0	0	0	0	1	1	-1	0	0	0	0	0	0	1	0	0	1	0	0	0	1	1	1	1	0	1	0	0	0	0	0	0	0	0	0	0	0	0	0	0	0	0	1	0	0	0	0	0	1	0	1	0	0	0	0	1	0	1	0	0	1	0	0	0	0	0	1	0	0	1	1	1	0	0	0	0	0	1	0	1	0	0	0	0	1	0	0	0	0	0	0	0	0	1	0	1	1	1	0	1	1	0	1	1	0	0	0	1	0	-1	43847840	31	male	democrat	bachelor	single_living_alone	selfemployed	black_or_african_american	Roman Catholic	yes	yes
31888345	0	0	0	0	1	0	0	1	0	0	0	0	0	0	0	0	0	0	0	0	0	0	0	0	1	0	0	0	0	0	0	0	0	0	0	0	0	0	-1	0	0	0	0	0	-1	0	0	0	0	0	0	0	-1	0	0	0	0	0	0	0	0	0	0	0	0	0	0	0	-1	0	0	0	0	0	-1	0	0	0	0	0	0	0	1	0	0	0	-1	0	0	0	0	0	1	0	0	0	0	0	0	0	0	1	0	0	0	0	0	0	0	0	0	0	0	0	0	0	1	1	0	1	0	0	0	0	0	1	0	0	0	0	0	0	0	1	0	0	0	-1	0	0	0	-1	31888345	23	female	republican	bachelor	single_living_with_parents	unemployedseeking_employment	asien	Atheist / Agnostic	yes	yes
43855522	0	1	0	1	0	0	0	0	1	0	1	1	-1	0	0	1	0	0	1	0	1	1	1	-1	0	1	-1	0	0	0	0	0	1	0	0	0	0	0	0	-1	0	0	0	1	1	0	0	0	0	0	1	-1	0	0	0	0	0	1	0	0	0	-1	0	0	0	1	0	0	1	-1	1	1	0	0	0	-1	-1	0	0	0	0	0	0	1	1	0	0	0	0	0	0	0	0	0	1	0	0	0	0	0	0	0	0	1	0	0	0	0	1	1	1	-1	1	1	1	-1	0	0	-1	0	0	0	0	1	1	0	0	0	0	0	0	0	1	1	1	-1	0	0	0	1	0	1	43855522	26	male	democrat	bachelor	single_living_alone	employee	white	Roman Catholic	yes	yes
43943585	0	0	0	0	0	0	0	0	0	0	0	0	0	0	0	0	0	0	0	0	1	1	1	1	0	0	0	0	0	0	0	0	0	0	0	0	0	0	0	0	0	0	0	0	0	0	0	0	0	0	0	0	0	0	0	0	0	0	0	0	0	0	0	0	0	0	0	0	0	0	0	0	0	0	0	0	0	0	0	0	0	0	0	0	0	0	0	0	0	0	0	0	0	0	0	0	0	0	0	0	0	0	0	0	0	0	0	0	1	-1	1	1	0	0	0	0	0	0	0	0	0	0	0	0	0	0	0	0	0	0	0	0	1	1	1	1	0	0	0	0	0	0	43943585	27	female	independent	associate_degree	single_living_alone	civil_servant	white	Atheist / Agnostic	yes	no
30408589	1	1	-1	0	-1	-1	-1	-1	0	1	-1	-1	1	-1	0	1	-1	0	0	1	0	0	1	0	0	0	1	1	-1	0	0	1	-1	-1	0	0	0	0	0	0	-1	0	1	-1	1	-1	1	-1	0	1	0	-1	-1	0	-1	1	-1	-1	0	1	1	-1	-1	0	0	-1	1	0	0	1	0	0	0	0	1	0	1	1	-1	0	0	-1	0	1	-1	0	1	1	0	1	1	-1	0	-1	-1	0	0	1	0	0	1	0	1	-1	-1	0	0	0	1	-1	-1	1	0	1	-1	0	0	-1	0	-1	0	1	0	1	-1	1	-1	1	1	1	0	-1	0	0	0	-1	0	1	0	-1	0	-1	
13763729	0	0	0	0	0	0	0	0	0	0	0	0	0	0	0	0	0	0	0	0	0	0	0	0	0	0	0	0	0	0	0	0	0	0	0	0	0	0	0	0	0	0	0	-1	0	0	0	0	0	0	0	0	0	0	-1	0	0	0	0	0	0	0	0	0	0	0	-1	0	0	0	0	0	0	0	0	0	0	0	0	0	0	0	0	0	0	0	0	0	0	0	0	0	0	0	0	0	0	0	0	0	0	0	0	0	0	0	0	0	0	0	0	0	0	0	0	0	0	0	0	0	0	0	0	0	0	0	0	0	0	0	0	0	0	0	0	0	0	1	0	0	0	0	
15193250	0	0	0	0	1	1	1	-1	0	0	0	-1	0	0	1	0	1	0	0	-1	0	0	0	0	0	0	0	0	1	-1	1	1	0	-1	0	0	0	0	0	0	0	-1	0	0	0	1	0	0	0	0	0	0	0	0	0	1	1	0	0	1	1	0	0	0	0	0	1	0	0	0	0	0	-1	0	1	0	0	0	-1	0	0	1	0	0	0	0	0	0	1	0	1	0	0	0	0	-1	1	1	-1	1	0	0	0	0	0	0	-1	0	1	-1	0	-1	1	1	1	0	0	0	0	1	0	0	0	1	-1	1	0	1	0	1	0	0	0	1	1	0	1	0	0	0	1	0	
43981010	0	0	0	0	0	0	0	0	0	0	0	0	0	0	0	0	1	1	1	-1	1	0	0	0	0	0	0	0	0	1	0	0	0	0	0	0	0	0	0	0	0	0	0	0	0	1	1	0	0	0	0	0	1	-1	-1	1	0	0	0	0	0	0	0	0	0	0	0	0	0	0	0	0	0	0	0	0	0	0	-1	0	0	0	0	0	0	0	0	0	0	1	0	0	0	0	0	0	0	1	0	0	1	-1	1	1	0	0	0	0	0	0	0	0	0	0	0	0	0	0	0	0	0	0	0	0	0	0	0	0	0	0	0	0	0	0	0	1	0	0	1	1	0	0	
19638651	0	0	0	0	0	0	0	0	0	0	0	0	0	0	0	0	0	1	0	0	0	0	0	0	0	0	0	0	0	0	0	0	0	0	0	0	1	0	0	0	0	0	0	0	0	0	0	0	0	0	0	0	0	0	0	0	0	0	0	0	0	0	0	0	0	0	0	0	0	0	1	0	0	0	0	0	0	0	0	0	0	0	0	0	0	0	0	0	1	0	0	0	0	0	0	0	0	0	0	0	0	0	0	0	0	0	0	0	0	0	0	0	0	0	0	0	0	0	0	0	0	0	0	0	0	0	0	0	0	0	0	0	0	0	0	0	0	0	0	0	0	0	
11521789	0	0	0	0	0	0	1	0	0	1	0	0	0	0	-1	0	0	1	0	0	0	0	0	0	1	1	1	-1	0	0	0	0	0	-1	0	0	1	0	0	1	0	1	0	0	0	0	0	0	0	0	0	1	0	0	0	0	0	0	0	1	0	0	0	0	1	1	1	1	0	0	1	0	0	0	0	0	0	0	-1	0	0	0	0	0	-1	0	0	0	1	0	0	1	0	0	0	0	0	0	1	0	0	0	0	0	0	0	0	0	0	0	0	0	1	0	0	0	0	0	1	1	-1	1	1	1	0	0	0	1	1	0	1	0	0	1	1	0	0	0	0	0	1	0	11521789	54	male	republican	some_college	other:Separated	employee	asien	Protestant	yes	yes
43699918	0	0	0	0	1	0	0	0	1	0	0	0	0	0	0	0	0	1	1	1	1	0	0	0	-1	1	0	0	1	1	1	0	0	1	0	0	0	0	1	0	0	0	0	0	1	1	1	0	0	0	0	0	0	1	1	-1	0	0	1	0	0	0	0	0	0	1	0	0	-1	0	0	1	0	1	1	1	0	0	-1	0	1	0	0	0	0	0	0	0	1	1	-1	0	1	-1	0	1	0	1	0	1	1	0	0	1	0	1	0	0	0	0	0	0	0	0	0	0	1	-1	0	1	0	1	1	0	0	0	1	0	0	0	0	0	0	1	1	1	0	1	1	1	0	1	43699918	23	male	republican	some_college	single_living_with_partner	student	hispanic_american	Protestant	yes	yes
41841195	0	0	0	0	0	0	0	0	1	0	0	0	0	0	0	0	0	0	1	0	0	0	0	0	0	0	0	0	0	0	0	0	-1	0	0	-1	0	0	0	1	0	0	0	1	-1	0	0	0	0	0	0	0	0	0	0	0	0	0	0	0	1	1	0	1	0	0	0	0	0	0	0	1	-1	1	1	1	0	0	0	0	0	0	0	0	0	0	0	0	0	1	0	0	-1	0	0	0	0	0	0	0	0	0	0	1	0	0	0	0	0	0	0	0	1	1	1	-1	0	0	-1	0	0	0	0	1	0	0	0	0	0	0	0	0	0	0	0	0	0	0	0	0	0	0	41841195	32	female	independent	some_college	single_living_with_partner	other:homemaker	white	Atheist / Agnostic	no	yes
42082009	0	0	0	0	0	0	0	0	1	1	-1	-1	0	0	0	0	0	0	0	0	0	0	0	0	0	0	0	0	0	0	0	0	0	0	0	0	0	0	0	0	0	0	0	0	0	0	0	0	0	0	0	0	0	0	0	0	0	0	0	0	0	0	0	0	0	0	0	0	0	0	0	0	0	0	0	0	0	0	0	0	0	0	0	0	0	0	0	0	0	0	0	0	0	0	0	0	0	0	0	0	0	0	0	0	0	0	0	0	0	0	0	0	0	0	0	0	0	0	0	0	0	0	0	0	0	0	0	0	0	0	0	0	0	0	0	0	0	0	0	0	0	0	42082009	28	female	democrat	bachelor	single_living_with_partner	employee	white	Roman Catholic	yes	yes
34689613	0	1	0	0	0	0	0	0	0	0	0	0	0	1	0	1	0	0	-1	0	0	0	0	0	0	0	0	0	0	0	0	0	1	0	0	0	0	0	0	0	0	0	0	0	0	0	0	0	0	0	0	0	0	1	0	0	-1	0	0	0	-1	0	0	0	0	0	0	0	0	-1	1	0	0	0	0	0	0	0	0	0	1	1	0	1	0	-1	0	0	0	0	0	0	0	0	0	0	0	0	0	0	0	0	-1	0	0	0	0	0	0	0	-1	0	0	0	0	0	0	0	0	0	0	0	0	0	1	0	0	0	0	-1	0	0	0	0	0	0	0	0	0	0	0	0	
40790579	1	0	0	0	1	1	1	1	0	0	1	0	1	1	1	1	0	1	0	1	0	0	0	0	1	0	1	0	0	0	0	1	0	0	0	0	1	1	1	1	0	0	0	1	1	0	0	1	1	0	0	0	0	0	0	1	1	1	1	0	0	0	0	1	0	0	1	0	1	0	0	0	0	1	1	0	1	1	1	0	1	1	1	1	1	0	0	1	0	1	0	0	0	0	0	1	1	1	1	1	1	0	0	0	0	0	1	0	1	1	-1	1	1	1	1	0	0	1	0	0	1	0	0	0	0	0	0	1	0	0	1	1	0	1	1	0	0	0	0	0	1	0	40790579	29	male	democrat	bachelor	single_living_alone	employee	other	Muslim	no	no
43943676	0	0	1	0	1	1	1	0	0	0	0	0	1	1	-1	1	0	1	0	0	0	0	0	0	0	0	0	1	0	0	0	0	0	0	1	0	1	1	-1	1	0	1	0	0	0	0	0	1	0	1	0	0	0	0	0	0	0	1	0	0	0	0	0	0	0	1	0	1	0	0	1	0	-1	0	-1	0	0	0	0	0	0	0	0	0	0	1	0	-1	1	0	0	0	0	1	0	0	0	0	1	0	0	0	0	0	0	0	1	1	0	0	0	0	0	0	0	0	0	0	0	0	0	0	0	0	0	0	-1	0	0	0	0	0	0	0	0	0	1	1	1	1	0	0	
43606269	0	0	0	0	1	0	0	1	1	1	1	1	0	0	0	0	1	1	1	1	1	0	0	0	1	1	0	0	0	1	0	0	0	1	0	0	0	0	1	0	0	0	0	0	1	1	1	0	0	0	0	0	1	1	1	1	0	0	0	0	0	0	0	0	0	0	0	1	1	0	0	0	0	0	1	1	0	0	1	0	0	0	1	0	0	0	1	0	0	1	0	0	1	0	0	1	0	1	0	0	1	1	1	1	0	0	0	0	0	0	0	0	0	0	0	0	1	1	0	1	0	0	1	0	0	1	0	0	0	0	0	0	0	1	0	1	0	1	1	1	0	1	
43869435	0	0	0	-1	0	0	1	0	1	1	-1	-1	1	0	0	-1	0	0	-1	-1	0	0	0	0	0	-1	1	0	0	0	0	0	1	0	0	0	0	1	0	1	0	0	0	1	1	0	0	1	0	1	-1	-1	0	0	0	0	0	1	0	0	1	1	0	0	1	1	0	0	-1	1	1	1	0	-1	0	0	0	1	0	1	0	0	0	1	-1	0	0	0	0	0	1	0	-1	0	1	0	0	0	0	0	0	0	0	1	1	0	0	0	0	0	0	0	1	1	1	1	0	0	1	0	0	0	0	-1	-1	0	0	0	0	0	0	1	1	0	0	0	1	0	0	0	0	-1	
43967735	1	0	0	0	-1	1	-1	0	1	1	-1	0	1	1	0	0	0	1	0	0	0	-1	-1	0	0	0	-1	1	0	1	1	-1	0	1	0	-1	0	0	0	0	-1	0	-1	1	-1	-1	0	-1	1	-1	0	1	1	0	0	1	1	1	0	0	-1	-1	1	0	0	0	1	0	0	1	0	0	1	0	-1	0	-1	0	-1	0	0	1	-1	1	-1	0	-1	1	1	-1	-1	-1	1	0	1	1	1	-1	0	0	-1	0	-1	1	0	0	-1	0	0	0	-1	-1	-1	-1	0	0	0	1	0	-1	0	1	1	-1	0	-1	1	0	1	1	0	-1	0	0	0	-1	0	-1	-1	-1	-1	1	
43510526	0	0	0	0	0	0	0	0	0	0	0	0	0	0	0	0	0	0	-1	0	0	0	0	0	1	0	0	0	0	0	0	0	0	0	0	1	0	0	0	0	0	0	0	0	0	0	0	0	0	0	0	0	0	0	0	0	0	0	0	0	0	0	0	-1	0	0	0	0	1	0	0	0	-1	1	-1	1	0	0	0	0	0	0	0	0	0	0	0	0	0	1	0	0	0	0	0	0	0	0	0	0	0	0	0	0	0	0	0	0	0	0	0	0	1	0	0	0	1	-1	-1	1	0	0	0	0	0	0	0	0	0	0	1	0	0	0	0	0	0	0	0	0	0	0	43510526	30	female	none	bachelor	single_living_alone	retired	hispanic_american	Russian Orthodox	yes	no
43857136	0	0	0	0	0	0	0	0	0	0	0	0	0	0	0	0	0	0	0	1	0	1	0	0	0	0	0	0	1	-1	1	1	0	0	1	0	0	0	0	0	1	0	0	0	0	0	1	0	0	0	0	0	1	0	0	0	1	0	0	0	0	0	0	0	0	0	1	0	0	1	0	0	0	0	0	0	0	0	0	0	0	0	0	0	0	0	0	0	0	0	0	1	0	0	0	0	0	0	0	1	0	0	0	1	0	0	0	0	1	0	0	0	1	0	1	0	0	0	1	0	-1	1	0	0	0	0	0	1	0	0	0	0	0	0	0	0	0	0	0	0	1	0	
31613324	0	0	0	0	0	0	1	0	1	1	-1	-1	1	0	0	1	0	0	-1	1	0	0	0	0	0	1	1	0	0	0	0	0	1	0	0	0	0	1	0	1	0	0	0	1	1	0	0	1	0	1	1	1	0	0	0	0	0	1	0	0	1	1	0	0	1	1	0	0	1	1	1	1	0	1	0	1	0	1	0	1	0	0	0	1	-1	0	0	0	0	0	1	0	1	0	1	0	0	0	0	0	0	0	0	1	1	0	0	0	0	0	0	0	1	1	1	1	0	0	1	0	0	0	0	1	1	0	0	0	0	0	0	1	1	0	0	0	1	0	0	0	0	1	
43650804	1	1	1	-1	0	0	0	0	0	0	0	0	0	0	0	0	0	0	0	0	0	0	0	0	0	0	0	0	0	0	0	0	0	0	1	0	0	0	-1	0	0	0	1	1	0	0	0	0	1	1	-1	0	0	-1	1	0	0	0	0	1	0	0	0	0	0	1	1	1	0	0	0	0	0	0	0	0	1	0	0	0	0	0	1	0	0	1	0	0	0	0	0	0	1	0	0	0	0	1	1	1	0	0	0	0	0	0	0	1	0	0	0	-1	0	0	1	0	1	0	0	0	0	0	0	1	0	0	0	0	0	0	0	0	0	1	0	0	1	1	1	1	0	0	
43679467	1	0	0	0	0	0	0	0	0	0	0	0	0	1	1	-1	0	0	1	0	0	0	0	0	1	-1	1	0	0	0	0	0	0	0	0	0	1	1	1	-1	0	0	0	0	0	0	0	0	1	0	0	0	0	0	0	0	0	1	0	0	0	0	0	1	0	0	0	0	1	1	-1	1	0	0	1	0	0	0	0	0	1	0	0	1	1	0	0	1	0	0	0	0	0	0	0	0	0	0	-1	0	1	0	0	0	0	0	0	0	1	1	-1	1	1	-1	0	0	0	0	0	0	0	0	0	0	0	0	0	1	0	0	-1	-1	0	0	0	0	0	0	0	0	0	1	43679467	23	female	democrat	bachelor	single_living_with_parents	employee	white	Roman Catholic	yes	yes
23711512	0	0	0	0	0	0	0	0	0	0	0	0	0	0	1	0	0	0	0	0	0	0	0	0	1	0	0	0	0	0	0	0	0	0	0	0	0	0	-1	0	0	0	1	1	0	0	0	0	0	0	-1	0	0	-1	1	0	0	0	0	1	0	0	1	0	0	0	1	0	0	0	0	0	0	0	0	0	1	0	0	0	0	0	1	0	0	0	0	0	0	0	0	0	0	0	0	0	0	0	0	1	0	0	0	0	0	0	0	1	0	0	0	0	0	0	1	0	1	0	0	0	0	0	0	1	-1	1	-1	1	0	0	0	0	0	1	0	0	0	1	0	0	0	0	23711512	33	female	independent	vocational_secondary_certification	single_living_alone	employee	white	Protestant	no	yes
18979155	0	0	0	0	1	0	0	0	0	0	0	0	0	0	0	0	0	0	0	0	0	0	0	0	0	0	0	0	0	0	0	0	0	0	0	0	0	0	1	0	0	0	0	0	0	0	0	0	0	0	0	0	1	0	0	0	0	0	0	0	0	0	0	0	0	0	0	0	-1	0	0	0	0	0	0	0	0	0	0	0	0	0	0	0	0	0	0	0	0	0	0	0	0	0	0	0	0	0	0	0	0	1	0	0	0	0	0	0	0	0	0	0	0	0	0	0	0	0	0	1	0	0	0	0	0	0	0	0	0	0	0	0	0	0	0	0	0	1	0	0	0	1	18979155	26	female	none	high_school	single_living_with_parents	unemployedseeking_employment	white	Atheist / Agnostic	no	yes
34081916	0	0	0	0	0	0	0	0	0	0	0	0	0	0	0	0	0	0	0	0	0	0	0	0	0	0	0	0	0	0	0	0	0	0	0	0	0	0	0	0	0	0	0	0	0	0	0	0	0	0	0	0	0	0	0	0	0	0	0	0	0	0	0	0	0	0	0	0	0	0	0	0	0	0	0	0	0	0	0	0	0	0	0	0	0	0	0	0	0	0	0	0	0	0	0	0	0	0	0	0	0	0	0	0	0	0	0	0	1	1	-1	1	0	0	0	0	0	0	0	0	0	0	0	0	0	0	0	0	0	0	0	0	0	0	0	0	0	0	0	0	0	0	
12366026	0	1	0	0	0	0	0	1	0	1	0	-1	-1	0	0	0	1	0	0	0	0	-1	1	0	0	0	0	0	0	1	0	0	0	1	0	0	0	0	0	0	0	-1	1	0	0	1	0	0	0	0	0	-1	0	0	0	0	1	1	1	-1	1	0	0	0	1	0	0	0	0	0	0	0	-1	0	1	0	0	-1	1	0	0	0	0	0	0	0	0	0	1	0	1	0	0	0	0	-1	1	1	-1	1	0	0	0	0	0	0	0	0	0	1	1	1	0	-1	0	0	0	-1	0	-1	1	0	0	1	-1	-1	0	0	0	1	0	0	0	0	0	1	1	0	0	0	-1	1	12366026	23	female	democrat	master	single_living_alone	employee	white	Atheist / Agnostic	yes	yes
43046630	0	0	1	0	0	0	0	0	0	0	0	0	0	0	0	0	0	0	0	0	0	0	0	0	0	0	0	0	0	0	0	0	0	0	1	0	0	0	0	0	0	0	0	0	0	0	0	0	0	-1	0	0	0	0	0	0	0	0	0	0	0	0	0	0	0	1	0	-1	0	0	0	0	0	0	0	0	0	0	0	0	0	0	0	0	0	1	0	0	0	0	0	0	0	0	0	0	0	0	-1	0	0	0	0	0	0	0	0	1	0	0	0	0	0	0	0	0	0	0	0	0	0	0	0	0	0	0	0	0	0	0	0	0	0	0	0	0	0	0	0	0	0	0	
35849301	0	0	0	0	0	1	0	0	0	0	0	0	0	0	0	0	0	0	0	0	0	0	0	0	0	0	0	-1	0	0	0	0	0	0	0	0	0	0	0	0	0	1	0	0	0	0	0	0	0	0	0	0	0	0	0	0	0	0	0	0	0	0	0	0	0	0	0	-1	-1	1	1	-1	-1	0	0	0	0	0	0	0	0	0	0	0	0	0	0	0	0	0	0	0	0	1	0	0	0	0	0	0	0	0	0	0	0	0	0	0	0	0	0	0	0	0	0	0	0	0	0	0	0	0	0	0	0	0	1	0	0	0	0	0	0	0	0	0	0	0	1	0	0	0	
43684066	1	1	1	-1	0	1	1	1	0	1	0	-1	0	1	0	0	1	1	0	-1	0	1	0	0	1	1	1	-1	1	1	1	1	1	-1	1	1	1	0	0	1	1	0	1	0	0	0	1	0	1	0	0	1	1	0	0	0	1	0	1	1	0	1	0	0	1	1	1	1	1	1	1	1	-1	0	0	0	0	1	0	0	1	1	1	1	0	0	0	0	1	1	1	1	1	0	-1	0	1	0	1	1	0	0	1	1	1	1	1	1	-1	0	1	0	1	0	1	0	0	-1	0	1	0	1	-1	-1	1	0	-1	1	0	1	0	0	0	0	0	0	0	0	1	0	1	1	
43840741	0	1	0	0	0	0	0	0	0	0	0	0	0	1	0	0	0	0	0	0	0	0	0	0	0	0	0	0	0	0	0	0	-1	0	0	0	0	0	0	0	0	0	0	0	0	0	0	0	0	0	0	0	0	0	0	0	0	0	0	0	1	0	0	0	0	0	0	0	0	1	0	0	0	0	0	0	0	0	0	0	0	-1	0	0	0	0	0	0	0	0	0	0	0	0	0	0	0	0	0	0	0	0	0	0	0	0	0	0	0	0	1	0	0	0	0	0	0	0	0	0	0	0	0	0	0	0	0	0	0	0	0	0	0	0	0	0	0	0	0	0	0	0	43840741	48	female	democrat	vocational_secondary_certification	single_living_with_partner	selfemployed	white	Roman Catholic	no	yes
43797734	0	0	0	0	0	0	0	0	0	0	0	0	0	0	0	0	0	0	0	0	0	0	0	0	0	0	0	0	0	0	0	0	0	0	0	0	0	0	0	0	0	0	0	0	0	0	0	0	0	0	0	0	0	0	0	0	0	0	0	0	0	0	0	0	0	0	0	0	0	0	0	0	0	0	0	0	0	0	0	0	1	1	1	1	0	0	0	0	0	0	0	0	1	-1	1	1	0	0	0	0	0	0	0	0	0	0	0	0	0	0	0	0	0	0	0	0	0	0	0	0	0	0	0	0	0	0	0	0	0	0	0	0	0	0	0	0	0	0	0	0	0	0	
15004831	1	0	1	-1	0	0	0	1	0	1	0	0	0	1	0	0	1	1	1	1	0	0	0	0	0	0	0	-1	0	1	1	1	0	0	1	1	0	1	-1	0	1	0	1	0	0	0	1	0	-1	0	0	1	1	1	1	1	1	1	1	1	0	0	1	0	1	1	1	1	1	1	0	1	-1	0	0	0	1	1	-1	1	0	0	0	0	-1	1	1	1	1	1	1	1	1	1	1	1	1	1	0	1	1	1	1	1	1	0	1	1	-1	1	1	1	0	0	0	-1	1	-1	1	1	0	1	0	0	0	0	-1	1	1	0	0	1	0	0	0	1	1	1	1	1	0	0	
43948769	1	1	1	-1	0	0	0	0	1	1	1	-1	0	0	0	0	0	0	1	0	1	0	0	0	0	1	0	0	0	1	1	0	0	1	0	-1	0	0	0	0	0	0	0	1	0	1	1	0	1	1	1	1	0	1	-1	1	1	0	1	0	0	0	0	1	0	1	1	1	0	0	0	0	1	1	-1	1	0	0	0	0	0	0	0	0	0	0	0	0	1	1	0	0	1	0	0	1	0	1	0	1	0	1	1	0	0	0	0	0	0	0	0	-1	0	0	0	0	0	0	0	0	0	1	1	0	0	1	1	0	-1	1	1	1	0	0	0	0	0	1	1	1	0	1	
43858972	0	1	0	1	0	0	1	0	1	1	0	0	0	0	0	1	0	0	0	1	1	1	1	1	0	1	1	0	0	0	0	0	0	0	0	0	0	1	0	0	0	0	0	0	0	0	0	1	0	1	1	1	0	0	0	0	0	1	0	0	0	0	0	0	1	1	0	0	0	0	0	0	0	1	0	1	1	1	0	1	0	0	0	0	0	0	0	0	0	0	1	0	0	0	0	0	0	0	0	0	0	0	0	1	0	0	0	0	1	1	1	1	0	0	1	1	0	0	0	0	0	0	0	0	0	0	0	0	0	0	0	1	1	1	1	1	1	0	0	1	0	0	
43836952	0	1	0	0	0	0	0	0	0	0	0	0	0	-1	0	1	0	0	0	0	0	0	1	0	0	0	0	0	0	0	0	-1	1	0	0	0	0	0	0	0	0	0	0	0	0	0	0	0	0	0	0	0	1	0	0	0	0	0	0	0	1	0	0	0	0	0	0	0	0	1	0	0	0	0	0	0	0	0	0	0	0	1	0	0	0	0	0	0	0	0	0	0	0	0	0	0	0	0	0	0	0	0	0	0	-1	0	0	0	0	1	1	0	0	0	0	0	0	0	0	0	0	0	0	0	0	0	0	0	0	0	-1	0	1	0	0	0	1	0	0	1	1	0	
30501721	1	0	0	-1	0	0	0	0	0	0	0	0	0	0	0	1	1	0	0	0	0	0	1	1	0	0	0	1	1	0	1	1	0	0	1	-1	0	0	-1	-1	0	0	0	0	0	0	0	0	0	0	0	0	-1	0	0	0	0	0	0	0	0	0	-1	1	0	0	1	0	0	1	0	1	-1	0	0	0	1	1	-1	0	0	0	0	0	-1	1	-1	1	0	0	0	0	0	0	0	0	1	0	0	0	1	0	-1	0	-1	-1	0	0	1	1	-1	1	0	0	0	-1	1	-1	1	1	0	0	0	0	0	0	-1	0	1	0	1	0	-1	0	-1	0	1	1	1	1	1	0	30501721	32	female	none	vocational_secondary_certification	single_living_with_partner	other:Homemaker	white	other:Christian/Southern Baptist	yes	yes
25955589	0	0	0	0	0	0	0	0	0	0	0	0	0	0	0	0	0	0	0	0	0	0	0	0	0	0	0	0	1	0	0	0	0	0	0	0	0	0	0	0	0	0	0	0	0	0	0	0	0	0	0	0	0	0	0	1	0	0	0	0	0	0	0	0	0	0	0	0	0	0	0	0	0	0	0	0	0	0	0	0	0	-1	0	0	0	0	0	0	0	0	0	0	0	0	0	0	0	1	0	0	0	0	0	0	0	0	0	0	0	0	0	0	0	0	0	0	0	0	0	0	0	0	0	0	0	0	0	0	0	0	0	0	0	0	0	0	0	0	0	0	0	0	
43642386	0	1	0	-1	1	1	1	1	1	1	0	0	0	0	-1	1	0	0	0	-1	1	1	1	1	0	1	1	0	0	0	0	0	0	0	0	0	0	1	0	0	0	0	0	0	0	0	0	1	0	1	-1	1	0	0	0	0	0	1	0	0	0	0	0	0	1	1	0	0	0	0	0	0	0	1	0	1	1	1	-1	1	1	0	0	0	0	0	0	0	0	0	1	0	0	1	0	0	0	0	0	0	0	0	0	1	0	0	0	0	0	0	0	0	0	0	-1	1	0	0	0	0	0	0	1	0	0	0	0	0	0	0	1	1	1	1	1	1	1	0	0	1	0	0	43642386	34	male	democrat	bachelor	married	selfemployed	hispanic_american	Protestant	yes	yes
10959404	0	0	0	0	0	0	0	0	0	0	0	0	0	0	0	0	0	0	0	0	0	0	0	0	0	0	0	0	0	0	0	0	0	0	0	0	0	0	0	0	1	0	1	0	0	0	1	0	0	0	0	0	0	0	0	0	0	0	0	0	0	0	0	0	1	1	1	1	0	0	0	0	0	0	0	0	0	0	0	0	0	0	0	0	0	0	0	0	-1	1	1	1	0	0	0	0	0	0	0	0	0	0	0	0	1	-1	1	-1	0	0	0	0	0	0	0	0	0	0	0	0	0	0	0	0	0	0	0	0	0	0	0	0	0	0	0	0	0	0	0	0	0	0	
43641877	0	0	1	0	1	1	1	1	0	1	0	0	0	1	0	0	0	1	0	0	0	0	-1	0	-1	0	1	1	0	0	0	0	0	0	0	1	0	0	0	0	0	1	0	1	1	0	0	1	0	0	0	0	0	0	-1	1	1	1	1	1	0	0	1	0	0	0	0	1	0	0	0	0	1	0	1	0	1	0	0	0	0	1	0	1	1	1	1	1	0	1	1	1	0	1	1	1	1	1	1	1	1	0	0	0	0	0	1	1	0	0	0	0	1	1	0	0	-1	0	0	1	0	0	0	0	0	0	1	0	1	0	0	1	0	0	0	1	1	0	1	0	1	0	
43584008	0	0	0	0	0	0	0	0	0	0	0	0	0	0	0	0	0	0	0	0	0	0	0	0	0	1	1	0	0	0	0	0	0	0	0	0	0	1	0	0	0	0	0	0	0	0	0	1	0	0	0	0	0	0	0	0	0	0	0	0	0	0	0	0	1	0	0	0	0	0	0	0	0	0	0	1	0	0	0	1	0	0	0	0	0	0	0	0	0	0	0	0	0	0	0	0	0	0	0	0	0	0	0	0	0	0	0	0	0	0	0	0	0	0	0	0	0	0	0	0	0	0	0	0	0	0	0	0	0	0	0	1	0	0	0	0	0	0	0	0	0	0	43584008	29	female	democrat	master	single_living_with_partner	student	white	Atheist / Agnostic	yes	yes
43851278	0	0	0	1	0	0	1	0	1	1	1	1	1	0	0	1	0	0	1	-1	0	0	0	0	0	1	1	0	0	0	0	0	1	0	0	0	0	1	0	1	0	0	0	1	1	0	0	1	0	1	-1	1	0	0	0	0	0	1	0	0	-1	1	0	0	-1	1	0	0	1	1	1	1	0	1	0	0	0	1	0	1	0	0	0	1	-1	0	0	0	0	0	1	0	1	0	1	0	0	0	0	0	0	0	0	1	0	0	0	0	0	0	0	0	1	1	1	1	0	0	1	0	0	0	0	-1	1	0	0	0	0	0	0	1	1	0	0	0	1	0	0	0	0	1	43851278	25	male	democrat	bachelor	single_living_with_parents	employee	black_or_african_american	Protestant	yes	yes
39531214	0	-1	0	0	0	0	0	0	0	0	0	0	0	-1	0	1	-1	0	-1	0	0	0	1	1	0	0	0	0	1	0	-1	-1	-1	0	0	0	0	0	1	1	0	0	0	0	0	0	0	0	0	0	0	0	0	-1	0	0	1	0	0	0	-1	0	1	-1	0	0	1	0	0	0	1	0	-1	0	0	0	1	-1	1	0	1	-1	0	1	0	0	-1	0	0	0	0	1	0	0	0	0	0	0	0	0	1	0	-1	0	0	-1	0	0	-1	0	-1	-1	0	0	0	-1	0	0	1	0	0	1	0	0	-1	0	0	1	1	1	0	0	0	0	1	0	0	1	0	0	1	0	
27947324	0	1	1	-1	0	1	0	0	0	1	-1	-1	1	0	-1	0	0	0	0	0	1	1	1	1	0	0	0	0	0	0	0	0	-1	0	0	0	0	1	0	1	1	0	1	1	0	0	1	1	1	0	-1	1	0	0	0	0	0	1	0	0	0	0	0	0	1	1	1	1	1	0	0	1	0	1	0	0	-1	1	0	0	1	-1	1	1	0	0	0	0	1	1	1	1	0	-1	1	0	0	0	0	0	0	0	0	0	1	1	1	1	0	0	0	0	0	0	0	0	0	0	-1	0	0	1	0	0	-1	0	0	0	0	0	0	0	1	1	1	1	0	0	0	1	0	0	27947324	40	male	democrat	bachelor	married	employee	hispanic_american	Roman Catholic	yes	yes
8921119	1	1	1	-1	0	0	1	1	1	1	-1	-1	0	0	0	0	0	0	1	0	0	0	0	0	1	1	1	-1	0	0	0	0	0	-1	0	-1	0	0	0	0	0	1	0	1	0	1	0	0	1	0	0	0	0	-1	1	1	0	0	0	1	0	0	0	1	0	0	1	1	0	0	0	0	-1	1	1	1	0	0	0	0	0	0	1	0	0	0	0	0	0	1	0	0	1	0	0	0	0	1	0	0	0	0	0	0	0	0	0	0	0	0	0	1	0	0	0	0	1	0	0	0	0	0	1	0	0	1	0	0	1	1	1	1	0	0	0	0	0	1	0	0	0	1	
39513281	0	0	0	0	0	0	0	0	0	0	0	0	0	0	0	0	0	0	0	0	0	0	0	0	0	0	0	0	0	0	0	0	0	0	0	0	0	0	0	0	0	0	0	0	0	0	0	0	0	0	0	0	0	1	0	0	0	0	0	0	0	0	0	0	0	0	0	0	0	0	-1	0	0	0	0	0	0	0	0	0	0	0	0	0	0	-1	0	0	0	0	0	0	0	0	0	0	0	0	0	0	0	0	-1	0	0	0	0	0	0	0	0	0	0	0	0	0	0	0	0	0	0	0	0	0	0	0	0	0	0	0	0	0	0	0	0	0	0	0	0	0	0	0	
42864658	0	1	0	0	0	0	0	0	0	0	0	0	0	0	0	0	0	0	0	0	0	0	0	0	0	0	0	0	0	0	0	0	0	0	0	0	0	0	0	0	0	0	0	0	0	0	0	0	0	0	0	0	0	0	0	0	0	1	0	0	0	0	0	0	0	0	0	0	0	0	0	0	0	0	0	0	1	0	0	0	0	0	0	0	0	0	0	0	0	0	0	0	0	0	0	0	0	0	0	0	0	0	0	0	0	0	0	0	0	0	0	0	0	0	0	0	0	0	0	0	0	0	0	0	0	0	0	0	0	0	0	0	1	1	1	1	0	0	0	1	0	0	42864658	38	male	democrat	some_college	married	employee	white	Protestant	yes	yes
35330747	0	0	0	0	1	0	1	1	1	1	-1	-1	0	0	0	1	1	1	0	-1	1	1	0	1	0	-1	0	0	1	-1	0	0	0	-1	0	0	0	0	-1	0	0	0	1	0	-1	1	1	1	0	0	-1	0	1	-1	1	-1	0	0	1	1	0	0	0	0	0	0	0	1	0	0	0	-1	0	1	0	1	1	0	-1	1	0	-1	1	0	0	0	0	0	0	1	1	0	0	0	0	1	1	1	-1	-1	-1	-1	1	1	0	0	-1	0	0	0	0	0	0	1	1	0	1	0	0	0	0	0	1	-1	-1	1	0	0	0	1	0	0	0	1	0	1	0	0	0	0	0	0	35330747	22	female	none	some_college	single_living_with_parents	employee	white	Atheist / Agnostic	no	yes
33266010	-1	0	0	0	1	1	1	1	0	0	0	0	1	1	1	1	0	0	0	0	0	0	0	0	1	0	0	0	0	0	0	0	0	0	0	0	-1	0	-1	1	0	0	0	0	0	0	0	1	1	1	0	0	0	0	0	0	0	1	0	0	0	0	0	1	0	0	0	0	1	0	0	0	0	1	1	0	0	1	1	0	1	0	1	0	0	0	0	1	0	0	0	0	0	0	0	0	0	0	1	0	1	0	0	0	0	0	1	0	1	0	0	0	1	1	0	0	0	0	0	0	0	0	1	0	0	0	0	1	0	0	1	1	0	1	1	0	0	0	0	0	0	0	
43904063	0	1	0	0	0	0	0	0	0	0	0	0	0	0	0	0	0	0	0	0	0	0	0	0	0	0	0	0	0	0	-1	0	1	1	1	1	0	0	0	0	0	0	0	0	0	0	0	0	0	0	0	0	0	0	0	0	0	0	1	0	0	1	0	0	-1	-1	0	0	0	0	0	0	0	0	0	0	0	1	0	0	0	0	0	0	0	0	0	0	1	0	0	0	0	0	0	0	0	0	0	-1	0	0	1	0	0	0	0	0	0	0	0	0	0	0	0	0	0	0	0	0	0	-1	0	0	0	0	1	0	0	0	0	0	0	0	0	0	0	0	0	0	0	0	
37292698	0	0	0	0	0	0	0	0	0	0	0	1	0	0	1	0	0	0	0	1	1	1	0	-1	1	0	0	0	0	0	1	0	0	0	0	0	1	0	0	0	1	1	1	1	0	0	0	0	1	1	1	1	0	0	-1	0	0	0	0	0	0	0	-1	0	0	0	1	0	0	0	0	0	0	0	0	0	0	0	0	-1	0	0	0	0	0	0	0	0	0	0	0	0	1	0	-1	0	0	1	0	0	0	0	0	0	0	0	0	1	0	0	0	1	0	1	0	-1	0	0	0	0	0	0	0	0	0	0	0	0	0	0	0	0	0	0	0	-1	0	1	0	0	0	0	
34093227	0	0	0	0	0	0	0	0	0	0	0	0	0	0	-1	0	0	0	0	0	1	0	0	0	1	0	0	0	0	1	0	0	0	0	0	0	0	0	0	0	1	1	1	1	0	0	0	0	1	1	-1	1	0	0	0	0	1	0	0	0	0	0	1	0	0	0	0	0	0	0	0	0	0	0	0	0	0	0	0	0	0	0	0	0	0	0	0	0	0	0	0	0	0	0	0	0	0	0	0	0	0	-1	0	0	0	0	0	1	0	0	0	0	0	0	0	0	1	-1	-1	1	0	0	0	0	0	0	0	0	0	0	0	0	0	0	0	0	0	0	0	0	0	0	
43834420	0	0	0	0	0	0	0	0	0	0	0	0	0	0	0	0	1	0	0	0	0	0	0	0	0	0	0	0	0	0	0	0	0	0	0	0	0	0	0	0	0	0	0	0	0	-1	0	0	0	0	0	0	0	0	0	0	0	0	0	0	0	0	0	0	0	0	0	0	0	0	0	0	0	0	0	0	0	0	-1	0	0	0	0	0	0	0	0	0	0	0	0	0	0	0	0	0	0	0	0	0	0	1	0	0	0	0	0	0	0	0	0	0	0	0	0	0	0	0	0	0	0	0	0	0	0	0	0	0	0	0	0	0	0	0	0	0	0	0	0	0	0	0	
18666417	0	0	0	0	0	0	0	0	0	0	0	0	0	0	0	0	0	0	0	0	0	0	0	0	1	0	0	0	0	0	0	0	0	0	0	0	0	0	0	0	0	0	0	-1	-1	0	0	0	-1	0	0	0	0	0	1	0	0	0	0	0	0	0	0	0	0	0	1	0	0	0	0	0	0	0	0	0	0	0	0	0	0	0	0	0	0	0	1	0	0	0	0	0	-1	0	0	0	0	1	0	0	0	0	0	0	0	0	0	0	0	0	0	1	0	0	0	0	1	0	0	0	0	0	0	0	0	0	0	0	0	0	0	0	0	0	0	0	0	1	0	0	0	0	18666417	57	female	democrat	some_college	single_living_alone	retired	white	Roman Catholic	no	yes
43994669	1	1	1	-1	0	0	0	0	0	0	0	0	0	0	1	0	0	0	1	0	1	0	0	0	1	0	0	0	1	-1	1	0	0	0	0	1	1	0	-1	0	1	1	0	1	0	1	0	0	-1	1	1	1	0	1	1	-1	-1	0	0	1	-1	-1	0	1	0	0	1	0	0	0	0	0	1	1	-1	1	1	0	0	0	0	-1	0	0	0	0	0	0	0	1	0	0	1	0	1	0	0	0	0	0	0	1	0	0	0	0	0	1	0	0	0	1	0	0	1	1	0	0	0	0	0	0	0	1	-1	1	-1	1	1	1	-1	-1	0	-1	0	0	0	1	0	0	0	-1	43994669	24	male	none	associate_degree	single_living_with_partner	selfemployed	white	Atheist / Agnostic	yes	yes
43989034	1	0	1	-1	1	0	1	0	0	0	0	0	0	0	0	0	1	0	0	0	0	0	-1	1	0	0	0	-1	1	0	1	1	0	0	1	-1	0	0	1	1	1	0	0	0	0	0	0	1	1	1	0	0	1	0	0	0	0	0	0	0	0	0	1	1	0	0	1	1	0	1	0	1	-1	0	0	0	-1	1	-1	1	0	0	0	0	0	1	0	-1	0	0	0	0	0	1	0	0	1	0	0	0	1	0	-1	0	0	1	-1	-1	1	1	-1	-1	0	0	0	-1	1	1	1	1	0	0	0	0	0	0	-1	0	1	0	1	0	1	0	1	0	0	1	1	1	0	0	
43907115	0	0	0	0	0	0	0	0	0	0	0	0	0	0	0	0	1	1	-1	-1	0	0	0	0	0	1	1	0	0	1	0	0	0	0	0	0	0	0	0	0	0	0	0	1	0	0	0	0	0	0	0	0	1	-1	1	1	0	0	0	0	0	0	0	0	0	0	0	0	-1	1	1	-1	0	0	0	0	-1	0	0	0	0	0	0	1	-1	0	0	0	0	1	0	0	0	0	0	0	0	1	0	0	1	1	-1	1	1	0	0	0	0	0	0	0	0	0	0	0	0	0	0	0	0	0	0	0	0	0	0	0	0	0	0	0	0	0	0	1	0	0	0	0	0	1	43907115	21	male	democrat	high_school	married	student	american_indian_or_alaska_native	Muslim	yes	yes
43942953	1	1	1	1	0	0	0	1	1	1	1	1	0	0	0	0	1	1	1	1	1	0	0	0	0	1	0	0	0	1	0	0	0	1	0	0	0	0	0	0	0	0	0	0	0	1	1	0	0	0	0	0	1	1	1	1	0	0	0	0	0	0	0	0	0	0	0	1	0	0	0	0	0	0	1	1	0	0	1	0	0	0	1	0	0	0	0	0	0	1	0	0	1	0	0	1	0	1	0	0	1	1	1	1	0	0	0	0	0	0	0	0	0	0	0	0	1	1	0	0	0	0	1	0	0	1	0	0	1	1	1	1	0	1	0	1	0	0	1	1	0	1	
38198526	1	1	1	-1	1	1	1	1	1	1	-1	-1	0	0	0	0	1	0	0	0	0	0	0	0	1	0	0	0	0	0	0	0	0	0	0	0	0	1	0	0	0	0	0	0	0	1	0	1	1	1	0	0	0	-1	0	1	0	0	0	0	0	0	0	-1	0	0	0	1	1	0	0	0	0	1	0	0	0	1	1	0	0	0	1	0	0	0	0	0	0	0	0	0	0	0	0	0	0	0	0	0	0	1	0	0	0	0	1	0	1	0	0	0	1	1	0	0	1	0	0	0	0	0	1	0	0	1	0	0	1	1	1	1	0	1	1	0	0	0	0	0	0	1	38198526	49	male	democrat	some_college	single_living_with_partner	selfemployed	white	Atheist / Agnostic	no	yes
29571331	-1	0	0	1	0	0	0	0	0	0	0	0	0	0	0	0	1	0	0	0	0	0	0	0	0	0	0	1	-1	0	1	-1	0	0	-1	-1	0	0	1	-1	0	0	0	0	0	0	0	0	0	0	0	0	1	0	0	0	0	0	0	0	0	0	-1	1	0	0	1	0	0	1	0	-1	1	0	0	0	1	-1	-1	1	0	0	0	0	1	-1	-1	1	0	0	0	0	1	-1	1	1	1	0	0	0	-1	0	-1	0	0	0	0	0	1	1	1	-1	0	0	0	1	1	-1	1	1	0	0	0	0	0	0	-1	0	-1	0	1	0	0	0	-1	0	0	1	-1	1	0	0	29571331	21	male	democrat	high_school	single_living_with_parents	unemployedseeking_employment	black_or_african_american	Roman Catholic	no	yes
43884123	1	-1	0	0	1	1	1	1	1	0	1	-1	-1	0	-1	-1	1	1	0	-1	1	-1	1	1	1	1	0	-1	1	0	-1	0	0	-1	-1	0	0	0	1	1	1	-1	0	0	0	0	0	0	1	-1	0	1	1	0	0	0	1	0	1	0	1	0	0	1	1	0	1	1	1	1	1	-1	1	1	1	1	1	1	0	1	1	0	0	1	-1	-1	1	0	0	1	0	1	1	-1	0	0	1	1	1	-1	-1	1	1	1	1	0	1	1	0	1	0	0	0	0	1	1	1	-1	0	1	0	0	1	1	1	0	0	0	1	1	1	0	-1	1	1	1	0	0	1	0	1	1	
13581319	0	0	0	0	0	0	1	0	0	1	0	0	0	0	0	1	0	0	1	0	0	0	1	1	1	1	1	-1	1	0	1	1	0	-1	0	0	0	0	0	1	0	1	0	0	0	0	0	0	0	0	0	1	1	-1	0	0	0	0	0	1	0	0	0	1	0	0	0	0	1	0	1	0	0	0	0	0	0	0	0	0	0	0	0	0	0	1	0	1	0	0	0	0	0	0	0	0	0	0	1	0	1	0	1	0	0	1	0	0	0	-1	0	0	0	0	0	0	0	0	0	1	1	1	1	1	-1	0	0	0	0	1	1	0	1	0	1	0	0	1	0	1	0	0	
43984981	0	0	-1	0	0	1	0	0	0	0	0	0	0	0	0	0	0	0	0	0	0	0	0	0	0	0	0	1	0	0	0	0	1	0	-1	0	0	0	0	0	0	1	0	0	0	0	0	0	0	0	0	0	0	0	0	0	-1	0	0	-1	0	0	-1	0	0	1	0	1	0	0	0	0	-1	0	0	0	0	0	0	0	-1	0	0	-1	0	0	-1	0	0	0	0	0	0	1	1	0	0	0	1	0	-1	0	0	0	0	0	0	-1	0	1	0	0	0	0	0	0	0	0	0	0	0	0	0	0	0	0	1	0	1	0	0	0	0	0	0	0	0	0	-1	0	0	0	
40407716	0	0	0	0	0	0	0	0	0	0	0	0	0	0	0	0	0	0	0	0	-1	1	-1	-1	0	0	0	0	0	0	0	0	0	0	0	0	0	0	0	0	0	0	0	0	0	0	0	0	0	0	0	0	0	0	0	0	0	0	0	0	0	0	0	0	0	0	0	0	0	0	0	0	0	0	0	0	0	0	0	0	0	0	0	0	0	0	0	0	0	0	0	0	0	0	0	0	0	0	0	0	0	0	0	0	0	0	0	0	0	0	0	0	0	0	0	0	0	0	0	0	0	0	0	0	0	0	0	0	0	0	0	0	0	0	0	0	0	0	0	0	0	0	
34824899	0	0	0	0	0	0	0	0	0	0	0	0	0	0	0	0	0	0	0	0	0	0	0	0	0	0	0	0	0	0	0	0	0	0	0	0	0	0	0	0	0	0	0	0	1	1	1	1	0	0	0	0	0	0	0	0	0	0	0	0	0	0	0	0	0	0	0	0	0	0	0	0	0	0	0	0	0	0	0	0	0	0	0	0	0	0	0	0	0	0	0	0	0	0	0	0	0	0	0	0	0	0	0	0	0	0	0	0	0	0	0	0	0	0	0	0	0	0	0	0	0	0	0	0	0	0	0	0	0	0	0	0	1	1	1	1	0	0	0	0	0	0	34824899	41	female	independent	master	single_living_alone	employee	white	Protestant	no	yes
20170210	0	0	0	0	0	0	0	0	0	0	0	0	0	0	0	0	0	0	0	0	0	0	0	0	0	0	0	0	0	0	0	0	0	0	0	0	0	0	0	0	0	0	0	0	0	0	0	0	0	0	0	0	0	0	0	0	0	0	0	0	0	0	0	0	0	0	0	0	0	0	0	0	0	0	0	0	0	0	0	0	0	0	0	0	0	0	0	0	0	0	0	0	-1	1	1	-1	0	0	0	0	0	0	0	0	0	0	0	0	0	0	0	0	0	0	0	0	0	0	0	0	0	0	0	0	0	0	0	0	0	0	0	0	0	0	0	0	0	0	0	0	0	0	20170210	37	female	republican	bachelor	other:divorced living with kids	selfemployed	white	Protestant	yes	yes
43936844	0	0	0	0	0	0	0	0	1	1	0	0	1	0	0	0	0	0	0	0	0	0	-1	0	1	-1	1	1	1	0	0	0	0	-1	0	0	0	0	0	0	0	0	0	0	0	1	0	0	0	0	0	0	0	-1	0	1	0	0	1	0	1	1	0	0	0	0	0	0	0	0	0	-1	0	1	0	0	0	0	-1	0	1	0	0	0	0	-1	1	0	0	0	1	1	0	-1	0	0	1	0	0	0	0	0	0	0	0	-1	0	0	0	0	0	0	1	0	0	0	0	0	0	0	0	0	1	-1	0	1	0	0	-1	1	1	1	0	0	1	1	0	0	0	0	0	1	
43936834	0	1	0	0	1	1	1	1	1	0	0	0	0	0	-1	0	0	0	0	0	1	1	1	1	0	0	0	0	1	0	0	0	-1	0	0	0	0	1	0	0	0	0	0	0	0	0	0	1	0	-1	0	0	0	0	0	0	1	1	1	0	0	0	0	0	0	0	0	0	0	0	0	-1	0	0	0	0	-1	1	0	0	1	0	1	1	0	0	1	0	0	0	-1	0	0	1	0	0	0	0	0	0	0	0	0	0	0	-1	1	0	0	0	0	0	0	0	0	0	0	0	0	0	0	0	1	0	0	0	0	0	0	0	1	0	1	1	1	1	0	0	0	1	0	0	43936834	29	male	democrat	some_college	married	employee	hispanic_american	Roman Catholic	yes	no
12115558	1	0	0	0	0	0	0	1	0	0	-1	-1	0	0	1	0	1	1	1	1	0	0	0	1	1	0	0	-1	1	0	1	1	0	0	0	-1	0	1	-1	0	1	1	1	-1	-1	1	0	1	0	1	-1	0	0	-1	1	1	1	0	0	1	1	1	1	1	1	0	1	0	0	0	1	0	-1	1	1	1	1	0	0	1	0	1	0	0	-1	0	0	0	1	-1	0	0	1	0	-1	1	1	1	-1	-1	0	-1	0	0	0	0	0	1	0	0	0	1	0	1	1	-1	1	-1	0	0	1	0	0	-1	0	1	-1	1	-1	-1	0	0	0	1	0	1	0	1	0	0	1	1	12115558	64	female	democrat	bachelor	married	retired	white	Roman Catholic	yes	yes
43689028	0	0	0	0	0	0	0	0	0	0	0	0	0	0	0	0	0	0	0	0	0	0	0	0	0	0	0	0	0	0	0	0	0	0	0	0	0	0	0	0	0	0	0	0	0	0	0	0	0	0	0	0	0	0	0	0	0	0	1	0	0	0	0	0	0	0	0	0	0	0	0	1	0	1	0	0	0	0	0	0	0	0	0	0	0	0	0	0	0	0	1	0	0	0	0	0	0	0	0	0	0	0	0	0	0	0	0	0	0	0	0	0	0	0	0	0	0	0	0	0	0	0	0	0	0	0	0	0	0	0	0	0	0	0	0	0	0	0	0	0	0	0	
43866745	0	0	0	0	0	0	0	0	0	0	0	0	0	0	0	0	0	1	0	0	0	0	0	0	0	0	0	0	0	0	0	0	0	0	0	0	1	0	0	0	0	0	0	0	0	0	0	0	0	0	0	0	0	0	0	0	0	0	0	0	0	0	0	0	0	0	0	0	0	0	1	0	0	0	0	0	0	0	0	0	0	0	0	0	0	0	0	0	1	0	0	1	0	0	0	0	0	0	0	0	0	0	0	0	0	0	0	0	1	-1	1	-1	0	0	0	0	0	0	-1	0	0	1	0	0	0	0	0	0	0	0	0	0	0	0	0	0	0	0	0	0	1	0	43866745	43	female	none	associate_degree	married	employee	white	Protestant	yes	yes
43954811	0	0	0	0	0	0	0	0	0	0	0	0	0	0	0	0	0	0	0	0	0	0	0	0	0	0	0	0	0	0	0	0	-1	0	0	0	0	0	0	0	0	0	0	0	0	0	0	0	0	0	0	0	0	0	0	0	1	0	0	0	0	0	0	0	0	0	0	0	0	0	0	0	0	0	0	0	0	0	0	0	1	0	0	1	0	0	0	0	0	0	0	0	0	0	0	0	0	0	0	0	0	0	0	0	0	0	0	0	0	0	0	0	0	0	0	0	0	0	0	0	0	0	0	0	0	0	0	0	0	0	0	0	0	0	0	0	0	0	0	0	0	0	
43847796	0	0	0	0	0	0	0	0	0	0	0	0	0	0	0	0	0	0	0	0	0	0	0	0	0	1	0	0	0	0	0	0	0	-1	0	0	0	0	0	0	0	0	0	0	0	0	0	0	0	0	0	0	0	0	0	0	0	0	0	0	0	0	0	0	0	0	0	0	0	0	0	0	0	0	0	1	0	0	0	0	0	0	0	0	0	0	0	0	0	0	0	0	0	0	0	-1	0	0	0	0	0	0	0	0	0	0	0	0	0	0	0	0	0	0	0	0	0	0	0	0	0	0	0	0	0	0	0	0	0	0	0	0	0	0	0	0	0	0	0	0	0	0	
43806326	0	0	0	1	0	0	1	0	1	1	-1	1	-1	0	0	1	0	0	1	-1	0	0	0	0	0	-1	0	0	0	0	0	0	1	0	0	0	0	1	0	-1	0	0	0	1	1	0	0	1	0	1	1	-1	0	0	0	0	0	1	0	0	1	1	0	0	1	-1	0	0	1	1	-1	1	0	-1	0	1	0	1	0	1	0	0	0	1	1	0	0	0	0	0	1	0	1	0	1	0	0	0	0	0	0	0	0	0	1	0	0	0	0	0	0	0	1	-1	1	1	0	0	1	0	0	0	0	1	1	0	0	0	0	0	0	1	1	0	0	0	1	0	0	0	0	1	43806326	26	male	democrat	bachelor	single_living_with_parents	employee	white	Protestant	yes	yes
43986037	0	-1	0	0	0	0	0	0	0	0	1	0	0	0	0	0	0	0	0	0	0	0	0	0	0	0	0	0	0	0	0	0	0	0	0	0	0	0	0	0	0	0	0	0	0	0	0	0	0	0	0	0	0	0	0	0	0	-1	0	0	0	0	0	0	0	0	0	-1	0	0	0	0	0	0	0	0	1	0	0	0	-1	1	-1	-1	0	0	0	0	0	0	0	0	0	0	0	0	0	0	0	0	0	0	0	0	0	0	0	0	0	0	0	0	0	0	0	0	0	0	0	0	0	0	-1	0	0	-1	0	0	0	0	0	0	0	0	0	0	0	0	0	1	0	0	43986037	55	female	republican	some_college	married	selfemployed	white	Protestant	yes	yes
43498598	1	1	0	0	1	0	1	1	0	-1	1	-1	1	1	0	0	1	1	0	0	0	1	1	0	1	1	-1	-1	1	1	1	-1	0	-1	1	-1	0	0	-1	0	1	0	0	1	1	1	1	1	0	1	0	-1	1	0	-1	-1	1	1	0	1	-1	0	-1	0	1	1	0	0	1	-1	0	1	1	0	1	0	-1	0	1	0	0	1	0	1	-1	1	0	1	-1	1	1	-1	0	1	1	1	1	1	1	-1	1	1	0	-1	0	-1	0	0	0	0	1	1	1	-1	0	0	1	0	0	1	0	0	0	1	1	1	-1	0	1	0	0	1	0	0	1	1	1	1	1	-1	1	0	
37799090	1	1	1	-1	0	0	0	-1	0	0	0	-1	0	0	-1	0	0	0	0	-1	1	1	0	1	1	0	0	0	1	-1	1	0	0	0	0	0	1	0	-1	0	1	1	1	1	-1	1	1	1	0	0	-1	0	0	-1	0	1	1	0	0	1	-1	1	0	-1	0	0	0	0	0	0	0	0	0	0	0	0	1	0	0	1	0	-1	1	0	0	0	0	0	0	0	0	0	0	0	-1	0	0	1	0	1	0	1	0	0	0	0	0	1	0	0	0	0	0	1	1	1	1	0	0	0	0	0	0	-1	-1	1	-1	1	1	1	1	1	0	1	0	1	0	0	0	0	0	1	37799090	24	female	independent	high_school	single_living_with_partner	unemployedseeking_employment	white	Buddhist	no	yes
43861611	0	0	0	1	0	0	0	0	1	0	-1	-1	-1	0	0	0	0	0	0	0	0	0	0	0	0	0	0	0	-1	0	0	0	0	0	0	0	0	0	-1	0	0	0	-1	0	0	0	0	0	0	0	1	0	0	1	0	-1	0	0	0	-1	1	0	0	0	0	0	0	0	0	0	0	0	0	0	0	0	1	0	0	0	0	1	1	0	0	0	0	0	0	0	0	0	1	0	1	0	0	1	0	-1	0	0	0	0	0	0	0	0	0	0	0	0	0	0	1	0	1	0	1	0	0	0	0	-1	1	0	0	0	0	0	0	0	0	-1	0	0	0	0	0	0	0	0	43861611	28	female	independent	bachelor	married	unemployedseeking_employment	white	Protestant	no	yes
38858920	0	0	0	0	0	0	0	0	0	0	0	0	0	0	0	0	0	0	0	0	0	0	0	0	0	0	0	0	1	0	0	0	1	0	0	0	0	0	0	0	0	0	0	0	0	0	0	0	0	0	0	0	0	0	0	0	1	0	0	0	0	0	0	0	0	0	0	0	0	0	0	0	0	0	0	0	0	0	0	0	1	0	0	1	0	0	1	0	0	0	0	0	0	0	0	0	0	0	0	0	0	0	0	0	0	1	0	0	0	0	0	0	0	0	0	0	0	0	0	0	0	0	0	0	0	0	0	0	0	0	0	0	0	0	1	0	0	0	0	0	0	0	38858920	41	female	republican	doc	single_living_alone	unemployedseeking_employment	white	Roman Catholic	yes	yes
34554100	1	0	0	-1	0	0	0	0	0	0	0	0	0	0	0	0	1	0	0	0	0	0	1	1	0	0	0	-1	1	0	1	1	0	0	1	-1	0	0	-1	-1	0	0	0	0	0	0	0	0	0	0	0	0	1	0	0	0	0	0	0	0	0	0	-1	-1	0	0	1	0	0	1	0	1	-1	0	0	0	-1	1	-1	1	0	0	0	0	-1	1	1	1	0	0	0	0	0	0	0	0	1	0	0	0	1	0	1	0	0	1	0	0	1	1	1	-1	0	0	0	-1	1	-1	-1	1	0	0	0	0	0	0	-1	0	1	0	1	0	1	0	-1	0	0	1	1	1	0	0	34554100	30	female	independent	high_school	single_living_with_partner	selfemployed	white	other:baptist	no	yes
43944033	0	1	0	0	0	0	0	0	0	0	1	-1	0	1	0	1	0	0	1	-1	-1	1	0	1	0	0	0	0	0	0	0	1	0	0	0	0	0	0	0	0	0	0	0	0	1	1	1	1	0	0	0	0	0	0	0	0	1	0	0	0	1	0	0	0	0	0	0	0	0	1	0	0	0	0	0	0	0	0	0	1	1	1	0	1	0	0	0	0	0	0	0	0	0	0	0	0	1	0	0	0	0	0	0	0	0	0	0	0	0	0	1	0	0	1	0	0	0	0	0	0	1	0	0	0	1	0	0	0	0	1	0	0	0	0	0	1	0	0	0	0	0	0	
43945372	0	0	0	0	0	0	0	0	0	0	0	0	0	0	0	0	0	0	0	0	0	0	0	0	0	0	0	0	0	0	0	0	0	0	0	0	0	0	0	0	0	0	0	0	-1	-1	1	-1	0	0	0	0	0	0	0	0	0	0	0	0	0	0	0	0	0	0	0	0	0	0	0	0	0	0	0	0	0	0	0	0	0	0	0	0	0	0	0	0	0	0	0	0	0	0	0	0	0	0	0	0	0	0	0	0	0	0	0	0	0	0	0	0	0	0	0	0	0	0	0	0	0	0	0	0	0	0	0	0	0	0	0	0	0	0	0	0	0	0	0	0	0	0	
43876255	0	0	0	0	0	0	0	0	0	0	0	-1	0	0	0	0	0	0	0	1	-1	-1	0	1	0	0	0	0	0	0	0	0	0	0	0	0	0	0	0	0	0	0	0	0	0	0	0	0	0	0	0	0	0	0	0	0	0	0	0	0	0	0	0	0	0	0	0	0	0	0	0	0	0	0	0	0	0	0	0	1	0	0	0	0	0	0	0	0	0	0	0	0	0	0	0	0	0	0	0	0	0	0	0	0	0	0	0	0	0	0	0	0	0	-1	0	0	0	0	0	0	0	0	0	0	0	0	0	0	0	0	0	0	0	0	0	-1	0	0	0	0	0	0	43876255	27	male	independent	associate_degree	married	employee	white	Protestant	no	yes
30410452	0	0	0	0	0	0	0	0	0	0	0	0	0	0	0	0	0	0	1	0	0	0	0	0	0	1	1	0	0	0	0	0	0	0	0	0	0	0	0	0	0	0	0	0	0	0	0	0	0	0	0	0	0	0	0	0	0	0	0	0	0	0	0	0	0	0	0	0	1	1	1	1	0	0	0	0	0	0	0	0	0	0	0	1	-1	0	0	0	0	0	0	0	0	0	0	0	0	0	0	0	0	0	0	0	1	0	0	0	0	0	0	0	0	0	0	0	0	0	0	0	0	0	0	0	0	0	0	0	0	0	0	0	0	0	0	0	0	0	0	0	0	1	30410452	22	male	democrat	associate_degree	single_living_with_partner	employee	white	Atheist / Agnostic	no	yes
43811734	1	0	0	-1	0	0	0	0	0	0	0	0	0	0	0	0	1	0	0	0	0	0	1	1	0	0	0	1	1	0	1	1	0	0	1	-1	0	0	1	1	0	0	0	0	0	0	0	0	0	0	0	0	1	0	0	0	0	0	0	0	0	0	1	1	0	0	1	0	0	1	0	-1	-1	0	0	0	-1	1	1	1	0	0	0	0	-1	1	1	-1	0	0	0	0	1	1	1	1	1	0	0	0	1	0	1	0	0	-1	0	0	1	1	1	-1	0	0	0	1	1	-1	1	1	0	0	0	0	0	0	-1	0	1	0	1	0	1	0	1	0	0	1	1	1	0	0	
43751819	0	0	0	0	0	0	0	0	0	0	0	0	0	0	0	0	0	0	0	0	0	0	0	0	0	0	0	0	0	0	0	0	0	0	0	0	0	0	0	0	0	0	0	0	0	0	0	0	0	0	0	0	0	0	0	0	0	0	0	0	0	0	0	0	0	0	0	0	0	0	0	0	0	0	0	0	0	0	0	0	0	0	0	0	0	0	0	0	0	0	0	-1	0	0	0	0	0	0	0	0	0	0	0	0	0	0	0	0	0	0	0	0	0	0	0	0	0	0	-1	0	0	1	0	0	0	0	0	0	0	0	0	0	0	0	0	0	0	0	0	0	-1	0	43751819	32	male	independent	bachelor	married	employee	white	other:Christian	no	yes
43393412	0	0	0	0	0	-1	0	0	1	0	0	0	0	0	1	0	0	0	0	0	0	0	0	0	0	0	0	0	1	0	0	0	0	0	0	0	0	-1	0	0	0	0	0	0	0	0	0	1	0	0	0	0	0	0	0	0	0	0	1	0	0	0	0	0	0	0	0	0	0	0	0	-1	0	1	0	0	0	-1	0	0	-1	0	1	0	0	0	1	0	0	0	1	0	0	-1	0	0	0	0	0	0	0	0	0	0	0	-1	1	0	0	0	0	0	0	0	0	0	0	0	0	0	0	0	1	0	0	0	0	0	0	0	0	0	0	0	1	0	0	0	0	0	0	0	
43916681	0	0	0	0	1	1	0	0	1	0	0	0	0	0	0	0	1	1	1	1	1	0	0	0	1	0	0	0	1	-1	0	0	0	0	0	0	0	0	-1	0	0	0	0	0	-1	1	1	0	0	1	0	0	0	-1	1	1	0	0	1	0	0	0	0	0	0	0	0	0	1	0	0	1	0	1	-1	0	0	0	1	0	1	0	0	0	0	0	0	0	0	1	1	0	1	-1	0	0	0	-1	0	0	1	0	1	-1	0	-1	0	0	0	0	0	0	0	0	0	0	1	1	0	-1	0	0	1	0	0	0	0	0	0	0	1	0	0	1	1	-1	0	1	1	-1	0	1	43916681	24	male	none	associate_degree	single_living_with_parents	student	hispanic_american	Roman Catholic	yes	yes
43859850	0	0	0	-1	0	0	-1	0	0	-1	0	0	0	0	0	0	0	0	0	-1	0	0	0	0	0	0	0	0	0	0	0	0	0	0	0	0	0	0	0	0	0	0	0	0	0	0	0	0	0	-1	0	0	0	0	0	0	0	0	0	0	0	0	0	0	0	0	0	0	0	0	0	0	0	0	0	0	0	0	0	0	0	0	0	0	0	0	0	0	0	0	-1	0	0	0	0	0	0	0	0	0	0	0	0	0	0	0	0	0	0	0	0	0	0	0	0	-1	0	0	0	0	0	0	0	0	0	0	0	0	0	0	0	0	0	0	0	0	-1	0	0	0	0	0	
6309240	1	0	0	0	0	0	0	0	0	0	0	0	1	0	0	0	0	0	0	0	0	0	0	0	0	0	0	0	0	0	0	0	0	0	0	0	-1	1	-1	1	0	0	0	0	0	0	0	0	0	0	0	0	0	0	0	0	0	1	0	0	0	0	0	0	0	0	0	0	0	0	0	0	0	0	-1	0	0	0	0	0	1	0	0	0	0	0	0	-1	0	0	0	0	0	0	0	0	0	0	-1	0	0	0	0	0	0	0	0	0	0	0	0	0	0	0	0	0	0	0	0	0	0	0	0	0	0	0	0	0	0	0	0	0	0	0	0	0	0	0	0	0	0	0	6309240	50	female	republican	bachelor	single_living_with_parents	employee	asien	Roman Catholic	yes	yes
31349958	0	1	-1	-1	0	1	1	1	1	1	0	-1	1	1	-1	1	0	0	0	-1	1	-1	1	1	1	1	0	1	0	-1	0	1	-1	-1	1	0	0	0	0	1	1	0	-1	1	1	0	-1	1	0	1	-1	1	0	0	0	1	0	1	1	1	1	0	1	0	0	0	-1	-1	1	1	1	0	0	0	-1	1	-1	1	-1	-1	0	1	1	0	0	-1	-1	1	0	1	1	1	0	0	1	0	0	0	1	0	-1	0	0	1	-1	0	-1	-1	0	-1	1	0	1	1	1	0	0	0	1	0	1	0	0	1	-1	0	-1	0	1	1	0	0	1	1	0	1	0	1	0	-1	0	0	31349958	37	female	republican	vocational_secondary_certification	single_living_alone	unemployedseeking_employment	white	Atheist / Agnostic	yes	yes
31585018	0	0	0	0	0	0	0	0	0	0	0	0	0	0	0	0	0	0	0	0	0	0	0	0	1	0	0	0	0	0	0	0	-1	0	0	0	0	0	0	0	0	0	0	0	0	0	0	0	0	0	0	0	0	0	0	0	1	0	0	0	0	0	0	0	0	0	0	0	-1	0	0	0	0	0	0	0	0	0	0	0	1	0	0	1	0	0	0	0	0	0	0	0	0	0	0	0	0	0	0	0	0	0	0	0	0	0	0	0	0	0	0	0	1	0	0	0	0	0	0	0	0	0	0	0	0	0	0	0	0	0	1	0	0	0	0	0	0	0	0	0	0	0	31585018	30	female	democrat	associate_degree	married	unemployedseeking_employment	white	Atheist / Agnostic	no	yes
43912578	0	1	0	0	0	0	0	0	0	1	0	-1	0	1	0	1	0	1	1	1	1	-1	1	1	0	0	1	-1	0	0	0	0	-1	0	0	0	0	0	0	0	0	0	0	1	1	1	1	1	0	0	0	0	0	-1	-1	0	1	0	0	0	1	0	0	0	0	0	0	0	0	1	1	0	0	0	0	0	1	0	0	1	-1	1	0	1	-1	1	0	0	0	0	0	0	0	0	0	0	0	0	0	0	0	0	1	0	0	0	0	0	0	0	1	0	0	1	0	0	0	0	0	0	0	0	0	0	-1	0	0	1	1	1	0	0	0	0	0	1	0	0	0	0	0	0	
43938234	0	0	0	0	0	0	1	0	0	0	0	0	0	0	0	0	1	0	0	0	0	0	0	1	0	0	0	1	0	0	0	1	0	1	0	0	0	0	1	1	0	-1	0	0	0	0	0	0	0	0	0	0	1	0	0	0	0	0	0	1	0	0	1	0	0	0	1	0	0	1	0	0	1	0	0	0	1	1	1	1	0	0	0	0	1	1	1	1	0	0	0	0	0	0	0	0	0	0	0	0	1	0	-1	0	0	1	0	0	-1	1	1	1	0	0	0	1	0	0	0	0	0	0	0	0	0	0	0	0	1	0	0	0	1	0	1	0	0	0	0	0	0	0	
43651516	1	0	0	0	0	0	0	0	1	1	-1	-1	1	-1	-1	1	0	0	0	0	0	0	0	0	0	0	0	0	0	0	1	0	0	0	0	0	1	0	1	1	0	0	0	0	0	0	0	0	1	1	-1	1	0	0	0	0	0	1	0	0	1	-1	1	0	0	0	0	1	0	0	0	0	0	0	1	0	0	0	0	0	-1	0	0	0	0	0	0	1	0	0	0	0	0	0	-1	0	0	0	1	0	1	0	0	0	0	0	0	0	1	0	0	0	0	1	0	-1	0	0	0	0	0	0	1	0	-1	0	-1	1	0	0	0	-1	0	0	0	0	0	0	0	0	0	0	
43959216	0	0	0	0	0	0	-1	0	1	1	1	1	-1	0	0	1	0	0	-1	-1	0	0	0	0	0	0	1	0	0	0	0	0	1	0	0	0	0	-1	0	-1	0	0	0	-1	-1	0	0	1	0	1	0	1	0	0	0	0	0	-1	0	0	1	1	0	0	1	1	0	0	-1	1	1	0	0	1	0	1	0	1	0	-1	0	0	0	1	-1	0	0	0	0	0	1	0	1	0	1	0	0	0	0	0	0	0	0	1	1	0	0	0	0	0	0	0	1	1	0	0	0	0	0	0	0	0	0	1	1	0	0	0	0	0	0	-1	-1	0	0	0	1	0	0	0	0	-1	
39073124	0	0	0	0	0	0	0	0	1	0	0	0	0	0	0	0	0	0	0	0	0	0	0	0	0	0	0	0	0	0	0	0	0	0	0	0	0	0	0	0	0	0	0	0	0	0	0	0	0	0	0	0	0	0	0	0	0	0	0	0	1	0	0	0	0	0	0	0	0	0	0	0	0	0	0	0	0	0	0	0	0	0	0	0	0	0	0	0	0	0	0	0	1	0	0	0	0	0	0	0	0	0	0	0	0	0	0	0	0	0	0	0	0	0	0	0	0	0	-1	0	0	0	0	0	0	0	0	0	0	0	0	0	0	0	0	0	0	0	0	0	0	0	
41127744	0	0	0	0	0	0	0	0	1	1	1	-1	0	0	-1	0	1	1	1	-1	0	0	0	0	1	-1	0	0	0	0	0	0	0	-1	0	1	0	0	0	0	0	0	0	1	0	-1	-1	0	1	1	-1	-1	-1	-1	0	1	1	0	0	0	0	0	1	-1	0	0	-1	-1	0	0	0	0	-1	1	1	1	0	0	-1	0	0	0	0	0	0	0	0	0	0	1	0	0	0	0	0	1	0	1	0	0	1	0	1	1	0	0	0	1	0	0	0	0	0	0	0	0	0	0	0	0	0	0	1	0	0	1	0	0	0	0	0	0	0	0	0	1	0	1	1	1	0	0	
43842980	1	0	0	1	0	0	0	0	0	0	0	0	0	0	0	0	1	0	0	0	0	0	1	1	1	1	1	0	1	0	1	1	0	0	1	1	0	0	1	1	0	0	0	0	0	0	0	0	0	0	0	0	1	0	0	0	0	0	0	0	0	0	1	1	0	0	1	0	0	1	1	1	1	0	0	0	1	1	1	1	0	0	0	0	0	1	1	1	0	0	0	0	0	0	0	0	1	0	1	0	1	0	1	0	0	1	0	0	1	1	1	1	0	0	0	1	1	1	1	1	1	1	1	1	0	0	-1	1	1	0	1	0	1	0	1	0	0	1	1	1	0	0	
37305088	0	0	0	0	0	0	0	0	0	0	0	0	0	0	0	0	0	0	0	0	0	0	0	0	0	0	0	0	0	0	0	0	0	0	0	0	0	0	0	0	0	0	0	0	1	0	0	0	0	0	0	0	0	0	0	0	0	0	0	0	0	1	0	0	0	0	0	0	0	0	0	0	0	0	0	0	0	0	0	0	0	0	0	0	0	0	0	0	0	0	0	0	0	0	0	0	0	0	0	0	0	0	0	1	0	0	0	0	0	0	0	0	1	1	-1	1	0	0	0	0	0	0	0	-1	0	0	0	0	0	0	0	0	0	0	0	0	0	0	0	0	0	0	
6363996	0	1	0	0	0	0	0	0	0	0	0	0	0	1	0	0	0	0	0	0	0	0	0	0	0	0	0	0	0	0	0	0	-1	0	0	0	0	0	0	0	0	0	0	0	0	0	0	0	0	0	0	0	0	-1	0	0	0	0	0	0	1	0	0	0	0	0	0	0	0	1	1	0	0	0	0	0	0	0	0	0	0	-1	0	0	0	1	0	0	0	0	0	0	0	0	0	0	0	0	0	0	0	0	1	0	0	0	0	0	0	0	-1	0	0	0	0	0	0	0	0	0	0	0	0	0	0	0	0	0	0	0	0	0	0	0	0	0	0	0	0	0	0	0	
42013631	0	-1	0	1	0	0	0	0	1	0	-1	-1	-1	0	0	-1	0	0	0	0	-1	1	-1	-1	0	-1	-1	0	0	0	0	0	0	0	0	0	0	1	0	0	0	0	0	0	0	0	0	-1	0	0	1	1	0	0	0	0	0	1	0	0	1	0	0	0	1	-1	0	0	0	0	0	0	0	-1	0	1	1	-1	0	-1	0	0	0	0	0	0	0	0	0	0	0	0	1	0	1	0	0	0	0	0	0	0	0	1	0	0	0	0	1	1	-1	1	0	0	-1	0	0	0	1	0	0	0	0	0	1	0	0	0	0	0	0	-1	-1	1	-1	-1	0	0	0	-1	0	0	42013631	23	male	independent	some_college	single_living_alone	employee	white	Atheist / Agnostic	no	yes
8308030	1	0	1	-1	0	0	0	0	0	1	0	0	0	0	0	0	1	0	0	0	1	0	0	0	0	0	0	0	0	0	0	0	0	0	1	-1	0	0	0	0	1	0	1	0	0	1	1	0	-1	0	0	1	0	0	0	0	0	0	0	0	0	0	1	0	1	1	1	1	1	1	0	1	0	0	0	0	0	0	-1	1	1	-1	1	1	0	0	0	0	1	1	1	1	1	1	-1	1	1	0	0	0	0	1	0	0	1	1	-1	1	0	0	0	0	0	0	0	0	1	-1	-1	1	0	1	0	0	0	0	-1	0	0	0	0	0	0	0	0	0	0	0	1	1	0	0	
43861467	0	1	0	0	0	0	0	1	0	0	0	1	0	1	0	1	1	0	0	1	0	1	1	0	0	0	0	0	1	1	1	1	1	0	1	0	0	0	0	0	1	0	1	0	0	0	1	0	0	0	0	1	1	0	0	0	1	0	0	0	1	1	0	0	1	0	1	0	0	0	0	0	0	0	0	0	0	1	0	0	0	1	1	0	0	0	0	0	0	0	0	0	0	0	0	1	0	0	0	1	0	0	0	1	1	0	0	0	1	0	0	0	1	0	1	0	1	1	0	0	1	0	0	0	1	1	0	1	0	1	1	0	1	0	0	0	1	0	0	1	1	1	43861467	32	male	democrat	bachelor	single_living_with_parents	unemployedseeking_employment	black_or_african_american	Roman Catholic	yes	yes
39174418	0	0	0	0	1	0	0	0	0	0	0	0	0	0	0	0	0	0	0	0	0	0	0	0	0	0	0	0	0	0	0	0	0	0	0	0	0	0	1	0	0	0	0	0	0	0	0	0	0	0	0	0	1	0	0	0	0	0	0	0	0	0	0	0	0	0	0	0	-1	0	0	0	0	0	0	0	0	0	0	0	0	0	0	0	0	0	0	0	0	0	0	0	0	0	0	0	0	0	0	0	0	-1	0	0	0	0	0	0	1	1	-1	1	0	0	0	0	0	0	0	1	0	0	0	0	0	0	0	0	0	0	0	0	0	0	0	0	0	1	0	0	0	1	
18386513	0	0	0	0	0	0	0	0	0	0	0	0	0	0	0	0	0	0	0	0	0	0	0	0	0	0	0	0	0	0	-1	0	0	0	0	0	1	0	0	0	0	0	0	0	0	0	0	0	0	0	0	0	0	0	0	0	0	0	0	0	1	1	-1	-1	0	0	0	0	0	0	0	0	0	0	0	0	0	0	0	0	0	0	0	0	0	0	0	0	0	0	0	0	0	0	1	0	0	0	0	0	0	0	0	0	0	0	0	0	0	0	0	0	0	0	0	1	0	0	0	0	0	0	0	0	1	1	-1	-1	0	0	0	0	0	0	0	0	0	0	0	0	0	0	18386513	50	female	republican	high_school	married	selfemployed	white	other:Christian	yes	yes
39675153	0	0	0	0	0	0	0	0	0	0	0	0	0	0	0	0	0	0	0	0	0	0	0	0	0	0	0	0	0	0	0	0	0	0	0	0	0	0	0	0	0	0	0	0	0	0	0	0	0	0	0	0	0	0	0	0	0	0	0	0	0	0	0	0	0	0	0	0	0	0	0	0	0	0	1	0	0	0	0	0	0	0	0	0	0	0	0	0	0	0	0	0	1	0	0	0	0	0	0	0	0	0	0	0	0	0	0	0	0	0	0	0	0	0	0	0	0	-1	0	0	0	0	0	0	0	0	0	0	0	0	0	0	0	1	0	0	0	0	0	0	0	0	
42768322	0	0	0	0	0	0	0	1	1	1	-1	-1	0	0	0	0	0	0	-1	0	1	0	0	0	0	0	0	0	0	1	0	0	0	0	0	1	0	0	0	0	0	0	0	0	0	0	0	0	0	0	0	0	1	-1	-1	1	1	0	0	0	0	0	0	-1	0	0	0	1	0	0	0	0	-1	1	1	1	0	0	0	0	0	0	1	0	0	0	0	0	0	0	0	0	0	0	0	0	0	1	0	0	0	-1	0	0	0	0	0	0	0	0	0	0	0	0	0	0	1	0	0	0	0	0	1	0	0	1	0	0	0	0	0	0	0	0	0	1	0	0	0	0	0	0	
43945424	0	0	0	0	0	0	0	0	0	0	0	0	0	0	0	0	0	0	0	0	0	0	0	0	0	0	0	0	0	0	-1	0	0	0	0	0	0	0	0	0	0	0	0	0	0	0	0	0	0	0	0	0	0	0	0	0	0	0	-1	0	0	0	0	0	0	-1	0	0	0	0	0	0	0	0	0	0	0	0	0	0	0	0	0	0	0	0	0	0	1	0	0	0	0	0	0	0	0	0	0	-1	0	0	-1	0	0	0	0	0	0	0	0	0	0	0	0	0	0	0	0	0	0	1	0	0	0	0	1	0	0	0	0	0	0	0	0	0	0	0	0	0	0	0	
41545007	0	1	1	0	1	1	1	-1	0	0	0	0	0	0	0	1	0	0	-1	0	1	1	0	0	0	0	0	0	1	0	1	0	0	-1	1	0	0	0	0	0	0	1	0	0	0	0	0	1	0	1	0	0	0	1	0	1	1	1	1	1	-1	0	1	1	0	0	0	1	0	1	1	0	-1	0	-1	0	-1	0	0	0	1	1	0	1	-1	1	1	1	0	0	1	1	0	1	1	1	0	0	0	0	1	0	1	0	0	1	1	-1	0	1	-1	0	0	1	0	0	0	0	1	1	0	1	0	0	1	0	-1	1	-1	1	0	0	1	1	1	-1	1	1	1	1	1	0	
15016371	0	1	0	0	0	0	0	0	0	0	0	0	0	0	0	0	0	0	0	0	0	0	0	0	0	0	0	0	0	0	0	0	0	0	0	0	0	0	0	0	0	0	0	0	0	0	0	0	0	0	0	0	0	0	0	0	0	0	0	0	0	1	0	0	1	0	0	0	0	0	0	0	0	0	0	0	0	1	0	0	0	0	0	0	0	0	0	0	0	0	0	0	0	0	0	0	0	0	0	0	0	0	0	0	0	0	0	0	0	0	0	0	0	0	0	0	0	0	0	0	0	0	0	0	0	0	0	0	0	0	0	0	0	0	0	0	0	0	0	0	0	0	15016371	56	female	republican	bachelor	married	selfemployed	white	Roman Catholic	yes	yes
43917255	0	0	0	0	1	1	1	1	0	0	0	0	0	0	1	0	0	1	0	0	0	0	0	0	0	0	0	0	0	0	0	0	0	0	0	0	1	1	0	0	0	0	0	0	0	1	0	1	0	1	0	0	0	0	0	0	0	0	0	0	0	0	0	0	0	0	0	0	0	0	1	0	0	1	0	0	0	1	1	0	0	0	1	0	0	0	0	0	1	0	0	0	0	0	0	0	0	0	0	0	0	0	0	0	0	0	-1	0	0	0	0	1	0	0	0	0	0	0	0	0	0	0	1	0	0	0	0	0	0	1	1	0	0	1	1	0	0	0	0	0	0	0	43917255	30	female	democrat	bachelor	single_living_alone	employee	white	Atheist / Agnostic	yes	yes
43974080	1	0	0	1	0	0	0	0	0	0	0	0	0	0	0	0	1	0	0	0	0	0	0	0	0	0	0	1	0	0	0	1	0	0	1	1	0	0	-1	0	0	0	0	0	0	0	0	0	0	0	0	0	0	0	0	0	0	0	0	0	0	0	1	0	0	0	1	0	0	1	0	1	-1	0	0	0	1	1	-1	1	0	0	0	0	0	0	0	0	0	0	0	0	1	-1	1	1	1	0	0	0	0	0	1	0	0	-1	0	0	1	0	1	-1	0	0	0	1	1	-1	-1	1	0	0	0	0	0	0	-1	0	1	0	0	0	0	0	0	0	0	0	1	0	0	0	
41192746	0	0	1	0	0	0	0	0	0	0	0	0	0	0	0	1	0	0	0	0	0	0	0	0	0	0	0	0	0	0	0	0	0	0	0	0	0	0	0	0	1	0	0	0	0	0	0	0	1	0	0	0	0	0	0	0	0	0	0	0	0	0	0	0	0	0	0	0	0	0	0	0	0	0	0	0	0	0	0	0	0	0	0	0	0	0	0	0	0	0	0	0	0	-1	0	0	0	0	0	0	0	0	0	0	1	0	0	0	0	0	0	0	0	0	0	0	0	0	0	0	0	0	0	0	0	0	0	0	0	0	0	0	0	0	0	0	1	0	0	0	1	0	
41986015	1	1	1	-1	0	0	0	0	0	0	0	0	0	0	-1	0	0	0	-1	0	1	0	0	0	1	0	0	0	0	-1	0	0	0	0	0	1	0	0	0	0	0	0	0	1	0	0	0	0	1	1	-1	1	0	0	-1	0	1	0	0	0	0	0	1	-1	0	0	1	0	0	0	0	0	-1	1	1	1	0	0	0	0	0	0	0	0	0	0	0	0	0	1	0	0	1	0	0	0	0	1	0	0	0	1	0	0	0	0	0	1	0	0	0	1	0	0	0	0	0	0	0	0	0	0	0	0	0	0	0	0	0	0	0	0	0	0	0	0	0	1	0	0	0	0	41986015	62	female	none	bachelor	single_living_alone	retired	hispanic_american	Roman Catholic	yes	no
19838540	0	0	1	0	0	0	1	0	0	1	0	0	1	1	1	1	0	1	0	0	0	0	0	0	1	1	1	-1	0	0	0	0	0	-1	0	0	1	0	0	1	1	-1	1	0	0	0	1	0	1	0	0	1	0	0	0	0	0	0	0	1	0	0	0	0	1	1	1	1	1	0	1	0	0	0	0	0	0	0	0	0	1	1	1	1	0	0	0	0	1	1	1	1	1	-1	1	1	0	0	-1	0	0	0	0	0	1	1	1	-1	0	0	1	0	0	0	0	0	0	-1	0	1	1	1	1	1	0	0	0	0	0	1	0	0	0	0	0	0	0	0	0	0	0	0	
41676062	1	1	1	-1	0	0	1	0	0	0	0	0	0	0	-1	0	0	0	0	0	0	0	0	0	1	0	0	0	0	0	0	0	0	-1	0	0	0	0	0	0	0	-1	0	0	0	1	0	0	0	0	0	0	0	-1	0	1	0	0	0	1	0	0	1	0	0	0	0	0	0	0	0	0	0	0	0	0	0	0	0	0	0	0	0	0	0	0	0	0	0	0	0	0	0	0	0	0	0	0	0	0	0	0	0	0	0	0	0	1	0	0	0	0	0	0	0	0	0	0	0	0	0	0	0	0	0	0	0	0	1	1	1	1	0	0	0	0	0	0	0	0	0	1	
39501628	0	0	1	0	1	0	1	1	0	0	0	-1	0	1	-1	1	0	0	1	-1	1	1	0	1	1	0	0	0	1	1	1	0	0	0	0	1	1	0	-1	0	1	1	1	-1	1	1	1	1	1	0	-1	1	0	-1	0	1	1	0	1	1	1	1	1	0	0	0	0	1	0	0	1	0	-1	1	1	1	-1	0	0	1	0	1	1	0	0	1	0	1	0	1	0	0	0	0	1	0	0	1	0	-1	0	-1	1	0	0	0	-1	1	0	-1	0	0	0	1	1	1	1	0	0	0	0	0	0	-1	-1	1	-1	1	0	1	0	1	0	1	0	1	0	0	0	0	0	0	
43888123	0	0	0	0	0	0	0	0	0	0	0	0	0	0	0	0	0	0	0	0	0	0	1	1	0	0	0	0	1	0	1	0	0	0	0	0	0	0	0	1	0	0	0	0	0	0	0	0	0	0	0	0	0	0	0	0	0	0	0	0	0	0	0	1	0	0	0	0	0	0	0	0	0	0	0	0	0	0	0	0	0	0	0	0	0	0	0	1	0	0	0	0	0	0	0	0	0	0	0	0	1	0	0	0	0	1	0	0	0	0	0	0	0	0	0	0	0	0	0	0	0	0	0	0	0	0	0	0	0	0	0	0	0	0	1	0	0	1	0	0	0	0	43888123	23	female	democrat	bachelor	single_living_with_partner	student	white	Protestant	no	yes
43932665	0	0	0	0	1	0	0	0	0	0	0	0	0	0	0	0	0	0	0	0	0	0	0	0	0	0	0	0	0	0	0	0	0	0	0	0	0	0	-1	0	0	0	0	0	0	0	0	0	0	0	0	0	-1	0	0	0	0	0	0	0	0	0	0	0	0	0	0	0	-1	0	0	0	0	0	0	0	0	0	0	0	0	0	0	0	0	0	0	0	0	0	0	0	0	0	0	0	0	0	0	0	0	-1	0	0	0	0	0	0	0	0	0	0	0	0	0	0	0	0	0	1	0	0	0	0	0	0	0	0	0	0	0	0	0	0	0	0	0	1	0	0	0	-1	
43934710	0	0	1	0	0	0	0	1	0	0	0	0	0	1	0	0	0	0	0	0	0	0	0	0	0	0	0	0	0	0	0	0	0	0	0	-1	0	0	0	0	0	0	0	0	0	0	0	0	0	0	0	0	0	0	0	0	0	0	0	0	0	0	0	0	0	0	0	0	0	0	0	0	0	0	0	0	0	0	0	0	0	0	0	0	0	0	0	0	0	0	0	0	0	0	0	0	0	0	0	0	0	0	0	0	0	0	0	0	0	0	0	0	0	0	0	0	0	0	0	0	0	0	0	0	0	0	0	0	0	0	0	0	0	0	0	0	0	0	0	0	0	0	
22345789	0	0	1	0	1	0	0	0	0	0	0	0	0	0	0	1	0	0	1	0	0	0	0	0	0	0	0	0	0	0	0	0	0	0	0	0	0	1	0	0	1	1	1	0	0	0	1	0	1	0	0	0	0	0	0	0	0	0	0	0	-1	1	1	-1	0	0	0	0	0	0	0	0	-1	0	0	0	0	0	0	0	1	1	1	1	-1	0	0	0	1	1	1	1	1	1	-1	1	0	1	0	0	1	0	0	0	1	-1	1	1	-1	-1	0	-1	0	1	0	0	0	0	0	0	0	0	0	0	-1	0	0	1	0	1	0	1	0	0	0	0	1	0	0	0	0	0	22345789	62	female	independent	associate_degree	single_living_alone	employee	white	other:Christian	no	yes
16854635	1	0	0	0	0	0	0	0	0	0	0	0	0	1	1	1	0	1	0	0	1	0	0	0	0	0	0	0	0	1	0	0	0	0	0	0	0	1	-1	1	0	0	0	0	0	0	0	0	1	0	0	0	0	0	0	0	1	1	0	0	0	0	0	-1	0	0	0	0	0	0	1	0	0	0	1	0	0	0	0	0	1	0	0	0	0	0	0	-1	1	0	0	0	0	0	0	0	0	0	1	0	-1	1	0	0	0	0	0	0	1	0	0	0	0	1	0	0	0	0	0	0	0	0	0	0	0	0	0	1	0	0	0	1	0	0	0	0	0	0	0	0	0	0	
40107272	0	0	0	0	1	1	1	1	1	1	0	0	0	0	-1	0	0	0	0	0	0	0	0	0	1	0	0	1	0	0	0	0	0	0	0	0	0	1	0	-1	0	0	0	0	0	0	0	1	0	1	0	1	0	0	0	0	0	0	1	0	0	0	0	0	1	1	1	1	-1	0	1	1	0	0	0	0	0	-1	-1	0	1	0	-1	0	-1	0	0	0	0	0	1	0	0	1	0	0	0	0	-1	0	0	0	0	0	0	0	1	0	0	0	0	0	1	0	0	0	0	0	0	1	1	1	1	-1	0	0	0	1	1	0	1	0	0	1	-1	0	0	0	0	0	0	0	
43942386	0	1	0	0	0	0	0	0	0	0	0	-1	0	1	0	1	0	0	1	-1	1	1	0	1	1	-1	1	1	0	0	0	0	1	0	0	0	0	0	-1	1	0	0	1	0	1	1	1	1	0	0	-1	0	0	0	0	0	1	0	0	1	1	0	0	0	0	0	0	0	0	1	1	0	0	0	0	0	-1	0	0	1	-1	1	1	1	1	1	0	0	0	0	0	1	0	0	0	0	0	0	1	1	0	0	1	0	0	0	0	0	0	0	1	0	0	1	1	0	1	0	1	1	1	1	1	0	-1	0	0	1	1	1	0	0	0	1	0	1	0	0	0	0	1	0	
20430407	0	0	1	0	1	1	-1	0	0	0	0	0	0	0	0	0	0	1	0	0	0	0	0	0	0	0	1	-1	0	0	0	0	0	0	1	0	0	0	0	0	-1	1	0	1	0	0	0	1	1	0	0	0	0	0	0	1	0	0	1	0	0	0	-1	0	0	1	0	1	0	0	0	0	-1	0	0	0	1	0	0	0	0	1	0	1	-1	0	-1	1	0	1	0	0	0	1	0	1	0	0	-1	0	1	0	0	0	0	0	-1	0	0	0	-1	0	0	0	0	0	0	-1	0	0	-1	0	0	0	0	0	-1	0	-1	-1	0	1	0	0	0	0	1	1	1	1	1	0	
36276573	0	0	0	0	0	0	0	1	1	1	-1	-1	0	0	0	0	0	0	0	0	0	0	0	0	0	0	0	0	0	0	0	0	0	0	0	0	0	0	0	0	0	0	0	0	0	0	0	0	0	0	0	0	0	0	0	0	0	0	0	0	0	0	0	0	0	0	0	1	0	0	0	0	0	0	0	0	0	0	0	0	0	0	1	0	0	0	0	0	0	0	0	0	0	0	0	0	0	0	0	0	0	0	0	0	0	0	0	0	0	0	0	0	0	0	0	0	1	0	0	0	0	0	1	0	0	1	0	0	0	0	0	0	0	0	0	0	0	0	0	0	0	0	
18869867	0	0	0	0	0	0	0	0	0	0	0	0	0	0	0	-1	0	0	-1	0	0	0	0	0	0	0	0	0	0	0	0	0	0	0	0	0	0	0	0	0	0	0	0	0	0	0	0	0	0	0	0	0	0	0	0	0	0	0	0	0	0	0	0	0	0	0	0	0	0	0	0	0	0	0	0	0	0	0	0	0	0	0	0	0	0	0	0	0	0	0	0	0	0	0	0	0	0	0	0	0	0	0	0	0	0	0	0	0	0	0	0	0	0	0	0	0	0	0	0	0	0	0	0	0	-1	0	0	0	0	-1	0	0	0	0	0	0	0	0	0	0	0	0	18869867	67	female	republican	bachelor	single_living_alone	retired	white	Protestant	yes	yes
43941355	0	0	0	-1	1	0	0	0	1	0	1	-1	1	0	0	0	0	0	1	0	0	0	0	0	1	1	1	0	0	0	0	0	1	-1	1	-1	0	0	1	1	0	0	0	1	1	0	0	0	0	0	-1	0	1	0	0	0	0	0	0	0	-1	1	0	0	0	0	0	0	0	1	1	-1	0	0	1	1	0	0	0	0	0	0	0	1	1	0	1	0	0	0	0	0	0	0	1	1	0	0	0	0	0	1	0	1	1	0	0	0	0	0	0	0	1	1	1	1	1	-1	1	1	0	0	0	1	1	0	0	0	0	0	1	0	0	1	0	0	0	1	0	0	0	1	43941355	21	male	republican	associate_degree	single_living_alone	civil_servant	white	Atheist / Agnostic	yes	yes
43875818	0	0	0	0	0	0	0	1	0	0	0	1	0	0	0	0	-1	0	0	0	0	0	0	0	0	0	0	0	0	1	0	0	0	0	0	0	0	0	0	0	0	0	1	0	0	0	0	0	0	0	0	0	0	0	0	0	0	0	0	0	0	0	0	0	1	0	0	0	0	0	0	0	0	0	0	0	0	0	0	0	0	0	0	0	0	0	0	0	0	0	0	0	0	0	0	-1	0	0	0	0	0	0	0	0	0	0	0	0	0	0	-1	0	0	0	0	0	0	-1	0	0	-1	0	0	0	1	0	0	0	0	-1	0	0	0	0	0	0	0	0	0	0	0	0	
34557302	1	1	0	0	0	0	1	0	0	0	1	0	1	1	0	1	0	1	1	0	0	0	0	0	0	0	1	-1	0	0	0	1	-1	-1	0	0	1	1	1	1	0	1	0	1	0	0	0	0	0	0	0	0	0	-1	0	1	1	1	1	1	1	0	0	0	0	0	0	0	0	1	1	0	-1	0	1	0	-1	0	0	0	1	0	0	1	-1	1	0	1	1	1	1	1	0	0	0	0	1	0	1	0	0	0	1	0	0	0	-1	0	0	-1	1	0	1	1	0	0	0	0	1	1	1	1	0	0	-1	0	0	1	1	1	0	1	0	0	0	0	1	0	0	0	1	0	34557302	36	female	independent	master	married	other:homemaker	white	Roman Catholic	yes	yes
43762146	0	0	0	0	1	0	0	0	1	1	1	1	0	0	0	0	1	1	1	1	1	0	0	0	1	1	0	0	1	1	0	0	0	1	0	0	0	0	1	0	0	0	0	0	1	1	1	0	0	0	0	0	1	1	1	1	0	0	0	0	0	0	0	0	0	0	0	1	1	0	0	0	0	0	1	1	0	0	1	0	0	0	0	0	0	0	1	0	0	1	0	0	1	0	0	1	0	1	0	0	1	1	1	1	0	-1	0	0	0	0	0	0	0	0	0	0	1	1	0	1	0	0	1	0	0	1	0	0	0	0	0	0	0	1	1	1	0	1	1	1	0	1	
40212251	1	1	1	-1	0	0	0	0	1	1	1	-1	0	0	0	0	1	1	-1	-1	1	1	0	1	0	1	0	0	0	1	0	0	0	-1	0	0	0	0	0	0	0	0	0	0	1	1	1	1	1	0	0	0	-1	-1	1	1	0	0	0	0	0	0	0	0	0	0	0	1	0	0	0	0	0	0	0	1	0	0	-1	1	0	0	0	0	0	0	0	0	0	1	0	0	1	0	0	1	0	1	0	0	1	1	1	1	0	0	0	0	0	0	0	1	0	1	0	0	0	0	0	0	0	0	1	0	0	1	0	0	1	1	1	1	0	0	0	1	0	0	1	1	0	1	
43961825	0	0	0	0	0	0	0	0	0	0	0	0	0	0	0	0	0	0	0	0	0	0	0	0	0	0	0	0	0	0	-1	0	-1	1	-1	-1	0	0	0	0	0	0	0	0	0	0	0	0	0	-1	0	0	-1	0	0	0	0	0	1	0	0	0	0	0	0	1	0	1	0	-1	0	0	0	0	0	0	0	0	0	0	0	0	0	0	0	-1	0	0	1	0	0	0	0	0	0	0	0	0	0	1	0	0	-1	-1	0	0	0	-1	0	0	0	0	0	0	0	0	0	0	0	0	0	-1	0	0	0	0	1	0	0	0	0	0	0	0	0	0	0	0	0	0	0	0	43961825	25	female	democrat	vocational_secondary_certification	single_living_alone	employee	american_indian_or_alaska_native	Protestant	yes	yes
20512953	0	0	0	0	1	1	1	-1	1	0	0	0	0	0	-1	0	0	0	0	0	0	0	0	0	1	0	0	0	1	0	0	0	0	0	0	0	0	1	1	0	0	0	0	0	1	0	0	1	0	1	0	0	1	0	0	0	0	0	-1	0	0	0	0	0	0	0	0	0	1	0	0	1	0	1	1	0	0	1	1	0	1	0	1	0	0	0	1	0	0	0	1	0	1	-1	0	0	0	0	0	0	0	1	0	0	0	-1	1	0	0	0	0	0	0	0	0	0	1	-1	0	1	0	0	1	0	0	0	0	0	0	0	1	0	0	1	1	0	0	1	0	0	0	1	20512953	38	female	democrat	bachelor	single_living_with_parents	employee	white	Atheist / Agnostic	yes	yes
43722521	0	0	0	0	1	1	1	1	0	0	0	0	0	0	-1	1	0	0	0	-1	0	0	0	0	1	0	0	0	1	-1	1	1	0	0	0	0	0	1	0	0	0	0	0	0	0	0	0	1	1	1	0	0	0	0	0	0	1	0	0	0	0	0	0	1	0	0	1	0	-1	0	0	0	0	1	0	0	0	1	-1	0	0	0	1	0	0	0	0	0	0	0	0	0	0	0	0	0	0	0	0	-1	0	0	0	0	1	0	-1	0	0	0	0	0	1	1	1	0	0	0	0	0	0	0	1	0	0	0	0	1	0	0	1	0	0	1	1	0	1	0	0	0	1	0	43722521	27	female	democrat	master	single_living_alone	employee	white	Atheist / Agnostic	yes	yes
15448937	0	0	0	0	0	0	0	0	0	0	0	0	0	0	0	0	0	0	1	0	0	0	0	0	0	0	0	0	0	0	0	0	0	0	0	1	0	0	0	0	0	0	0	1	0	0	0	0	1	0	0	0	0	0	1	0	0	0	0	0	0	0	0	1	0	0	1	0	0	0	0	0	-1	1	1	1	0	0	0	0	0	0	0	0	0	0	0	0	0	1	0	0	1	0	0	0	0	1	0	0	0	0	0	0	0	0	0	0	0	0	0	1	0	0	0	0	0	0	0	0	0	0	0	0	0	0	0	0	0	0	0	0	0	0	0	0	0	1	0	0	0	0	15448937	40	male	republican	high_school	single_living_with_partner	employee	white	Atheist / Agnostic	no	yes
33427067	0	0	0	0	0	0	0	0	0	0	0	0	0	0	0	0	0	0	0	0	0	0	0	0	0	0	0	0	0	0	0	0	0	0	0	0	0	0	0	0	0	1	0	0	0	0	0	0	0	0	0	0	0	0	0	0	0	0	0	0	0	0	0	0	0	0	0	0	0	0	0	0	-1	0	1	0	0	0	0	0	0	0	0	0	0	0	0	0	0	0	1	0	0	0	0	0	0	0	0	0	0	0	0	0	0	0	0	0	0	-1	0	0	0	1	0	0	0	0	0	1	0	0	0	0	0	0	0	0	0	0	0	0	0	0	0	0	1	0	0	0	0	0	
43918613	0	1	0	0	1	1	0	0	1	0	0	0	0	0	-1	0	0	0	0	0	0	0	0	0	1	0	0	0	1	0	0	0	0	0	0	0	0	1	-1	0	0	0	0	0	1	0	0	1	0	1	0	0	1	0	0	0	0	1	1	0	0	0	0	0	0	0	0	0	1	0	0	-1	0	1	1	0	1	1	0	0	1	0	1	0	0	0	0	0	0	0	1	0	1	1	0	0	0	0	0	0	0	-1	0	0	0	-1	1	0	0	0	0	0	0	0	0	0	1	-1	0	1	0	0	1	0	0	0	0	0	0	0	1	0	1	1	1	1	0	1	0	1	0	1	
38671298	1	0	0	0	0	0	0	0	0	0	0	0	1	0	0	0	0	0	0	0	0	0	0	0	1	0	0	-1	0	0	0	0	0	0	0	0	1	1	1	1	0	0	0	0	0	1	0	0	1	0	0	0	0	-1	0	1	0	1	0	0	0	0	0	1	0	0	0	0	1	0	0	0	0	0	1	0	0	0	0	0	1	0	0	0	-1	0	0	-1	0	0	0	1	0	0	0	0	0	0	1	0	1	0	0	0	0	0	0	0	1	0	0	0	1	1	0	0	0	0	1	0	0	1	0	0	0	0	0	1	1	1	1	1	0	0	0	0	0	0	0	0	1	1	
38806465	0	0	0	-1	1	0	1	0	1	1	0	0	0	0	0	1	0	0	0	-1	1	1	1	1	0	1	1	0	0	0	0	0	0	0	0	0	0	1	1	0	0	0	0	0	0	0	0	1	0	1	-1	1	1	0	0	0	0	1	0	0	0	0	0	0	1	1	0	0	1	0	0	0	0	1	0	1	0	1	0	1	0	0	0	0	0	0	0	0	0	0	1	1	0	0	0	0	0	0	0	0	0	1	0	1	0	0	0	0	0	0	0	0	0	0	1	1	0	0	1	1	0	1	0	0	0	0	0	0	0	0	0	1	1	0	0	0	1	1	0	0	1	1	
43987213	0	-1	0	0	0	0	0	0	0	0	0	-1	0	1	-1	1	0	0	1	-1	1	1	0	1	1	0	0	0	1	0	1	0	-1	0	0	0	-1	0	1	0	1	1	1	1	1	1	1	1	0	0	-1	0	0	-1	0	1	-1	0	0	1	0	1	1	-1	0	0	0	0	0	1	-1	0	0	0	0	0	1	0	0	1	-1	1	-1	-1	0	-1	0	0	0	0	0	0	0	0	1	0	0	1	0	-1	0	0	1	0	0	0	0	1	0	0	1	0	0	1	1	1	1	0	0	0	0	0	0	-1	-1	1	-1	1	0	1	0	0	0	1	0	1	0	0	0	0	0	0	
36293563	0	0	0	0	0	0	-1	0	0	0	0	0	0	0	0	0	0	0	0	1	0	1	0	0	0	0	0	0	1	1	-1	1	0	1	-1	0	0	0	0	-1	-1	1	0	0	0	0	-1	0	0	0	0	0	-1	0	0	0	-1	0	0	-1	0	0	0	0	0	0	-1	0	0	-1	1	0	0	0	0	0	0	0	0	0	-1	1	-1	1	0	0	0	0	0	0	0	-1	0	0	0	0	0	0	-1	-1	0	0	0	-1	0	0	0	0	1	0	0	0	-1	0	-1	0	0	0	-1	-1	-1	1	1	-1	0	0	0	-1	0	0	0	0	0	0	0	0	0	0	0	0	1	0	36293563	38	female	republican	master	married	employee	white	Protestant	no	yes
43913997	0	0	0	0	-1	-1	-1	1	0	0	0	0	0	0	1	0	0	0	0	0	0	0	0	0	-1	0	0	1	-1	0	0	0	0	0	0	0	0	0	0	0	0	0	0	0	-1	-1	0	0	0	0	1	0	0	1	0	-1	0	0	0	0	0	0	0	0	0	0	0	0	0	0	0	0	0	-1	-1	0	0	-1	-1	0	0	0	0	0	-1	0	-1	0	0	0	0	0	-1	0	0	0	0	0	0	0	0	0	0	-1	0	-1	0	0	1	1	-1	1	0	0	0	0	-1	1	0	0	0	0	0	0	0	0	0	-1	-1	-1	-1	-1	0	-1	-1	0	0	0	0	0	0	-1	
38202325	0	0	0	-1	0	0	1	0	1	1	-1	-1	1	0	0	1	0	0	-1	-1	0	0	0	0	1	0	1	-1	1	1	1	1	-1	0	1	0	0	1	0	-1	1	0	1	1	1	0	1	1	0	1	0	1	1	0	0	0	1	1	1	0	1	1	0	0	1	1	1	0	1	1	1	1	0	1	0	1	0	1	0	1	0	0	0	1	-1	1	1	1	1	1	1	1	1	0	-1	0	0	0	0	1	0	0	1	1	0	-1	1	1	-1	0	0	0	1	1	1	1	0	0	0	0	0	1	0	-1	-1	0	-1	1	0	0	0	1	1	0	0	0	1	0	0	0	1	-1	
43620110	1	0	0	0	0	0	0	0	1	0	0	0	1	1	-1	1	0	0	0	0	0	0	0	0	0	0	0	0	1	0	0	0	0	0	0	0	1	1	0	0	0	0	0	0	0	0	0	0	1	0	0	0	0	0	0	0	0	0	1	0	0	0	0	1	0	0	0	0	0	0	0	-1	0	1	0	0	0	0	0	0	1	0	0	0	0	0	1	0	0	0	1	0	1	0	1	1	0	0	1	0	1	0	0	0	0	1	0	0	1	0	0	0	0	1	0	0	0	0	0	0	0	0	1	0	0	0	0	1	0	0	0	1	0	0	1	0	0	0	0	0	0	0	
43857153	0	0	0	0	0	0	0	0	0	0	0	0	0	0	0	0	0	0	0	0	0	0	0	0	0	-1	0	0	0	0	0	0	0	-1	0	0	0	0	0	0	0	0	0	0	0	0	0	0	0	0	0	0	0	0	0	0	0	0	0	0	0	0	0	0	0	0	0	0	0	0	0	0	0	0	0	1	0	0	0	0	0	0	0	0	0	0	0	0	0	0	0	0	0	0	0	-1	0	0	0	0	0	0	0	0	0	0	0	0	0	0	0	0	0	0	0	0	0	0	0	0	0	0	0	0	0	0	0	0	0	0	0	0	0	0	0	0	0	0	0	0	0	0	
43498762	0	0	0	0	0	0	-1	0	0	0	0	0	0	0	0	0	0	0	0	0	0	0	0	0	0	0	0	0	-1	0	1	0	0	1	0	0	-1	0	0	-1	1	-1	1	-1	0	0	0	0	-1	-1	1	-1	0	0	0	1	0	0	0	-1	1	-1	-1	1	0	0	0	0	0	0	1	0	0	0	0	0	0	0	0	0	0	1	0	0	0	0	0	0	0	0	0	0	0	0	1	0	0	1	-1	0	0	0	0	0	0	0	0	0	0	0	0	0	0	0	0	-1	0	0	0	-1	-1	1	-1	-1	-1	-1	1	-1	0	0	0	0	0	0	0	0	0	0	0	0	0	0	
38153196	0	0	1	0	0	0	1	0	0	1	0	0	0	0	0	0	0	1	0	0	0	0	0	0	1	1	1	-1	0	0	0	0	-1	-1	0	0	-1	0	0	1	1	-1	1	-1	-1	0	1	0	1	0	0	1	0	0	0	0	0	0	0	1	0	1	0	0	1	1	1	1	1	1	1	1	0	0	0	0	0	0	0	0	1	1	1	1	0	0	0	0	1	1	1	1	0	1	0	0	0	0	1	0	0	0	0	1	1	1	1	1	0	0	0	0	1	1	-1	1	0	0	0	1	1	1	1	1	0	0	0	0	0	0	0	0	0	0	0	0	0	0	0	0	0	0	
43990834	0	0	0	0	0	0	0	0	0	0	0	0	0	0	0	0	-1	0	0	0	0	0	0	0	0	0	0	-1	0	0	1	1	1	1	-1	-1	0	0	-1	0	0	0	0	0	0	0	0	0	0	1	0	0	0	0	0	0	0	0	-1	0	0	0	0	0	0	1	0	-1	0	0	0	0	1	0	0	0	-1	1	1	-1	0	0	0	0	1	0	1	-1	-1	0	0	0	0	0	0	0	0	0	0	-1	0	0	1	0	0	1	0	1	-1	0	1	-1	0	0	0	-1	1	1	-1	-1	0	-1	0	0	0	0	-1	0	1	0	0	0	0	0	0	0	1	1	-1	-1	0	0	43990834	90	female	independent	bachelor	single_living_with_partner	unemployedseeking_employment	white	Jewish	no	no
43930419	0	0	0	0	0	0	0	0	0	0	0	0	0	0	0	0	0	0	0	0	0	0	0	0	0	0	0	0	0	0	0	0	0	0	0	0	0	0	0	0	0	0	0	0	1	-1	1	1	0	0	0	0	0	-1	0	0	0	0	0	0	0	0	0	0	0	0	0	0	0	0	1	0	0	0	0	0	0	0	0	0	0	0	0	0	0	1	0	0	0	0	0	0	0	0	0	0	0	0	0	0	0	0	1	0	0	0	0	0	0	0	0	0	0	0	0	0	0	0	0	0	0	0	0	0	0	0	0	0	0	0	0	0	0	0	0	0	0	0	0	0	0	0	
20623511	0	0	0	0	0	0	0	0	0	0	0	0	0	0	0	0	0	0	0	0	0	0	0	0	0	0	0	0	0	0	0	0	0	0	0	0	0	0	0	0	1	-1	1	1	0	0	0	0	0	0	0	0	0	0	0	0	0	0	0	0	0	0	0	0	0	0	0	0	0	0	0	0	0	0	0	0	0	0	0	0	0	0	0	0	0	0	0	0	0	0	0	0	0	0	0	0	0	0	0	0	0	0	0	0	0	0	0	0	0	0	0	0	0	0	0	0	0	0	0	0	0	0	0	0	0	0	0	0	0	0	0	0	0	0	0	0	0	0	0	0	0	0	20623511	40	female	none	vocational_secondary_certification	married	employee	white	Roman Catholic	yes	yes
36968345	0	0	0	0	0	0	0	0	0	0	0	0	0	0	0	0	0	0	0	0	0	0	1	0	0	0	0	0	0	0	0	1	0	0	0	0	0	0	0	0	0	0	0	0	0	0	0	0	0	0	0	0	1	0	0	0	0	0	0	0	0	0	0	0	0	0	0	0	0	0	0	0	0	0	0	0	0	0	0	0	0	0	0	0	0	0	0	0	0	0	0	0	0	0	0	0	0	0	0	0	0	0	0	0	0	0	0	0	0	1	0	0	0	0	0	0	0	0	0	0	0	0	0	0	0	0	0	0	0	0	1	0	1	0	0	0	0	0	0	1	0	0	36968345	39	female	democrat	doc	married	other:parent	white	Atheist / Agnostic	yes	yes
43946798	0	0	0	0	1	0	0	0	0	0	0	0	0	0	0	0	1	-1	1	-1	1	0	0	0	1	1	0	0	0	1	0	0	0	-1	0	0	0	0	-1	0	0	0	0	0	1	1	1	0	0	0	0	0	1	1	1	-1	0	0	0	0	0	0	0	0	0	0	0	0	-1	0	0	0	0	0	1	1	0	0	-1	0	0	0	0	0	0	0	-1	0	0	1	0	0	1	0	0	1	0	1	0	0	1	1	1	1	0	0	0	0	0	0	0	0	0	0	0	0	1	1	0	-1	0	0	0	0	0	0	0	0	0	0	0	0	0	1	0	1	0	1	-1	1	0	-1	
20328071	1	0	0	-1	0	0	0	0	0	0	0	0	0	0	0	0	1	0	0	0	0	0	1	1	0	0	0	-1	1	0	1	1	0	0	1	1	0	0	1	1	0	0	0	0	0	0	0	0	0	0	0	0	1	0	0	0	0	0	0	0	0	0	1	-1	0	0	1	0	0	1	0	1	-1	0	0	0	-1	1	-1	1	0	0	0	0	-1	1	1	1	0	0	0	0	1	1	-1	1	1	0	0	0	1	0	1	0	0	1	0	0	-1	1	1	1	0	0	0	-1	1	-1	1	1	0	0	0	0	0	0	-1	0	1	0	1	0	1	0	1	0	0	1	1	1	0	0	
43589420	0	0	0	0	0	0	0	0	0	0	0	0	0	0	0	0	0	0	0	0	0	0	1	-1	0	0	0	0	1	0	-1	0	0	0	0	0	0	0	0	0	0	0	0	0	0	0	0	0	0	0	0	0	0	0	0	0	0	0	0	0	0	0	0	-1	0	0	0	0	0	0	0	0	0	0	0	0	0	0	0	0	0	0	0	0	0	0	0	1	0	0	0	0	0	0	0	0	0	0	0	0	0	0	0	0	0	-1	0	0	0	0	0	0	0	0	0	0	0	0	0	0	0	0	0	0	0	0	0	0	0	0	0	0	0	0	0	0	0	1	0	0	0	0	
43811627	-1	-1	-1	1	0	0	0	0	0	0	0	0	0	0	1	0	0	0	1	0	1	0	0	0	1	0	0	0	-1	1	1	0	0	0	0	1	1	0	-1	0	-1	1	-1	0	0	0	0	0	0	1	1	1	0	1	-1	-1	-1	0	0	-1	1	-1	-1	1	0	0	-1	0	0	0	0	0	-1	1	1	1	-1	0	0	0	0	1	-1	0	0	0	0	0	0	1	0	0	-1	0	1	0	0	-1	0	-1	0	-1	0	0	0	0	0	1	0	0	0	1	0	0	-1	1	-1	0	0	0	0	0	0	-1	1	1	1	-1	0	0	0	0	0	-1	0	0	0	-1	0	0	0	0	
43787047	0	0	0	0	0	0	0	0	0	0	0	0	0	0	0	0	0	0	0	0	0	0	0	0	0	0	0	0	0	0	0	0	0	0	0	0	0	0	0	0	0	0	0	0	0	0	0	0	0	0	0	0	0	0	0	0	0	0	0	0	0	0	0	0	0	0	0	0	0	0	0	0	0	0	0	0	0	0	0	0	1	1	1	1	0	0	0	0	0	0	0	0	1	-1	-1	1	0	0	0	0	0	0	0	0	0	0	0	0	0	0	0	0	0	0	0	0	0	0	0	0	0	0	0	0	0	0	0	0	0	0	0	0	0	0	0	0	0	0	0	0	0	0	43787047	22	female	democrat	bachelor	single_living_with_parents	student	asien	Atheist / Agnostic	yes	yes
37177227	0	1	0	0	0	0	0	0	0	0	0	0	0	0	0	0	0	0	0	0	0	0	0	0	0	0	0	0	0	0	0	0	0	0	0	0	0	0	0	0	0	0	0	0	0	0	0	0	0	0	0	0	0	0	0	0	0	-1	0	0	0	0	0	0	0	0	0	0	0	0	0	0	0	0	0	0	1	0	0	0	0	0	0	0	0	0	0	0	0	0	0	0	0	0	0	0	0	0	0	0	0	0	0	0	0	0	0	0	-1	-1	1	1	0	0	0	0	0	0	0	0	0	0	0	0	0	0	0	0	0	0	0	0	0	0	0	0	0	0	0	-1	0	0	37177227	32	male	democrat	master	married	employee	white	Roman Catholic	no	yes
43963742	0	0	-1	0	0	0	0	0	0	0	0	0	0	0	0	0	0	0	0	0	0	0	0	0	0	0	0	0	0	0	0	0	0	0	-1	0	0	0	0	0	0	0	0	0	0	0	0	0	0	0	0	0	0	0	0	0	0	0	0	0	0	0	0	0	0	-1	0	0	0	0	0	0	0	0	0	0	0	0	0	0	0	0	0	0	0	0	0	0	0	0	0	0	0	0	0	0	0	0	-1	0	0	0	0	0	0	0	0	0	0	0	0	0	0	0	0	0	0	0	0	0	0	0	0	0	0	0	0	0	0	0	0	0	0	0	0	0	1	-1	1	1	0	0	
43935069	0	0	0	0	1	0	1	0	0	0	0	0	0	0	0	0	0	1	0	0	0	0	0	0	0	1	-1	0	0	0	1	0	-1	-1	-1	-1	0	0	0	0	0	0	0	1	0	0	0	1	0	0	0	0	0	0	0	0	-1	1	1	1	0	0	1	0	0	1	0	0	0	0	0	0	0	0	0	1	-1	0	0	0	0	0	0	0	0	0	1	1	1	1	0	0	0	0	1	1	0	0	0	1	1	0	1	0	0	0	1	1	0	1	0	0	0	0	0	0	0	0	0	0	0	1	0	0	0	0	1	0	-1	0	0	1	0	0	0	0	-1	1	1	1	0	0	
20398835	1	0	0	1	0	0	0	0	0	0	0	0	0	0	0	0	0	0	0	0	0	0	0	0	0	0	0	0	0	0	0	0	0	0	-1	1	0	0	0	0	0	0	0	0	0	0	0	0	0	0	0	0	0	0	0	0	0	0	0	0	0	0	0	0	0	0	0	0	0	0	0	-1	0	0	0	0	0	0	0	0	0	0	0	0	0	0	0	0	0	0	0	0	0	0	0	0	-1	0	0	0	0	0	0	0	0	0	0	0	0	0	0	0	0	0	0	0	0	0	0	0	0	0	0	0	0	0	-1	0	0	0	0	0	0	0	0	0	0	0	1	0	0	0	
43853132	1	-1	0	0	-1	0	-1	0	1	1	1	0	1	1	0	-1	0	0	0	1	0	-1	-1	1	0	-1	0	0	1	0	-1	-1	0	0	1	-1	1	0	0	1	1	0	1	-1	1	1	-1	0	-1	0	0	0	1	0	-1	-1	0	-1	0	0	1	-1	1	1	1	1	1	-1	-1	1	-1	0	-1	0	1	0	1	1	1	0	0	0	1	1	1	1	0	0	0	0	0	0	0	0	0	1	0	-1	0	0	1	0	0	-1	1	0	0	-1	1	1	1	-1	0	-1	1	0	0	-1	-1	0	0	0	0	1	0	-1	0	-1	1	0	-1	1	1	0	-1	-1	0	-1	0	0	1	1	
43605836	0	0	0	0	0	0	0	0	0	0	0	0	0	0	0	0	0	0	1	0	0	0	0	0	0	1	1	0	0	0	0	0	0	0	0	0	0	0	0	0	0	0	0	0	0	0	0	0	0	0	0	0	0	0	0	0	0	0	0	0	0	0	0	0	0	0	0	0	0	0	0	0	0	0	0	0	0	0	0	0	0	0	0	1	1	0	0	0	0	0	0	0	0	0	0	0	0	0	0	0	0	0	0	0	1	0	0	0	0	0	0	0	0	0	0	0	0	0	0	0	0	0	0	0	0	0	0	0	0	0	0	0	0	0	0	0	0	0	0	0	0	1	
15577915	1	1	1	-1	0	0	0	1	1	0	1	-1	1	0	0	0	0	0	0	0	0	0	0	0	0	0	0	0	0	0	0	0	1	0	0	0	0	0	0	1	0	0	0	1	1	1	0	0	0	0	-1	0	0	-1	0	1	0	0	0	0	1	1	0	0	0	0	0	0	0	0	0	1	0	0	0	0	0	0	0	0	0	0	-1	0	0	0	0	0	0	0	0	0	1	0	1	0	0	0	0	0	0	0	0	1	0	0	0	0	0	0	0	0	1	1	1	1	1	0	1	0	0	0	0	1	-1	1	0	0	1	1	1	1	0	0	0	0	0	0	0	0	0	1	
41193378	0	1	0	0	0	0	0	1	0	1	1	-1	-1	0	0	1	1	0	0	0	0	1	1	0	0	0	0	0	0	-1	0	-1	0	-1	-1	0	0	0	0	0	1	0	-1	0	0	0	1	0	0	0	0	0	1	0	0	0	0	0	0	0	1	0	0	0	1	0	0	0	0	1	0	0	0	0	0	0	0	-1	-1	0	0	0	0	0	0	1	0	0	0	0	0	1	0	0	0	1	1	0	0	0	0	0	0	1	-1	0	0	0	0	0	0	0	1	0	0	0	0	0	0	0	-1	0	0	-1	1	1	0	0	0	0	0	0	0	0	0	-1	-1	0	0	0	1	0	
18212596	0	0	0	0	0	0	0	0	0	0	0	0	0	0	0	0	0	0	1	0	0	0	0	0	0	-1	1	0	0	0	0	0	0	0	0	0	0	0	0	0	0	0	0	0	0	0	0	0	0	0	0	0	0	0	0	0	0	0	0	0	0	0	0	0	0	0	0	0	0	0	0	0	0	0	0	0	0	0	0	0	0	0	0	1	-1	0	0	0	0	0	0	0	0	0	0	0	0	0	0	0	0	0	0	0	-1	0	0	0	0	0	0	0	0	0	0	0	0	0	0	0	0	0	0	0	0	0	0	0	0	0	0	0	0	0	0	0	0	0	0	0	0	-1	18212596	34	female	none	vocational_secondary_certification	other:Single living with children	unemployedseeking_employment	black_or_african_american	Atheist / Agnostic	no	yes
13095205	1	1	1	0	0	0	1	-1	0	1	-1	0	1	0	0	0	0	1	0	0	0	1	1	0	1	1	1	-1	0	1	0	1	0	-1	1	0	1	0	0	1	1	1	1	0	1	-1	1	0	1	0	0	1	1	0	-1	0	0	0	0	1	-1	1	0	0	1	1	1	1	1	1	1	0	0	0	0	0	0	1	-1	0	1	-1	-1	1	-1	0	0	0	1	1	1	1	0	-1	0	0	1	0	1	0	0	0	0	1	1	-1	1	1	0	0	1	-1	0	0	0	0	0	-1	-1	1	1	1	1	1	0	1	0	1	1	1	0	0	0	0	0	-1	0	0	0	0	1	1	
43932026	0	1	0	0	0	0	0	0	0	0	0	1	0	1	0	1	0	0	1	1	1	1	0	1	0	0	0	0	1	0	1	0	1	0	0	0	1	0	1	0	1	1	1	1	1	1	1	1	0	0	1	0	0	1	0	1	1	0	0	1	1	1	1	1	0	0	0	0	0	1	1	0	0	0	0	0	1	0	0	1	1	1	1	1	0	1	0	0	0	0	0	0	0	0	1	0	0	1	0	1	0	0	1	0	0	0	0	0	0	0	1	0	0	1	1	1	1	0	0	0	0	0	0	1	0	1	1	1	0	1	0	0	0	1	0	1	0	0	0	0	0	0	
43939704	1	0	0	0	1	0	1	-1	0	0	0	0	1	1	-1	1	0	1	0	0	0	0	0	0	1	0	0	0	0	0	0	0	0	-1	0	0	1	1	-1	1	0	-1	0	0	1	1	0	0	1	1	0	0	0	0	1	1	1	1	1	1	-1	1	0	-1	0	0	0	0	1	0	0	0	1	0	1	0	0	0	0	0	1	1	0	1	1	0	0	-1	1	0	1	0	0	0	0	1	1	1	1	-1	1	0	0	0	0	0	1	0	1	1	0	-1	1	1	0	0	0	-1	0	1	0	0	1	1	0	1	0	1	0	1	1	1	0	1	1	0	1	0	0	0	1	0	
43851130	0	0	0	1	0	0	1	0	1	1	1	1	1	0	0	1	0	0	1	-1	1	1	1	-1	0	1	1	0	0	0	0	0	1	0	0	0	0	1	0	1	0	0	0	1	1	0	0	-1	0	1	1	1	0	0	0	0	0	1	0	0	0	1	0	0	-1	1	0	0	1	1	1	1	0	-1	0	0	0	1	0	1	0	0	0	1	-1	0	0	0	0	0	1	0	0	0	1	0	0	0	0	0	0	0	0	0	0	0	0	0	0	0	0	0	1	1	-1	0	0	0	1	0	0	0	0	1	1	0	0	0	0	0	0	1	1	0	0	0	1	0	0	0	0	1	43851130	25	male	democrat	bachelor	single_living_alone	employee	white	Roman Catholic	yes	yes
21088425	1	0	1	0	1	1	1	1	1	1	1	-1	1	-1	0	1	1	1	0	0	0	1	1	0	1	0	1	-1	0	-1	1	1	-1	-1	1	0	1	1	-1	1	0	1	1	1	1	1	0	1	1	1	0	1	0	-1	0	1	1	1	1	1	1	1	1	1	1	1	0	1	1	0	1	1	-1	1	1	0	1	1	-1	0	1	1	1	1	-1	1	1	1	1	1	1	1	0	1	1	-1	1	1	0	-1	1	0	1	0	0	0	0	1	1	0	-1	1	1	1	0	0	0	-1	0	1	1	1	1	1	-1	1	-1	1	1	1	1	1	0	1	1	1	1	1	1	1	1	1	21088425	56	female	democrat	high_school	single_living_alone	other:disabled	white	Protestant	no	yes
43102561	0	1	0	0	0	0	0	0	0	0	0	-1	0	1	0	1	0	0	1	1	-1	-1	0	1	0	0	0	-1	1	0	1	0	-1	0	0	0	1	0	-1	0	1	1	1	-1	1	1	1	1	0	0	-1	0	0	-1	0	1	1	0	0	1	1	0	0	0	0	0	0	0	0	1	1	0	0	0	0	0	-1	0	0	1	1	0	1	1	-1	1	0	0	0	0	0	0	0	0	-1	0	0	1	0	-1	0	0	1	0	0	0	0	0	0	0	1	0	0	1	1	1	1	0	0	0	0	0	0	-1	-1	0	0	1	1	1	0	0	0	1	0	1	0	0	0	0	0	0	43102561	34	male	independent	master	married	selfemployed	hispanic_american	Protestant	yes	no
43780975	0	0	1	0	0	-1	0	0	0	0	0	0	0	0	0	0	0	0	0	0	0	1	0	0	0	0	0	1	0	0	0	0	-1	1	1	1	0	0	0	0	-1	1	0	0	0	0	1	0	0	1	0	0	0	0	0	0	0	0	1	-1	0	0	-1	0	0	1	1	-1	0	1	0	0	1	0	0	0	0	0	0	1	0	0	0	0	0	1	0	1	0	1	0	0	0	-1	-1	0	0	0	1	0	0	0	0	0	0	0	0	1	0	-1	0	0	0	0	0	0	0	0	0	0	1	0	0	0	0	0	1	0	0	0	0	1	0	0	0	0	0	0	-1	0	0	0	
30721568	0	0	0	0	0	0	0	0	0	0	0	0	0	0	0	0	0	0	0	0	0	0	0	0	0	0	0	0	0	0	0	0	0	0	0	0	0	0	0	0	0	0	0	0	0	0	0	0	0	0	0	0	0	0	0	0	0	0	0	0	0	0	0	0	0	0	0	0	0	0	0	0	0	0	0	0	0	0	0	0	0	0	0	0	-1	1	-1	1	0	0	0	0	0	0	0	0	0	0	0	0	0	0	0	0	0	0	0	0	0	0	0	0	0	0	0	0	0	0	0	0	0	0	0	0	0	0	0	0	0	0	0	0	0	0	0	0	0	0	0	0	0	0	
6377879	0	0	0	0	0	0	0	0	0	0	0	0	0	0	0	0	0	0	0	0	0	0	0	0	0	0	0	0	0	0	0	0	0	0	0	0	0	0	0	0	0	0	0	0	0	0	0	0	0	0	0	0	0	0	0	0	0	0	0	0	0	0	-1	0	0	0	0	0	0	0	0	0	0	0	0	0	0	0	0	0	0	0	0	0	0	0	-1	0	0	0	0	0	0	0	0	0	0	0	0	0	-1	0	0	0	0	0	0	0	0	0	0	0	0	0	0	0	0	0	0	0	0	0	0	0	0	0	0	0	-1	0	0	0	0	0	0	0	0	0	0	0	0	0	
43822436	0	0	0	0	0	0	0	0	0	0	0	0	0	0	1	0	0	0	1	0	1	0	0	0	1	0	0	0	0	1	1	0	0	0	0	1	1	0	0	0	1	-1	1	1	0	0	0	0	1	1	-1	1	0	0	0	0	1	0	0	0	1	1	1	1	0	0	0	0	0	0	0	0	-1	1	1	1	0	0	0	0	0	0	0	0	0	0	0	0	0	1	0	0	0	0	1	0	0	0	0	0	0	1	0	0	0	0	0	1	0	0	0	0	0	0	0	1	0	0	0	0	0	0	0	0	-1	1	-1	1	0	0	0	0	0	0	0	0	0	0	0	0	0	0	43822436	19	female	independent	some_college	single_living_with_parents	student	white	Roman Catholic	yes	yes
21785776	-1	1	0	0	0	0	0	1	0	1	-1	-1	1	0	0	0	1	1	0	0	0	0	1	0	0	0	0	0	0	1	0	1	0	-1	0	0	0	0	0	0	0	0	1	0	-1	1	0	0	0	0	0	0	0	0	-1	0	0	0	0	0	-1	1	0	0	1	0	0	0	0	0	0	0	0	0	0	0	0	1	-1	0	0	0	0	0	0	1	0	0	1	0	0	1	0	0	0	1	1	-1	-1	1	0	0	0	0	0	0	0	0	0	0	0	-1	1	0	0	0	0	-1	0	0	1	0	0	1	-1	1	0	0	0	1	0	0	0	0	0	1	0	0	0	0	0	0	
42870640	0	0	0	0	0	0	0	0	0	0	0	0	0	0	0	0	1	1	1	-1	1	0	0	0	0	0	0	0	0	0	0	0	0	0	0	0	0	0	0	0	0	0	0	0	0	0	1	0	0	0	0	0	0	0	0	0	0	0	0	0	0	0	0	0	0	0	0	0	0	0	0	0	0	0	0	0	0	0	0	0	0	0	0	0	0	0	0	0	0	0	0	0	0	0	0	0	0	0	0	0	1	1	1	1	0	0	0	0	0	0	0	0	0	0	0	0	0	0	0	0	0	0	0	0	0	0	0	0	0	0	0	0	0	0	0	0	0	0	1	1	0	0	
