participant id	Religion should not be in schools.	Freedom of expression is vital to our liberties.	Scientific fact only should be taught in school.	Freedom to choose without discrimination must be done.	Christian religion should be promoted in schools.	Creationism can be mentioned in school as something some people believe.	Parents should help teachers with chats at home.	Freedom of religion is protected by the consitution.	Teaching creationism as well as evolution gives students freedom to choose.	Multiculturalism encourages the teachings of all cultures and beliefs.	People should be allowed to wear any religious symbols they choose.	Religious education should stay in the church and home.	Religion belief should be respected.	Public schools must adhere to fact.	The theory of evolution has many inconcistencies.	Teachers should not have freedom to teach whatever they want to teach to children.	Scince always must be first.	People who want their kids to learn creationism can send their kids to a Christian school.	Science must be taught in detail, not creationism which lacks any kind of facts.	Everyone should be free of thought.	Education on religion must come from the home mainly.	Children should have the freedom to decide if they want to learn about either creationism or evolution or both.	Religious symbols should not be allowed in schools.	If creationism is taught, then everyone others belief system should be taught.	Freedom of speech should apply to teachers as much as anyone else.	Teaching creationism's truth is necessary in upholding the truth of the Bible.	Students also hear the about creation and be presented with evidence for creation.	We should not ban religion signs in schools.	We should not combine schools and religion.	Teaching creationism improves social union.	Separation of church and state: The words SEPARATION and CHURCH are not in the US Constitution.	Education should broaden our horizons. Showing the differences between evolution and creationism allows each student to choose.	Creationism should be taught in school but so should evolution.	Religion has no place in education.	Extremists should be banned from schools.	The school board should decide on a curriculum for all teachers to follow.	Teachers should be able to say what they think as mentors.	People should be able to choose their own religion.	Every body must be free to choose.	Parents should have a say in what they want their children tought.	People in schools should not be made fun of for their religion.	Proponents of creationism only want their own religion taught in schools, no one else's.	The teachers should take a poll on whether to teach creationism.	Creationism in school curricula should be full enforced.	Creationism should include just Christian beliefs versus evolution.	Creationism is not backed by science.	Teaching fact, which can include Bible writings, should be the norm.	Children have the freedom to choose.	Teachers who wished to present a balanced approach to this particular hypothesis should be free.	Each person should be free to choose what to believe in.	Teachers should teach all viewpoints on evolution and creationism in school.	Teachers should not force students to learn evolution.	Evolution should be the predominant discipline taught.	Religion and education must be kept separate.	Give students the freedom to choose but do not teach them creationism.	An additional educational subject could be included for this topic.	Teaching Creationism is helpful.	Creationism is a first amendement right.	Teachers should adhere to the curriculum provided by the school district.	Public opinion is unimportant to whether creationism belongs in science classes.	Inclusion is always better than seclusion.	Children should learn religion at home, not in school.	Religion has no place in a school.	Not eveyrone is interested in religion.	Creationism should be taught at home only.	Allowing students the right to learn bothevolution and creationism opens their minds to understanding the views of others.	Children have the right to choose their own religion in their school.	Many people believe in creationism.	Religion should not be imposed.	Teachers should teach creationism and evolution to broaden the students minds.	Evolution is accepted science.	Creationism is not taught in school because it violates separation of church and state.	Teaching only evolution does not discriminate religious people.	Children should have the freedom not to be misled.	Atheists should be banned from schools.	By leaving religion out of the classroom, we respect the plurality of contrary views.	Help open to different opinions.	Students should have the freedom to learn creationism if they wish.	Secularism should be strictly enforced in schools.	Our school kids deserve the right to hear about creation in school.	We are a multicultural society. Differences in the way people choose to live should be taught in the classroom.	People should be able to express their religion through symbols even at schools.	Creationism is unscientific.	Childrens should have the option to participate or not in the religious activities on school.	We must separate church and state.	Schools can imply either a myopic or anti-religious outlook.	Students should have a choice of what they want to be tought.	Students should be able to learn what they are comfortable learning.	Religion should not be enforced in schools but should be taught.	Knowing about Creationism is important.	The uniqueness that each student brings to the classroom should be celebrated by allowing each student the opportunity to show and tell anything - including their AWANA book, a Bible, the Koran, a hajib, etc.	Religion belongs in church and at home, not in the federally-funded school system.	Religious symbols do not have a place in public schools.	There should not be seperation between state and relegion.	There should be freedom of speech among students.	Creationism is a good method that should be applied in all schools.	Creationism must be taught in school curriculum.	Religion should be tantamount to science.	By banning religious symbols you are banning people from expressing their diverse views.	Children should be taught truthfullt and freely.	Schools should accept different points of view.	Religious schools can teach creationism if that is that is their religion's belief.	Children should know these things from a young age.	The idea that creationists reject mutation or natural selection is ridiculous.	Parents should teach teir beliefs to their children.	Freedom of speech does not include the freedom to preach lies as fact.	Public education should only focus on evolution.	God made science.	Freedom of Speech should be allowed for others and a person of common sense and decency will not abuse this right.	Teachers should have a certain curricula to follow what to teach to children.	Children should have their own choice to learn what they want.	The theory of evolution is a very solid theory that the vast majority of scientists agree upon.	All theories should be taught in school.	Teaching evolution exclusively is dangerous to science and reason.	Attempts to conceal the creationism-evolution controversy from students are dogmatic promotions of evolution.	Creationism should not be tought in a classroom because it goes against some beliefs.	The children should know about this.	Freedom of speech should apply to everyone in schools.	Only teaching evolution is pushing students to think there are no other beliefs.	Parents should teach the creationism in house too.	Creationism should not be denied by those who do not believe and evolution as science and verifiable fact should be accepted teaching as well.	All the kids should have the option to choose their religion.	Everyone has the right to worship his beliefs.	Teachers should not have freedom to teach whatever they wish as fact.	Teachers should not be able to teach students stuff that the students may not believe.	Teachers should not be allowed to teach whatever they wish.	Our schools should teach facts, not beliefs.	Religon must be taught in school.	Children are pliable.	participant id	age	gender	affiliation	education	family status	profession	race	religion	ties2overseas	US citizen
42703498	0	0	0	1	0	0	0	0	1	1	0	0	1	1	1	1	0	1	0	0	0	0	0	0	0	0	1	0	0	1	1	1	0	0	0	0	1	0	0	1	1	0	0	0	0	0	0	0	0	1	1	1	0	0	0	0	1	1	1	1	1	0	0	0	1	0	1	0	1	0	0	0	1	1	1	1	1	1	0	1	0	0	1	1	0	0	0	1	1	1	0	0	1	0	0	0	0	0	0	0	0	0	0	0	0	0	0	0	0	0	0	1	1	0	0	0	0	1	0	0	0	0	0	1	1	1	1	1	1	
22139728	1	1	1	0	0	0	1	0	0	1	1	0	1	1	1	0	0	1	0	0	0	1	0	1	0	0	0	0	1	1	1	1	0	0	1	0	0	0	0	0	0	0	0	0	0	1	0	0	1	0	0	0	0	1	0	1	0	1	0	0	0	0	0	1	0	0	1	0	0	0	0	0	0	1	0	1	1	0	0	0	0	0	0	0	1	0	0	0	0	0	0	1	0	0	1	1	0	1	0	0	0	0	0	0	0	0	0	0	0	1	0	0	1	1	1	1	0	0	0	0	1	0	1	0	0	0	0	1	0	22139728	32	female	democrat	master	single_living_alone	employee	black_or_african_american	other:Christian	yes	yes
42665614	0	0	0	0	0	1	0	0	0	0	0	0	0	0	0	0	0	0	1	0	0	0	0	0	0	0	0	0	0	0	0	0	0	0	0	0	0	0	0	0	0	0	0	0	0	0	0	0	0	0	0	0	0	0	0	0	0	0	0	0	0	0	0	0	0	0	0	0	0	-1	0	0	0	0	0	0	0	0	0	0	0	0	0	0	0	0	0	0	0	0	0	0	0	0	0	0	0	0	0	0	0	0	0	0	0	0	0	0	0	0	0	0	0	0	0	0	0	0	0	0	0	0	0	0	-1	0	0	0	0	42665614	21	female	other	some_college	single_living_alone	student	white	Protestant	yes	no
43736722	0	0	0	0	1	0	0	0	0	0	0	-1	0	-1	0	0	0	0	-1	0	0	0	0	0	0	0	0	0	-1	0	0	0	0	0	0	0	0	0	0	0	0	0	0	0	0	0	0	0	0	0	1	0	0	0	0	0	0	0	0	0	0	0	0	0	0	0	0	0	0	0	0	0	0	0	0	0	0	1	0	0	0	0	0	0	0	0	0	0	0	0	0	0	0	1	0	0	0	0	0	0	0	0	0	0	0	0	0	0	0	0	0	0	0	0	0	0	1	1	-1	-1	1	1	1	-1	0	0	0	0	0	43736722	22	female	independent	some_college	single_living_alone	employee	hispanic_american	other:Christian	yes	no
43860631	1	1	1	1	-1	1	1	1	1	0	1	1	0	0	1	0	0	1	1	0	1	1	0	0	1	1	1	0	0	-1	1	1	0	0	0	1	1	1	0	0	1	0	0	-1	0	1	1	0	1	0	0	-1	1	0	1	0	-1	0	0	0	1	0	0	-1	1	1	0	1	1	1	1	0	1	0	-1	1	0	1	0	1	1	1	0	1	1	1	1	1	1	0	0	0	1	1	1	-1	1	0	0	0	1	1	1	1	1	1	0	1	1	0	1	0	1	0	1	-1	1	1	0	1	1	1	0	-1	-1	0	1	0	1	
5007431	0	0	0	0	0	0	0	0	0	0	0	0	0	0	0	0	0	0	0	0	0	0	0	0	0	0	0	0	0	0	0	0	1	-1	0	0	0	0	1	0	1	-1	-1	-1	0	1	0	0	0	1	0	0	0	0	0	0	0	0	0	0	0	0	0	0	0	0	0	0	0	0	0	0	0	0	0	0	0	0	0	0	0	0	0	0	1	-1	-1	-1	0	0	0	0	-1	0	0	0	0	0	0	0	0	0	0	0	0	0	-1	0	1	1	-1	1	0	1	0	-1	0	0	-1	0	0	0	0	0	-1	0	0	0	0	
39797332	0	0	0	0	0	0	0	0	0	0	0	0	0	0	0	0	0	0	0	0	0	0	0	0	0	0	0	0	0	0	0	0	0	0	0	0	0	0	0	0	0	0	0	0	0	0	0	0	0	0	0	0	1	0	0	0	0	0	1	0	0	0	0	0	0	0	0	0	0	0	0	0	0	1	0	0	0	0	0	0	0	-1	1	0	1	0	0	0	0	0	0	0	1	0	0	0	0	0	-1	0	0	0	0	0	0	0	0	0	0	0	0	0	0	0	0	0	0	0	0	0	0	0	0	0	0	0	0	0	0	39797332	49	male	independent	master	married	employee	white	Atheist / Agnostic	yes	yes
42468998	0	1	0	1	0	0	0	0	-1	0	0	0	0	0	0	-1	-1	0	0	1	1	0	0	1	0	0	0	1	0	0	0	0	1	1	-1	0	1	1	1	1	0	0	1	1	1	-1	1	0	0	0	0	0	1	-1	1	1	0	0	0	0	0	0	0	0	0	1	0	0	0	0	0	0	0	0	0	0	0	0	0	0	0	0	1	0	-1	-1	1	1	0	0	-1	0	1	0	0	1	0	0	-1	1	0	0	0	0	0	1	0	0	1	1	-1	1	0	1	0	0	0	0	-1	0	0	1	0	0	0	0	0	1	0	
27914150	1	1	0	0	0	0	1	0	0	1	1	0	1	0	-1	0	0	0	0	0	0	0	0	0	0	0	0	0	1	-1	-1	-1	0	0	0	0	0	0	0	0	0	0	0	0	0	0	0	0	0	0	0	0	0	1	0	0	0	0	0	0	0	0	0	0	0	0	0	0	0	0	0	0	0	0	0	1	-1	0	0	0	0	0	0	0	0	0	0	0	0	0	0	1	0	0	1	0	0	-1	0	0	0	0	0	0	0	0	0	0	0	0	0	0	0	0	0	0	0	0	0	0	0	0	1	0	0	0	0	-1	0	
43976334	0	1	0	1	1	1	0	1	1	0	1	1	0	0	1	1	1	0	1	0	1	1	1	0	0	1	-1	1	0	1	1	1	0	0	-1	1	0	1	0	1	1	1	-1	1	0	1	1	0	0	1	0	1	1	0	1	0	1	1	-1	1	0	1	1	1	1	1	1	1	1	0	0	1	1	0	1	0	0	0	1	0	1	1	-1	1	1	0	1	1	1	0	0	0	1	1	0	1	1	1	0	1	1	1	1	0	1	1	1	1	1	1	1	-1	0	1	1	1	1	1	0	1	-1	1	0	1	1	1	1	-1	0	
38548574	0	0	0	0	0	0	0	0	0	0	0	0	0	0	0	0	0	0	0	0	0	0	0	0	0	0	0	0	0	0	0	0	0	0	1	0	0	0	0	0	0	0	0	0	0	0	0	0	0	0	0	0	0	0	0	0	0	0	0	1	0	0	0	0	0	0	0	0	0	0	0	0	0	0	0	0	0	0	0	0	0	0	0	0	0	0	0	0	0	0	0	0	0	0	0	0	0	0	0	0	0	0	0	0	0	0	0	0	1	0	0	0	0	0	0	-1	0	0	0	0	0	0	0	0	0	0	0	0	0	
27748798	0	1	0	0	0	0	0	0	0	0	0	-1	0	0	0	0	0	0	0	0	0	0	0	0	0	0	0	0	0	0	0	0	0	0	0	0	0	1	0	0	0	0	0	0	0	0	0	0	0	0	0	0	0	0	-1	0	0	0	0	0	0	0	0	0	0	0	0	0	0	0	0	0	-1	1	-1	-1	0	0	0	0	0	0	0	0	0	0	0	0	0	0	0	0	0	0	0	0	0	0	0	0	0	0	0	0	0	0	0	0	0	0	0	0	0	0	0	0	0	0	0	0	0	0	0	0	0	0	0	0	0	
1933319	0	0	0	0	0	0	0	0	0	0	0	-1	0	0	0	0	0	0	0	0	0	0	0	0	0	0	0	0	-1	0	0	0	1	-1	-1	1	0	0	0	0	0	0	0	0	0	0	0	0	0	0	1	0	0	0	0	0	0	0	0	0	0	0	0	0	0	0	0	0	0	0	0	0	0	0	0	0	0	1	0	0	0	0	0	0	0	0	0	0	0	0	0	0	0	0	0	0	0	0	0	0	0	0	0	0	0	0	0	0	0	0	0	0	0	0	0	0	0	0	0	0	1	1	1	-1	0	0	0	0	0	1933319	37	male	independent	some_college	single_living_alone	employee	white	Protestant	yes	yes
39147083	0	0	0	0	0	0	0	0	0	0	0	0	0	0	0	0	0	0	0	0	0	-1	0	0	0	0	0	0	0	0	0	0	0	0	0	0	0	0	0	0	0	0	0	0	0	0	0	0	0	0	0	0	0	0	0	0	-1	0	0	0	0	0	0	0	0	0	0	0	1	0	0	0	0	0	0	0	0	0	0	0	0	0	0	0	0	0	0	0	0	0	0	0	0	0	0	0	0	0	0	0	0	0	0	0	0	0	0	0	0	0	0	0	0	0	0	0	0	0	0	0	0	1	0	0	0	0	0	0	0	
41966239	0	0	0	0	0	0	0	0	0	0	0	0	0	0	0	0	0	0	0	0	0	0	0	0	0	0	0	0	0	0	0	0	0	0	0	0	0	0	0	0	0	0	0	0	0	0	0	0	0	0	0	0	0	0	0	0	0	0	0	0	0	0	0	0	0	0	0	0	0	0	0	0	0	0	0	0	0	0	0	0	0	0	0	0	0	0	0	0	1	1	1	-1	0	0	0	0	0	0	0	0	0	0	0	0	0	0	0	0	0	0	0	0	0	0	0	0	0	0	0	0	0	0	0	0	0	0	0	0	0	
43869373	0	-1	0	0	0	0	1	-1	0	0	0	-1	0	0	0	0	0	1	0	1	1	1	0	-1	0	0	0	0	0	0	1	0	0	0	1	-1	0	1	-1	1	0	0	0	-1	1	0	1	1	-1	-1	-1	1	1	0	1	0	1	-1	-1	-1	0	-1	0	0	0	0	0	0	0	1	0	0	0	0	0	0	1	1	-1	-1	-1	0	0	0	0	0	0	0	0	0	-1	0	0	0	-1	0	0	-1	1	0	1	-1	1	1	0	-1	1	1	0	0	0	0	0	0	0	1	0	0	0	1	0	0	0	0	-1	-1	0	1	0	43869373	23	male	independent	associate_degree	single_living_alone	employee	black_or_african_american	Roman Catholic	no	yes
43891892	1	0	0	0	1	0	0	0	-1	-1	1	-1	0	0	0	0	0	0	0	0	1	0	1	1	1	0	0	1	0	0	0	0	1	-1	1	1	1	1	-1	0	0	1	1	0	1	1	0	1	0	0	1	1	1	-1	-1	0	-1	0	1	0	1	0	-1	0	1	1	1	1	1	1	1	-1	1	0	0	1	0	1	1	0	0	1	-1	0	-1	0	0	1	1	1	1	-1	1	0	1	0	0	-1	0	1	0	1	-1	-1	1	0	-1	0	0	-1	0	1	0	0	0	0	1	1	0	-1	1	1	1	-1	1	0	-1	0	1	43891892	25	male	none	bachelor	single_living_alone	student	white	Roman Catholic	no	yes
43837109	1	1	0	0	0	0	1	0	0	1	-1	0	1	1	-1	0	0	0	0	0	0	-1	1	0	0	0	0	0	1	1	1	-1	0	1	1	0	0	0	0	0	0	0	0	0	0	0	0	0	1	0	0	0	0	1	0	0	0	0	0	0	0	0	0	0	0	0	0	0	0	0	0	0	0	0	0	1	1	0	0	0	0	0	0	0	1	0	0	0	0	0	0	1	0	0	1	0	0	1	0	0	0	0	0	0	0	0	0	0	0	0	0	0	1	1	1	1	0	0	1	0	0	0	1	0	0	0	0	1	0	
19302668	1	1	-1	1	-1	1	-1	1	1	0	-1	0	0	0	1	-1	1	-1	0	1	1	1	-1	1	0	0	1	1	0	0	1	1	0	0	1	-1	0	0	1	0	1	0	0	-1	-1	0	-1	1	1	1	1	-1	1	0	0	0	1	0	0	-1	0	0	0	1	-1	1	0	1	0	1	0	0	-1	0	-1	0	1	1	-1	1	1	0	0	0	1	1	0	0	1	0	1	0	0	0	1	0	0	-1	0	0	1	1	-1	1	0	0	-1	0	1	0	0	0	0	-1	-1	-1	0	0	0	0	1	1	0	0	-1	-1	1	0	0	19302668	44	female	democrat	high_school	married	employee	white	other:Christian	no	yes
28813722	0	0	0	0	0	0	0	0	0	0	0	0	0	0	0	0	0	0	0	0	0	0	0	0	1	-1	1	-1	0	0	0	0	0	0	0	1	0	0	0	0	0	0	0	0	0	0	0	0	0	0	0	0	0	0	0	0	0	0	0	0	0	0	0	0	0	0	0	0	0	0	0	0	0	0	0	0	0	0	0	0	1	0	0	0	0	0	0	0	0	0	0	0	0	0	0	0	0	0	0	0	0	0	0	0	1	-1	-1	-1	0	0	0	0	0	0	0	0	0	0	0	0	0	0	0	0	0	0	0	0	0	28813722	39	female	independent	high_school	married	unemployedseeking_employment	white	Atheist / Agnostic	yes	yes
20244740	0	0	0	1	0	0	0	0	-1	0	0	0	1	0	1	1	0	-1	0	0	0	0	0	0	0	0	-1	0	0	1	0	0	0	0	0	0	0	0	0	0	0	-1	0	1	0	0	0	0	1	1	-1	0	0	0	0	0	1	-1	-1	1	1	-1	0	0	0	0	-1	0	-1	0	0	0	0	1	0	1	-1	-1	0	0	0	0	1	0	0	0	1	-1	0	1	0	0	0	0	0	0	0	0	0	0	-1	0	0	0	0	0	0	0	0	0	0	1	1	0	0	0	1	-1	0	0	-1	0	0	-1	0	0	0	0	-1	
43676331	1	0	0	0	0	0	0	0	0	0	0	0	0	0	0	0	0	0	0	0	0	0	0	0	0	0	0	0	0	0	0	0	0	0	0	0	0	0	0	0	0	0	0	-1	0	1	0	1	0	1	0	0	0	0	0	0	0	0	0	0	0	0	0	0	0	0	0	0	1	0	0	0	0	0	0	0	0	0	0	0	0	0	0	0	0	0	0	0	0	0	0	0	0	0	0	0	-1	0	0	0	0	0	0	0	0	0	0	0	0	0	0	0	0	0	-1	0	0	0	0	0	0	0	0	0	0	0	0	0	0	
33708599	1	1	0	0	-1	0	1	0	0	1	1	1	1	1	-1	0	0	1	1	0	0	0	0	0	0	0	0	0	1	-1	-1	1	-1	1	1	-1	0	0	0	0	0	1	0	0	0	0	0	0	0	0	1	-1	0	1	0	0	0	0	0	0	0	0	0	0	0	0	0	0	0	0	0	0	0	0	-1	1	1	1	0	0	0	0	0	0	0	0	0	0	0	0	0	1	0	-1	1	0	0	-1	0	0	0	0	0	0	0	0	0	0	0	-1	0	0	0	0	0	0	-1	1	-1	0	-1	1	1	-1	0	0	0	-1	0	33708599	31	female	none	bachelor	single_living_with_partner	employee	white	other:Non religious	yes	yes
39021669	0	0	0	1	-1	1	0	0	0	0	0	1	0	1	0	0	-1	-1	-1	-1	0	0	0	0	0	0	0	0	1	0	0	0	1	0	0	1	0	0	0	0	0	0	0	0	-1	0	0	0	0	0	1	0	-1	0	0	0	1	0	0	0	0	0	0	0	0	0	0	0	0	0	0	0	0	0	0	0	0	1	0	0	0	0	0	0	0	0	0	0	0	0	0	0	0	-1	0	0	0	-1	0	0	0	0	1	0	0	0	0	0	0	0	0	0	0	0	0	0	0	0	0	0	1	1	1	1	0	1	0	0	0	39021669	43	female	democrat	vocational_secondary_certification	single_living_with_partner	employee	other	Roman Catholic	yes	yes
34070076	0	1	0	1	0	0	0	1	0	0	0	0	0	0	-1	0	1	0	0	0	1	0	0	1	1	1	1	1	0	0	0	0	1	0	1	1	-1	0	0	0	1	1	0	0	-1	0	1	0	0	0	0	0	1	-1	-1	1	0	0	0	0	0	0	0	0	0	0	0	0	0	1	1	-1	-1	0	0	0	0	0	-1	0	1	-1	-1	1	0	0	1	-1	0	0	0	0	0	0	0	1	1	0	0	1	0	1	1	0	1	1	-1	1	1	0	-1	0	0	0	0	0	0	0	0	-1	0	1	1	0	0	0	0	1	-1	34070076	30	male	none	bachelor	single_living_alone	employee	asien	Roman Catholic	yes	yes
43847840	0	1	0	1	0	1	0	0	0	0	0	1	1	1	-1	1	0	0	0	0	0	0	0	0	0	0	1	0	1	0	0	0	1	-1	-1	1	0	1	1	0	0	0	0	0	0	0	0	1	0	0	1	0	-1	0	1	0	1	1	1	-1	0	1	0	0	0	0	0	0	1	0	0	0	0	1	0	0	1	1	1	1	0	0	-1	0	0	0	0	0	0	1	0	0	0	0	0	0	0	0	1	0	0	0	1	0	0	0	0	0	0	0	0	1	1	0	0	0	1	1	-1	1	1	1	1	0	1	1	1	-1	0	43847840	31	male	democrat	bachelor	single_living_alone	selfemployed	black_or_african_american	Roman Catholic	yes	yes
31888345	1	0	-1	0	0	0	0	0	1	0	0	0	0	0	0	0	0	-1	0	0	0	0	1	0	1	0	0	0	0	0	0	0	0	0	0	0	0	0	0	-1	1	0	0	0	0	0	0	0	0	0	0	0	0	0	0	1	0	1	0	0	0	0	0	0	-1	1	1	1	0	0	0	0	0	0	0	1	0	1	0	0	0	0	0	0	0	0	0	-1	0	0	0	1	0	0	0	0	0	0	0	0	0	0	1	0	0	0	0	0	0	1	0	0	0	0	0	0	0	0	0	0	0	0	0	1	0	0	0	0	0	31888345	23	female	republican	bachelor	single_living_with_parents	unemployedseeking_employment	asien	Atheist / Agnostic	yes	yes
43855522	1	1	1	0	1	0	-1	0	0	1	1	0	0	1	1	0	0	1	1	0	0	0	1	1	1	0	0	0	1	1	1	0	0	1	0	0	0	0	0	1	0	0	0	0	0	1	0	0	1	0	0	0	0	1	0	1	0	1	0	0	0	0	0	1	0	1	1	0	0	0	0	0	0	-1	0	1	1	0	0	0	0	0	0	0	0	0	0	0	-1	1	-1	0	0	1	1	1	0	1	0	0	0	0	0	0	0	0	0	0	0	-1	0	0	1	0	0	0	0	0	1	0	1	0	-1	0	0	0	0	1	0	43855522	26	male	democrat	bachelor	single_living_alone	employee	white	Roman Catholic	yes	yes
43943585	0	0	0	0	0	0	1	0	0	0	0	0	1	0	0	0	0	0	0	0	0	0	0	0	0	0	0	0	1	-1	-1	1	0	0	0	0	0	0	0	0	0	0	0	0	0	0	0	0	0	0	0	0	0	1	0	0	0	0	0	0	0	0	0	0	0	0	0	0	0	0	0	0	0	0	0	1	1	0	0	0	0	0	0	0	0	0	0	0	0	0	0	0	0	0	1	0	0	0	0	0	0	0	0	0	0	0	0	0	0	0	0	0	0	0	0	0	0	0	0	0	0	0	1	0	0	0	0	-1	0	43943585	27	female	independent	associate_degree	single_living_alone	civil_servant	white	Atheist / Agnostic	yes	no
30408589	0	-1	0	-1	1	1	1	1	0	-1	0	0	0	0	-1	1	-1	0	-1	0	0	1	-1	0	0	-1	1	0	0	1	-1	1	0	0	-1	-1	0	1	0	-1	-1	-1	-1	-1	-1	-1	-1	0	0	-1	0	1	1	0	-1	0	0	-1	-1	0	0	1	-1	-1	1	-1	-1	1	0	0	0	0	1	0	1	0	0	0	0	0	0	1	-1	1	-1	-1	0	0	-1	0	0	0	-1	-1	0	1	-1	-1	0	0	0	0	-1	0	1	-1	-1	-1	0	0	-1	0	0	-1	0	-1	1	0	0	-1	-1	1	0	-1	-1	1	0	-1	0	
15193250	-1	0	0	0	0	0	0	0	0	1	0	-1	0	0	0	0	0	0	0	0	1	0	-1	0	0	1	0	1	-1	0	0	0	-1	-1	0	0	0	1	0	1	0	0	1	-1	1	1	0	-1	0	1	0	0	0	0	0	0	0	1	1	0	0	0	-1	0	0	0	0	0	1	0	0	-1	0	0	0	0	0	0	-1	0	1	0	0	0	0	0	0	0	1	0	0	0	0	0	0	0	0	0	0	0	0	1	0	0	0	0	0	1	0	0	1	0	0	0	1	0	0	1	1	1	0	0	0	0	0	1	-1	0	0	
43981010	0	0	0	0	0	0	0	0	0	-1	0	0	0	0	0	0	0	0	0	0	0	0	0	0	0	0	0	0	0	0	-1	0	0	0	0	0	0	0	0	0	0	0	0	0	0	0	0	0	0	0	0	0	0	0	0	0	0	0	0	0	0	0	0	0	0	0	0	0	0	0	0	0	0	0	-1	1	0	0	0	0	0	0	0	0	0	0	0	0	0	0	0	0	0	0	0	0	0	0	0	0	0	0	0	0	0	0	0	0	0	0	0	0	0	0	0	0	0	0	0	0	0	0	0	0	-1	1	1	-1	0	
19638651	0	0	0	0	0	0	0	0	0	0	0	0	0	0	0	0	0	0	0	0	0	0	0	0	0	0	0	0	0	0	0	0	0	0	0	0	0	0	1	0	0	0	0	0	0	0	0	0	0	1	0	0	0	0	0	0	0	0	0	0	0	0	0	0	0	0	0	0	0	0	0	0	0	0	0	0	0	0	0	0	0	0	0	0	1	1	-1	-1	0	0	0	0	0	0	0	0	0	0	0	0	0	0	0	0	0	0	0	0	1	1	-1	1	0	0	0	0	0	0	0	0	0	0	0	0	-1	0	0	0	0	
11521789	0	0	0	1	-1	0	0	0	0	0	0	0	0	0	0	0	-1	0	0	1	0	0	0	-1	1	0	0	1	0	1	0	0	-1	1	0	0	-1	1	1	1	0	0	-1	0	-1	1	0	0	0	1	0	0	-1	1	-1	0	0	0	1	0	0	0	0	0	0	0	0	0	0	0	0	0	-1	1	-1	1	0	0	0	0	0	1	1	1	1	-1	1	1	0	1	1	0	0	0	0	-1	0	0	1	0	0	0	0	1	0	0	1	0	1	1	1	1	0	1	1	-1	1	0	0	0	0	1	0	0	-1	1	0	0	0	11521789	54	male	republican	some_college	other:Separated	employee	asien	Protestant	yes	yes
43699918	-1	0	0	0	1	0	0	0	0	1	0	0	0	0	0	0	0	1	0	1	0	0	1	0	0	0	0	0	0	0	1	-1	0	0	0	0	1	1	0	1	0	-1	0	0	0	0	0	0	0	0	0	1	0	-1	1	0	0	-1	0	0	0	0	0	0	1	1	0	-1	-1	1	-1	-1	-1	0	0	1	1	0	0	0	0	0	0	1	0	0	0	1	-1	-1	0	0	-1	1	0	0	1	1	-1	1	0	0	1	0	0	0	0	0	0	-1	0	1	0	0	0	0	0	0	0	-1	0	0	0	0	1	1	-1	-1	1	43699918	23	male	republican	some_college	single_living_with_partner	student	hispanic_american	Protestant	yes	yes
41841195	0	0	0	0	0	0	0	0	0	0	0	0	0	0	0	0	0	0	0	0	0	0	1	0	0	0	0	0	0	0	0	0	0	1	0	0	0	0	0	0	0	0	0	0	0	1	0	0	-1	0	0	0	0	0	0	0	0	0	0	0	0	0	0	0	0	0	0	0	0	0	0	0	0	-1	0	0	0	0	0	0	0	0	0	0	0	0	0	0	0	0	0	0	0	0	0	-1	0	0	0	0	0	0	0	0	0	0	0	0	0	0	0	0	0	0	0	0	0	0	-1	0	-1	0	0	0	0	0	0	0	0	41841195	32	female	independent	some_college	single_living_with_partner	other:homemaker	white	Atheist / Agnostic	no	yes
42082009	0	0	0	0	0	0	0	0	0	0	0	0	0	0	0	0	0	0	0	0	0	0	0	0	0	0	0	0	0	0	0	0	0	0	0	0	0	0	0	0	1	-1	-1	-1	0	0	0	0	0	0	0	0	0	0	0	0	0	0	0	0	0	0	0	0	0	0	0	0	0	0	0	0	0	0	0	0	0	0	0	0	0	0	0	0	0	0	0	0	0	0	0	0	0	0	0	0	0	0	0	0	0	0	0	0	0	0	0	0	0	0	0	0	0	0	0	0	0	0	0	0	0	0	0	0	0	0	0	0	0	42082009	28	female	democrat	bachelor	single_living_with_partner	employee	white	Roman Catholic	yes	yes
34689613	0	0	-1	0	0	0	0	1	0	0	0	0	0	0	0	0	0	0	0	0	0	0	0	0	1	-1	-1	1	0	0	0	0	0	0	0	-1	0	0	1	0	0	0	0	0	0	0	0	0	0	0	0	0	0	0	0	-1	0	0	1	0	1	1	0	1	1	0	0	0	0	0	1	0	0	0	0	0	0	-1	0	0	-1	0	0	0	0	-1	0	0	0	0	0	0	0	-1	0	0	0	1	0	-1	0	0	0	0	0	1	-1	0	0	0	0	0	0	0	0	0	0	0	0	0	0	0	0	0	0	0	0	0	0	
40790579	1	1	1	1	1	0	0	0	1	1	1	1	0	1	0	0	0	0	1	1	0	0	0	1	1	1	0	0	1	1	0	0	1	1	1	1	0	1	0	0	0	0	0	0	0	0	0	0	0	0	1	0	1	1	1	0	0	0	1	0	1	0	1	0	0	0	0	1	0	0	0	1	1	1	1	1	0	1	1	0	0	1	1	0	1	0	0	0	0	1	1	0	1	1	1	1	0	0	1	0	0	0	0	1	0	0	0	0	0	0	0	0	0	0	1	0	1	1	1	1	1	1	1	1	0	1	0	0	0	40790579	29	male	democrat	bachelor	single_living_alone	employee	other	Muslim	no	no
43943676	1	0	0	0	-1	1	1	1	0	0	-1	0	0	0	-1	0	0	0	0	0	1	0	0	0	0	0	0	0	1	0	0	0	-1	1	0	1	0	0	0	0	0	0	1	0	0	1	0	1	0	1	0	1	-1	0	0	0	0	0	0	0	0	0	0	1	0	0	0	0	0	0	0	0	0	0	0	0	0	0	0	0	0	0	0	0	-1	-1	1	1	0	0	0	0	1	0	0	0	0	0	0	0	1	-1	-1	1	0	0	0	0	1	1	-1	1	0	-1	1	0	0	1	1	0	-1	1	0	0	0	0	1	0	0	
43606269	1	0	0	0	0	0	0	0	0	1	0	0	0	0	0	0	0	1	0	0	0	0	0	0	0	0	0	0	0	0	1	1	0	0	0	0	1	0	0	1	1	1	1	1	0	0	0	0	0	0	0	1	0	0	0	0	0	1	0	0	0	0	0	0	1	0	0	0	0	0	0	0	1	0	1	1	1	0	0	0	0	0	0	1	0	0	0	0	1	1	0	0	1	0	0	0	0	0	0	0	0	0	0	0	0	0	0	0	0	1	0	0	0	0	0	0	0	0	0	1	0	0	0	1	1	1	1	1	0	
43869435	0	0	1	0	0	0	0	0	0	0	0	0	1	1	0	0	0	1	0	0	0	1	-1	-1	1	0	0	0	0	0	0	1	0	-1	-1	0	0	0	0	-1	0	0	0	0	0	1	0	0	0	0	0	0	0	0	0	1	0	-1	0	0	0	0	0	1	0	-1	1	0	0	0	0	0	0	1	0	0	0	0	0	0	0	0	0	0	-1	0	0	0	1	1	1	-1	0	0	0	-1	0	0	0	0	0	0	0	0	0	0	0	0	0	1	0	0	1	-1	-1	-1	0	0	-1	0	1	0	0	0	0	0	0	0	0	
43967735	-1	1	0	1	1	0	0	-1	1	0	-1	1	0	0	-1	1	-1	-1	0	1	1	0	0	0	0	-1	1	0	0	1	1	1	0	0	-1	1	0	1	0	0	1	1	1	1	-1	0	-1	1	0	-1	0	0	0	0	1	0	-1	0	0	-1	0	-1	-1	-1	1	1	-1	-1	-1	-1	0	1	-1	0	-1	0	0	0	0	0	0	-1	0	1	1	0	0	0	1	0	0	0	-1	0	1	0	1	0	0	0	1	-1	-1	-1	-1	1	0	0	1	0	0	0	1	0	-1	0	1	-1	0	0	-1	0	0	1	-1	-1	-1	0	1	
43510526	0	0	0	0	0	0	0	0	0	0	0	0	0	0	0	0	0	0	0	1	0	0	0	-1	1	0	0	0	0	0	0	0	0	0	0	0	0	0	0	0	0	0	0	0	0	0	0	0	0	0	0	0	0	0	0	0	0	0	0	0	0	0	0	0	0	0	0	0	0	0	0	0	0	0	0	0	0	0	0	0	0	0	0	0	0	0	0	0	0	-1	0	0	0	0	0	0	0	0	0	0	0	0	0	0	0	0	0	0	0	0	0	0	0	0	0	0	0	0	0	0	0	0	0	0	0	0	0	0	0	43510526	30	female	none	bachelor	single_living_alone	retired	hispanic_american	Russian Orthodox	yes	no
43857136	0	0	0	0	0	0	0	0	0	0	0	0	0	0	0	0	0	0	0	0	0	0	0	0	0	0	0	0	0	0	0	0	0	0	0	1	0	0	1	0	0	0	0	0	0	0	0	0	0	1	0	0	0	0	0	0	0	0	0	-1	0	0	0	0	0	0	0	0	0	0	0	0	0	0	0	0	0	0	0	0	0	0	0	0	0	0	0	0	0	0	0	0	0	0	1	0	0	0	0	0	0	0	0	0	0	0	-1	0	0	1	0	1	0	0	0	1	0	0	1	0	0	0	0	0	-1	0	0	0	0	
31613324	0	0	1	0	0	0	0	0	0	0	0	0	1	1	0	0	0	1	0	0	0	1	1	1	1	0	0	0	0	0	0	-1	0	1	1	0	0	0	0	1	0	0	0	0	0	1	0	0	1	0	0	0	0	0	0	1	0	1	0	0	0	0	0	1	0	1	1	0	0	0	0	0	0	1	0	0	0	0	0	0	0	0	0	0	1	0	0	0	1	-1	1	1	0	0	0	1	0	0	0	0	0	0	0	0	0	0	0	0	0	1	0	0	1	1	1	1	0	0	1	0	1	0	0	0	0	0	0	0	0	
43650804	0	0	0	-1	0	0	0	1	0	0	0	0	-1	1	-1	1	0	0	0	0	0	0	0	0	0	0	-1	0	0	0	0	0	0	0	0	0	-1	0	0	0	0	1	0	0	0	0	-1	0	0	0	-1	0	0	0	0	0	-1	-1	1	-1	0	0	0	0	0	0	0	0	1	-1	1	1	1	1	0	0	-1	0	1	-1	0	-1	1	-1	0	0	-1	-1	0	-1	0	0	0	0	0	0	0	0	0	0	0	1	-1	0	0	0	1	0	-1	0	-1	1	-1	0	0	0	0	0	0	-1	0	0	0	1	0	0	0	0	0	
43679467	0	-1	0	0	0	0	0	0	0	1	1	1	1	1	0	0	0	0	1	1	0	0	0	1	1	0	0	0	-1	0	1	1	-1	1	1	1	0	0	0	0	0	0	0	0	0	0	0	0	0	0	1	0	-1	0	0	0	0	0	1	0	0	0	0	0	0	0	0	0	0	0	0	0	1	1	-1	1	1	1	0	0	0	-1	1	0	-1	0	0	0	1	1	1	-1	-1	1	1	0	0	0	1	0	0	0	0	0	0	0	0	0	0	0	0	0	0	0	0	0	1	1	1	-1	1	1	1	-1	0	0	0	1	0	43679467	23	female	democrat	bachelor	single_living_with_parents	employee	white	Roman Catholic	yes	yes
23711512	0	0	0	1	0	0	0	0	0	0	0	0	0	1	1	0	0	0	0	0	0	0	0	0	0	0	-1	0	0	0	0	0	0	0	0	0	-1	0	0	0	0	0	-1	0	0	0	-1	0	1	1	0	0	0	0	0	0	0	0	0	0	0	1	0	0	0	0	0	0	0	0	0	0	0	0	0	0	0	0	0	-1	0	1	0	1	0	0	1	1	0	0	0	0	0	0	0	0	0	0	0	0	1	0	-1	0	0	0	0	0	0	0	1	0	0	0	0	0	-1	0	0	-1	1	0	0	0	0	0	0	0	1	23711512	33	female	independent	vocational_secondary_certification	single_living_alone	employee	white	Protestant	no	yes
18979155	0	0	0	0	0	0	0	0	0	0	0	0	0	0	0	0	0	0	0	0	0	0	0	0	0	0	0	0	0	0	0	1	0	0	0	0	1	0	0	1	0	0	0	0	0	0	0	0	0	0	0	0	0	0	0	0	0	-1	0	0	0	0	0	0	0	0	0	0	0	0	0	0	0	0	0	0	1	0	0	0	0	0	0	1	0	0	0	0	1	1	0	0	0	0	0	0	0	0	0	0	0	0	0	0	0	0	0	0	0	0	0	0	0	0	0	0	0	0	0	0	0	0	0	0	0	0	0	0	0	18979155	26	female	none	high_school	single_living_with_parents	unemployedseeking_employment	white	Atheist / Agnostic	no	yes
34081916	0	1	0	0	0	0	0	0	0	1	-1	0	1	0	0	0	0	0	0	0	0	0	0	0	0	0	0	0	0	0	0	0	0	0	0	0	0	0	0	0	0	0	0	0	0	0	0	0	0	0	0	0	0	0	0	0	0	0	0	0	0	0	0	0	0	0	0	0	0	0	0	0	0	0	0	0	0	0	0	0	0	0	0	0	0	0	0	0	0	0	0	0	0	0	0	0	0	0	0	0	0	0	0	0	0	0	0	0	0	0	0	0	0	0	0	0	0	0	0	0	0	0	0	0	0	0	0	0	0	
12366026	1	1	0	0	0	-1	1	-1	-1	1	0	0	0	0	0	1	-1	0	0	0	1	0	1	-1	0	-1	0	-1	1	1	-1	0	0	0	-1	0	0	0	0	-1	0	-1	-1	0	-1	0	0	1	0	1	0	0	1	1	1	1	-1	1	1	0	0	0	1	1	0	0	0	0	1	0	0	1	0	0	0	0	0	0	1	0	0	1	1	-1	0	0	1	0	-1	0	0	0	0	0	0	0	-1	0	0	1	1	1	0	1	0	1	0	-1	1	0	0	0	0	0	-1	0	-1	1	0	-1	0	1	0	0	1	1	1	-1	0	12366026	23	female	democrat	master	single_living_alone	employee	white	Atheist / Agnostic	yes	yes
35849301	0	0	0	0	-1	0	0	0	0	0	0	0	0	0	0	0	0	0	0	0	0	0	0	0	0	0	0	0	0	-1	0	0	0	0	0	0	0	0	0	0	0	0	0	0	0	0	0	0	0	0	0	0	0	1	0	0	0	0	0	0	0	0	0	0	0	0	0	0	0	-1	0	0	1	0	0	0	0	0	0	0	0	0	0	0	0	0	1	0	0	0	0	0	0	0	0	0	0	0	0	0	0	0	0	0	0	0	1	0	0	0	0	0	0	0	0	0	1	0	0	0	0	0	0	0	0	0	0	0	0	
43684066	0	1	0	1	0	0	1	1	1	0	0	0	0	0	0	1	0	0	0	0	1	1	-1	1	0	1	0	1	0	0	-1	1	1	0	1	1	-1	1	1	1	1	1	0	0	1	0	0	0	0	0	0	0	-1	-1	0	1	0	-1	1	0	0	0	0	1	0	0	1	1	0	0	0	0	0	0	-1	0	0	0	0	0	1	0	-1	0	1	0	0	1	0	0	0	0	0	0	1	1	1	0	0	1	0	1	0	1	1	0	-1	1	1	1	1	-1	0	-1	1	1	0	0	0	-1	0	1	1	1	1	0	0	1	1	
43840741	0	0	0	0	0	0	0	1	0	0	0	0	0	0	0	0	0	0	0	0	0	0	0	0	0	1	0	0	0	0	0	0	0	0	0	0	0	0	0	0	0	0	0	0	0	0	0	0	0	0	0	0	0	0	0	0	0	0	0	0	0	0	0	0	0	0	0	0	0	0	0	0	0	0	0	0	0	0	0	0	0	0	0	0	0	0	0	0	0	0	0	0	0	0	0	0	0	-1	0	1	0	0	0	0	0	0	0	0	0	0	0	0	0	0	0	0	0	0	0	0	0	0	0	0	0	0	0	0	0	43840741	48	female	democrat	vocational_secondary_certification	single_living_with_partner	selfemployed	white	Roman Catholic	no	yes
15004831	0	1	0	1	0	0	0	0	1	1	0	0	0	0	0	1	-1	0	0	1	1	0	0	1	0	0	1	1	0	0	1	0	1	-1	1	1	0	0	0	0	0	0	0	1	-1	0	1	0	0	0	0	-1	-1	-1	-1	1	0	0	0	0	0	0	0	1	0	1	-1	0	0	0	0	0	0	0	-1	1	0	0	0	0	0	0	-1	0	1	0	1	0	0	0	-1	0	0	0	0	1	0	0	1	1	1	1	1	1	1	1	0	0	0	0	0	0	0	0	0	0	0	0	0	0	0	1	0	1	-1	1	1	0	0	
43948769	0	0	0	1	0	0	0	0	1	-1	0	0	1	1	1	-1	0	-1	0	0	0	1	0	0	0	0	1	0	0	1	-1	0	0	0	0	0	0	0	0	0	1	1	-1	-1	0	0	0	0	0	1	1	1	0	0	1	0	1	-1	1	1	1	0	0	0	1	1	1	0	-1	0	0	0	-1	1	-1	1	1	1	0	1	0	0	1	0	1	0	0	1	0	1	0	0	1	0	0	0	0	0	0	0	0	0	0	0	1	1	0	0	0	0	0	1	1	0	0	0	0	1	0	0	0	1	0	1	0	0	0	0	1	
43858972	1	1	0	0	1	0	1	0	0	1	1	0	1	1	1	0	0	0	1	0	0	-1	0	0	0	0	0	0	1	1	1	1	0	0	1	0	0	0	0	0	0	0	0	0	0	0	0	0	0	0	0	0	0	1	0	0	0	0	0	0	0	0	0	0	0	0	0	0	0	0	0	0	0	0	0	1	1	0	0	0	0	0	0	0	-1	0	0	0	0	0	0	1	0	1	1	0	0	1	0	0	0	0	0	0	0	0	0	0	0	0	0	0	1	1	1	1	0	0	0	0	0	0	1	0	0	0	0	1	0	
43836952	0	1	0	0	0	-1	0	1	0	0	0	1	0	0	0	0	1	-1	1	1	1	-1	1	1	0	-1	0	0	0	0	0	0	0	0	0	1	0	-1	1	0	0	0	0	0	1	0	0	1	0	0	0	0	1	0	1	0	1	0	0	0	-1	1	1	0	0	0	0	0	0	0	0	0	0	0	0	0	0	0	0	0	0	0	0	0	0	1	0	0	0	0	0	0	0	0	0	0	0	1	-1	1	0	0	1	0	0	0	0	0	0	0	0	0	0	0	0	0	0	0	0	0	0	0	0	0	0	-1	0	0	0	
30501721	0	1	0	0	0	1	0	0	1	0	0	-1	0	0	0	0	-1	-1	-1	1	-1	1	-1	1	0	0	0	0	0	0	0	0	0	0	0	1	0	1	1	0	0	0	0	-1	-1	0	1	1	1	1	1	1	-1	0	-1	0	1	0	0	0	0	-1	0	0	0	1	0	0	0	1	0	0	0	0	0	0	1	1	-1	1	0	0	0	0	0	0	0	0	0	0	1	0	0	0	0	0	0	-1	1	0	0	0	1	0	0	1	0	0	0	0	0	0	0	0	0	0	0	0	0	0	0	0	0	0	1	1	0	0	0	30501721	32	female	none	vocational_secondary_certification	single_living_with_partner	other:Homemaker	white	other:Christian/Southern Baptist	yes	yes
25955589	0	0	0	0	0	0	0	0	0	0	0	0	0	0	0	0	0	0	0	0	0	0	0	0	0	0	0	0	0	0	0	0	0	0	0	0	0	0	0	0	0	0	0	0	0	0	0	0	0	0	0	0	0	0	0	0	0	0	0	0	0	0	0	0	0	0	0	0	0	1	0	0	1	0	0	0	0	0	0	0	0	0	0	0	0	0	-1	0	0	0	0	0	0	0	0	0	0	0	0	0	0	0	0	0	0	0	1	0	0	0	0	0	0	0	0	0	0	0	0	0	0	0	0	0	0	0	0	0	0	
43642386	-1	1	0	0	0	0	1	0	0	1	1	0	1	0	1	0	0	0	0	1	0	0	0	0	0	0	0	0	1	1	1	1	0	0	0	0	1	0	0	1	0	0	0	1	0	0	0	1	0	0	1	0	0	-1	-1	0	0	1	0	0	1	0	-1	0	0	0	0	1	0	1	0	0	0	0	0	-1	1	0	0	0	0	1	0	1	0	0	0	0	1	1	1	-1	0	-1	1	1	0	-1	0	0	0	0	0	-1	0	0	0	0	0	0	0	0	1	1	1	-1	0	0	0	0	0	0	1	0	0	1	0	-1	1	43642386	34	male	democrat	bachelor	married	selfemployed	hispanic_american	Protestant	yes	yes
10959404	0	0	0	0	0	0	0	0	0	0	0	0	0	1	0	0	1	0	0	0	0	0	0	0	1	0	0	-1	0	0	0	0	0	0	0	0	0	0	0	-1	0	0	0	0	0	0	0	0	0	1	0	0	0	0	0	-1	0	0	0	0	0	0	0	0	0	-1	0	0	0	0	0	0	0	0	0	0	0	0	0	-1	0	0	1	0	0	0	0	-1	0	0	0	0	0	0	0	-1	0	0	0	0	0	0	0	0	0	0	0	0	0	0	0	0	0	0	0	0	0	0	0	0	0	0	0	0	0	0	0	0	0	
43641877	1	1	1	1	1	1	1	1	1	1	1	1	0	0	1	1	0	0	1	0	1	0	0	0	0	-1	0	1	1	0	1	1	0	0	0	0	0	0	0	0	1	1	-1	1	1	1	0	1	0	1	0	1	1	0	0	0	0	0	0	0	0	1	1	0	1	0	0	1	0	-1	-1	1	1	0	1	0	0	0	0	0	1	0	0	0	0	1	0	0	1	0	0	1	0	0	1	0	1	0	0	0	-1	1	1	1	-1	0	0	0	0	0	1	0	0	1	0	1	-1	0	0	1	1	0	0	0	0	-1	1	0	0	
43851278	0	0	1	0	0	0	0	0	0	0	0	0	1	1	0	0	0	-1	0	0	0	1	1	1	-1	0	0	0	0	0	0	1	0	1	-1	0	0	0	0	1	0	0	0	0	0	1	0	0	0	0	0	0	0	0	0	0	0	1	0	0	0	0	0	1	0	1	-1	0	0	0	0	0	0	1	0	0	0	0	0	0	0	0	0	0	1	0	0	0	1	1	1	1	0	0	0	-1	0	0	0	0	0	0	0	0	0	0	0	0	0	1	0	0	1	-1	1	1	0	0	1	0	1	0	0	0	0	0	0	0	0	43851278	25	male	democrat	bachelor	single_living_with_parents	employee	black_or_african_american	Protestant	yes	yes
39531214	0	0	-1	0	0	1	0	-1	1	0	0	0	0	0	0	0	1	0	1	1	1	1	1	1	0	1	0	0	0	0	0	0	0	0	0	0	0	0	1	0	0	0	0	1	0	0	1	0	1	1	1	1	0	0	0	-1	0	0	1	0	1	1	1	-1	1	1	0	0	0	1	-1	0	0	0	0	0	-1	0	-1	-1	0	0	0	1	0	-1	0	0	0	0	1	0	0	1	0	0	0	-1	-1	1	0	0	0	1	0	-1	-1	1	0	-1	0	-1	0	0	0	-1	0	0	-1	0	0	0	0	0	0	0	0	0	0	
27947324	1	1	0	1	-1	0	1	0	0	1	1	0	1	0	1	-1	-1	1	0	0	1	0	-1	1	0	-1	0	1	1	-1	1	1	0	0	1	0	0	1	0	0	1	0	0	0	1	1	0	0	1	0	0	0	-1	1	1	1	0	0	0	0	1	0	-1	1	0	0	0	1	1	1	1	1	0	1	0	1	1	0	0	0	0	1	-1	0	0	0	1	1	0	0	0	1	0	0	1	-1	-1	1	0	1	0	0	1	1	1	0	0	1	0	1	0	0	1	0	0	0	0	0	0	0	1	1	1	0	0	0	0	-1	1	27947324	40	male	democrat	bachelor	married	employee	hispanic_american	Roman Catholic	yes	yes
8921119	0	0	0	-1	0	0	0	0	-1	0	0	0	-1	1	-1	1	0	0	0	0	0	0	0	0	0	0	-1	0	0	0	0	0	-1	1	0	0	-1	1	1	-1	1	1	-1	-1	0	1	0	0	0	1	-1	-1	0	0	0	0	-1	-1	1	1	0	0	0	0	1	0	0	0	1	0	0	0	1	1	0	1	-1	-1	0	-1	0	0	1	0	0	0	0	-1	0	-1	0	0	1	0	0	0	0	0	0	0	0	0	0	0	0	0	0	0	0	0	0	1	-1	-1	0	0	0	0	-1	0	0	0	0	1	0	0	0	0	0	
39513281	0	0	0	0	0	0	0	0	0	0	0	0	0	0	0	0	0	0	0	0	0	0	0	0	0	0	0	0	0	0	0	0	0	0	0	0	0	0	0	0	0	0	0	0	0	0	0	0	0	0	0	0	0	0	0	0	0	0	1	0	-1	1	-1	1	-1	0	0	0	0	0	0	0	0	0	0	0	0	1	0	0	0	0	0	0	0	0	0	0	0	0	0	0	0	-1	0	0	0	0	0	0	0	0	0	0	0	0	0	0	0	0	0	0	0	0	0	0	0	0	0	0	0	0	0	0	0	0	0	0	0	
42864658	1	0	0	0	0	0	-1	0	0	0	0	0	1	0	-1	0	0	0	0	0	0	0	0	0	0	0	0	0	0	0	0	0	0	0	0	0	0	0	0	0	0	0	0	0	0	0	0	0	0	0	0	0	0	0	0	0	0	0	0	0	0	0	0	0	0	0	0	0	0	0	0	0	0	0	0	1	0	0	0	0	0	0	0	0	0	0	0	0	0	0	0	1	0	0	0	0	0	-1	0	0	0	0	0	0	0	0	0	0	0	0	0	0	0	0	0	0	0	0	0	0	0	0	1	0	0	0	0	0	0	42864658	38	male	democrat	some_college	married	employee	white	Protestant	yes	yes
35330747	0	0	1	1	-1	1	1	1	0	1	0	0	0	0	-1	0	0	0	0	0	0	0	-1	0	1	0	1	1	0	0	-1	0	0	0	0	1	-1	0	0	1	1	-1	-1	-1	0	0	-1	0	0	0	0	1	0	0	0	1	0	-1	1	0	0	0	-1	0	-1	0	0	0	0	1	1	0	-1	0	-1	1	0	0	-1	0	1	1	1	0	0	0	-1	1	0	0	0	0	1	0	0	0	-1	-1	1	1	0	1	-1	0	1	-1	1	-1	0	0	1	0	0	0	0	0	0	0	0	-1	0	0	0	0	-1	1	1	-1	0	35330747	22	female	none	some_college	single_living_with_parents	employee	white	Atheist / Agnostic	no	yes
33266010	0	0	0	0	1	0	0	0	0	0	0	1	0	0	0	0	0	0	0	1	0	0	0	1	1	0	0	0	1	1	0	0	1	1	1	1	0	0	0	0	0	0	0	1	0	0	0	1	0	0	0	0	1	1	1	0	0	0	1	0	0	0	0	0	0	0	0	1	0	0	0	0	1	1	1	1	0	-1	0	0	0	1	1	0	1	0	0	0	0	1	1	0	1	0	0	0	0	0	1	0	0	0	0	0	0	0	0	0	0	0	0	0	0	0	1	0	1	1	1	1	1	-1	-1	-1	0	1	0	0	0	
43904063	0	0	0	0	0	0	-1	1	0	0	0	0	0	0	0	0	1	0	0	0	0	-1	0	0	0	0	0	0	0	0	0	0	0	0	0	0	0	0	0	0	0	0	0	0	0	0	0	0	0	0	0	0	0	0	-1	0	-1	0	0	-1	0	0	0	0	0	0	-1	0	-1	0	0	0	0	0	0	0	0	0	0	0	0	0	0	0	0	0	0	0	0	0	0	0	0	0	0	0	0	0	0	0	0	0	0	-1	-1	0	0	0	1	0	0	0	0	0	0	0	0	0	0	0	0	1	0	1	0	0	0	1	0	
37292698	0	0	0	1	0	0	0	0	0	0	0	0	1	-1	1	1	0	-1	0	0	0	0	0	0	-1	0	1	0	0	-1	0	0	0	0	0	0	0	0	0	1	0	0	-1	0	0	0	0	0	1	1	1	0	0	0	0	1	1	1	1	-1	0	1	0	0	0	1	0	0	1	0	0	0	0	1	0	0	-1	0	0	1	0	0	1	0	0	0	1	1	0	1	0	0	0	0	0	0	0	0	0	0	1	0	0	0	0	0	0	0	0	0	0	1	1	0	0	0	1	0	0	0	1	0	0	1	0	0	0	0	1	
34093227	0	0	0	0	0	0	0	0	1	0	0	0	0	0	0	0	0	-1	0	0	0	0	0	0	0	-1	0	0	0	-1	0	0	-1	0	0	0	0	0	0	0	1	0	-1	0	0	0	0	0	-1	0	0	0	0	0	0	0	0	0	0	0	1	1	0	0	0	0	1	0	0	0	0	0	0	0	0	1	0	1	0	1	0	0	0	0	0	0	1	0	0	0	0	0	0	0	0	0	-1	0	0	1	1	0	0	0	0	0	0	-1	0	0	0	0	1	0	0	0	1	1	0	0	1	0	1	0	0	0	0	0	1	
18666417	0	0	0	1	0	0	0	0	0	0	0	0	1	1	1	1	0	0	0	0	0	0	0	0	0	0	1	0	0	0	0	0	0	0	0	0	0	0	1	0	0	0	0	0	0	0	0	0	0	1	1	0	0	0	0	0	1	1	1	1	0	0	0	0	0	0	0	0	1	0	0	0	0	1	0	0	1	0	0	1	0	0	-1	0	0	0	0	-1	0	1	0	0	0	0	0	0	0	0	0	0	0	0	0	0	0	0	0	0	0	0	0	1	1	0	0	0	0	0	0	0	0	0	0	1	-1	0	0	0	0	18666417	57	female	democrat	some_college	single_living_alone	retired	white	Roman Catholic	no	yes
43994669	0	0	0	1	0	0	0	0	1	0	0	0	-1	1	1	1	0	1	0	0	0	0	0	0	0	0	1	0	0	1	0	0	0	0	0	0	1	0	0	0	1	0	1	0	0	0	1	0	1	1	1	0	0	0	0	0	-1	1	-1	-1	1	1	0	0	0	0	-1	0	1	1	0	0	1	1	0	1	1	-1	0	1	0	1	1	1	0	0	1	1	0	1	0	0	0	0	0	0	0	0	0	0	-1	0	1	0	0	0	-1	0	0	0	1	1	1	0	0	0	1	1	0	-1	1	0	0	1	0	0	0	0	1	43994669	24	male	none	associate_degree	single_living_with_partner	selfemployed	white	Atheist / Agnostic	yes	yes
43989034	0	1	0	0	1	1	1	-1	1	0	0	1	0	0	0	1	0	0	1	1	1	1	-1	1	0	1	0	0	0	0	0	0	1	0	1	1	0	1	1	0	1	0	0	1	0	0	1	1	1	1	1	1	1	1	0	1	0	0	0	0	0	1	0	1	0	1	0	0	0	1	0	0	0	0	0	0	1	1	-1	1	0	0	0	0	0	0	1	0	0	0	1	0	0	0	0	0	1	0	1	1	1	0	1	0	0	1	0	1	0	0	0	0	0	0	0	0	0	0	0	0	0	1	1	0	-1	0	0	1	1	
43907115	0	0	-1	0	0	0	0	0	0	0	0	0	0	0	0	0	0	0	0	0	0	0	0	0	1	0	0	0	0	0	0	0	0	0	0	0	0	0	0	1	0	0	0	0	0	0	0	0	0	0	0	0	0	0	0	1	0	1	0	0	0	0	0	0	0	1	1	0	0	0	0	0	0	0	0	0	0	0	0	0	0	0	0	0	0	0	0	0	1	1	1	-1	0	0	0	0	0	0	0	0	0	0	0	0	0	0	0	0	0	0	0	0	0	0	0	0	0	0	0	0	0	0	0	0	-1	1	-1	1	0	43907115	21	male	democrat	high_school	married	student	american_indian_or_alaska_native	Muslim	yes	yes
43942953	1	0	0	0	0	0	0	0	0	1	0	0	0	0	0	0	0	1	0	0	0	0	0	0	0	0	0	0	0	0	1	1	0	0	0	0	1	0	0	1	1	1	1	1	0	0	0	0	0	0	0	1	0	0	0	0	0	1	0	0	0	0	0	0	1	0	0	0	0	0	0	0	1	0	1	1	1	0	0	0	0	0	0	1	0	0	0	0	1	1	0	0	1	0	0	0	0	0	0	0	0	0	0	0	0	0	0	0	0	1	0	0	0	0	0	0	0	0	0	0	0	0	0	1	1	1	1	1	0	
38198526	0	0	0	0	-1	0	0	0	0	0	0	0	0	0	0	0	0	0	0	1	0	0	0	1	1	0	0	0	0	-1	0	-1	0	0	0	0	1	0	0	1	-1	1	-1	-1	0	0	0	1	0	0	-1	0	1	1	1	0	0	1	1	0	0	0	0	0	0	0	0	1	0	0	0	0	1	1	-1	1	1	0	0	0	0	-1	-1	-1	1	0	0	0	-1	-1	-1	0	1	0	0	0	0	0	-1	0	0	0	0	0	0	0	0	0	0	0	0	0	0	0	-1	0	-1	0	0	0	0	0	0	0	0	1	0	0	0	38198526	49	male	democrat	some_college	single_living_with_partner	selfemployed	white	Atheist / Agnostic	no	yes
43912740	0	0	0	0	0	0	0	1	0	0	0	0	0	0	0	1	0	0	0	0	0	0	0	0	0	0	0	0	0	0	0	0	0	0	0	0	0	0	0	0	0	1	0	0	0	0	0	0	0	0	0	0	0	0	0	0	0	0	0	0	0	0	0	0	0	0	0	0	0	0	-1	1	0	0	0	0	0	0	-1	0	0	0	0	0	0	0	0	0	0	0	0	0	0	0	0	0	0	0	0	0	0	1	0	0	0	0	0	0	1	0	0	0	0	0	0	0	0	0	0	0	0	0	0	0	0	0	0	0	0	
29571331	0	1	0	0	0	-1	0	0	1	0	0	1	0	0	0	0	1	-1	-1	1	-1	-1	1	-1	0	1	0	0	0	0	0	0	-1	0	0	1	0	1	-1	0	1	0	0	1	0	0	-1	1	1	-1	1	1	-1	0	1	0	0	0	0	0	0	1	0	0	0	-1	0	0	0	-1	0	0	0	0	0	0	1	-1	1	-1	0	0	0	0	0	0	0	0	0	0	-1	0	0	0	0	0	1	0	1	1	0	0	-1	0	0	1	0	1	0	0	0	0	0	0	0	0	0	0	0	0	0	0	1	0	-1	0	0	0	1	29571331	21	male	democrat	high_school	single_living_with_parents	unemployedseeking_employment	black_or_african_american	Roman Catholic	no	yes
43884123	0	1	0	1	-1	1	1	-1	0	0	-1	1	0	0	0	-1	-1	1	0	1	0	1	-1	-1	0	-1	0	1	0	-1	1	0	-1	0	1	1	1	1	0	1	0	0	-1	-1	0	-1	-1	1	0	1	-1	1	-1	1	0	-1	-1	1	-1	1	0	0	1	-1	1	1	1	-1	1	0	1	1	1	1	-1	1	-1	-1	0	1	0	-1	1	1	0	0	1	1	1	0	1	0	1	0	0	-1	-1	-1	-1	1	-1	0	-1	0	1	1	-1	-1	1	1	1	1	0	0	-1	0	1	0	0	0	0	1	0	-1	1	0	-1	0	1	
13581319	0	1	1	1	0	1	0	0	0	0	0	1	0	0	0	0	0	0	1	0	1	-1	1	1	0	0	0	0	0	0	0	0	-1	0	0	0	-1	1	1	1	0	0	0	0	-1	0	0	1	1	1	1	1	0	0	1	-1	0	0	1	0	1	1	1	1	1	0	0	0	0	-1	-1	0	0	0	0	0	-1	-1	-1	-1	0	0	0	0	0	0	0	0	0	0	0	0	0	-1	0	0	0	0	-1	0	0	0	0	0	0	0	0	-1	0	0	0	0	0	0	0	0	0	0	0	0	0	1	0	0	-1	0	0	0	0	
43984981	0	0	-1	0	0	0	1	0	0	0	1	-1	0	0	1	0	0	0	-1	0	0	0	0	0	0	0	1	1	0	0	0	0	0	0	0	0	0	1	0	0	0	0	0	0	0	0	0	0	0	0	0	0	-1	0	0	0	0	0	0	0	0	-1	0	0	-1	1	0	0	0	0	0	1	-1	0	0	0	0	0	-1	0	0	0	0	0	-1	-1	0	0	1	0	0	0	0	0	1	0	0	0	0	0	0	0	0	0	0	1	0	0	0	0	0	0	0	0	0	0	0	0	0	0	1	0	0	0	0	0	-1	0	0	
34824899	0	0	0	0	0	0	1	0	0	0	0	0	1	0	0	0	0	0	0	0	0	0	0	0	0	0	0	0	0	0	0	0	0	0	0	0	0	0	0	0	0	0	0	0	0	0	0	0	0	0	0	0	0	0	0	0	0	0	0	0	0	0	0	0	0	0	0	0	0	0	0	0	0	0	0	-1	0	0	0	0	0	0	0	0	0	0	0	0	0	0	0	0	0	0	0	0	0	0	0	0	0	0	0	0	0	0	0	0	0	0	0	0	0	0	0	0	0	0	0	0	0	0	1	0	0	0	0	0	0	34824899	41	female	independent	master	single_living_alone	employee	white	Protestant	no	yes
43936844	0	0	0	0	-1	0	0	0	0	0	0	0	0	0	0	0	0	0	0	-1	0	0	-1	0	0	0	0	0	0	0	0	0	0	0	0	0	1	1	-1	1	0	0	0	0	0	0	0	0	0	0	0	0	0	1	0	0	0	0	0	0	0	0	0	0	1	-1	1	1	1	1	1	-1	0	0	0	0	0	0	0	0	1	1	-1	1	0	0	0	1	0	0	0	1	0	1	0	0	1	-1	1	1	0	0	1	0	1	0	0	0	0	0	0	-1	0	0	0	0	0	0	0	0	0	0	0	0	0	0	0	0	1	
43936834	-1	1	0	0	1	0	1	0	0	1	1	0	1	0	1	0	0	0	0	1	0	0	-1	0	0	0	0	0	0	0	0	0	1	-1	0	0	1	1	0	0	0	0	-1	-1	0	1	0	1	0	0	-1	0	0	1	0	0	0	0	0	0	1	0	-1	0	-1	1	-1	-1	-1	0	1	-1	0	0	0	1	0	0	0	0	0	-1	0	0	1	-1	1	1	0	0	0	-1	-1	-1	0	-1	1	-1	1	1	0	0	1	-1	1	0	0	0	-1	1	1	0	0	-1	0	0	0	0	-1	0	0	0	1	0	0	0	0	0	1	43936834	29	male	democrat	some_college	married	employee	hispanic_american	Roman Catholic	yes	no
12115558	0	0	1	1	0	0	0	1	0	1	1	1	1	1	1	0	-1	1	1	0	1	0	-1	0	0	-1	-1	0	1	-1	0	1	0	0	1	0	-1	0	0	1	1	1	-1	0	-1	0	-1	0	1	1	0	0	0	0	0	0	-1	0	-1	0	1	1	1	0	0	0	1	1	0	-1	1	-1	1	1	-1	1	0	1	-1	-1	1	1	0	1	0	-1	-1	0	0	0	1	0	-1	-1	1	-1	-1	0	0	0	1	1	-1	0	0	0	-1	1	-1	0	-1	0	-1	0	-1	1	1	1	0	1	1	0	0	0	0	0	1	0	1	12115558	64	female	democrat	bachelor	married	retired	white	Roman Catholic	yes	yes
43689028	0	0	0	0	0	0	0	0	0	0	0	0	0	0	0	0	0	0	0	0	0	0	0	0	0	0	0	0	0	0	0	0	0	0	0	0	0	0	0	0	0	0	0	0	0	0	0	0	0	0	0	0	0	0	0	0	0	0	0	0	0	0	0	0	0	0	0	0	0	0	0	0	0	0	0	0	0	0	0	0	0	0	0	0	0	0	0	0	0	0	0	0	0	0	0	0	-1	1	-1	-1	0	0	0	0	0	0	0	0	0	0	0	0	0	0	0	0	0	0	0	0	0	0	0	0	0	0	0	0	0	
43866745	0	0	0	0	-1	0	0	0	0	0	0	0	0	1	0	0	0	0	-1	0	0	0	0	0	0	0	0	0	0	0	0	0	1	-1	0	0	0	0	1	0	0	0	-1	0	0	-1	0	0	0	1	0	0	0	0	0	0	0	0	0	0	0	0	0	0	0	0	0	0	0	0	0	0	0	0	0	0	0	0	0	0	0	0	0	0	1	-1	-1	-1	0	0	0	0	-1	-1	0	0	0	0	0	0	0	0	0	0	0	0	-1	0	1	0	-1	-1	0	1	0	-1	0	0	1	0	0	0	0	0	-1	0	0	0	0	43866745	43	female	none	associate_degree	married	employee	white	Protestant	yes	yes
43992695	0	0	0	0	0	0	0	0	0	0	0	0	0	0	0	0	0	0	0	0	0	0	0	0	0	0	0	0	0	0	0	0	0	0	0	0	0	0	0	0	0	0	0	0	0	0	0	0	0	0	0	0	0	0	0	0	0	0	0	0	0	0	0	0	-1	1	1	1	0	0	0	0	0	0	0	0	0	0	0	0	0	0	0	0	0	0	0	0	0	0	0	0	0	0	0	0	0	0	0	0	0	0	0	0	0	0	0	0	0	0	0	0	0	0	0	0	0	0	0	0	0	0	0	0	0	0	0	0	0	
43806326	0	0	-1	0	0	0	0	0	0	0	0	0	1	1	0	0	0	1	0	0	0	-1	1	-1	1	0	0	0	0	0	0	1	0	1	1	0	0	0	0	1	0	0	0	0	0	1	0	0	1	0	0	0	0	0	0	1	0	1	0	0	0	0	0	1	0	1	1	0	0	0	0	0	0	1	0	0	0	0	0	0	0	0	0	0	1	0	0	0	1	1	1	1	0	0	0	-1	0	0	0	0	0	0	0	0	0	0	0	0	0	-1	0	0	1	1	1	-1	0	0	-1	0	1	0	0	0	0	0	0	0	0	43806326	26	male	democrat	bachelor	single_living_with_parents	employee	white	Protestant	yes	yes
43986037	-1	0	0	0	0	0	0	0	0	0	0	0	0	0	1	0	0	0	0	0	0	0	0	0	0	0	0	0	1	1	1	1	0	0	0	0	0	0	0	0	0	0	0	0	0	0	0	0	0	0	0	0	0	1	0	0	0	0	0	0	0	0	0	0	0	0	0	0	0	0	0	0	0	0	0	0	1	0	0	0	0	0	0	0	0	0	0	0	0	0	0	-1	0	0	1	0	0	1	0	0	0	0	0	0	0	0	0	0	0	0	0	0	0	0	0	0	0	0	0	0	0	0	0	0	0	0	0	-1	0	43986037	55	female	republican	some_college	married	selfemployed	white	Protestant	yes	yes
43498598	1	1	-1	-1	1	1	0	0	1	1	0	0	0	0	-1	-1	1	0	1	0	1	1	1	0	0	1	0	1	1	0	1	1	1	1	1	1	0	1	0	1	1	1	-1	1	0	0	1	1	0	-1	0	1	1	0	0	0	0	1	0	0	-1	1	1	0	1	0	0	-1	1	0	0	1	-1	1	1	0	0	0	0	0	0	0	0	1	-1	1	0	0	1	0	0	0	0	1	1	-1	1	1	1	-1	0	0	1	1	0	1	1	1	0	0	1	0	0	0	1	1	1	0	1	1	1	-1	1	0	1	-1	0	-1	0	
37799090	0	0	0	1	0	0	0	1	0	0	0	0	1	1	-1	0	0	0	0	0	0	0	0	0	0	0	1	0	0	0	0	0	0	0	0	0	1	0	0	0	0	1	1	0	0	0	1	0	1	0	1	0	0	0	0	0	1	1	1	-1	1	1	0	0	0	0	1	0	-1	1	1	-1	-1	1	0	0	1	0	-1	1	0	1	-1	1	0	0	1	1	0	1	0	0	0	0	0	0	0	0	0	0	1	1	1	0	0	0	-1	0	1	0	1	1	1	0	0	0	1	1	0	-1	1	0	0	-1	0	0	0	0	-1	37799090	24	female	independent	high_school	single_living_with_partner	unemployedseeking_employment	white	Buddhist	no	yes
43861611	0	0	0	1	0	0	0	0	0	0	0	0	1	0	1	0	0	-1	0	0	0	0	0	1	0	0	1	0	0	0	0	1	0	0	0	0	-1	0	0	0	0	0	0	0	0	0	-1	0	1	0	0	0	0	0	0	0	0	0	0	0	0	0	0	1	0	0	0	0	0	0	0	0	0	0	0	0	0	0	0	0	0	1	0	1	0	0	0	-1	0	0	0	0	0	0	0	0	0	0	0	0	0	0	1	0	0	0	0	0	0	1	-1	0	1	0	0	0	0	0	0	-1	0	0	0	0	0	0	0	0	0	43861611	28	female	independent	bachelor	married	unemployedseeking_employment	white	Protestant	no	yes
38858920	0	0	0	0	0	0	0	0	0	0	0	0	0	0	0	0	0	0	0	0	0	0	0	0	0	0	0	0	0	0	0	0	0	0	0	0	1	0	1	0	0	0	0	0	0	0	0	0	0	0	0	0	0	1	0	0	0	0	0	0	1	0	-1	0	0	0	0	0	0	0	1	0	0	0	0	0	0	0	0	0	0	0	0	0	0	-1	0	0	0	0	0	0	0	0	0	0	0	0	0	0	0	0	0	0	0	0	0	0	0	0	0	1	0	0	0	0	0	0	0	0	0	0	0	0	0	0	0	0	0	38858920	41	female	republican	doc	single_living_alone	unemployedseeking_employment	white	Roman Catholic	yes	yes
34554100	0	1	0	0	0	1	0	0	1	0	0	1	0	0	0	0	1	1	-1	1	1	1	-1	1	0	0	0	0	0	0	0	0	0	0	0	1	0	1	1	0	0	0	0	1	0	0	1	1	1	1	1	1	-1	0	-1	0	0	0	0	0	0	1	0	0	0	1	0	0	0	1	0	0	0	0	0	0	1	1	-1	1	0	0	0	0	0	0	0	0	0	0	1	0	0	0	0	0	0	0	1	0	0	0	1	0	0	1	0	0	0	0	0	0	0	0	0	0	0	0	0	0	0	0	0	0	1	0	0	0	0	34554100	30	female	independent	high_school	single_living_with_partner	selfemployed	white	other:baptist	no	yes
43944033	0	0	-1	0	0	0	0	1	0	0	0	0	0	0	0	0	0	0	0	0	0	0	0	0	1	0	1	-1	0	0	0	0	0	0	0	1	0	0	1	0	0	0	0	0	0	0	0	0	0	0	0	0	0	0	0	1	0	0	0	0	1	0	-1	0	0	0	0	0	0	0	1	0	0	0	0	0	0	0	0	0	1	0	0	0	0	1	0	0	0	0	0	0	0	0	0	0	0	1	0	1	0	0	0	0	1	1	1	1	0	0	0	0	0	0	0	0	0	0	0	0	0	0	0	0	0	0	0	0	0	
43876255	0	0	0	0	0	0	0	-1	0	0	0	0	0	0	0	-1	0	0	0	0	0	0	0	0	0	0	0	0	0	0	0	0	0	0	0	0	0	0	0	0	0	1	0	0	0	0	0	0	0	0	0	0	0	0	0	0	0	0	0	0	0	0	0	0	0	0	0	0	0	0	-1	-1	0	0	0	0	0	0	-1	0	0	0	0	0	0	0	0	0	0	0	0	0	0	0	0	0	0	0	0	0	0	1	0	0	0	0	0	0	1	0	0	0	0	0	0	0	0	0	0	0	0	0	0	0	0	0	0	0	0	43876255	27	male	independent	associate_degree	married	employee	white	Protestant	no	yes
30410452	0	0	1	0	0	0	0	0	0	0	0	0	0	0	0	0	0	0	0	0	0	0	0	0	0	0	0	0	0	0	0	0	0	0	0	0	0	0	0	0	0	0	0	0	0	0	0	0	0	0	0	0	0	0	0	-1	0	1	0	0	0	0	0	0	0	0	1	0	0	0	0	0	0	0	0	0	0	0	0	0	0	0	0	0	0	0	0	0	1	-1	1	-1	0	0	0	0	0	0	0	0	0	0	0	0	0	0	0	0	0	0	0	0	0	0	0	0	0	0	0	0	0	0	0	0	0	0	0	0	0	30410452	22	male	democrat	associate_degree	single_living_with_partner	employee	white	Atheist / Agnostic	no	yes
43811734	0	1	0	0	0	1	0	0	1	0	0	1	0	0	0	0	0	0	-1	1	1	1	1	1	0	-1	0	0	0	0	0	0	1	0	0	1	0	1	1	0	1	0	0	-1	0	0	-1	1	1	1	1	1	-1	0	1	0	0	0	0	0	0	1	0	0	0	-1	0	0	0	-1	0	0	0	0	0	0	1	1	-1	1	0	0	0	0	0	0	0	0	0	0	1	0	0	0	0	0	-1	0	-1	1	0	0	1	0	0	1	0	1	0	0	0	0	0	0	0	0	0	0	0	0	0	0	1	0	1	0	0	0	1	
43751819	0	0	0	0	0	0	0	0	0	0	0	0	0	0	0	0	0	0	0	0	0	0	0	0	0	0	0	0	0	0	0	0	0	0	0	0	0	0	0	0	0	0	0	0	0	0	0	0	0	0	0	0	0	0	0	0	0	0	0	0	0	0	0	0	0	0	0	0	0	0	0	0	0	0	0	0	0	0	0	0	0	0	0	0	0	0	0	0	0	0	0	0	0	0	0	0	0	0	0	0	0	0	0	0	0	0	-1	0	0	-1	0	0	0	0	0	-1	0	0	1	0	0	0	0	0	0	0	0	0	0	43751819	32	male	independent	bachelor	married	employee	white	other:Christian	no	yes
43393412	0	0	0	0	1	0	0	0	0	0	1	0	0	0	0	0	0	0	0	1	0	0	1	0	0	0	0	0	0	0	0	0	0	0	0	0	-1	1	0	0	0	0	0	0	0	0	0	0	0	0	0	0	0	1	0	0	0	0	0	0	1	0	-1	0	1	-1	-1	1	1	0	-1	-1	0	0	0	0	0	0	0	0	0	1	0	0	0	0	0	1	0	0	0	0	0	1	0	-1	1	1	-1	-1	0	0	-1	1	-1	0	0	0	0	0	0	1	0	0	0	0	0	0	0	0	0	0	1	0	0	0	0	0	-1	
43916681	1	0	0	0	1	0	0	0	0	1	1	0	0	0	0	0	0	1	0	-1	0	0	1	0	0	0	0	0	0	0	-1	1	0	0	0	0	1	1	0	1	0	-1	0	1	0	0	0	1	0	0	1	1	0	1	0	0	0	1	0	0	1	0	-1	0	1	1	1	1	1	1	1	-1	0	0	1	1	1	0	0	0	0	1	0	-1	0	0	0	1	-1	1	0	1	0	1	0	1	-1	1	1	-1	0	0	1	-1	1	0	0	0	0	1	0	1	0	0	0	0	0	0	0	1	0	0	1	1	-1	1	1	-1	1	43916681	24	male	none	associate_degree	single_living_with_parents	student	hispanic_american	Roman Catholic	yes	yes
43859850	0	0	0	0	0	0	0	0	0	0	0	0	0	0	0	0	0	0	0	0	0	0	0	0	0	0	0	0	1	1	-1	1	0	0	0	0	0	0	0	0	0	0	0	0	0	0	0	0	0	0	0	0	0	1	0	0	0	0	0	0	0	0	0	0	0	0	0	0	0	0	0	0	0	0	0	0	-1	0	0	0	0	0	0	0	0	0	0	0	0	0	0	0	0	0	1	0	0	0	0	0	0	0	0	0	0	0	0	0	0	0	0	0	0	0	0	0	0	0	0	0	0	0	0	0	0	0	0	1	0	
6309240	0	0	0	1	0	0	0	0	0	0	0	0	0	0	0	0	0	0	0	0	0	0	0	0	0	0	1	0	0	0	0	0	0	0	0	0	0	0	0	0	0	0	0	0	0	0	0	0	0	0	1	0	0	0	0	0	0	0	0	0	0	0	0	0	0	0	0	0	1	0	0	0	0	1	0	0	1	0	0	1	0	0	1	0	0	0	0	0	0	1	0	0	0	0	0	0	0	0	0	0	0	0	0	0	0	0	0	0	0	0	0	1	1	0	0	0	0	0	0	0	0	0	0	1	0	0	0	0	0	6309240	50	female	republican	bachelor	single_living_with_parents	employee	asien	Roman Catholic	yes	yes
31349958	1	1	-1	-1	-1	1	1	-1	1	1	-1	0	1	1	0	1	1	0	1	0	1	1	-1	1	1	0	1	-1	0	-1	-1	0	0	-1	1	1	0	0	0	1	-1	0	0	0	1	-1	-1	1	1	0	0	-1	1	0	0	0	0	1	0	0	0	1	0	1	-1	0	1	1	1	1	-1	0	1	1	1	0	0	0	1	0	0	-1	0	1	1	1	-1	-1	1	0	0	1	-1	1	0	1	0	1	0	0	0	-1	1	1	-1	0	1	0	0	0	0	-1	1	0	1	1	0	0	1	0	1	-1	0	1	0	-1	-1	-1	0	31349958	37	female	republican	vocational_secondary_certification	single_living_alone	unemployedseeking_employment	white	Atheist / Agnostic	yes	yes
31585018	0	0	0	0	0	0	0	0	0	0	0	0	0	0	0	0	0	0	0	-1	0	0	0	1	1	0	0	0	0	0	0	0	0	0	0	0	0	0	1	0	0	0	0	0	0	0	0	0	0	0	0	0	0	0	0	0	0	0	0	0	1	0	1	0	0	0	0	0	0	0	0	0	0	0	0	0	0	0	0	0	0	0	0	0	0	-1	0	0	0	-1	0	0	0	0	0	0	0	0	0	0	0	0	0	0	0	0	0	0	0	0	0	0	0	0	0	0	0	0	0	0	0	0	0	0	0	0	0	0	0	31585018	30	female	democrat	associate_degree	married	unemployedseeking_employment	white	Atheist / Agnostic	no	yes
43912578	0	0	1	0	0	0	0	-1	0	0	0	0	0	0	0	0	-1	0	0	0	0	0	0	0	1	1	1	1	0	0	0	0	0	0	0	-1	0	0	1	0	0	0	0	0	0	0	0	0	0	0	0	0	0	0	0	1	0	0	1	0	1	1	-1	1	-1	0	0	0	0	0	1	0	0	0	0	0	0	1	0	0	1	0	0	1	0	1	0	0	0	0	-1	0	0	-1	0	0	0	-1	0	1	0	0	0	1	1	-1	-1	-1	0	0	0	0	0	0	0	0	0	0	0	0	0	0	0	0	0	0	0	0	0	
43938234	0	0	0	0	0	1	0	0	1	0	0	0	0	0	0	0	0	0	1	0	1	1	1	1	0	0	0	0	0	0	0	0	0	0	0	0	1	1	1	1	0	0	0	0	0	0	0	1	0	0	0	0	0	0	0	0	0	0	0	0	0	1	0	0	0	1	0	0	0	1	0	0	0	0	0	0	1	1	1	1	0	0	0	0	0	0	0	0	0	0	0	0	0	0	0	0	0	0	0	0	0	0	0	0	0	-1	0	0	0	0	0	0	0	0	0	0	0	0	0	0	0	0	0	0	1	0	0	0	0	
43651516	0	0	0	0	0	0	0	0	0	0	0	1	0	0	0	0	0	-1	0	0	0	0	0	0	0	0	0	0	1	-1	0	0	-1	-1	1	1	0	0	0	0	1	-1	1	1	0	0	0	0	0	0	1	0	0	0	0	0	0	0	0	0	0	0	0	0	0	0	0	0	0	1	0	0	1	0	0	0	0	1	0	1	0	0	0	0	0	0	1	0	0	0	0	0	0	0	0	0	0	0	0	0	0	0	0	0	0	0	1	0	0	0	0	0	0	0	0	0	1	1	-1	1	-1	-1	1	1	0	0	0	0	1	
43959216	0	0	-1	0	0	0	0	0	0	0	0	0	1	1	0	0	0	1	0	0	0	1	1	-1	-1	0	0	0	0	0	0	1	0	1	1	0	0	0	0	-1	0	0	0	0	0	-1	0	0	0	0	0	0	0	0	0	1	0	1	0	0	0	0	0	1	0	-1	-1	0	0	0	0	0	0	1	0	0	0	0	0	0	0	0	0	0	1	0	0	0	1	1	-1	-1	0	0	0	-1	0	0	0	0	0	0	0	0	0	0	0	0	0	1	0	0	0	-1	1	1	0	0	1	0	1	0	0	0	0	0	0	0	0	
41127744	0	0	0	1	0	0	0	0	1	1	0	0	0	1	0	0	0	1	0	0	0	0	0	0	0	0	1	0	0	1	1	0	0	0	0	0	0	0	0	0	1	1	1	1	0	0	0	0	1	1	1	1	0	0	0	0	0	0	0	0	-1	1	0	0	1	0	1	0	1	0	0	0	-1	1	-1	0	1	1	0	0	0	0	-1	0	0	0	1	1	0	1	0	0	1	0	0	0	0	0	0	0	1	0	0	0	0	0	0	0	0	0	0	-1	1	0	0	0	-1	1	0	0	1	0	0	-1	1	1	1	-1	0	
43842980	0	1	0	0	0	1	0	0	1	0	0	1	0	0	0	0	-1	1	0	1	1	1	1	1	0	0	0	0	0	0	0	0	0	0	0	1	-1	1	1	1	0	0	0	1	0	0	1	1	1	1	1	1	1	0	1	0	0	0	0	0	0	1	0	0	0	1	0	0	0	1	0	0	0	0	0	0	1	1	1	1	0	0	0	1	0	0	0	0	0	0	1	0	0	0	0	0	0	0	1	0	0	0	1	-1	0	1	0	0	0	0	0	0	0	0	0	0	0	0	0	0	0	0	0	0	1	0	0	0	0	
37305088	0	0	0	0	0	0	0	0	0	0	0	0	0	0	0	0	0	0	0	0	0	0	1	0	0	0	0	0	0	0	0	0	0	1	0	0	0	0	0	0	0	0	0	0	0	0	0	0	-1	0	0	0	0	0	0	0	0	0	0	0	0	0	0	0	0	0	0	0	0	0	0	0	0	0	0	0	0	0	0	0	0	0	0	0	0	0	0	0	0	0	0	0	0	0	0	0	0	0	0	0	0	0	0	0	0	0	0	0	0	0	0	0	0	0	0	0	0	0	1	0	0	0	0	0	0	0	0	0	0	
6363996	0	0	0	0	0	0	0	1	0	0	0	0	0	0	0	0	0	0	0	0	0	0	0	0	0	-1	0	0	0	0	0	0	0	0	0	0	0	0	0	0	0	0	0	0	0	0	0	0	0	0	0	0	0	0	0	0	0	0	1	0	1	1	1	1	1	0	0	0	0	0	0	0	0	0	0	0	0	1	0	0	0	0	0	0	0	0	0	0	0	0	0	0	0	-1	0	0	0	-1	0	1	0	0	0	0	0	0	0	0	0	0	0	0	0	0	0	0	0	0	0	0	0	0	0	0	0	0	0	0	0	
42013631	-1	1	0	0	1	0	1	0	0	1	1	0	0	1	-1	0	0	1	1	0	0	1	0	-1	0	0	0	0	1	1	1	0	0	0	-1	0	0	0	0	0	0	0	0	0	0	0	0	0	1	0	0	0	0	1	0	0	0	0	0	0	0	0	0	1	0	0	0	0	0	0	0	0	0	0	0	1	1	0	0	0	0	0	0	0	-1	0	0	0	0	0	0	1	0	-1	1	0	0	-1	0	0	0	0	0	0	0	0	0	0	0	-1	0	0	-1	0	0	0	0	0	0	0	0	0	1	0	0	0	0	-1	0	42013631	23	male	independent	some_college	single_living_alone	employee	white	Atheist / Agnostic	no	yes
8308030	0	1	0	1	0	0	0	0	-1	1	0	0	0	0	0	1	1	0	0	0	1	0	0	1	0	-1	0	1	0	0	-1	0	-1	0	-1	0	0	0	0	0	1	0	0	0	-1	0	0	0	0	0	0	-1	1	1	-1	-1	0	0	0	0	0	0	0	0	1	-1	0	0	0	0	0	0	1	0	-1	1	0	0	0	0	0	0	1	0	0	0	-1	0	0	0	0	0	-1	0	0	-1	-1	0	1	1	0	0	0	0	0	1	0	1	0	0	0	0	0	0	0	0	0	0	0	0	0	1	1	0	0	0	0	-1	1	
43861467	0	1	0	0	0	1	1	1	1	0	0	1	0	0	0	0	1	1	1	1	0	1	1	0	0	1	0	0	0	1	1	0	0	0	1	1	0	1	1	1	0	1	0	0	1	1	1	1	0	0	0	0	1	0	1	0	1	1	1	1	1	0	-1	1	0	0	0	0	0	1	0	0	0	0	0	0	0	0	0	0	1	0	0	0	0	1	0	0	0	0	0	0	0	0	1	0	0	0	0	-1	-1	1	1	1	0	1	1	1	1	0	1	0	0	0	0	1	0	0	0	1	0	0	0	0	1	1	0	1	0	43861467	32	male	democrat	bachelor	single_living_with_parents	unemployedseeking_employment	black_or_african_american	Roman Catholic	yes	yes
39675153	-1	0	0	0	0	0	0	0	0	0	0	0	0	0	0	0	0	1	0	0	0	0	0	0	0	0	0	0	0	0	0	0	0	0	0	0	0	0	0	0	0	0	0	0	0	0	0	0	0	0	0	0	0	0	0	0	0	0	0	0	0	0	0	0	0	0	0	0	0	0	0	0	0	0	0	0	0	0	0	0	0	0	0	0	0	0	0	0	0	0	0	0	0	0	0	0	0	0	0	0	0	0	0	0	0	0	0	0	0	1	0	0	0	0	0	0	0	0	0	0	0	0	0	-1	0	0	0	0	0	
42768322	0	0	0	0	0	0	0	0	1	0	0	0	0	1	0	0	0	0	0	0	0	0	0	0	0	0	0	0	0	0	0	1	0	0	0	0	1	0	0	1	1	1	1	-1	0	0	0	0	0	1	0	1	0	0	0	0	0	-1	0	0	1	0	0	0	-1	0	1	0	0	0	0	0	1	0	0	-1	1	1	0	1	0	0	0	1	0	0	0	1	1	1	0	0	-1	0	0	0	0	0	0	0	0	0	0	0	0	0	0	0	0	0	0	0	1	0	0	0	0	1	0	0	0	0	0	0	-1	1	-1	1	0	
43945424	0	0	0	0	0	0	0	0	0	0	0	0	0	0	0	0	0	0	0	0	0	-1	0	0	0	0	0	0	0	0	0	0	0	0	0	0	0	0	0	0	0	0	0	0	0	0	0	0	0	0	0	0	0	0	1	0	-1	0	0	0	0	0	0	0	0	0	1	0	-1	0	0	0	0	0	0	0	0	0	0	0	0	0	0	0	0	0	0	0	0	0	0	0	0	0	0	0	0	0	0	0	0	0	0	0	1	0	0	0	0	0	0	0	0	0	0	0	0	0	0	0	0	-1	0	-1	0	0	0	0	0	
41545007	1	1	1	0	-1	1	1	1	0	1	1	1	1	0	0	1	-1	0	1	0	1	1	0	0	1	-1	1	-1	0	0	1	1	0	0	0	1	0	1	1	0	1	1	0	0	0	0	0	0	-1	1	1	1	1	0	0	-1	-1	0	1	0	-1	1	1	1	1	0	0	-1	1	0	1	0	-1	0	-1	1	0	1	-1	0	0	-1	-1	1	0	0	0	0	-1	0	1	1	0	-1	1	0	0	-1	0	1	1	1	1	0	1	1	0	-1	1	1	1	1	1	-1	1	0	0	1	1	0	1	1	1	0	1	1	1	0	0	
15016371	0	0	0	0	0	0	1	1	0	0	0	0	0	0	0	0	-1	0	0	0	0	-1	0	0	0	0	0	0	0	0	0	0	0	0	0	0	0	0	0	0	0	0	0	0	0	0	0	0	0	0	0	0	0	0	0	0	0	0	0	-1	0	0	0	0	0	0	0	0	0	0	0	0	0	0	0	0	0	0	0	0	0	0	0	0	0	0	0	0	0	0	0	0	0	0	0	0	0	0	0	0	0	0	0	-1	0	0	0	0	1	0	0	0	0	0	0	0	0	0	0	0	0	0	0	0	0	0	0	1	0	15016371	56	female	republican	bachelor	married	selfemployed	white	Roman Catholic	yes	yes
43917255	0	0	0	0	0	0	0	0	0	0	1	0	0	0	0	0	0	0	0	0	0	0	0	0	0	0	0	0	0	0	0	0	0	0	0	0	0	0	1	0	0	0	0	-1	0	0	0	1	0	1	1	0	0	0	-1	0	0	0	0	0	1	0	1	0	0	0	0	1	0	0	0	0	0	0	0	0	0	0	0	0	0	1	0	0	0	0	0	0	0	0	1	0	0	0	0	-1	0	0	0	0	0	0	0	1	0	0	0	0	0	0	0	1	0	0	1	0	0	0	0	0	0	0	1	0	-1	1	0	0	0	43917255	30	female	democrat	bachelor	single_living_alone	employee	white	Atheist / Agnostic	yes	yes
43974080	0	0	0	0	0	0	0	0	1	0	0	0	0	0	0	0	0	0	0	1	0	0	0	0	0	0	0	0	0	0	0	0	0	0	0	0	0	0	0	0	0	0	0	1	0	0	-1	0	0	0	0	0	0	0	0	0	0	0	0	0	0	0	0	0	0	1	0	0	0	0	0	0	0	0	0	0	0	0	0	0	0	0	0	0	0	0	0	0	0	0	1	0	0	0	0	0	0	0	-1	0	0	0	0	0	0	1	0	0	0	0	0	0	0	0	0	0	0	0	0	0	0	0	0	0	0	0	0	0	0	
41192746	0	0	0	0	0	1	0	0	0	0	0	0	0	0	0	0	0	0	1	1	0	0	0	0	0	0	0	0	0	0	0	0	0	0	0	0	0	0	0	0	0	0	0	-1	-1	0	1	0	0	0	0	0	0	0	0	0	1	0	0	0	0	0	0	0	0	0	0	0	0	1	0	0	0	0	0	0	0	0	0	0	0	0	0	0	0	0	0	0	0	0	1	0	0	0	0	0	0	-1	0	0	0	0	0	0	0	0	0	0	0	0	0	0	0	0	0	0	0	0	0	0	0	0	0	0	-1	-1	0	0	0	
41986015	0	0	0	1	0	0	0	0	1	0	0	0	1	1	-1	1	0	1	0	0	0	0	0	0	0	0	1	0	0	-1	0	0	0	0	0	0	0	0	0	0	1	0	-1	0	0	0	0	0	-1	1	1	0	0	0	0	0	1	-1	1	-1	1	-1	0	0	0	0	1	0	1	0	0	0	0	1	0	1	1	1	0	1	0	0	1	0	0	0	1	1	0	1	0	0	0	0	0	0	0	0	0	0	1	0	0	0	0	0	0	0	0	0	0	-1	1	0	0	0	1	1	0	0	1	0	0	1	0	0	0	0	1	41986015	62	female	none	bachelor	single_living_alone	retired	hispanic_american	Roman Catholic	yes	no
19838540	0	1	0	1	0	0	0	0	1	0	0	0	0	0	0	-1	-1	0	0	0	1	0	0	-1	0	1	0	1	0	0	0	0	1	-1	1	0	1	1	1	-1	1	-1	1	0	-1	1	0	0	0	0	0	0	1	-1	1	1	0	0	0	0	0	0	0	1	0	0	0	0	0	0	0	0	0	0	0	0	0	0	0	0	0	0	-1	0	0	0	1	0	0	0	0	0	-1	0	0	1	1	0	0	1	0	0	0	0	0	0	0	1	0	0	0	0	0	-1	0	0	0	0	-1	0	0	1	1	0	-1	0	0	1	1	
6413571	0	0	0	0	1	0	0	0	0	0	0	0	0	1	0	0	0	0	1	0	0	0	0	0	0	0	0	0	0	0	0	0	0	0	0	0	0	0	0	0	0	0	0	0	0	0	0	0	0	0	0	0	0	0	0	0	0	0	0	0	0	0	0	0	0	0	0	0	0	0	0	0	0	0	0	0	0	0	0	0	0	0	0	0	0	0	0	0	0	0	0	0	0	-1	0	0	0	0	0	0	0	0	0	0	0	0	0	0	0	0	0	0	0	0	0	0	0	0	0	0	0	0	0	0	0	0	0	0	0	
41676062	0	0	0	0	0	0	0	0	0	0	0	0	0	0	0	0	0	0	0	0	0	0	0	0	0	0	0	0	0	0	0	0	0	0	0	0	0	0	0	0	0	0	1	0	0	0	0	0	1	0	0	0	0	0	0	0	0	0	0	0	0	-1	0	0	0	0	0	0	0	0	0	0	0	0	0	0	0	0	0	0	0	0	0	0	0	0	-1	0	0	0	0	0	0	0	0	0	0	0	0	0	1	0	0	0	0	0	0	0	0	0	0	0	0	0	0	0	1	0	0	0	1	0	0	0	0	0	0	0	1	
39501628	0	0	1	1	1	1	1	1	0	0	1	0	0	0	0	-1	0	1	-1	0	0	0	0	0	1	1	1	1	0	-1	0	0	1	0	0	1	1	0	0	0	1	-1	-1	0	0	0	1	0	1	0	0	0	0	0	0	1	0	0	1	0	0	-1	-1	-1	-1	1	1	0	0	1	1	-1	-1	0	0	0	0	1	-1	1	-1	1	0	1	-1	-1	1	1	1	0	0	0	0	1	0	0	1	0	0	1	1	-1	1	-1	1	1	-1	1	1	0	1	0	1	0	0	0	1	1	0	1	1	0	1	0	0	0	-1	0	0	
43888123	0	0	0	0	0	0	0	0	0	0	0	0	0	0	0	0	0	0	0	0	0	0	0	0	0	0	0	0	0	0	0	0	0	0	0	0	0	0	0	0	0	0	0	0	0	0	0	0	1	1	-1	-1	0	0	0	0	0	0	0	0	0	0	0	0	0	0	0	0	0	0	0	0	0	0	0	0	1	1	1	-1	0	0	0	0	0	0	0	0	0	0	0	0	0	0	0	0	0	0	0	0	0	0	0	0	0	0	0	0	0	0	0	0	0	0	0	0	0	0	0	0	0	0	0	0	0	0	0	0	0	43888123	23	female	democrat	bachelor	single_living_with_partner	student	white	Protestant	no	yes
43932665	0	0	0	0	-1	0	0	0	0	0	0	0	0	0	0	0	0	0	0	0	0	0	0	0	0	0	0	0	0	0	0	0	0	0	0	0	0	1	0	0	0	-1	0	0	0	0	0	0	0	0	0	-1	0	0	0	0	0	0	0	0	0	0	0	0	0	0	0	0	1	1	1	-1	0	0	-1	0	0	0	0	0	0	0	0	0	0	0	0	0	0	0	0	-1	0	0	0	0	0	0	0	0	0	0	0	0	1	0	0	0	0	0	0	0	0	0	0	0	0	0	0	1	0	0	0	0	0	0	0	0	0	
43934710	0	0	0	0	0	0	0	0	0	0	0	0	0	0	0	1	0	0	0	0	-1	0	0	0	0	0	0	0	0	0	-1	0	0	0	0	0	0	0	0	0	1	0	0	0	0	0	0	0	0	0	0	0	0	0	0	0	0	0	0	0	0	0	0	0	0	0	0	1	0	0	0	0	0	0	-1	0	0	0	0	0	0	0	0	0	0	0	0	0	0	0	0	0	0	0	0	0	0	0	0	0	0	0	0	0	0	0	0	0	0	0	0	0	0	1	0	0	0	0	0	0	0	0	0	0	0	0	0	0	0	
22345789	0	0	1	0	0	0	0	0	0	0	0	0	0	0	0	0	-1	1	-1	1	0	0	0	0	-1	1	1	1	0	0	0	0	1	-1	1	1	0	0	1	0	0	0	-1	-1	0	-1	0	0	0	1	0	0	0	0	0	1	0	0	0	0	0	0	0	0	-1	1	1	1	1	0	1	1	0	0	0	0	0	0	0	0	-1	0	0	0	0	0	0	0	0	0	0	0	0	0	0	0	-1	0	0	0	0	0	0	0	1	1	1	1	0	0	0	1	0	0	0	1	1	0	0	0	0	0	0	0	-1	0	0	0	0	22345789	62	female	independent	associate_degree	single_living_alone	employee	white	other:Christian	no	yes
16854635	0	0	0	0	-1	-1	0	0	0	0	0	1	0	1	0	0	0	0	1	0	0	0	0	0	0	0	0	0	1	0	-1	0	-1	1	1	1	0	0	1	0	0	0	0	0	0	0	0	0	0	1	1	0	1	0	0	0	0	0	1	0	1	0	0	0	0	0	-1	0	0	0	0	0	0	1	0	0	0	-1	0	0	0	-1	1	0	1	0	0	0	0	0	0	0	1	-1	0	0	0	0	-1	0	1	0	0	0	0	1	0	0	0	0	0	1	-1	0	0	0	1	1	1	-1	1	-1	1	1	-1	0	0	0	0	
40107272	0	1	0	1	-1	0	0	0	0	0	1	0	0	0	0	1	0	0	0	1	1	0	0	1	1	0	0	1	0	-1	0	0	1	0	1	0	0	0	0	0	0	0	0	-1	-1	0	0	1	0	0	1	0	-1	1	1	1	0	0	0	0	1	0	1	0	0	0	0	1	0	-1	0	0	-1	1	-1	1	0	0	0	0	0	-1	1	1	0	0	-1	0	0	1	1	0	0	-1	0	0	-1	-1	1	1	0	0	0	0	0	0	0	0	0	0	0	0	0	0	1	0	1	0	0	0	0	1	1	0	0	1	0	-1	1	
43942386	0	0	-1	1	0	0	0	1	0	0	0	0	0	0	1	-1	-1	0	0	0	0	0	0	0	1	1	1	1	0	0	0	0	0	0	0	1	1	0	1	0	0	1	0	0	0	0	1	0	0	0	0	0	0	0	0	1	0	0	1	0	1	-1	-1	1	-1	0	0	0	0	0	-1	1	0	0	0	0	0	1	-1	0	1	1	0	0	0	-1	0	-1	0	0	1	0	0	1	0	0	0	1	0	1	0	1	1	-1	1	-1	0	1	1	1	-1	0	0	0	0	-1	0	0	1	1	0	0	0	0	0	0	0	0	0	
20430407	1	1	0	1	-1	1	1	1	0	0	0	0	0	0	0	1	0	0	-1	0	1	0	0	0	0	0	1	-1	1	0	-1	0	0	0	0	0	0	0	0	0	1	0	0	-1	-1	1	1	1	0	0	0	0	-1	0	0	0	0	0	0	0	0	-1	0	0	-1	1	0	1	1	0	0	0	-1	0	-1	0	0	0	0	0	0	0	0	0	1	-1	0	0	1	0	0	0	0	0	1	0	0	0	0	0	0	0	0	0	0	1	0	0	0	0	0	0	0	0	0	0	0	1	0	0	0	0	0	0	0	0	0	0	0	
36276573	0	0	0	0	0	0	0	0	0	0	0	0	0	0	0	0	0	0	0	0	0	0	0	0	0	0	0	0	0	0	0	0	0	0	0	0	0	0	0	0	1	-1	-1	1	0	0	0	0	0	0	0	0	0	0	0	0	0	0	0	0	0	0	0	0	0	0	0	0	0	0	0	0	0	0	0	0	0	0	0	0	0	0	0	0	0	0	0	0	0	0	0	0	0	0	0	0	0	0	0	0	0	0	0	0	0	0	0	0	0	0	0	0	0	0	0	0	0	0	0	0	0	0	0	0	0	0	0	0	0	
18869867	0	0	-1	0	0	0	0	0	0	0	0	0	0	0	0	0	0	0	0	0	0	0	0	0	1	-1	1	1	0	0	0	0	0	0	0	1	0	0	0	0	0	0	0	0	0	0	0	0	0	0	0	0	0	0	0	1	0	0	0	0	0	0	0	0	0	0	0	0	0	0	-1	0	0	0	0	0	0	0	0	0	1	0	0	0	0	0	0	0	0	0	0	0	0	0	0	0	0	0	0	0	0	0	0	0	1	-1	-1	1	0	0	0	0	0	0	0	0	0	0	0	0	0	0	0	0	0	0	0	0	0	18869867	67	female	republican	bachelor	single_living_alone	retired	white	Protestant	yes	yes
43941355	1	0	1	0	-1	0	0	0	0	0	0	0	-1	1	0	0	0	0	0	1	0	1	1	0	0	0	0	0	0	1	0	1	0	1	1	0	0	0	0	-1	0	1	0	0	0	1	0	0	-1	0	0	0	1	1	0	0	0	1	-1	0	0	0	0	-1	1	1	1	0	0	0	0	0	1	1	-1	0	0	0	0	0	0	-1	1	0	1	0	0	0	-1	0	-1	1	1	0	0	-1	0	0	-1	0	0	0	0	0	0	0	0	0	0	1	0	0	1	0	0	0	-1	0	1	-1	-1	0	0	-1	0	0	0	0	0	43941355	21	male	republican	associate_degree	single_living_alone	civil_servant	white	Atheist / Agnostic	yes	yes
43875818	0	0	0	0	0	-1	0	0	1	0	0	0	0	0	0	0	0	0	0	0	0	0	1	0	0	0	0	0	0	1	1	0	0	0	0	0	0	0	0	1	0	-1	0	0	1	-1	-1	1	0	0	0	0	0	0	0	0	-1	1	1	0	0	0	0	1	0	0	0	0	0	0	0	0	0	0	0	0	0	0	0	0	1	0	0	0	0	0	0	0	0	0	0	0	0	0	0	0	0	0	0	0	1	0	0	0	0	1	0	-1	0	0	1	0	0	0	0	0	0	0	0	1	0	0	0	0	-1	0	0	0	0	
34557302	1	1	1	1	-1	0	0	1	0	0	0	0	0	1	0	0	1	0	1	0	0	0	0	0	0	-1	0	-1	0	0	0	0	-1	1	0	0	0	0	1	0	0	0	-1	-1	0	1	0	0	0	0	0	0	0	0	0	1	0	0	1	0	1	1	1	1	1	0	0	0	1	0	1	1	0	0	0	0	0	1	0	0	1	1	1	1	1	-1	1	1	0	0	-1	0	1	-1	0	0	-1	1	0	1	0	0	0	1	0	0	1	-1	1	1	1	1	0	-1	0	1	0	1	0	1	0	0	0	0	0	-1	0	0	0	34557302	36	female	independent	master	married	other:homemaker	white	Roman Catholic	yes	yes
43762146	1	0	0	0	1	0	0	0	0	1	0	0	0	0	0	0	0	1	0	0	0	0	0	0	0	0	0	0	0	0	1	1	0	0	0	0	1	1	0	1	1	1	1	1	0	0	0	0	0	0	0	1	0	-1	0	0	0	1	0	0	0	0	0	0	1	0	0	0	1	1	1	1	1	0	1	1	1	0	0	0	0	0	0	1	0	0	0	0	1	1	0	1	1	0	0	0	0	0	0	0	0	0	0	0	1	0	0	0	0	1	0	1	0	0	0	0	0	0	0	1	0	0	0	1	1	1	1	1	0	
40212251	0	0	0	1	0	0	0	1	0	0	0	0	1	1	1	1	0	0	0	0	0	0	0	0	0	0	1	0	0	0	0	0	0	0	0	0	0	0	0	0	1	1	1	-1	0	0	0	0	0	0	1	1	0	0	0	0	1	1	1	1	0	0	0	0	1	0	0	0	1	0	1	1	-1	1	0	0	1	0	1	1	0	0	-1	0	0	0	0	0	0	1	0	0	1	0	0	0	0	0	0	0	0	-1	0	0	0	0	0	0	1	0	0	1	1	0	0	0	0	0	0	0	0	0	0	1	1	1	1	-1	0	
43961825	0	0	0	0	0	-1	0	0	0	0	0	0	0	0	0	0	0	0	0	0	0	-1	0	0	0	0	-1	0	0	0	1	0	0	0	0	0	0	0	0	0	0	0	0	0	0	0	0	0	0	0	0	1	0	0	1	0	-1	0	0	0	0	0	0	-1	0	-1	1	0	1	0	0	0	0	0	0	0	0	0	0	0	0	0	0	0	1	0	0	0	0	0	0	0	0	0	0	0	0	0	0	0	-1	0	0	0	-1	-1	0	0	0	0	0	0	0	0	0	0	0	0	0	0	0	0	0	1	0	0	0	0	0	43961825	25	female	democrat	vocational_secondary_certification	single_living_alone	employee	american_indian_or_alaska_native	Protestant	yes	yes
20512953	1	0	0	0	-1	0	0	0	0	0	1	0	0	0	0	0	0	1	0	-1	0	0	1	0	0	0	0	0	0	-1	0	-1	0	0	0	0	-1	1	0	-1	0	1	0	-1	0	0	0	-1	0	0	-1	-1	1	1	1	0	0	-1	1	0	-1	0	1	0	1	-1	-1	1	1	-1	1	1	1	1	-1	1	-1	0	0	0	0	-1	1	-1	1	0	0	-1	-1	-1	-1	1	1	-1	0	-1	-1	-1	-1	1	0	0	1	1	-1	0	0	0	0	1	0	1	0	0	-1	0	-1	0	0	-1	0	0	1	1	0	1	0	0	1	20512953	38	female	democrat	bachelor	single_living_with_parents	employee	white	Atheist / Agnostic	yes	yes
43722521	0	0	0	0	-1	0	0	0	0	0	1	0	0	0	0	0	0	0	0	1	0	0	0	1	1	0	0	0	0	-1	0	0	0	0	0	0	0	0	0	0	0	0	0	-1	-1	0	0	1	0	0	-1	0	1	1	1	0	-1	0	-1	0	1	0	1	0	0	0	0	0	0	0	0	0	1	1	-1	1	0	0	0	0	0	0	1	0	1	0	0	0	0	-1	1	0	1	0	0	-1	0	-1	-1	0	0	0	0	-1	0	0	0	0	0	0	0	0	0	0	-1	0	-1	0	0	0	0	0	1	0	0	-1	0	0	0	43722521	27	female	democrat	master	single_living_alone	employee	white	Atheist / Agnostic	yes	yes
15448937	0	0	0	0	0	0	0	0	1	0	0	0	1	1	1	-1	0	0	0	0	0	0	0	0	0	0	0	0	0	0	0	0	0	0	0	0	0	0	0	0	1	0	0	0	0	0	0	0	0	1	0	0	0	0	0	0	1	1	1	1	0	0	0	0	0	0	0	0	0	0	0	0	0	0	0	-1	0	1	0	1	0	0	0	0	0	0	0	1	0	0	0	0	0	0	0	0	0	0	0	0	0	0	0	0	0	0	0	0	0	0	0	0	0	0	0	0	0	0	0	0	0	0	0	0	0	0	0	0	0	15448937	40	male	republican	high_school	single_living_with_partner	employee	white	Atheist / Agnostic	no	yes
33427067	1	0	0	0	0	0	0	0	0	0	0	0	0	0	0	0	0	0	0	0	0	0	0	0	0	0	0	-1	0	0	0	0	0	0	0	0	0	0	0	0	0	0	-1	0	0	0	0	-1	0	1	0	0	0	0	0	0	0	0	0	0	0	0	0	0	0	0	0	0	0	0	0	1	0	0	0	0	0	0	0	0	0	0	0	0	0	0	0	0	0	0	0	0	0	0	0	0	0	0	0	0	0	0	0	0	0	0	0	0	0	0	-1	0	0	0	-1	1	-1	1	0	0	0	0	0	0	0	1	0	0	0	
43918613	-1	1	0	0	-1	0	-1	0	0	1	1	0	1	0	-1	0	0	-1	0	1	0	0	-1	0	0	0	0	0	-1	1	1	1	0	0	0	0	-1	1	0	-1	0	1	0	-1	0	0	0	1	0	0	1	-1	0	0	0	0	0	-1	0	0	1	0	-1	0	-1	1	1	1	1	1	1	-1	0	0	-1	1	1	0	0	0	0	1	0	1	0	0	0	1	1	1	0	-1	0	1	1	-1	1	0	1	1	0	0	1	1	-1	0	0	0	0	1	0	1	0	0	0	0	0	0	0	1	0	0	1	1	0	0	0	-1	-1	
38671298	0	1	0	0	1	0	0	0	0	0	0	0	0	0	0	-1	-1	0	0	1	1	0	0	0	1	0	0	0	0	-1	0	1	1	-1	-1	1	1	0	1	1	0	0	0	0	0	0	0	0	0	1	0	0	-1	-1	1	1	0	1	1	0	0	0	0	0	0	0	0	0	0	0	0	0	-1	1	-1	1	1	0	0	0	0	1	-1	0	1	0	1	0	-1	1	1	0	-1	0	0	0	0	0	1	1	0	0	0	-1	0	0	-1	0	0	1	0	-1	0	0	0	-1	1	1	0	1	0	0	0	0	1	0	0	1	0	
38806465	0	0	0	0	0	0	0	0	0	0	0	0	0	1	0	0	0	0	0	0	0	-1	0	0	0	0	0	0	0	0	0	0	0	0	-1	0	0	0	0	0	0	0	0	0	0	0	0	0	0	0	0	0	0	0	0	0	0	0	0	0	0	0	0	0	0	0	0	0	0	0	0	0	0	0	0	0	0	0	0	0	0	0	0	0	1	0	0	0	0	0	0	0	0	0	0	0	0	0	0	0	0	0	0	0	0	0	1	0	0	1	0	0	-1	1	-1	1	0	0	-1	0	0	0	0	0	0	0	0	0	0	
43987213	0	0	-1	1	0	0	0	-1	0	0	0	0	0	0	1	-1	0	0	0	0	0	0	0	0	0	0	0	1	0	0	0	0	0	0	0	1	1	0	1	0	0	-1	1	0	0	0	1	0	1	0	0	0	0	0	0	-1	0	0	1	0	1	0	1	-1	1	0	0	0	0	1	0	-1	-1	0	0	0	0	1	-1	0	-1	1	0	1	0	-1	1	1	0	0	0	0	0	1	0	0	0	-1	0	1	1	-1	1	0	0	-1	0	1	1	0	1	0	0	0	0	0	1	0	0	1	1	0	0	0	0	0	0	0	1	
36293563	0	0	0	0	0	0	0	0	0	0	0	0	0	0	0	0	-1	-1	-1	-1	0	0	0	0	0	0	0	0	0	0	0	0	0	0	0	1	-1	1	1	1	0	0	0	0	0	0	0	0	0	0	0	0	0	0	0	0	0	0	0	-1	0	0	0	0	0	0	0	0	0	0	0	0	0	0	0	0	0	0	0	0	0	0	0	0	0	0	0	0	0	0	0	0	0	0	1	0	0	0	0	0	0	0	0	0	0	0	-1	0	0	1	0	0	0	0	0	-1	0	0	1	0	0	0	0	0	0	0	0	0	0	36293563	38	female	republican	master	married	employee	white	Protestant	no	yes
43913997	1	0	0	0	-1	0	0	0	0	0	0	0	0	0	0	0	-1	1	0	0	0	0	-1	0	0	0	0	0	0	0	0	0	0	0	0	0	-1	1	0	0	0	1	0	0	0	0	0	0	0	0	0	-1	0	1	1	0	0	0	0	0	0	0	0	0	0	0	0	0	1	-1	1	1	0	0	-1	0	0	0	0	0	0	0	0	1	0	0	0	-1	0	0	-1	1	0	0	0	0	0	0	0	0	0	0	1	1	1	0	0	0	0	1	0	1	0	0	1	0	0	0	0	1	0	0	0	1	0	1	0	0	0	
38202325	0	0	-1	0	0	0	0	0	0	0	0	0	1	-1	0	0	0	-1	0	0	1	1	-1	1	1	0	0	0	0	0	0	1	0	-1	1	0	0	0	0	1	0	0	0	0	-1	1	0	0	1	0	0	0	0	0	-1	1	1	1	0	0	0	0	0	1	0	1	1	0	1	0	0	0	0	1	0	0	0	0	0	0	0	0	0	0	1	0	0	0	1	1	1	-1	0	0	0	-1	0	-1	0	0	0	0	0	0	1	0	0	0	0	1	0	0	1	1	1	-1	0	0	1	0	1	1	0	1	0	1	0	0	0	
43620110	0	0	0	0	0	0	0	0	0	0	0	-1	0	0	0	0	0	0	0	1	0	0	0	0	0	-1	0	0	-1	0	0	0	1	-1	1	1	1	0	0	0	1	0	0	0	0	0	0	0	0	0	1	0	0	-1	0	0	0	0	0	0	0	0	0	0	-1	1	1	-1	0	1	1	0	0	0	0	0	0	1	0	0	0	0	0	0	0	0	0	0	0	0	0	0	0	-1	0	0	1	1	1	1	0	0	0	0	0	0	0	1	0	0	0	1	0	0	0	0	1	1	-1	1	1	1	1	-1	0	0	0	0	1	
43498762	0	0	0	0	0	0	0	0	0	0	0	0	0	0	0	0	0	-1	0	0	0	0	0	0	0	0	0	0	0	1	0	0	1	-1	0	0	0	0	0	0	0	0	-1	0	0	-1	0	0	0	0	0	0	0	0	0	0	0	0	0	0	0	0	0	0	0	0	0	0	0	0	0	0	0	0	0	0	0	0	0	1	0	0	0	0	0	0	0	0	0	0	0	0	-1	0	0	0	0	0	0	0	0	0	0	0	0	0	0	0	0	0	0	0	0	1	0	0	0	0	1	0	0	0	0	0	0	0	0	0	1	
38153196	0	1	0	1	0	0	0	0	0	0	0	0	0	0	0	1	-1	0	0	0	1	0	-1	1	0	-1	0	1	0	0	0	0	1	-1	-1	0	1	1	1	1	1	0	-1	0	-1	-1	0	0	1	0	0	0	-1	-1	-1	-1	0	0	0	0	0	0	0	0	0	0	0	0	0	0	0	0	0	1	0	0	0	0	0	0	0	0	-1	0	1	1	-1	-1	0	0	0	0	-1	0	0	1	1	0	0	1	0	0	0	0	0	0	0	1	1	1	-1	-1	0	1	0	0	0	0	1	0	1	1	1	0	0	0	0	1	1	
43990834	0	0	0	0	0	0	0	0	-1	0	1	0	0	0	1	0	0	0	0	0	0	1	0	0	0	0	-1	0	0	0	0	0	0	0	0	0	-1	-1	1	-1	0	1	0	0	1	-1	1	-1	0	0	0	1	0	0	-1	0	1	0	0	0	0	0	0	0	0	1	1	0	1	0	0	0	0	0	0	0	0	0	0	0	0	0	0	0	-1	0	0	0	0	0	0	0	0	0	0	0	0	0	0	0	-1	0	0	0	1	-1	0	0	0	0	0	0	0	0	0	0	0	0	0	0	1	-1	0	-1	1	0	1	0	0	43990834	90	female	independent	bachelor	single_living_with_partner	unemployedseeking_employment	white	Jewish	no	no
43930419	0	0	0	0	0	0	0	0	0	0	0	0	0	0	0	0	0	0	0	0	0	0	0	0	0	0	0	0	0	0	0	0	0	0	0	0	0	0	0	0	0	0	0	0	0	0	0	0	0	0	0	0	0	0	0	0	0	0	1	0	1	1	1	-1	1	0	0	0	0	0	0	0	0	0	0	0	0	1	0	0	0	0	0	0	1	-1	1	1	0	0	0	0	0	-1	0	0	0	0	0	0	0	0	0	0	0	0	0	0	1	1	1	-1	0	0	0	0	0	0	0	0	0	0	0	0	0	0	0	0	0	
36968345	0	1	0	0	0	0	0	0	0	0	0	1	0	0	0	0	0	0	0	0	1	-1	-1	-1	0	0	0	0	0	0	0	0	0	0	0	0	0	1	1	0	0	0	0	0	0	0	0	1	0	0	0	0	0	0	1	0	0	0	0	0	0	1	0	0	0	0	0	0	0	0	0	0	0	0	0	0	0	0	0	0	0	0	0	0	0	0	0	0	0	0	0	0	0	0	0	0	0	0	1	0	0	0	0	0	0	0	0	0	0	0	0	0	0	0	0	0	0	0	0	0	0	0	0	0	0	0	0	0	0	36968345	39	female	democrat	doc	married	other:parent	white	Atheist / Agnostic	yes	yes
43946798	-1	0	0	0	0	0	0	0	0	1	0	0	0	0	0	0	0	1	0	0	0	0	-1	0	0	0	0	0	0	0	1	1	0	0	0	0	1	0	0	1	0	1	0	0	0	0	0	0	0	0	0	1	0	0	0	0	0	-1	0	0	0	0	0	0	0	0	0	0	0	0	0	0	0	0	0	-1	1	0	0	0	0	0	0	-1	0	0	0	1	-1	1	0	-1	0	0	0	0	0	0	0	0	0	0	1	0	0	0	0	0	0	1	0	0	0	0	0	0	0	0	0	1	0	0	0	-1	1	-1	-1	1	0	
20328071	0	1	0	0	0	1	0	0	1	0	0	1	0	0	0	0	1	1	0	1	-1	1	-1	1	0	0	0	0	0	0	0	0	0	0	0	1	0	1	1	0	0	0	0	1	0	0	1	1	1	1	1	-1	1	0	1	0	0	0	0	0	0	-1	0	0	0	1	0	0	0	1	0	0	0	0	0	0	1	1	1	1	0	0	0	0	0	0	0	0	0	0	1	0	0	0	0	0	0	0	1	0	0	0	1	0	0	1	0	0	0	0	0	0	0	0	0	0	0	0	0	0	0	0	0	0	-1	0	0	0	0	
43589420	0	0	0	0	0	0	0	0	0	0	0	0	0	0	0	0	0	0	0	0	0	0	0	0	0	0	0	0	0	0	0	0	0	0	0	0	0	0	0	0	0	0	0	0	0	0	0	0	-1	1	1	1	0	0	0	0	0	0	0	0	0	0	0	0	0	0	0	0	0	0	0	0	0	0	0	0	0	0	0	0	0	0	0	0	0	0	0	0	0	0	0	0	0	0	0	0	0	0	0	0	0	0	0	0	0	0	0	0	0	0	0	0	0	0	0	0	0	0	0	0	0	0	0	0	0	0	0	0	0	
43811627	0	0	0	1	0	0	0	1	1	0	0	0	1	-1	1	1	0	1	0	0	0	0	0	0	0	0	1	0	0	1	0	0	0	0	0	0	-1	0	0	0	1	-1	-1	0	0	0	1	0	1	1	-1	0	0	0	0	0	1	1	-1	1	-1	-1	0	0	0	0	1	0	-1	1	1	1	-1	1	0	1	1	1	-1	1	0	1	-1	1	0	0	1	0	0	1	0	0	0	0	0	0	0	0	0	0	1	1	1	0	0	0	-1	0	-1	0	-1	1	0	0	0	0	1	1	0	1	1	0	0	1	0	0	0	0	1	
43787047	0	0	0	0	0	0	0	0	0	0	0	0	0	0	0	0	0	0	0	0	0	0	0	0	0	-1	0	0	0	0	0	0	-1	0	0	0	0	0	0	0	1	0	0	0	0	0	0	0	0	0	0	0	0	0	0	0	0	0	0	0	0	0	0	0	0	0	0	0	0	0	0	0	0	0	0	0	0	0	0	0	0	0	0	0	0	0	0	0	0	0	0	0	0	0	0	0	-1	0	0	-1	0	0	0	0	0	0	0	-1	0	0	0	0	0	0	0	0	0	0	0	0	0	0	1	0	0	0	0	0	1	43787047	22	female	democrat	bachelor	single_living_with_parents	student	asien	Atheist / Agnostic	yes	yes
37177227	1	1	0	0	-1	0	0	0	0	-1	1	0	1	-1	-1	0	0	0	-1	0	0	0	0	0	0	0	0	0	-1	1	1	-1	0	0	0	0	0	0	0	0	0	0	0	0	0	0	0	0	0	0	0	0	0	1	0	0	0	0	0	0	0	0	0	0	0	0	0	0	0	0	0	0	0	0	0	0	1	0	0	0	0	0	0	0	0	0	0	0	0	0	0	-1	0	1	1	0	0	1	0	0	0	0	0	0	0	0	0	0	0	0	0	0	0	0	0	0	1	-1	-1	-1	0	0	0	0	0	0	0	1	0	37177227	32	male	democrat	master	married	employee	white	Roman Catholic	no	yes
43935069	1	1	1	1	-1	-1	-1	-1	0	1	-1	0	0	0	-1	0	0	0	0	-1	0	1	0	0	0	-1	0	-1	1	0	-1	-1	0	0	0	0	0	0	0	0	0	0	0	-1	-1	0	-1	0	0	0	0	0	-1	0	-1	0	-1	0	0	0	0	1	1	-1	0	0	-1	0	1	0	0	0	0	0	-1	1	0	0	-1	0	-1	0	0	0	0	-1	0	0	1	0	-1	0	-1	0	1	0	1	0	0	0	1	1	1	1	-1	0	0	0	0	0	0	0	0	0	-1	0	0	0	0	0	-1	1	0	-1	0	0	1	0	0	
43853132	-1	-1	-1	0	0	1	0	-1	0	-1	0	1	0	0	0	-1	0	0	1	1	1	1	0	0	-1	0	0	0	0	-1	0	1	0	-1	-1	1	0	-1	-1	1	1	-1	0	-1	0	0	1	1	1	0	1	1	0	1	1	1	0	0	-1	0	1	0	0	0	1	-1	1	0	1	-1	1	0	-1	0	-1	0	0	1	0	0	-1	-1	0	1	1	0	-1	-1	0	1	-1	0	1	0	0	0	0	1	1	1	-1	1	0	0	0	1	-1	1	1	0	-1	0	0	0	1	0	1	0	0	0	0	1	0	0	0	-1	-1	0	-1	
43718472	0	0	0	0	0	0	0	0	0	0	0	0	0	0	0	0	0	0	0	0	0	0	0	0	0	0	0	0	0	0	0	1	0	0	0	0	-1	0	0	-1	0	0	0	0	0	0	0	0	0	0	0	0	0	0	0	0	0	1	0	0	0	0	0	0	0	0	0	0	0	0	0	0	0	0	0	0	1	0	0	0	0	0	0	1	0	0	0	0	1	1	0	0	0	0	0	0	0	0	0	0	0	0	0	0	0	0	0	0	0	0	0	0	0	0	0	0	0	0	0	0	0	0	0	0	0	0	0	0	0	
43605836	0	0	0	0	0	0	0	0	0	0	0	0	0	0	0	0	0	0	0	0	0	0	0	0	0	0	0	0	0	0	0	0	0	0	0	0	0	0	0	0	0	0	0	0	0	0	0	0	0	0	0	0	0	0	0	0	0	0	0	0	0	0	0	0	0	0	0	0	0	0	0	0	0	0	0	0	0	0	0	0	0	0	0	0	0	0	0	0	1	1	1	1	0	0	0	0	0	0	0	0	0	0	0	0	0	0	0	0	0	0	0	0	0	0	0	0	0	0	0	0	0	0	0	0	0	0	0	0	0	
15577915	0	0	1	0	-1	0	0	0	0	0	0	0	1	1	0	0	0	1	1	0	0	-1	1	1	-1	0	0	0	0	0	0	-1	0	1	1	0	0	0	0	1	0	1	0	0	0	1	0	0	-1	0	0	-1	0	0	0	-1	0	-1	0	0	0	0	0	1	0	-1	-1	0	0	0	0	0	0	1	-1	0	0	0	0	0	0	0	0	0	1	0	0	0	0	0	0	0	0	-1	0	-1	0	0	0	0	0	0	0	0	0	0	0	0	0	1	0	0	-1	0	0	0	0	0	-1	-1	-1	0	0	0	0	0	0	0	0	
41193378	0	0	0	0	0	0	1	1	0	0	0	0	0	0	0	0	-1	1	1	1	0	1	1	0	0	0	0	0	0	-1	0	0	0	0	0	1	0	0	0	1	0	0	0	0	1	0	0	0	0	0	0	0	0	0	0	0	-1	-1	-1	-1	0	0	0	0	0	0	0	0	0	0	0	0	0	0	0	0	0	0	0	0	1	1	1	1	0	0	0	0	0	0	0	0	0	0	1	0	0	-1	0	0	0	0	0	-1	0	0	-1	-1	-1	0	1	0	0	0	0	0	0	0	0	-1	0	0	0	0	0	1	0	-1	0	
43831115	0	0	0	0	0	0	0	0	0	0	0	0	0	0	0	0	0	0	0	0	0	0	1	0	0	0	0	0	0	0	0	0	0	0	0	0	0	0	0	0	0	0	0	0	0	0	0	0	0	0	0	0	0	0	0	0	0	0	0	0	0	0	0	0	0	0	0	0	0	0	0	0	0	0	0	0	0	0	0	0	0	0	0	0	0	0	0	1	0	0	0	1	0	0	0	0	0	0	0	0	0	0	1	0	0	0	0	0	0	0	0	0	0	0	0	0	0	0	0	0	0	0	0	0	0	0	0	0	0	
22653569	0	0	0	0	0	0	0	0	0	0	0	0	0	0	0	0	0	0	0	0	0	0	0	0	0	0	0	0	0	0	0	0	0	0	0	0	0	0	0	0	0	0	0	0	-1	-1	-1	1	0	0	0	0	0	0	0	0	0	0	0	0	0	0	0	0	0	0	0	0	0	0	0	0	0	0	0	0	0	0	0	0	0	0	0	0	0	0	0	0	0	0	0	0	0	0	0	0	0	0	0	0	0	0	0	0	0	0	0	0	0	0	0	0	0	0	0	0	0	0	0	0	0	0	0	0	0	0	0	0	0	
18212596	0	0	0	0	0	0	0	0	0	0	0	0	0	0	0	0	0	0	0	0	0	0	0	0	0	0	0	0	0	0	0	0	0	0	0	0	0	0	0	0	0	0	0	0	0	0	0	0	0	0	0	0	0	0	0	0	0	0	0	0	0	0	0	0	0	0	0	0	0	0	0	0	0	0	0	0	0	0	0	0	0	0	0	0	0	0	0	0	-1	-1	-1	1	0	0	0	0	0	0	0	0	0	0	0	0	0	0	0	0	0	0	0	0	0	0	0	0	0	0	0	0	0	0	0	0	0	0	0	0	0	18212596	34	female	none	vocational_secondary_certification	other:Single living with children	unemployedseeking_employment	black_or_african_american	Atheist / Agnostic	no	yes
13095205	0	1	0	1	-1	0	1	1	1	1	-1	1	0	0	0	1	-1	0	0	0	1	1	0	-1	0	-1	0	-1	0	0	1	0	-1	1	1	1	-1	1	1	1	1	1	1	0	-1	1	1	1	0	1	0	0	-1	1	0	1	-1	0	0	-1	1	0	1	1	0	0	0	0	0	0	0	0	0	0	0	0	0	0	0	0	0	0	1	1	1	-1	1	1	0	0	1	0	1	-1	1	0	-1	0	0	1	1	-1	1	-1	0	1	-1	1	1	1	1	-1	0	1	1	0	1	0	1	0	0	1	1	0	0	1	0	-1	-1	
43932026	0	0	1	1	0	0	0	1	0	0	0	0	0	0	1	1	0	0	0	0	0	0	0	0	1	1	1	1	0	0	0	0	0	0	0	1	1	0	1	0	0	1	0	0	0	0	1	0	0	0	0	0	0	0	0	1	0	0	1	0	1	1	1	1	1	0	0	0	0	1	1	1	1	0	0	0	0	1	1	0	1	1	0	1	0	1	1	1	0	0	0	0	0	1	0	0	0	1	0	1	0	1	1	0	1	1	1	1	1	0	1	0	0	0	0	0	0	0	0	1	0	0	0	0	0	0	0	0	0	
43939704	-1	0	0	0	-1	0	0	0	-1	1	1	0	0	0	0	0	0	0	0	1	1	0	0	-1	1	0	0	-1	-1	1	0	0	-1	-1	-1	1	0	1	0	0	0	0	-1	1	-1	-1	0	1	0	1	0	0	-1	-1	-1	0	0	0	1	0	0	0	0	0	0	0	0	1	1	0	0	-1	1	1	-1	1	0	1	-1	0	0	1	-1	0	-1	0	0	0	1	1	1	0	-1	1	1	1	1	0	1	0	0	0	0	0	0	0	0	0	0	0	1	0	0	0	1	-1	0	1	-1	1	1	1	1	1	0	1	-1	0	0	
43851130	0	0	1	0	0	0	0	0	0	0	0	0	1	1	0	0	0	1	0	0	0	1	1	1	1	0	0	0	0	0	0	1	0	1	-1	0	0	0	0	1	0	0	0	0	0	1	0	0	0	0	0	0	0	0	0	1	0	1	0	0	0	0	0	1	0	-1	1	0	0	0	0	0	0	-1	0	0	0	0	0	0	0	0	0	0	1	0	0	0	1	1	1	1	0	0	0	1	0	0	0	0	0	0	0	0	0	0	0	0	0	1	0	0	0	1	1	1	0	0	1	0	1	0	0	0	0	0	0	0	0	43851130	25	male	democrat	bachelor	single_living_alone	employee	white	Roman Catholic	yes	yes
21088425	-1	1	-1	1	-1	1	1	1	1	1	1	0	0	1	1	1	-1	1	-1	1	1	1	-1	1	1	1	1	1	0	0	0	1	-1	0	0	1	0	1	1	1	1	1	-1	0	1	-1	1	0	0	1	-1	1	-1	0	0	0	1	1	1	-1	1	-1	0	1	-1	1	1	1	1	-1	-1	1	-1	1	-1	1	0	1	-1	0	0	1	-1	1	1	-1	0	1	1	1	-1	-1	0	0	1	0	0	1	1	1	1	1	1	0	1	-1	0	1	1	0	0	-1	0	1	1	-1	0	1	1	1	1	1	1	1	-1	0	0	0	1	21088425	56	female	democrat	high_school	single_living_alone	other:disabled	white	Protestant	no	yes
43102561	0	0	1	1	0	0	0	1	0	0	0	0	0	0	1	-1	-1	0	0	0	0	0	0	0	1	1	1	1	0	0	0	0	0	0	0	-1	1	0	1	0	0	-1	0	0	0	0	1	0	0	0	0	0	0	0	0	1	0	0	1	0	1	-1	-1	-1	-1	0	0	0	0	1	-1	-1	-1	0	0	0	0	1	-1	0	1	1	0	1	0	-1	1	1	0	0	1	0	0	1	0	0	0	-1	0	1	0	1	1	1	1	-1	-1	1	1	0	1	0	0	0	0	0	0	0	0	1	0	0	0	0	0	0	0	0	0	43102561	34	male	independent	master	married	selfemployed	hispanic_american	Protestant	yes	no
43780975	-1	1	-1	1	0	0	0	0	1	0	0	0	0	0	0	-1	0	0	0	0	1	0	0	0	0	0	-1	0	0	0	-1	1	0	0	0	1	0	0	0	0	1	0	0	0	0	0	0	0	0	0	0	1	0	0	0	0	0	0	0	1	0	0	0	1	0	0	0	1	0	0	0	0	0	0	-1	0	0	0	0	0	1	0	0	0	-1	-1	0	0	0	0	0	0	0	0	1	0	0	0	1	0	0	1	1	1	0	1	1	0	0	0	0	0	0	1	-1	0	0	0	0	0	0	-1	0	0	0	0	0	0	0	
6377879	0	0	0	0	0	0	1	0	0	0	1	0	0	0	1	0	0	0	0	0	0	0	0	0	0	0	0	1	0	0	0	0	0	0	0	0	0	0	0	0	0	0	0	0	0	0	0	0	0	0	0	0	-1	0	0	0	0	0	0	0	0	-1	0	0	-1	0	0	0	0	0	0	0	-1	0	0	0	0	0	0	0	0	0	0	0	0	0	0	0	0	0	0	0	0	0	1	0	0	0	0	0	0	0	0	0	0	0	0	0	0	0	0	0	0	0	0	0	0	0	0	0	-1	0	0	0	0	0	-1	0	0	
43608431	0	0	0	0	0	0	0	0	0	0	0	-1	0	0	0	0	0	0	0	0	0	0	0	0	0	0	0	0	-1	0	0	0	0	0	0	0	0	0	0	0	0	0	0	0	0	0	0	0	0	0	1	0	0	0	0	0	0	0	0	0	0	0	0	0	0	0	0	0	0	0	0	0	0	0	0	0	0	1	0	0	0	0	0	0	0	0	0	0	0	0	0	0	0	0	0	0	0	0	0	0	0	0	0	0	0	0	0	0	0	0	0	0	0	0	0	0	0	0	0	0	1	1	1	1	0	0	0	0	0	
43822436	0	0	0	0	0	0	0	0	1	0	0	0	0	0	0	0	0	1	0	0	0	0	0	0	0	0	0	0	0	-1	0	0	0	0	0	0	0	0	0	0	1	0	-1	0	0	0	0	0	1	0	0	0	0	0	0	0	0	0	0	0	1	1	0	0	0	0	1	0	0	0	0	0	0	0	0	1	0	1	0	1	0	0	0	0	0	0	-1	0	0	0	0	0	0	0	0	0	0	0	0	0	1	0	0	0	0	0	0	0	0	0	0	0	-1	0	0	0	-1	1	0	0	-1	0	0	0	0	0	0	0	1	43822436	19	female	independent	some_college	single_living_with_parents	student	white	Roman Catholic	yes	yes
21785776	0	0	0	0	0	-1	1	1	-1	-1	-1	1	0	0	0	0	1	0	0	0	1	-1	1	0	0	-1	0	0	1	-1	-1	0	0	0	0	0	0	0	0	-1	0	0	0	0	-1	1	-1	-1	0	0	0	0	0	0	0	0	-1	-1	1	1	0	0	1	0	0	0	0	0	0	0	0	0	0	0	0	0	0	0	1	0	-1	-1	1	-1	0	0	0	0	-1	0	0	0	1	-1	-1	-1	-1	0	0	0	-1	-1	0	-1	0	1	0	-1	-1	0	-1	0	0	0	0	0	0	-1	0	-1	0	0	0	0	0	0	1	-1	0	
