participant id	Foreign aid is to promote peace and good relations.	Foreign aid from one country should not be borrowed by the giver as this is senseless.	We should clearly know where our funding is going and why.	It is needed to aid ourselves before aid foreigner.	Foreign aid is important.	Foreign aid helps those in crises.	The U.S. should stay focused on solving its own problems.	Foreign Aid is too expensive.	We should consider helping more than attacking.	We need to assess foreign aid and how it can be spent more effectivly.	US should focus less on the army and focus more on aid.	Helping is always a good example.	The need to borrow fund to allow others to borrow funds is ridiculous.	The focus should be on aid, not trade.	Foreign Aid helps form new potential allies.	Foreign aid should be limited to develop basic infrastructure.	Foreign aid should be based on need, not promoting u.s. interests.	Methods need to be in place to ensure foreign aid is being sent to what it was intended for.	Foreign helps promote peace.	Trade should receive more attention rather than focusing on aid.	We should focus on helping ourselves first before providing aid.	US should put a limit to the Foreign Aid.	More foreign aid should be sent to countries in need.	The US should think more before they spend aid.	Foreign aid is necessary in order to maintain a good rapport with other countries.	We need to focus on ourselves before others.	The foreign aid budget should be made more effective and transparent.	Foreign aid should be encouraged.	Foreign aid helps improve education in third world countries.	Foreign aid should be increased, especially following natural disasters around the world.	Foreign aid should not contribute to our debt.	Transparency in all aspects of foreign aid should be a right bestowed by the people of the country providing aid.	The government should help less privileged country.	Foreign aid could improve the diplomatic relationships.	The US should not provide aid to countries that are against American ideals.	Foreign aid decreases the spread of AIDS in Africa.	The country already has too much debt to afford helping other countries.	Helping the poor to survive.	It is the U.S.'s duty to support other countries.	The U.S. should take care of its own first.	Foreign aids uplift corruption.	Foreign aid does not go to the people because of corruption.	Stop borrowing money and raise tax payers dollars.	There should be more funding of foreign aid.	The budget for foreign aid should be more effective.	Defence assistance can help teach way to fend for one's country for future prosperity.	We should be working to help countries become self sufficient.	The foreign aid budget should be made transparent.	Foreign aid can lead to further difficulties for both countries.	America is way better off financially than most countries of the world.	Foreign aid ends up funding terrorism.	Spending should focus on defence rather than aid.	It is our duty to help other humans.	Foreign aid lead to further difficulties for both countries.	US should stop foreign aid and think America first.	The U.S. should only help countries that have helped the U.S. at one time or another.	The us needs to track better the use of the foreign aid.	Private charities are more effective than foreign aid.	Foreign aid ends up in the hands of despots.	People have the right to know where there taxes are going and why.	The foreign aid budget should be made more effective.	Foreign aid help other nations fight drugs and other problems like HIV/AIDS.	We should focus on Foreign Aid rather than defense.	Trade and aid should be equal considerations.	Foreign aid is beneficial to involved countries, the donor and recipient.	We need a more efficient budget for foreign aid.	Foreign aid helps developing countries stay politically stable.	Can help great strides in the future.	Foreign aid should be a collective system.	Foreign aid should be focused on African countries.	Foreign aid should be time limited to prevent dependence.	One must measure to what extent united states can help another country.	Foreign aid should be emphasised.	Foreign aid is good for business.	We should rethink how foreign aid is administered.	US spending should not be on social welfarism of other countries.	African need foreign aids.	Foreign Aid is humanitarian act by the US.	Other countries should step up and help themselves.	The us should be helping less fortunate countries.	We should give all we can to help countries that need it.	Our country should not borrow money in order to fund foreign aid.	Foreign aid should not be our main focus.	Foreign aid is a voluntary transfer of resources from one country to another.	We should not be borrowing to fund foreign aid.	Foreign aid should not provide funds for military actions.	The US should use funding to better the lives of US citizens.	Starving children are helped with foreign aid donations.	Foreign aid promotes better relationships among countries.	Foreign aid could improve the status of America.	Foreign aid helps allies to become successful nations.	We should be spending money on our own country.	Extending foreign aid will help other countries be more independent.	To be independant of other equipping those with the capabilities to defend is a lifelong lesson.	Foreign aid is important to improving the quality of life for international citizens.	The government should destinate some funds to foreign aid.	Usa should help itself first.	America should help other Countries that need help.	The US should play a major role in foreign aid.	This issue is about whether the US should be sending foreign aid and how this aid should look like.	Foreign aids promotes corruption.	Every developing country needs foreign aid.	Helping other countries will only increase those nations' dependence on the U.S.	The US should limit foreign aid in order to help domestic agendas.	Foreign aid budget should be more effective.	US spending should focus on defence rather than aid.	The US should not provide aid to countries that violate human rights.	Foreign aid from the us should be used for shelter for less fortunate people.	Foreign aid from the us should be used to help better the lives of less fortunate people.	It is better to teach those to defend themselves to provide future security and hope.	Foreign trade should be encouraged.	Foreign leaders should be thankful for our help in giving citizens the ability to have clean drinking water.	US should give foreign aid if US can get something in return.	Our taxes are being used to Foreign aid.	We should look more closely into how foreign aid is being spent.	The US should continue to provide foreign aid.	Foreign aid should be corruption free.	Trade can be a great benefactor in help and future trade.	Foreign Aid must be limited to very poor countries.	The lifes of Africa are imparted.	US should focus on their own spending habits.	We should increase aid to well established groups like doctors without borders and the peace corps.	The focus of aid should be on securing the lives of other citizens from other countries.	US should make their spending transparent so as to avoid abuse of power.	Foreign aid should not be provided to countries who support terrorism.	Foreign aid helps those who are caught in crises.	The us should not be helping other countries.	Foreign aid does more to improve our relationship with the rest of the world than it costs us.	The US shouldn't be borrowing money at all.	The focus should be on trade not on aid.	There are many countries that require foreign aid.	Foreign aid is necessary to preventing the spread of global pandemics.	Foreign aid should have a portion set aside for countries suffering national disasters.	Foreign aids can save lives.	It is best to make grow instead of Aid.	Foreign economies flourish thanks to foreign aid.	The focus should be on improving trade unions with other countries.	The Us is losing money because of the Aid.	Foreign aid should be a source of help.	Foreign aid can help with social issues.	The focus should be on helping other countries.	Foreign aid should concentrate on sustainable development.	We spend too much on foreign aid.	Foreign aid should be limited to countries who will accept humanitarian relief without strings attached.	Foreign aid is useful in general.	The foreign aid can be expensive for taxpayers.	The foreign aid can help ease poverty in poor countries.	The focus should be on the development of other countries.	We need to budget more closely on foreign aid.	Foreign aid promotes better relationships between countries.	participant id	age	gender	affiliation	education	family status	profession	race	religion	ties2overseas	US citizen
42703498	0	1	0	0	0	0	0	0	0	1	0	1	0	0	1	0	0	1	0	0	0	0	1	0	0	0	0	0	0	1	0	0	0	0	0	1	0	0	0	0	1	0	0	1	1	0	0	1	0	0	0	0	0	0	0	1	0	1	0	0	1	1	0	0	1	0	1	0	0	0	1	0	0	0	0	0	0	0	0	0	0	0	0	1	0	0	0	0	1	0	1	1	0	1	0	0	1	0	0	1	0	0	0	0	1	0	1	0	0	0	0	1	0	1	1	0	1	0	1	1	1	1	1	1	1	1	0	0	0	0	0	0	1	0	0	0	1	0	0	0	0	1	1	0	1	0	1	0	1	0	
22139728	1	1	1	1	1	1	1	1	1	0	1	0	0	0	0	0	0	0	0	1	1	0	1	0	0	0	0	1	0	0	0	0	1	1	1	1	0	0	0	0	0	0	1	0	0	0	0	0	0	0	1	0	0	0	0	0	1	0	0	0	0	0	0	1	0	0	0	0	0	0	0	0	0	0	0	0	1	0	1	0	1	1	1	1	0	0	0	0	0	0	0	0	0	0	0	0	1	1	1	1	0	0	0	0	0	0	0	0	1	1	0	0	0	0	0	0	0	0	0	0	0	0	1	0	0	0	0	0	1	0	1	0	0	0	1	1	0	0	1	0	0	0	1	0	0	0	1	1	0	0	22139728	32	female	democrat	master	single_living_alone	employee	black_or_african_american	other:Christian	yes	yes
42665614	0	0	1	0	0	0	0	0	0	0	0	0	0	0	0	0	0	0	0	0	0	0	0	0	0	0	0	0	0	0	0	0	0	0	0	0	0	0	0	0	0	0	0	0	0	0	0	0	0	0	0	0	0	0	0	0	0	0	0	1	0	0	0	0	0	0	0	0	0	0	0	0	0	0	0	0	0	0	0	0	0	0	0	0	0	0	0	0	0	0	0	0	0	0	0	0	0	0	0	0	0	0	0	0	0	0	0	0	0	0	1	0	0	0	0	0	0	0	-1	0	0	0	0	0	0	0	0	0	0	0	0	0	0	0	0	0	0	0	0	0	0	0	0	0	0	0	0	0	0	0	42665614	21	female	other	some_college	single_living_alone	student	white	Protestant	yes	no
43736722	0	0	0	0	0	0	0	0	1	1	-1	-1	0	-1	0	0	0	0	0	0	0	0	0	0	1	0	0	0	0	0	0	0	0	0	0	0	0	0	0	0	0	-1	0	0	0	0	0	0	0	0	0	0	0	1	0	0	0	0	0	0	0	0	0	0	0	0	0	0	0	0	0	0	0	0	0	0	0	0	0	0	0	0	0	0	0	0	0	0	0	0	0	0	0	0	0	0	0	0	0	0	0	0	0	0	1	1	1	-1	0	0	0	0	0	0	0	0	0	0	0	0	0	0	0	0	0	0	0	0	0	0	0	0	0	0	0	0	0	0	0	0	0	0	0	0	0	0	0	0	0	0	43736722	22	female	independent	some_college	single_living_alone	employee	hispanic_american	other:Christian	yes	no
43860631	0	1	1	0	1	1	-1	-1	1	1	0	1	1	1	1	0	0	1	1	-1	-1	0	1	0	0	1	1	0	0	1	-1	1	0	0	1	1	-1	0	1	0	0	1	0	1	0	1	0	1	1	0	-1	1	1	-1	0	1	1	-1	0	1	0	1	0	1	1	0	1	0	1	1	1	0	1	1	1	0	1	0	1	1	1	1	0	0	0	0	1	0	0	0	1	1	1	1	1	1	0	0	0	0	-1	1	0	0	1	0	1	-1	1	0	1	0	0	0	1	1	1	1	1	0	1	1	1	-1	0	0	1	0	1	0	0	1	1	1	-1	1	1	-1	1	1	0	1	0	0	1	1	1	0	1	1	
5007431	1	1	0	0	1	0	0	0	1	0	0	0	0	0	0	0	0	1	0	0	0	0	0	1	0	0	1	0	0	0	0	1	1	0	0	0	-1	1	0	1	0	0	0	0	1	1	1	1	0	0	0	0	0	0	0	0	0	0	0	0	1	0	-1	0	0	0	0	0	1	0	0	0	0	0	0	0	0	0	0	0	1	1	0	0	0	0	0	1	1	1	0	1	0	0	0	0	0	0	0	1	0	0	0	0	0	0	0	1	0	0	0	0	0	1	0	0	1	0	-1	0	0	0	0	0	0	1	0	0	0	0	1	0	0	0	0	0	0	0	0	1	1	1	1	1	0	0	0	0	0	0	
39797332	0	0	0	0	0	0	0	0	0	0	1	0	0	0	0	-1	0	0	0	0	0	0	0	0	0	0	0	0	0	0	0	0	0	0	0	0	0	0	0	0	0	0	0	0	0	0	0	0	0	0	0	0	0	0	0	0	0	0	0	0	0	0	0	0	0	0	0	0	0	0	0	0	0	0	0	0	0	0	0	0	0	0	0	0	0	0	0	0	0	0	0	0	0	0	1	0	0	0	0	0	0	0	0	0	0	-1	0	0	0	0	0	0	0	0	0	0	0	0	0	0	0	0	0	0	0	0	0	0	0	0	0	0	0	0	0	0	0	0	0	0	0	0	0	0	0	0	0	0	0	0	39797332	49	male	independent	master	married	employee	white	Atheist / Agnostic	yes	yes
42468998	1	0	0	0	1	0	0	0	1	-1	0	0	0	0	-1	0	1	1	1	1	1	-1	1	0	1	0	1	1	0	0	0	0	0	0	0	0	-1	1	-1	1	0	0	0	0	0	0	1	0	0	0	-1	0	1	-1	0	1	1	0	0	0	0	0	0	0	0	0	1	0	1	0	1	0	0	0	0	0	0	0	0	0	0	0	0	0	1	1	0	1	0	1	0	0	1	0	0	0	0	0	0	0	0	0	0	0	0	0	0	1	0	0	0	0	1	0	1	-1	1	0	-1	0	0	0	0	-1	0	1	1	1	0	0	0	0	0	0	0	0	0	0	0	0	1	-1	0	0	1	-1	1	1	0	1	
27914150	1	1	1	-1	0	0	1	0	0	0	0	0	0	0	0	0	0	0	0	0	0	0	0	0	0	0	0	1	0	0	0	0	0	0	0	0	0	0	0	-1	0	0	0	0	0	0	0	0	0	0	0	0	1	0	0	0	0	0	0	0	1	1	-1	1	0	0	0	0	0	0	0	0	0	0	0	0	0	0	0	0	1	1	1	1	0	0	0	1	0	0	0	0	0	0	0	0	0	0	0	0	0	0	0	0	0	0	0	0	0	0	0	0	0	0	0	0	0	0	0	0	0	0	0	0	0	0	0	0	1	0	0	1	0	0	0	0	0	0	0	0	0	0	0	0	0	0	0	-1	0	0	
43976334	1	0	1	1	1	1	1	1	1	0	0	1	1	1	1	1	1	0	1	1	1	1	1	0	0	1	1	0	0	1	-1	1	0	1	0	1	1	0	1	1	1	1	1	1	0	0	0	1	0	1	-1	0	1	1	1	1	1	1	1	1	0	1	1	1	1	1	1	1	1	1	1	0	1	1	1	1	1	1	-1	1	1	-1	-1	1	1	1	0	0	1	1	1	1	1	1	1	1	0	1	0	1	0	1	1	1	0	0	1	1	1	0	-1	1	0	0	-1	0	0	1	0	1	1	1	1	1	1	0	1	1	1	0	0	1	1	1	1	1	1	1	1	1	0	1	0	1	1	0	0	0	1	1	
38548574	0	1	0	0	0	0	0	0	0	0	0	0	0	0	0	0	0	0	0	0	0	0	0	0	0	0	0	0	0	0	0	0	0	0	0	0	0	0	0	0	0	0	0	0	0	0	0	0	0	0	0	0	0	0	0	0	0	0	0	1	0	0	0	1	0	0	0	0	0	0	0	1	0	0	0	0	0	0	0	0	0	1	0	0	0	0	0	0	0	0	0	0	0	0	0	0	0	1	0	0	1	0	0	0	0	0	0	0	0	0	0	0	-1	0	0	0	0	1	0	0	0	0	0	0	0	0	0	0	0	-1	0	0	0	0	0	0	0	0	0	0	0	0	0	0	0	0	0	0	0	1	
27748798	0	0	0	0	0	0	0	0	-1	0	0	0	0	0	0	0	0	0	0	0	0	0	0	0	0	0	0	0	0	0	1	0	0	1	0	0	0	0	0	0	0	0	0	0	-1	0	0	0	0	0	0	0	0	0	0	0	0	0	1	0	0	0	0	0	0	1	0	0	0	0	0	0	0	0	0	0	0	0	0	0	0	0	0	0	0	0	0	0	0	0	0	0	0	1	0	0	1	1	0	0	0	0	0	0	0	0	0	0	0	0	0	0	0	0	0	0	0	0	0	0	0	0	0	0	1	0	0	0	0	0	0	0	1	0	-1	0	0	0	0	0	0	0	0	0	0	0	0	0	0	0	
1933319	0	0	0	0	0	0	0	0	0	0	0	0	1	0	0	0	0	0	0	0	0	0	0	0	0	0	0	0	0	0	0	0	0	0	0	0	0	0	0	0	0	0	0	0	1	0	0	0	0	0	0	0	0	0	0	0	0	0	0	0	0	0	0	0	0	0	0	0	0	-1	0	0	0	0	0	0	0	0	0	0	0	0	0	0	0	0	0	0	0	0	0	0	0	0	0	0	0	0	0	0	0	0	0	0	0	0	0	0	0	0	0	0	0	0	0	0	0	0	0	0	0	0	0	0	0	0	0	0	0	0	0	0	0	0	0	0	0	0	0	0	0	0	0	0	1	0	0	0	0	0	1933319	37	male	independent	some_college	single_living_alone	employee	white	Protestant	yes	yes
39147083	0	0	0	0	0	0	0	-1	1	0	0	0	1	0	0	0	0	0	0	-1	0	-1	0	0	0	0	0	0	0	0	0	0	0	0	0	0	0	0	1	0	0	0	0	0	0	0	0	1	0	0	0	0	1	-1	-1	0	0	0	0	0	0	0	0	0	0	0	0	0	0	0	0	0	0	0	0	0	0	0	0	0	0	0	0	0	0	0	0	0	0	0	0	0	1	0	0	1	0	0	0	0	0	0	-1	0	0	0	0	1	0	0	1	0	0	0	0	0	0	0	0	0	0	0	0	0	0	0	0	0	0	0	0	0	0	0	0	0	0	0	0	0	0	0	0	0	0	0	0	0	0	0	
41966239	0	0	0	0	0	0	0	0	0	0	-1	0	0	0	0	0	0	0	0	0	0	0	0	0	0	0	0	0	0	0	0	0	0	0	0	0	0	0	0	0	0	0	0	-1	0	1	0	0	1	0	0	0	0	0	0	0	0	0	0	0	0	0	-1	0	0	0	0	0	0	0	0	0	0	0	0	0	0	0	0	0	0	0	0	0	0	0	0	0	0	0	0	0	0	0	0	0	0	0	0	0	0	-1	0	0	0	0	0	0	0	0	0	0	0	0	0	0	0	0	0	0	0	0	0	0	0	0	0	0	0	0	0	0	0	0	0	0	1	0	1	0	0	0	0	0	0	0	0	0	0	0	
43869373	0	0	1	0	0	1	0	0	0	0	0	0	0	0	0	0	0	0	0	0	0	0	0	0	0	1	-1	0	1	1	-1	0	0	0	0	0	0	0	0	1	0	0	0	0	1	0	0	0	0	0	0	0	1	0	0	0	0	0	1	0	0	0	0	0	0	0	0	1	0	0	0	1	1	0	-1	0	0	0	0	0	0	1	0	0	0	0	0	0	1	0	0	0	0	-1	0	0	0	-1	1	0	1	0	1	0	0	0	-1	0	0	1	1	1	0	1	-1	-1	0	0	1	0	0	0	0	0	0	0	0	0	0	1	-1	-1	0	0	1	0	0	0	0	0	1	0	0	0	0	0	0	-1	0	0	43869373	23	male	independent	associate_degree	single_living_alone	employee	black_or_african_american	Roman Catholic	no	yes
43891892	0	0	0	1	0	0	0	0	0	0	-1	1	0	-1	-1	1	1	-1	1	0	1	0	-1	0	1	1	0	0	1	0	1	0	0	0	1	-1	0	0	0	0	-1	1	0	0	1	1	0	-1	1	0	1	0	0	-1	0	0	0	1	1	0	-1	0	1	0	0	1	0	0	1	1	0	-1	0	1	0	1	0	0	0	0	0	0	-1	0	-1	0	1	-1	1	1	1	1	1	-1	0	-1	1	1	1	-1	0	0	0	1	-1	1	0	0	0	0	0	-1	0	0	1	0	0	0	0	-1	-1	1	1	1	0	-1	1	-1	0	0	0	0	1	-1	1	0	0	1	0	0	1	0	0	0	1	-1	0	-1	1	-1	43891892	25	male	none	bachelor	single_living_alone	student	white	Roman Catholic	no	yes
43837109	1	1	1	1	1	1	1	1	1	0	1	0	0	0	0	0	0	0	0	1	1	0	1	0	0	0	0	1	1	1	1	1	0	0	0	0	0	1	0	0	0	0	1	0	0	0	0	0	0	0	1	1	0	0	0	0	1	0	0	0	0	0	0	1	1	0	0	0	0	0	0	0	0	0	0	0	1	1	1	1	-1	-1	-1	-1	0	0	0	0	0	0	1	0	0	0	0	0	1	1	0	1	0	0	0	0	0	0	0	0	-1	1	0	0	0	0	0	0	0	0	0	0	0	0	-1	0	0	0	1	0	1	0	1	1	0	0	1	1	1	0	1	0	0	0	1	1	0	0	1	1	0	0	
19302668	0	0	1	0	1	1	1	1	1	0	0	0	1	-1	1	1	1	0	0	1	1	1	0	0	1	1	1	0	1	-1	1	0	0	1	0	-1	1	1	-1	1	0	-1	0	-1	0	0	0	0	0	1	0	0	-1	0	0	0	1	1	-1	1	0	1	-1	0	1	1	1	0	0	-1	1	1	-1	0	1	0	-1	0	1	-1	0	1	0	0	1	0	1	0	1	1	1	0	-1	0	0	-1	0	-1	-1	0	1	-1	1	0	0	0	1	1	-1	1	0	1	-1	1	1	-1	1	0	1	0	1	-1	0	1	0	0	1	0	-1	0	0	-1	1	0	1	0	0	1	0	-1	-1	1	0	0	1	1	1	-1	0	0	19302668	44	female	democrat	high_school	married	employee	white	other:Christian	no	yes
28813722	0	0	0	0	0	0	0	0	0	0	0	0	0	0	0	0	0	0	0	0	0	0	0	0	0	0	0	0	0	0	0	0	0	0	0	0	0	0	0	0	0	0	0	0	0	0	0	0	1	-1	1	1	0	0	0	0	0	0	0	0	0	0	0	0	0	0	0	0	0	0	0	0	0	0	0	0	0	0	0	0	0	0	0	0	0	0	0	0	0	0	0	0	0	0	0	0	0	0	0	0	0	0	0	0	0	0	0	0	0	0	0	0	0	0	0	0	0	0	0	0	0	0	0	0	0	0	0	0	0	0	0	0	0	0	0	0	0	0	0	0	0	0	0	0	0	0	0	0	0	0	28813722	39	female	independent	high_school	married	unemployedseeking_employment	white	Atheist / Agnostic	yes	yes
20244740	0	-1	1	0	0	0	0	0	0	1	0	1	0	1	-1	0	0	1	0	0	0	-1	-1	0	0	0	0	0	0	-1	0	1	1	0	0	0	0	1	0	-1	-1	0	0	1	1	-1	0	1	0	0	0	0	0	0	0	1	0	0	0	0	-1	1	1	0	1	0	-1	0	0	0	0	1	0	0	0	0	0	0	0	-1	0	0	-1	0	0	0	-1	0	1	0	0	1	0	0	0	0	0	0	0	0	1	1	-1	1	-1	1	0	-1	0	0	1	-1	0	0	-1	1	0	1	-1	-1	0	0	1	0	1	0	0	1	0	0	1	0	0	0	1	0	-1	0	0	-1	1	-1	-1	-1	1	1	1	0	1	-1	
43676331	0	0	0	0	0	0	0	0	0	0	0	0	0	0	0	0	0	0	0	0	0	0	0	0	0	0	0	0	0	0	0	0	0	0	-1	0	0	0	0	0	0	0	0	0	0	0	0	0	0	0	1	0	0	0	0	0	0	0	0	0	0	0	0	0	0	0	0	0	0	0	0	0	0	0	0	0	0	0	0	0	0	0	0	0	0	0	0	0	0	0	0	0	0	1	1	0	0	0	0	0	0	0	0	0	0	0	0	0	0	0	0	0	0	0	0	0	0	0	0	0	0	0	0	0	0	0	0	0	0	0	0	0	0	0	0	0	0	0	0	0	0	0	0	0	0	0	0	0	0	0	
33708599	-1	1	1	1	0	0	1	0	1	1	1	1	0	-1	0	0	0	0	0	0	0	0	0	0	-1	0	0	-1	-1	0	0	1	1	0	0	0	0	0	0	0	0	1	-1	0	0	0	0	0	0	0	0	-1	0	-1	0	0	0	0	0	0	0	0	0	0	0	0	0	0	0	0	0	0	0	0	0	0	0	1	0	0	-1	1	1	1	0	0	0	0	0	0	1	0	0	0	0	0	1	1	-1	1	0	0	0	0	1	-1	1	1	0	-1	0	0	0	0	0	0	0	0	0	0	0	0	0	0	0	0	-1	0	1	0	1	0	0	0	-1	0	-1	0	0	-1	0	0	0	1	0	0	-1	-1	0	0	33708599	31	female	none	bachelor	single_living_with_partner	employee	white	other:Non religious	yes	yes
39021669	0	0	1	0	0	0	0	0	-1	1	1	1	0	0	0	0	0	0	0	0	0	0	0	0	0	1	0	0	1	0	1	1	-1	1	1	0	0	1	0	1	1	1	-1	-1	0	0	0	0	0	0	0	0	0	0	0	0	0	0	0	1	-1	0	-1	0	0	0	0	1	0	-1	0	0	0	0	0	0	0	1	0	-1	-1	1	1	0	1	-1	1	-1	-1	0	0	1	0	0	0	0	1	0	0	0	0	0	0	0	1	0	1	1	0	0	0	1	0	0	0	0	0	0	0	0	0	0	0	0	0	0	0	-1	1	1	1	-1	0	0	1	0	0	0	0	0	-1	1	1	1	0	1	0	0	0	0	39021669	43	female	democrat	vocational_secondary_certification	single_living_with_partner	employee	other	Roman Catholic	yes	yes
34070076	1	0	0	0	0	0	0	0	0	1	0	0	0	-1	0	0	-1	1	1	-1	0	1	0	0	0	0	0	0	1	0	0	0	0	0	1	0	0	0	0	0	1	1	1	1	0	0	0	0	1	1	1	1	0	0	0	0	1	0	0	0	0	0	0	0	1	0	0	0	0	1	0	0	0	1	1	0	0	0	0	0	0	1	0	0	1	1	1	1	0	0	0	0	0	0	0	0	0	0	0	0	0	1	0	0	0	1	0	1	0	0	0	0	0	0	1	1	1	-1	1	-1	0	0	0	0	0	0	0	0	0	-1	0	0	0	0	0	0	0	0	0	0	0	0	0	-1	0	0	1	0	0	1	34070076	30	male	none	bachelor	single_living_alone	employee	asien	Roman Catholic	yes	yes
43847840	0	0	1	0	0	0	0	0	1	1	-1	1	0	1	0	0	0	0	0	0	0	0	0	0	1	0	0	0	0	0	0	1	1	-1	0	-1	0	1	0	-1	-1	-1	0	0	1	0	0	0	0	0	0	0	0	-1	0	0	0	0	1	0	1	0	-1	0	0	0	1	0	0	0	0	0	0	0	0	0	0	0	0	1	1	1	1	1	0	0	0	0	1	0	1	-1	0	1	0	0	0	0	0	0	0	0	0	0	1	-1	-1	1	0	0	0	0	0	0	0	0	1	0	-1	0	0	0	0	0	0	0	0	1	1	1	1	1	0	0	1	0	0	0	0	1	1	1	1	1	0	1	1	0	0	0	43847840	31	male	democrat	bachelor	single_living_alone	selfemployed	black_or_african_american	Roman Catholic	yes	yes
31888345	0	0	0	0	0	0	0	0	0	0	0	1	0	0	0	0	0	1	0	0	0	0	0	0	0	0	0	0	1	0	0	0	0	0	0	1	0	1	0	0	0	1	0	0	0	0	-1	1	-1	-1	0	0	0	0	0	0	0	0	0	0	1	0	0	0	0	0	0	0	0	0	0	0	0	-1	0	1	0	0	0	0	0	0	1	1	0	1	0	0	-1	0	0	0	0	0	0	0	0	0	0	0	0	0	0	1	1	0	0	0	0	0	0	1	0	0	0	0	0	0	0	0	1	1	0	0	0	0	0	0	0	0	0	0	0	1	0	0	0	1	0	0	0	0	0	0	0	0	0	0	0	0	31888345	23	female	republican	bachelor	single_living_with_parents	unemployedseeking_employment	asien	Atheist / Agnostic	yes	yes
43855522	0	1	1	0	0	0	1	0	1	0	1	0	0	0	0	0	0	0	0	0	0	0	0	0	0	0	0	-1	1	1	-1	1	1	1	1	1	0	1	0	0	0	0	0	1	0	1	0	0	1	0	0	1	0	0	0	0	0	0	0	0	0	0	-1	0	1	0	0	0	-1	0	0	0	0	0	0	0	1	1	1	1	1	1	1	-1	1	0	0	0	0	0	1	0	0	0	0	0	1	1	1	1	0	1	0	0	0	0	0	0	1	1	1	-1	0	1	0	0	0	1	0	0	0	0	1	0	0	0	1	0	1	1	1	1	0	0	-1	1	1	0	1	1	0	0	1	1	0	0	1	1	0	1	43855522	26	male	democrat	bachelor	single_living_alone	employee	white	Roman Catholic	yes	yes
43943585	0	0	0	0	0	0	1	0	1	0	0	0	0	0	0	0	0	0	0	0	0	0	0	0	0	0	0	-1	0	0	0	0	0	0	0	0	0	0	0	0	0	0	-1	0	0	0	0	0	0	0	1	0	0	0	0	0	1	0	0	0	0	0	0	0	0	0	0	0	0	0	0	0	0	0	0	0	0	0	0	0	0	0	0	0	0	0	0	0	0	0	0	0	0	0	0	0	1	1	-1	1	0	0	0	0	0	0	0	0	0	0	0	0	0	0	0	0	0	0	0	0	0	0	0	0	0	0	0	0	1	0	0	0	0	0	1	0	0	0	1	0	0	0	0	0	0	0	1	-1	0	0	43943585	27	female	independent	associate_degree	single_living_alone	civil_servant	white	Atheist / Agnostic	yes	no
30408589	0	0	-1	-1	1	1	1	-1	1	0	0	-1	0	-1	1	1	0	0	1	0	-1	-1	-1	0	0	-1	-1	0	0	1	-1	-1	0	1	1	1	-1	0	0	-1	1	1	0	1	0	0	0	-1	0	-1	1	0	0	1	0	1	-1	0	0	-1	0	-1	-1	-1	-1	-1	0	0	1	1	1	0	0	1	-1	0	-1	1	1	1	0	-1	1	-1	-1	-1	0	0	1	1	1	1	1	1	1	1	0	-1	0	1	0	-1	1	-1	0	0	0	-1	1	0	-1	-1	1	0	-1	-1	1	0	0	-1	-1	-1	1	1	1	1	1	0	1	0	0	1	-1	0	1	0	-1	-1	0	1	0	-1	0	0	-1	0	0	0	1	1	
13763729	0	0	0	0	0	0	0	0	0	0	0	0	0	0	0	0	0	0	0	0	0	0	0	0	0	0	0	0	0	0	0	0	0	0	0	0	0	0	0	0	0	0	0	-1	0	0	0	0	0	0	0	0	0	0	0	-1	0	0	0	0	0	0	0	0	0	0	0	0	0	0	0	0	0	0	0	0	0	0	0	0	0	0	0	0	0	0	0	0	0	0	0	0	0	0	0	0	0	0	0	0	0	0	0	0	0	0	0	0	0	0	0	1	0	0	0	0	0	0	0	0	0	0	0	0	1	0	0	0	0	0	0	0	0	0	0	0	0	0	0	0	0	0	0	0	0	0	0	0	0	0	
15193250	0	0	0	0	1	0	0	0	1	0	0	0	1	0	0	0	1	0	1	0	0	0	1	0	0	0	0	0	0	0	0	0	0	0	1	0	0	0	0	0	-1	0	0	0	0	0	0	0	0	0	1	0	1	-1	-1	-1	0	-1	1	0	0	0	-1	0	0	0	0	0	0	0	0	1	0	0	0	0	0	1	0	0	0	0	0	1	1	1	0	0	0	1	0	0	0	1	1	0	0	0	0	1	0	0	0	0	0	0	0	0	0	0	0	0	0	0	1	0	0	0	1	-1	0	0	1	1	1	1	-1	1	0	0	0	0	1	1	1	1	0	0	0	0	0	0	0	0	0	0	0	-1	1	1	
43981010	0	0	0	0	0	0	0	0	0	0	0	0	0	0	0	0	0	0	0	0	0	0	0	0	0	0	0	0	0	0	0	0	0	0	0	1	0	0	0	0	0	0	0	0	0	0	0	0	0	0	0	0	0	0	0	-1	0	0	0	0	0	1	0	0	0	0	0	0	0	0	0	0	0	0	0	0	0	0	0	0	0	0	0	1	0	0	0	0	1	0	1	0	0	0	0	0	1	0	0	0	0	0	0	0	0	0	0	0	0	0	0	0	0	0	1	0	0	0	0	0	0	1	0	0	0	1	0	0	0	0	0	0	1	0	0	0	0	0	0	0	0	0	-1	0	0	0	0	0	0	0	
19638651	1	-1	0	0	0	0	0	0	0	0	0	0	0	0	0	0	0	0	0	0	0	0	0	0	0	0	1	0	0	0	0	0	0	0	0	0	-1	0	0	0	0	0	0	0	1	1	1	1	0	0	0	0	0	0	0	0	0	0	0	0	0	0	0	0	0	0	0	0	1	0	0	0	0	0	0	0	0	0	0	0	0	0	0	0	0	0	0	0	0	0	0	0	0	0	0	0	0	1	0	0	0	0	0	0	0	0	0	0	0	0	0	0	0	1	0	0	1	1	0	0	0	0	0	0	0	1	0	0	0	0	0	0	0	0	0	0	0	0	0	0	0	0	0	0	0	0	0	0	0	1	
11521789	1	0	0	1	1	0	0	1	1	1	1	0	0	0	1	-1	1	0	1	0	1	1	1	1	1	1	1	1	0	0	1	0	0	0	0	0	1	1	0	0	0	0	0	0	1	1	1	1	0	0	-1	0	1	-1	-1	-1	1	0	0	0	0	0	0	0	0	1	-1	0	1	0	1	0	0	0	0	0	0	0	0	1	0	0	0	0	0	0	1	0	0	0	0	0	1	0	1	1	0	0	0	0	0	0	0	0	0	-1	0	1	0	0	0	0	0	1	0	0	1	0	1	0	0	0	-1	0	1	1	0	-1	0	0	0	0	1	0	0	0	0	0	0	0	-1	1	1	0	0	0	0	1	1	1	11521789	54	male	republican	some_college	other:Separated	employee	asien	Protestant	yes	yes
43699918	0	0	0	0	0	0	0	0	0	0	0	-1	0	0	0	0	0	1	1	0	0	1	0	0	0	-1	0	0	1	0	0	0	1	0	0	0	0	0	0	0	0	1	0	0	0	0	1	-1	1	1	0	0	0	0	0	1	0	1	0	1	1	1	0	1	0	0	0	0	0	0	1	0	0	0	0	1	0	0	0	0	0	0	1	1	0	1	0	1	1	0	1	0	0	1	0	0	0	1	1	1	1	0	0	1	-1	0	1	0	0	0	0	1	1	1	1	0	0	0	0	0	0	0	1	1	1	1	0	0	0	-1	0	0	-1	-1	0	0	0	1	0	0	0	0	1	0	0	0	0	0	0	0	43699918	23	male	republican	some_college	single_living_with_partner	student	hispanic_american	Protestant	yes	yes
41841195	0	0	0	0	0	0	0	0	0	0	0	0	0	0	0	0	0	0	0	0	0	0	0	0	0	0	0	0	1	-1	-1	1	1	-1	1	1	0	1	0	0	0	0	-1	0	0	0	0	0	0	0	0	0	0	0	0	0	0	0	0	0	0	0	0	0	1	0	0	0	0	0	0	0	0	0	0	0	1	1	-1	1	0	0	0	0	0	0	0	0	0	0	0	0	0	0	0	0	0	0	0	0	0	0	0	0	0	0	0	0	1	1	1	-1	0	0	0	0	0	0	0	0	0	0	0	0	0	0	0	0	0	0	0	1	0	0	0	0	0	0	0	0	0	0	0	0	0	0	0	0	0	0	41841195	32	female	independent	some_college	single_living_with_partner	other:homemaker	white	Atheist / Agnostic	no	yes
34689613	0	0	0	0	0	0	-1	-1	0	0	0	0	0	1	0	-1	1	0	0	0	1	0	0	0	0	0	0	0	0	0	0	0	0	0	1	0	0	0	1	0	1	0	1	0	0	-1	0	0	1	1	-1	-1	0	-1	0	0	0	0	0	0	0	0	0	0	0	1	0	0	0	0	0	0	0	0	0	0	1	-1	1	0	1	0	0	0	0	1	0	0	0	0	0	0	1	-1	-1	1	0	0	0	0	0	0	-1	0	1	0	0	0	-1	0	0	0	0	0	0	0	0	0	0	0	0	0	0	0	0	0	0	0	0	0	0	0	0	-1	0	0	0	0	0	0	0	0	0	-1	0	0	0	0	1	0	
40790579	0	0	0	1	0	1	0	0	1	1	1	1	1	1	0	1	1	0	1	0	0	0	1	1	1	1	0	0	0	0	1	1	0	0	0	0	1	0	0	0	0	1	0	0	1	0	1	0	0	0	0	1	0	1	0	0	0	1	1	0	0	0	0	0	0	1	0	0	1	1	1	1	1	1	1	1	0	1	0	0	0	0	0	0	0	0	1	0	0	0	1	0	0	0	1	1	1	1	0	1	0	0	0	0	1	1	1	1	0	1	0	0	0	0	0	0	0	0	0	0	0	0	1	0	1	1	1	1	0	0	1	0	1	1	1	1	1	1	1	1	0	0	0	1	1	1	0	1	0	0	40790579	29	male	democrat	bachelor	single_living_alone	employee	other	Muslim	no	no
43943676	1	0	0	-1	1	1	0	0	1	0	0	0	-1	1	1	-1	0	0	0	0	0	0	0	0	0	0	1	0	0	0	-1	0	0	0	0	0	-1	0	0	0	-1	0	0	1	0	0	1	0	0	0	0	0	0	0	0	0	-1	0	0	0	0	1	0	1	0	0	0	0	1	0	0	0	1	0	0	0	1	0	1	1	0	0	0	1	0	1	0	0	0	1	1	0	1	0	0	1	0	0	0	0	0	0	0	0	1	-1	1	1	0	0	0	0	0	1	0	1	1	0	1	0	0	0	0	1	0	1	0	0	1	1	1	1	1	1	-1	1	0	0	0	1	0	0	0	-1	1	0	0	0	1	1	
43606269	0	1	0	0	1	0	0	0	0	0	0	1	0	0	0	0	0	1	0	0	0	0	0	1	0	0	0	0	1	0	0	1	1	0	0	1	0	1	0	1	0	0	0	0	0	0	0	0	0	0	0	0	0	0	0	1	0	1	0	1	1	1	1	1	0	0	0	0	0	0	1	0	0	1	0	0	0	0	0	0	1	1	1	1	0	1	0	1	1	0	1	1	0	1	0	0	1	0	0	1	0	0	0	1	0	0	1	1	0	0	0	1	1	1	1	0	0	0	0	0	1	1	0	1	1	1	0	0	0	1	1	0	1	1	0	0	0	1	0	1	1	1	1	1	0	0	0	0	0	0	
43869435	1	-1	0	0	1	1	1	1	0	0	1	0	0	0	0	0	0	0	0	-1	-1	0	-1	0	0	0	0	1	-1	1	1	1	1	-1	-1	-1	0	1	0	0	0	0	-1	-1	0	1	0	0	-1	0	-1	0	0	0	0	0	-1	0	0	0	0	0	1	1	1	0	0	0	-1	0	0	0	0	0	0	0	1	1	1	1	0	0	0	0	1	0	0	0	0	0	0	0	0	0	0	0	0	1	1	0	0	1	0	0	0	0	0	0	1	1	1	-1	0	-1	0	0	0	1	0	0	0	0	1	0	0	0	0	0	0	1	1	1	0	0	0	1	-1	0	1	0	0	0	-1	0	0	0	0	0	0	1	
43967735	0	0	-1	1	1	0	-1	-1	0	0	0	0	0	1	1	1	0	0	0	0	1	0	1	0	0	1	-1	0	1	0	0	-1	0	-1	-1	1	1	0	1	0	-1	-1	1	1	0	0	0	0	0	-1	0	0	0	0	1	1	1	0	0	0	0	-1	-1	-1	1	1	0	0	1	1	0	0	0	-1	0	-1	1	-1	1	1	0	-1	1	0	1	0	0	0	-1	1	1	1	-1	0	0	1	0	0	0	1	0	1	0	0	0	-1	-1	0	1	0	0	0	-1	0	1	1	-1	0	0	1	-1	1	-1	1	1	-1	-1	0	1	-1	1	1	-1	0	-1	-1	-1	1	-1	0	0	-1	0	0	1	0	0	0	0	0	
43510526	0	0	0	0	0	0	0	0	0	0	0	0	0	0	0	0	0	0	0	0	0	0	0	0	0	0	0	0	0	0	0	0	0	0	0	0	-1	-1	-1	1	0	0	0	0	0	0	0	0	0	0	0	0	0	0	0	0	0	0	0	0	0	0	0	0	0	0	0	0	0	0	0	0	0	0	0	0	0	0	0	0	0	0	0	0	0	0	0	0	0	0	0	0	0	0	0	0	0	0	0	0	0	0	0	0	0	0	0	0	0	0	0	0	0	0	0	0	0	0	0	0	0	0	0	0	0	0	0	0	0	0	0	0	0	0	0	0	0	0	0	0	0	0	0	0	0	0	0	0	0	0	43510526	30	female	none	bachelor	single_living_alone	retired	hispanic_american	Russian Orthodox	yes	no
43857136	0	0	0	0	0	0	0	0	0	0	0	0	0	0	0	0	0	0	0	0	0	0	0	0	1	1	1	1	0	1	0	0	0	0	0	0	0	0	0	0	0	0	0	0	1	1	1	1	0	0	0	0	1	0	0	0	0	0	0	0	0	0	0	0	0	0	0	0	0	0	0	0	0	0	0	0	0	0	0	1	0	0	0	0	0	0	0	0	0	1	0	0	0	0	0	0	0	1	0	0	0	0	0	0	0	0	-1	0	0	0	0	0	0	0	0	0	0	0	0	0	0	0	0	0	0	0	0	0	0	0	0	0	0	0	0	0	0	0	0	0	0	0	-1	0	0	0	0	0	1	0	
31613324	1	1	0	0	1	1	1	1	0	0	1	0	0	0	0	0	0	0	0	1	1	0	-1	0	0	0	0	1	1	1	1	1	-1	1	1	1	0	1	0	0	0	0	-1	-1	0	1	0	0	-1	0	1	0	0	0	0	0	1	0	0	0	0	0	1	1	1	0	0	0	1	0	0	0	0	0	0	0	1	1	1	1	0	0	0	0	1	0	0	0	0	0	0	0	0	0	0	0	0	1	1	0	0	-1	0	0	0	0	0	0	1	1	1	1	0	-1	0	0	0	1	0	0	0	0	-1	0	0	0	0	0	0	-1	1	1	0	0	0	1	1	0	1	0	0	0	1	0	0	0	0	0	0	1	
43650804	0	0	1	0	0	0	0	0	0	1	0	1	0	0	1	0	0	0	0	0	0	0	0	0	0	0	0	0	0	0	0	0	0	0	0	0	-1	0	0	0	-1	0	0	-1	1	0	0	0	0	0	0	0	0	0	0	-1	0	0	0	0	0	0	0	0	0	0	-1	0	0	0	0	0	1	0	0	0	0	0	0	1	0	0	0	0	0	0	0	0	0	0	0	1	0	0	0	1	0	0	0	0	-1	0	0	-1	0	0	0	0	0	0	0	1	0	0	0	0	1	0	1	0	0	0	0	0	1	0	-1	0	1	0	0	0	0	1	0	0	0	0	1	0	0	1	0	0	0	-1	1	0	0	0	
43679467	0	0	0	0	0	0	1	0	1	1	0	1	1	-1	0	1	0	0	0	0	0	0	0	1	1	0	0	1	0	0	1	-1	0	0	0	0	0	0	0	0	0	1	0	-1	-1	1	0	0	1	0	0	1	0	1	0	0	0	0	0	0	0	0	1	0	0	1	0	0	-1	1	0	0	0	0	0	0	0	-1	0	0	0	0	0	0	1	0	1	0	0	0	1	0	0	0	1	1	0	1	0	0	0	-1	0	0	1	-1	1	1	0	-1	0	0	0	1	0	0	0	0	0	0	0	0	0	0	1	0	1	0	-1	1	1	0	-1	0	1	0	1	0	1	-1	0	0	0	-1	1	0	0	1	0	0	43679467	23	female	democrat	bachelor	single_living_with_parents	employee	white	Roman Catholic	yes	yes
23711512	0	0	0	0	0	0	0	0	0	0	0	0	0	0	0	0	0	0	0	0	0	0	0	0	0	0	0	0	0	0	0	0	0	0	0	0	0	0	0	0	0	0	0	1	0	0	0	0	0	0	0	0	0	0	0	-1	0	0	0	0	0	0	0	0	0	0	0	0	0	0	0	0	0	0	0	0	0	0	0	0	0	0	0	0	0	0	0	0	0	0	0	0	0	0	0	0	0	0	0	0	0	0	0	0	0	0	0	0	0	0	0	1	0	0	0	0	0	0	0	0	0	0	0	0	1	0	0	0	0	0	0	0	0	0	0	0	0	0	0	0	0	0	0	0	0	0	0	0	0	0	23711512	33	female	independent	vocational_secondary_certification	single_living_alone	employee	white	Protestant	no	yes
18979155	0	0	0	0	0	0	0	0	0	0	0	1	0	0	0	0	0	0	0	0	0	0	0	0	0	0	0	0	1	0	0	0	1	0	0	0	0	0	0	0	0	0	0	0	0	0	0	0	0	0	0	0	0	0	0	0	0	0	0	1	0	0	0	-1	0	0	0	0	0	0	0	0	0	0	0	0	0	0	0	0	0	0	1	0	0	0	0	0	0	0	0	0	0	0	0	0	0	0	0	0	0	0	0	0	0	0	0	0	0	0	0	0	1	0	0	0	0	0	0	0	0	0	0	0	0	0	0	0	0	-1	0	0	0	0	0	0	0	0	0	0	0	0	0	0	0	0	0	0	0	0	18979155	26	female	none	high_school	single_living_with_parents	unemployedseeking_employment	white	Atheist / Agnostic	no	yes
34081916	0	0	0	1	0	0	0	0	-1	0	0	0	0	0	0	0	0	0	0	0	0	0	0	0	0	0	0	0	0	0	0	0	0	0	0	0	0	0	0	0	0	0	0	0	0	0	0	0	0	0	0	0	0	0	0	0	0	0	0	0	0	0	0	0	0	0	0	0	0	0	0	0	0	0	0	0	0	0	0	0	0	0	0	0	0	0	0	0	0	0	-1	0	0	0	0	0	1	-1	0	0	0	0	0	0	0	0	0	0	0	0	0	0	0	0	0	0	0	0	0	0	0	0	0	0	0	0	0	0	0	0	-1	0	0	0	-1	0	0	0	0	0	0	0	0	1	0	0	0	0	0	0	
12366026	0	0	0	0	0	0	0	0	0	0	0	0	0	0	0	0	1	1	1	1	0	0	0	0	0	-1	0	0	0	0	0	-1	0	0	1	0	0	0	0	0	1	0	0	0	0	0	0	0	0	0	-1	0	0	0	1	0	0	1	0	0	0	0	0	0	0	0	0	1	0	0	0	1	0	0	0	-1	0	1	0	0	0	1	1	-1	0	1	0	0	1	-1	-1	1	0	1	1	0	0	0	0	1	0	0	0	0	0	0	1	0	0	0	0	0	1	0	0	0	0	0	0	1	1	1	1	1	0	1	0	1	0	0	0	0	1	1	1	1	0	0	0	0	0	0	0	0	0	0	0	0	1	1	12366026	23	female	democrat	master	single_living_alone	employee	white	Atheist / Agnostic	yes	yes
43046630	0	0	1	0	0	0	0	0	0	0	0	0	1	1	1	1	0	0	0	0	1	0	0	0	0	0	0	0	0	0	1	0	0	0	0	0	-1	0	0	0	0	0	0	0	0	0	0	0	0	0	0	0	0	0	0	1	0	0	0	0	0	0	0	0	0	0	0	0	0	0	1	0	1	0	0	0	1	0	0	1	0	0	0	0	0	0	0	0	0	0	0	0	0	0	0	1	0	0	0	0	1	0	0	0	0	0	0	0	0	0	0	0	0	0	0	1	0	0	0	0	0	1	0	0	0	0	0	0	1	0	0	0	0	1	0	0	0	0	1	0	0	0	0	0	0	0	0	0	0	0	
35849301	0	0	0	1	0	0	0	0	0	0	0	0	0	0	0	0	0	0	0	0	0	0	0	1	0	0	0	0	0	0	0	0	0	0	0	0	0	0	0	0	0	0	0	0	0	0	0	0	0	0	0	0	0	0	0	0	0	0	0	0	0	-1	0	0	0	0	0	0	1	0	0	0	0	0	0	0	0	0	1	0	0	0	0	0	1	0	1	0	0	0	0	0	-1	0	0	-1	0	0	0	0	0	0	0	0	0	0	0	0	0	0	0	0	0	-1	0	0	1	0	0	0	0	0	0	0	0	0	0	0	0	1	0	0	0	0	0	0	0	0	0	0	0	0	0	0	0	0	0	0	0	0	
43684066	1	0	0	0	0	0	0	1	1	1	0	0	0	0	1	1	1	1	1	-1	-1	1	1	-1	1	0	1	1	1	1	0	0	0	0	-1	0	-1	1	1	0	-1	1	1	1	0	0	1	0	0	0	-1	-1	1	-1	-1	-1	-1	0	0	0	0	1	0	0	1	0	1	0	1	-1	1	1	0	1	1	0	0	0	1	0	0	1	0	0	1	1	1	1	0	1	1	0	1	0	0	1	0	1	0	0	1	0	1	0	0	-1	1	1	0	0	0	0	1	-1	0	0	1	0	0	0	-1	0	0	0	0	1	0	1	0	1	0	0	1	0	0	0	0	-1	0	0	1	1	0	1	0	0	0	0	0	1	
43947238	0	0	0	0	0	0	0	0	0	0	0	0	0	0	0	0	0	0	1	0	0	0	0	0	0	1	1	0	0	0	0	0	0	0	0	1	0	0	0	0	0	0	0	0	0	0	0	0	0	0	0	0	0	0	0	0	0	0	0	0	0	0	0	1	0	0	0	0	0	0	0	0	0	0	0	0	0	0	0	0	0	0	0	1	0	0	0	0	0	0	1	0	0	0	0	0	0	0	0	0	1	0	0	0	0	0	1	0	0	0	0	0	0	0	0	0	0	0	0	1	1	1	1	1	0	0	0	0	0	0	0	0	0	0	0	0	0	0	0	0	0	0	1	0	1	0	0	0	0	0	
43797734	1	0	0	0	0	0	0	0	0	0	0	0	0	0	0	0	0	0	0	0	0	0	0	0	0	0	0	0	1	0	0	0	0	0	1	0	0	0	0	0	1	1	-1	-1	0	0	0	0	0	0	0	-1	0	0	0	0	0	0	0	0	0	0	0	0	1	0	0	0	0	0	0	0	0	1	1	0	0	0	0	0	0	0	0	0	-1	0	0	0	0	1	0	0	0	0	0	0	0	0	0	0	0	0	0	0	0	-1	0	0	0	0	0	0	0	0	0	0	0	0	0	0	1	0	0	0	0	0	0	0	0	-1	0	0	-1	0	0	0	0	0	0	0	0	0	0	1	0	0	0	0	0	0	
15004831	1	0	1	0	-1	0	1	0	0	0	0	-1	1	-1	1	1	1	1	-1	1	1	0	0	0	-1	1	0	0	0	0	1	0	0	-1	0	0	1	1	-1	1	0	0	0	0	0	0	0	0	0	0	0	-1	0	0	0	1	1	1	1	1	0	-1	0	1	-1	0	0	0	0	-1	1	0	0	-1	1	0	-1	0	0	-1	0	0	0	0	1	1	1	1	1	1	0	0	0	0	0	0	1	0	0	0	-1	-1	0	1	0	0	0	0	1	0	0	0	0	1	1	-1	0	0	0	0	1	1	0	1	0	0	1	0	0	1	0	0	0	1	1	1	0	1	-1	0	-1	0	0	1	-1	1	1	-1	0	0	
43948769	0	0	1	0	1	0	0	0	0	1	0	1	1	0	1	0	0	1	0	1	0	0	1	1	0	0	0	0	0	1	0	0	0	0	0	0	0	0	1	0	-1	0	0	1	1	0	0	0	0	0	0	0	0	1	1	-1	0	-1	0	0	1	0	0	0	1	0	1	0	0	0	-1	0	0	0	1	0	0	0	0	1	0	0	1	0	0	0	0	1	1	0	0	0	1	1	0	0	1	0	0	1	0	-1	0	0	1	1	1	1	0	0	1	1	0	-1	0	0	1	0	1	1	1	0	1	1	1	0	0	-1	0	0	0	0	1	0	1	0	1	0	0	0	0	1	0	0	1	-1	1	0	1	0	
43858972	1	1	1	1	1	1	1	1	1	0	1	0	0	0	0	0	0	0	0	1	1	0	1	0	0	0	0	1	0	0	0	1	0	0	0	0	0	0	0	0	0	0	1	0	0	0	0	0	0	0	1	1	0	0	0	0	1	0	0	0	0	0	0	1	0	0	0	0	0	0	0	0	0	0	0	0	1	1	1	0	1	1	1	1	0	0	0	0	0	0	1	0	0	0	0	0	1	1	1	1	0	0	0	0	0	0	0	0	1	1	0	0	0	0	0	0	0	0	0	0	0	0	1	0	0	0	1	0	1	0	1	0	0	0	1	1	1	0	1	1	0	0	1	1	0	0	1	1	0	0	
43836952	0	0	0	0	0	0	1	0	0	0	0	0	0	1	0	1	1	0	0	0	-1	0	0	0	0	1	0	0	0	0	1	0	0	1	0	0	0	0	1	1	0	0	-1	0	-1	1	0	0	1	0	0	-1	0	1	0	0	0	0	1	-1	0	0	0	0	0	1	0	1	0	0	0	0	1	0	0	0	1	0	0	0	1	0	0	0	0	0	0	0	0	0	0	0	0	1	0	0	0	0	0	0	0	0	0	0	0	0	0	0	1	0	0	-1	0	0	0	0	0	-1	0	0	0	0	0	0	0	0	0	0	0	1	-1	1	0	0	0	0	0	0	0	0	1	0	0	0	0	0	0	1	0	0	
29738307	0	0	0	0	0	0	0	0	0	0	0	0	0	0	0	0	0	0	0	0	0	0	0	0	0	0	0	0	0	0	0	0	0	0	0	-1	0	0	0	0	0	0	0	0	0	0	0	0	0	0	0	0	0	0	0	0	0	0	0	0	0	0	0	0	0	0	0	0	0	0	0	0	0	0	0	0	0	0	0	0	0	0	0	1	0	0	0	0	0	0	1	0	0	0	0	0	0	0	0	0	0	0	0	0	0	0	0	0	0	0	0	0	0	0	0	0	0	0	0	0	0	0	0	0	0	0	0	0	0	0	0	0	0	0	0	0	0	0	0	0	0	0	1	0	0	0	0	0	0	0	29738307	21	female	democrat	some_college	single_living_with_parents	student	white	Atheist / Agnostic	yes	yes
30501721	0	0	1	0	0	1	0	0	0	0	0	0	0	0	0	0	1	0	0	0	0	0	0	0	1	1	1	0	1	1	1	0	0	1	0	0	1	1	-1	1	0	0	0	0	1	0	0	0	0	0	0	0	0	0	0	0	0	0	-1	1	0	0	0	0	0	0	0	1	0	-1	0	0	0	0	1	0	0	0	0	0	0	0	0	0	0	0	1	0	1	1	0	0	0	1	0	0	0	0	-1	0	0	0	-1	0	0	0	0	0	0	1	1	1	-1	1	1	1	0	0	-1	0	1	0	0	1	0	0	-1	0	1	-1	1	1	1	0	1	0	0	1	0	0	1	0	0	0	1	1	1	0	0	0	30501721	32	female	none	vocational_secondary_certification	single_living_with_partner	other:Homemaker	white	other:Christian/Southern Baptist	yes	yes
25955589	0	0	0	0	0	0	0	0	0	0	0	0	0	0	0	0	0	0	0	0	0	0	0	0	0	0	0	0	0	0	0	0	0	0	0	0	0	0	0	0	0	0	0	0	0	0	0	0	0	0	0	0	0	0	0	0	0	0	0	0	0	0	0	0	0	0	0	0	0	0	0	0	0	0	0	0	0	0	0	0	0	0	0	0	0	0	0	0	0	0	0	0	0	0	0	0	0	0	0	0	0	0	0	0	0	0	0	0	0	0	0	0	0	0	0	0	1	1	-1	1	0	0	0	0	0	0	0	0	0	0	0	0	0	0	0	0	0	0	0	0	0	0	0	0	0	0	0	0	0	0	
43642386	0	1	1	1	1	1	1	1	0	0	-1	0	0	0	0	0	-1	0	1	1	1	0	-1	0	0	0	0	-1	0	0	0	0	0	0	0	0	0	0	0	0	0	0	1	0	0	0	0	0	0	0	0	0	0	0	0	0	0	0	0	1	0	0	0	0	0	0	0	0	0	0	0	0	0	0	0	0	1	0	1	0	-1	1	1	-1	0	0	0	0	0	0	0	0	0	0	0	0	0	0	-1	1	0	0	0	0	0	0	0	0	1	1	0	0	1	0	0	0	0	0	0	0	0	0	0	0	0	0	0	0	1	1	1	0	0	0	0	-1	0	0	0	0	0	0	1	0	0	0	1	-1	0	0	43642386	34	male	democrat	bachelor	married	selfemployed	hispanic_american	Protestant	yes	yes
10959404	0	0	0	0	0	0	0	0	0	0	0	0	0	0	0	0	0	0	0	0	0	0	0	0	0	0	0	0	0	0	0	0	0	0	0	0	0	0	0	0	0	0	0	0	0	0	0	0	0	0	0	0	0	0	0	0	0	0	0	0	0	0	0	0	0	0	0	0	0	0	0	0	0	0	0	0	0	0	0	0	0	0	0	0	1	1	1	1	0	0	0	0	0	0	0	0	0	0	0	0	0	0	0	0	0	0	0	0	0	0	0	0	0	0	0	0	0	0	0	0	0	0	0	0	0	0	0	0	0	0	0	0	0	0	0	0	0	0	0	0	0	0	0	0	0	0	0	0	0	0	
43641877	0	0	1	0	0	1	1	0	0	0	0	0	1	1	-1	0	0	0	0	0	1	0	1	0	0	0	0	0	0	0	1	0	1	0	1	1	0	0	0	0	1	1	0	1	0	0	0	0	0	-1	1	0	0	0	0	0	0	1	1	1	0	-1	1	0	1	1	1	1	1	1	1	1	1	1	1	1	1	1	1	1	0	0	0	1	1	1	0	0	0	0	1	0	1	1	1	0	1	1	-1	0	0	0	0	-1	0	0	0	0	1	0	0	1	0	0	1	1	1	0	0	1	0	1	0	1	1	1	1	1	0	0	0	1	1	0	1	1	1	1	1	1	0	1	0	0	0	0	0	0	1	1	
43851278	-1	1	0	0	1	1	1	-1	0	0	0	0	0	0	0	0	0	0	0	-1	1	0	1	0	0	0	0	-1	1	1	1	1	-1	-1	1	1	0	1	0	0	0	0	1	1	0	-1	0	0	1	0	1	0	0	0	0	0	-1	0	0	0	0	0	1	1	1	0	0	0	1	0	0	0	0	0	0	0	1	1	1	-1	0	0	0	0	1	0	0	0	0	0	0	0	0	0	0	0	0	-1	1	0	0	1	0	0	0	0	0	0	1	1	1	-1	0	1	0	0	0	1	0	0	0	0	1	0	0	0	0	0	0	1	1	-1	0	0	0	1	-1	0	1	0	0	0	1	0	0	0	0	0	0	1	43851278	25	male	democrat	bachelor	single_living_with_parents	employee	black_or_african_american	Protestant	yes	yes
25358609	0	0	0	0	0	0	0	0	0	0	0	0	0	0	0	0	0	0	0	0	0	0	0	0	0	0	0	0	0	0	0	0	0	0	0	0	0	0	0	0	0	0	0	0	0	0	0	0	0	0	0	-1	0	0	0	0	0	0	0	0	0	0	0	0	0	0	0	0	0	0	0	0	0	0	0	0	0	0	0	0	0	0	0	0	0	0	0	0	0	0	0	0	0	0	0	0	0	0	0	0	0	0	0	0	0	0	0	0	0	1	0	0	0	0	0	0	0	0	0	0	0	0	0	0	0	0	-1	0	0	0	0	0	0	0	0	0	1	0	0	0	0	0	0	0	0	0	0	0	0	0	25358609	47	female	democrat	bachelor	single_living_alone	unemployedseeking_employment	asien	Buddhist	yes	yes
39531214	0	0	1	0	0	-1	1	0	0	0	0	0	0	-1	0	-1	-1	0	0	0	1	0	0	0	1	1	0	1	-1	-1	0	0	0	0	-1	0	0	0	-1	0	1	0	-1	0	-1	-1	-1	-1	1	0	0	-1	0	-1	0	0	0	0	0	1	0	0	0	0	0	0	0	-1	0	0	0	0	-1	0	-1	0	-1	-1	1	-1	-1	0	0	0	0	-1	0	0	-1	-1	0	0	1	1	1	1	0	0	-1	0	0	0	-1	0	1	0	0	0	1	-1	1	0	-1	-1	-1	-1	0	0	1	0	0	0	0	-1	0	0	-1	0	1	0	0	0	0	-1	-1	0	0	-1	0	0	-1	0	-1	-1	-1	-1	-1	-1	-1	0	
27947324	1	-1	1	1	0	0	-1	0	0	0	0	0	0	0	0	0	1	-1	1	-1	0	0	0	0	0	-1	0	1	1	0	0	0	1	1	-1	1	0	0	0	0	-1	1	-1	1	0	0	1	0	0	0	0	0	0	0	0	0	0	0	0	0	0	0	0	0	0	0	0	0	1	1	0	0	0	0	0	-1	0	0	0	0	1	1	1	1	-1	1	1	1	0	0	1	0	0	0	0	0	-1	1	1	1	0	0	0	0	0	-1	0	0	0	0	0	0	0	0	0	0	0	0	0	0	-1	0	0	0	0	0	0	0	-1	0	1	0	0	0	0	0	0	0	0	0	0	0	0	1	0	-1	1	-1	0	0	27947324	40	male	democrat	bachelor	married	employee	hispanic_american	Roman Catholic	yes	yes
8921119	0	-1	1	0	1	0	0	0	1	1	0	0	0	0	0	0	0	1	0	0	0	0	0	0	0	0	0	1	0	0	0	-1	1	0	0	0	0	1	0	1	-1	0	0	1	1	0	0	0	0	0	-1	0	1	-1	-1	-1	0	0	0	0	1	0	1	0	0	0	1	0	0	0	-1	0	0	0	0	0	0	0	0	1	1	-1	-1	0	0	0	0	1	1	1	0	1	0	-1	0	0	0	0	0	1	0	0	0	0	0	-1	1	1	0	0	0	1	0	0	0	0	1	0	-1	0	0	0	0	1	1	0	0	1	0	0	1	0	0	0	-1	0	0	0	0	1	1	1	-1	-1	0	1	1	0	0	0	
39513281	0	0	0	0	0	0	0	0	0	0	0	0	0	0	0	0	0	0	0	0	0	0	0	0	0	0	0	0	0	0	0	0	0	0	0	0	0	0	0	0	-1	0	0	0	0	0	0	0	0	0	0	0	0	0	0	0	0	0	0	0	0	0	0	0	0	0	0	0	0	0	0	0	0	0	0	0	0	1	0	0	0	0	0	0	0	0	0	0	0	0	0	0	0	0	0	0	0	0	0	0	0	0	0	0	1	0	0	0	0	0	0	0	0	0	0	0	0	0	0	0	0	0	0	0	0	0	0	0	0	0	0	0	0	1	0	0	0	0	0	0	0	0	0	0	0	0	0	0	0	0	
42864658	1	1	1	-1	0	0	0	0	0	0	0	0	0	0	0	0	0	0	0	0	0	0	0	0	0	0	0	0	0	0	0	0	0	0	0	0	0	0	0	0	0	0	0	0	0	0	0	0	0	0	0	0	0	0	0	0	0	0	0	0	0	0	0	0	0	0	0	0	0	0	0	0	0	0	0	0	0	0	0	0	1	1	-1	1	0	0	0	0	0	0	0	0	0	0	0	0	0	0	0	0	0	0	0	0	0	0	0	0	0	0	0	0	0	0	0	0	0	0	0	0	0	0	0	0	0	0	0	0	0	0	0	0	0	0	0	0	0	0	0	0	0	0	0	0	0	0	0	0	0	0	42864658	38	male	democrat	some_college	married	employee	white	Protestant	yes	yes
35330747	0	0	0	0	-1	0	0	0	0	0	0	0	0	0	0	0	0	1	1	0	0	1	0	1	0	0	0	0	0	0	0	1	-1	0	0	0	0	1	0	1	0	0	0	0	0	0	0	0	1	1	1	1	1	0	1	1	0	0	0	0	0	-1	-1	1	0	0	0	1	0	0	-1	0	0	1	0	1	0	1	0	0	0	0	1	0	0	0	0	-1	1	0	0	0	0	-1	0	0	1	0	0	1	0	0	0	0	0	0	1	0	0	0	0	0	1	-1	1	0	1	1	-1	-1	1	-1	0	1	1	1	0	-1	0	0	0	-1	-1	0	0	0	0	0	0	0	0	0	0	0	0	0	0	0	0	0	35330747	22	female	none	some_college	single_living_with_parents	employee	white	Atheist / Agnostic	no	yes
33266010	0	0	0	1	0	0	0	0	0	0	1	0	1	1	0	1	1	0	1	0	0	0	0	1	1	1	0	0	0	0	1	0	0	0	0	0	0	0	0	0	0	-1	0	0	1	0	1	0	0	0	0	0	0	-1	0	0	0	0	0	0	0	0	0	0	0	1	0	0	1	1	0	0	0	0	0	0	0	0	0	0	0	0	0	0	0	0	1	0	0	0	0	0	0	0	1	1	0	0	0	0	0	0	0	0	1	1	1	-1	0	0	0	0	0	0	0	0	0	0	0	0	0	0	1	0	1	0	0	0	0	0	0	0	1	0	0	0	0	0	0	0	0	0	0	0	1	1	0	1	0	0	
43904063	0	0	0	0	-1	0	0	-1	1	0	0	0	-1	0	0	0	0	0	-1	0	0	-1	0	0	0	-1	1	0	0	0	0	0	0	0	0	0	0	0	-1	0	0	0	0	0	0	0	0	-1	0	0	0	0	1	-1	-1	0	0	0	0	0	0	0	0	-1	0	0	0	0	0	0	0	0	0	0	-1	0	0	0	0	0	0	0	0	0	0	0	0	0	0	0	0	0	1	0	0	1	0	0	0	0	1	-1	-1	0	0	0	-1	1	0	0	-1	0	0	0	0	0	0	0	0	-1	1	-1	-1	-1	0	0	0	0	0	0	0	0	0	0	0	0	0	0	0	0	0	0	0	0	-1	0	0	0	0	0	
37292698	0	-1	0	0	0	0	0	0	0	1	0	1	0	0	-1	0	0	0	0	0	0	0	-1	0	0	0	0	0	0	0	0	0	0	0	0	0	0	0	0	0	0	0	0	-1	0	-1	0	0	0	0	0	0	0	0	0	-1	0	0	0	0	0	0	0	0	-1	0	0	0	0	0	0	1	0	0	0	0	0	0	0	0	-1	0	0	0	0	0	0	0	0	0	0	1	0	0	0	0	0	0	0	0	-1	-1	1	1	1	0	0	0	1	1	-1	1	0	0	0	0	0	0	0	0	0	0	0	0	1	0	0	0	0	0	0	0	0	0	0	0	0	0	0	0	0	0	0	0	0	1	0	0	-1	-1	
34093227	0	1	0	0	0	0	0	0	0	0	0	1	0	0	1	0	0	1	0	0	0	0	1	0	0	0	0	0	0	1	0	0	0	0	0	0	-1	1	-1	-1	0	0	0	0	0	0	0	1	0	0	0	0	0	0	0	0	0	0	0	0	0	1	0	0	1	0	0	0	0	0	0	1	0	0	0	0	0	0	0	0	1	0	0	0	0	0	0	0	0	0	0	1	0	0	0	0	0	0	0	0	-1	-1	-1	1	-1	0	0	0	0	0	0	0	0	0	0	0	0	0	0	1	0	0	1	0	0	0	0	0	0	0	0	0	0	0	0	0	-1	0	0	0	0	0	0	0	1	1	0	0	-1	1	
43834420	0	0	0	0	0	0	0	0	0	0	0	0	0	0	0	0	0	0	0	0	0	0	0	0	0	0	0	0	0	0	0	0	0	0	0	0	0	0	0	0	0	0	0	0	0	0	0	0	0	0	0	0	0	0	0	-1	0	0	0	0	0	0	0	0	0	0	0	0	0	0	0	0	0	0	0	0	0	0	0	0	0	0	0	0	0	0	0	0	0	0	0	0	0	0	0	0	0	0	0	0	0	0	0	0	0	0	0	0	0	0	0	0	0	0	1	0	0	0	0	0	0	1	0	0	0	1	0	0	0	0	0	0	0	0	0	0	0	0	0	0	0	0	0	0	0	0	0	0	0	0	
18666417	0	0	0	0	0	0	0	0	0	1	0	0	0	0	1	0	0	0	1	0	1	-1	1	-1	0	1	0	0	0	0	0	0	1	0	0	0	0	0	0	0	-1	0	0	1	1	1	1	1	0	0	0	0	0	0	0	-1	0	0	0	1	0	0	0	1	0	0	1	0	0	0	0	0	0	1	0	0	0	0	0	0	0	0	0	1	0	1	0	0	0	0	0	0	1	0	0	0	0	0	0	0	-1	0	0	1	0	0	1	0	0	0	0	1	-1	0	0	0	1	0	1	0	1	1	-1	1	1	0	0	1	0	-1	0	0	0	1	0	0	0	-1	0	0	1	1	0	0	0	0	1	0	0	0	18666417	57	female	democrat	some_college	single_living_alone	retired	white	Roman Catholic	no	yes
43994669	0	1	-1	0	0	0	0	0	0	-1	0	1	0	1	-1	0	0	1	0	0	0	1	1	0	0	0	0	0	0	1	0	1	0	0	0	0	0	0	0	1	1	0	0	1	1	1	0	1	0	0	0	0	0	0	0	1	0	0	0	0	0	1	-1	0	-1	0	1	0	0	0	0	1	0	0	0	0	0	0	0	1	0	1	1	0	0	0	-1	0	0	0	0	0	0	0	0	0	0	0	0	0	1	1	-1	1	-1	1	0	1	0	0	1	-1	0	0	1	1	1	1	1	1	0	0	-1	0	1	0	0	1	0	0	1	0	0	0	1	0	1	0	0	1	-1	1	1	1	1	0	1	0	-1	-1	43994669	24	male	none	associate_degree	single_living_with_partner	selfemployed	white	Atheist / Agnostic	yes	yes
43989034	1	0	1	0	0	1	0	0	0	0	0	0	0	0	0	0	1	1	1	-1	0	0	0	0	1	0	1	0	1	1	0	0	0	1	0	0	1	1	-1	1	0	0	0	0	1	0	0	0	0	0	0	1	0	0	0	0	0	0	-1	1	0	0	0	1	1	0	0	1	0	1	0	0	0	1	1	0	0	0	0	0	0	0	0	0	-1	0	1	0	1	1	0	0	0	1	0	1	0	0	-1	0	0	0	1	0	0	0	0	0	0	1	1	0	0	0	0	0	0	0	-1	1	1	0	0	1	0	0	-1	0	1	-1	1	1	1	1	1	0	0	-1	0	0	-1	0	0	1	1	-1	1	0	0	0	
43907115	0	-1	0	0	0	0	0	0	0	0	-1	0	0	0	0	0	0	0	0	0	0	0	0	0	0	0	0	0	0	0	0	0	0	0	0	-1	0	0	0	0	0	0	0	1	0	1	0	0	-1	0	0	0	0	0	0	0	0	0	0	0	0	0	-1	0	0	0	0	0	1	0	0	0	1	1	1	-1	0	0	0	0	0	0	0	1	-1	0	0	0	0	0	1	0	0	0	0	0	0	1	0	0	0	1	0	0	0	0	0	0	0	0	0	0	0	1	0	0	0	1	0	0	0	0	0	0	0	0	0	0	0	1	0	0	0	0	0	0	1	0	1	0	0	0	-1	0	0	0	0	0	0	1	43907115	21	male	democrat	high_school	married	student	american_indian_or_alaska_native	Muslim	yes	yes
43942953	0	1	1	0	1	0	0	0	0	1	0	0	0	0	0	0	0	1	0	0	0	0	0	1	0	0	0	0	0	0	0	1	1	0	0	1	0	1	0	1	1	0	0	0	1	0	0	0	0	0	0	0	0	0	0	1	0	1	0	1	1	1	1	1	0	0	1	0	0	0	1	0	0	0	0	0	0	0	0	1	1	1	-1	1	0	0	0	1	1	0	1	1	0	1	0	0	1	0	0	1	0	0	0	0	0	1	1	1	0	0	0	0	1	1	1	0	1	0	1	0	1	1	0	1	1	1	0	1	0	1	1	0	1	0	1	0	0	0	0	1	1	1	1	1	0	1	1	0	0	0	
38198526	0	1	1	1	1	0	0	0	0	0	1	0	-1	0	0	1	1	1	1	0	0	0	0	1	0	-1	0	0	0	0	-1	1	1	0	0	1	0	1	0	-1	0	0	0	0	1	0	1	0	0	0	0	0	0	0	0	-1	0	-1	0	0	1	0	1	0	0	1	0	0	1	-1	-1	0	0	0	0	0	0	0	0	1	1	-1	1	1	0	0	1	1	1	0	1	1	0	0	1	1	0	0	0	1	0	0	0	0	0	-1	0	1	0	0	0	0	0	1	1	0	0	0	0	0	1	1	1	0	1	1	0	1	0	0	1	0	1	0	-1	0	0	0	0	1	1	1	-1	1	1	1	0	1	0	0	38198526	49	male	democrat	some_college	single_living_with_partner	selfemployed	white	Atheist / Agnostic	no	yes
29571331	1	0	1	0	0	-1	0	0	0	0	0	0	0	0	0	0	1	0	0	0	0	0	0	0	-1	1	1	0	-1	-1	-1	0	0	-1	0	0	1	1	-1	1	0	0	0	0	-1	0	0	0	0	0	0	-1	0	0	0	0	0	0	-1	0	0	0	0	0	1	0	0	1	0	0	0	0	1	1	0	0	0	0	0	0	0	0	0	0	1	0	1	0	-1	0	0	0	0	1	0	0	0	0	1	0	0	0	-1	0	0	0	0	0	0	1	1	0	1	1	-1	1	0	0	-1	0	0	0	0	-1	0	0	1	0	0	0	1	-1	0	0	1	0	0	0	0	0	0	0	0	1	1	-1	1	1	0	0	29571331	21	male	democrat	high_school	single_living_with_parents	unemployedseeking_employment	black_or_african_american	Roman Catholic	no	yes
43884123	1	-1	0	1	-1	1	0	-1	0	1	0	0	1	0	-1	0	1	1	-1	1	1	0	-1	0	1	0	0	0	0	1	-1	1	1	-1	0	-1	-1	0	0	1	-1	1	0	0	-1	0	1	1	-1	1	0	1	1	0	1	1	1	0	-1	0	0	1	0	0	1	1	0	-1	0	1	1	1	0	1	1	-1	0	1	0	0	0	-1	1	0	0	1	1	1	1	1	-1	0	1	0	1	0	1	-1	-1	1	1	0	0	-1	1	0	1	-1	0	0	0	1	0	-1	1	0	0	0	0	1	1	0	1	1	1	0	1	-1	0	-1	0	0	1	1	0	1	0	0	0	0	1	0	0	-1	1	0	0	1	-1	1	
13581319	0	0	1	0	0	1	0	0	0	1	0	0	0	0	-1	0	0	0	0	0	1	1	-1	1	0	0	1	-1	1	-1	0	0	0	-1	0	0	0	-1	0	1	-1	0	0	0	1	0	0	0	0	0	1	0	-1	1	1	1	1	0	1	1	1	1	-1	1	0	0	1	-1	0	0	1	0	-1	0	1	0	0	-1	0	0	0	0	0	0	0	0	0	1	-1	0	0	0	-1	1	0	0	0	0	-1	0	0	0	1	0	1	0	0	1	0	1	1	0	0	0	0	0	0	0	1	0	0	0	0	0	0	0	0	1	1	0	0	1	0	1	1	0	0	0	0	0	-1	1	0	0	0	0	0	-1	0	-1	
43984981	0	0	0	0	0	1	1	0	0	0	0	1	0	0	1	0	0	0	1	0	0	0	-1	0	0	1	0	0	0	0	0	0	0	0	0	1	1	0	0	0	0	0	0	-1	0	0	0	0	1	-1	0	1	0	0	0	-1	1	-1	1	1	0	-1	0	0	1	1	-1	-1	1	-1	1	1	0	0	0	0	0	0	1	0	0	0	0	0	0	0	0	0	0	0	0	0	-1	0	0	0	0	0	0	0	1	0	0	1	0	0	1	0	1	0	0	0	0	0	0	1	1	0	0	0	1	-1	1	1	0	0	-1	0	0	0	0	1	0	0	0	0	1	1	1	1	0	0	0	0	0	0	0	0	0	0	
32569659	0	0	0	0	0	0	0	0	1	1	1	1	0	0	0	0	0	0	0	0	0	0	0	0	0	0	0	0	0	0	0	1	0	0	0	0	0	0	0	0	0	0	0	0	0	0	0	0	0	0	0	0	0	0	0	0	0	0	0	0	0	0	0	0	0	0	0	0	0	0	0	0	0	0	0	0	0	1	0	0	0	0	0	0	0	0	0	0	0	0	0	0	0	0	0	0	1	0	0	0	0	0	0	0	0	0	0	0	0	0	0	0	0	0	0	0	0	0	0	0	0	0	0	0	0	0	0	0	0	0	0	0	0	0	0	0	0	0	0	1	0	0	0	0	0	0	0	0	0	0	
40407716	0	0	0	0	0	0	0	0	0	0	0	0	0	0	0	0	0	0	0	0	0	0	0	0	0	0	0	0	0	0	0	0	0	0	0	0	0	0	0	0	0	0	1	0	0	0	0	0	0	0	0	0	0	0	0	0	0	0	0	0	0	0	0	0	0	0	0	0	0	0	0	0	0	0	0	0	0	0	0	0	0	0	0	0	0	0	0	0	0	0	0	0	0	0	0	0	0	0	1	-1	0	0	0	0	0	0	0	0	0	0	0	0	0	0	0	0	0	0	0	0	0	0	0	0	0	0	0	0	0	0	0	0	0	0	0	0	0	0	0	0	0	0	0	0	0	0	1	0	0	0	
43936844	0	0	0	0	0	0	0	0	0	0	0	0	0	0	0	0	0	1	1	0	0	-1	0	1	0	0	0	-1	0	0	0	-1	0	0	0	-1	0	1	0	1	0	1	0	0	0	0	1	1	-1	1	-1	0	0	0	1	0	0	0	0	0	-1	0	1	0	0	0	1	1	0	0	1	0	0	1	0	1	0	0	0	0	1	1	1	0	0	0	0	1	1	1	-1	1	0	0	0	0	1	1	1	-1	0	0	0	0	-1	-1	0	-1	0	0	0	0	-1	0	0	0	0	0	0	0	1	1	0	0	0	0	0	1	0	0	1	0	0	0	1	0	0	0	0	1	1	1	-1	1	0	0	0	0	0	0	
43936834	1	-1	1	1	1	0	0	0	1	0	0	0	0	1	0	-1	1	1	0	0	0	1	0	0	0	1	0	0	0	0	0	0	0	0	-1	1	0	0	0	0	0	1	0	0	0	0	1	1	-1	1	1	0	0	-1	0	0	1	0	0	0	1	0	0	0	0	0	0	0	1	0	0	0	0	1	0	1	1	0	0	0	1	1	1	1	0	1	0	-1	0	1	0	0	0	0	0	0	1	1	1	1	0	0	-1	0	-1	0	0	0	0	0	0	0	0	0	0	0	1	1	-1	0	1	1	0	0	0	1	0	0	0	0	0	0	0	0	0	0	0	0	1	0	0	0	0	1	0	-1	1	0	0	0	43936834	29	male	democrat	some_college	married	employee	hispanic_american	Roman Catholic	yes	no
12115558	0	1	0	-1	0	1	0	-1	0	1	0	1	0	1	1	-1	0	1	0	0	0	-1	1	0	-1	-1	1	0	0	1	1	-1	0	0	0	0	-1	0	0	0	-1	-1	0	1	1	1	1	1	0	0	0	0	0	0	-1	-1	0	1	0	0	0	1	0	0	1	1	-1	0	-1	0	0	1	0	0	0	-1	0	1	1	0	1	0	0	-1	0	1	1	0	0	0	1	1	1	1	1	1	0	0	0	1	-1	0	-1	0	1	0	0	0	0	0	1	1	-1	1	1	1	1	1	-1	1	0	0	1	1	0	1	-1	1	0	0	0	0	1	1	0	-1	-1	0	0	0	0	0	0	0	1	-1	1	0	0	1	12115558	64	female	democrat	bachelor	married	retired	white	Roman Catholic	yes	yes
43689028	0	0	0	0	0	0	0	0	0	0	0	0	0	0	0	0	0	0	0	0	0	1	0	0	0	0	0	0	0	0	0	0	0	0	0	0	0	0	0	0	0	0	0	0	0	0	0	0	0	1	0	0	0	0	0	0	0	0	0	0	0	0	0	0	0	0	0	0	0	0	0	0	0	1	0	0	0	0	0	0	0	0	0	0	0	0	0	1	0	0	0	0	0	0	0	0	0	0	0	0	0	0	0	0	0	0	0	0	0	0	0	0	0	0	0	0	0	0	0	0	0	0	0	0	0	0	0	0	0	0	0	0	0	0	0	0	0	0	0	0	0	0	0	0	0	0	0	0	0	0	
43866745	1	0	0	1	1	0	0	0	1	1	1	1	0	0	0	0	0	0	0	0	0	0	0	0	0	0	1	0	0	0	0	1	0	0	0	0	1	0	0	0	0	0	0	0	1	-1	1	1	0	0	0	-1	0	0	0	0	0	0	0	0	0	0	0	0	0	0	0	0	1	0	0	0	0	0	0	0	0	1	0	0	0	0	0	0	0	0	0	0	0	1	1	0	0	0	0	0	1	1	0	0	0	0	0	0	0	0	0	0	0	1	0	0	0	1	0	0	1	0	1	0	0	0	0	0	0	1	-1	0	0	0	1	0	0	0	-1	0	1	0	0	1	0	0	0	1	0	0	0	0	0	0	43866745	43	female	none	associate_degree	married	employee	white	Protestant	yes	yes
43954811	0	0	0	0	0	0	0	0	0	0	0	0	0	0	0	0	0	0	0	0	0	0	0	0	0	0	0	0	0	0	0	0	0	0	1	0	0	0	0	0	0	0	0	0	0	0	0	0	0	0	0	0	0	0	0	0	0	0	0	0	0	0	0	0	0	0	0	0	0	0	0	0	0	0	0	0	0	0	0	0	0	0	0	0	0	1	0	0	0	0	0	0	0	0	0	0	0	0	0	0	0	0	-1	0	0	0	0	0	0	0	0	0	0	0	0	0	0	0	0	0	0	0	0	0	0	0	0	0	0	0	0	0	0	0	0	0	0	0	0	0	0	0	0	1	0	0	0	0	0	0	
43992695	0	0	0	0	0	0	0	0	0	0	0	0	0	0	0	0	0	1	0	0	0	0	0	0	0	0	0	0	0	0	0	0	0	0	0	0	0	0	0	0	0	-1	0	0	0	0	0	1	-1	1	0	0	0	0	0	0	0	0	0	0	1	0	0	0	0	0	0	0	0	0	0	0	0	0	0	0	0	0	0	0	0	0	0	0	0	0	0	0	0	0	0	0	0	0	0	0	0	0	0	0	0	0	0	0	1	0	0	0	0	0	0	0	0	0	0	0	0	0	0	0	0	1	0	0	0	0	0	0	0	0	0	0	0	0	0	0	0	0	0	0	0	0	0	0	0	0	0	0	0	0	
43806326	1	1	0	0	1	1	1	-1	0	0	0	0	0	0	0	0	0	0	0	-1	-1	0	1	0	0	0	0	1	1	-1	-1	1	1	1	1	-1	0	1	0	0	0	0	1	1	0	1	0	0	1	0	-1	0	0	0	0	0	1	0	0	0	0	0	1	1	-1	0	0	0	1	0	0	0	0	0	0	0	1	1	1	1	0	0	0	0	1	0	0	0	0	0	0	0	0	0	0	0	0	1	1	0	0	-1	0	0	0	0	0	0	1	1	1	-1	0	1	0	0	0	-1	0	0	0	0	1	0	0	0	0	0	0	1	1	1	0	0	0	1	1	0	0	0	0	0	1	0	0	0	0	0	0	1	43806326	26	male	democrat	bachelor	single_living_with_parents	employee	white	Protestant	yes	yes
43986037	1	1	1	1	1	0	1	0	0	0	0	0	0	0	0	0	0	1	0	0	0	0	0	1	0	0	0	-1	-1	0	0	0	0	0	1	0	0	0	0	0	1	1	1	-1	0	0	0	0	0	0	0	1	0	0	0	0	0	0	0	0	1	0	0	0	-1	0	0	0	0	-1	0	0	0	-1	1	0	0	0	0	0	-1	1	1	1	1	0	0	1	0	0	0	1	0	0	0	0	0	0	0	1	0	0	0	0	0	1	0	0	0	0	0	0	0	0	0	0	0	0	0	0	0	0	0	0	0	0	0	0	1	1	0	0	0	0	0	0	0	0	0	0	0	0	0	1	0	0	0	-1	0	0	43986037	55	female	republican	some_college	married	selfemployed	white	Protestant	yes	yes
32055577	0	0	0	0	0	0	0	0	0	0	0	0	0	0	0	0	0	0	0	0	0	0	0	0	0	0	0	0	0	0	0	0	0	0	0	0	0	0	0	0	0	0	0	0	0	0	0	0	0	0	0	0	0	0	0	0	0	0	0	0	0	0	0	0	0	0	0	0	0	0	0	0	0	0	0	0	0	0	0	0	0	0	0	0	0	0	0	0	0	0	0	0	0	0	0	0	0	0	0	0	0	0	0	0	0	0	0	0	1	1	1	1	0	0	0	0	0	0	0	0	0	0	0	0	0	0	0	0	0	0	0	0	0	0	0	0	0	0	0	0	0	0	0	0	0	0	0	0	0	0	
43498598	0	0	-1	1	1	1	1	0	-1	0	-1	-1	0	1	1	0	0	0	1	0	1	1	1	0	1	1	-1	1	0	1	1	1	0	0	-1	-1	1	1	0	0	1	1	0	-1	0	0	0	0	0	0	0	0	1	0	0	1	0	0	1	1	0	-1	1	0	1	-1	0	0	-1	1	0	0	1	1	-1	0	1	-1	1	-1	0	-1	1	1	1	1	0	-1	1	0	1	-1	1	1	0	1	0	1	0	1	0	0	0	1	0	1	-1	0	1	0	0	0	-1	0	1	0	1	0	-1	1	0	1	0	-1	1	0	0	1	-1	0	0	1	1	1	-1	1	1	1	1	0	0	-1	0	0	0	0	0	0	1	-1	
37799090	0	0	1	0	0	0	0	0	0	1	0	0	0	-1	0	0	0	1	0	0	0	-1	0	0	0	0	0	0	0	1	0	1	1	0	0	0	0	1	0	1	-1	0	0	0	1	1	0	-1	0	0	0	0	0	0	0	0	0	0	0	0	1	1	-1	0	0	0	1	0	0	0	0	-1	0	0	0	0	0	0	0	1	1	1	-1	0	0	0	1	0	1	0	0	1	0	0	0	0	0	0	0	0	-1	1	-1	-1	0	-1	0	1	0	0	1	0	0	0	1	1	1	1	-1	0	0	0	1	0	0	0	0	1	0	0	1	0	0	0	-1	0	-1	0	0	1	1	1	-1	1	1	-1	1	0	0	1	37799090	24	female	independent	high_school	single_living_with_partner	unemployedseeking_employment	white	Buddhist	no	yes
43861611	0	0	0	0	0	0	0	0	0	0	0	0	0	0	0	0	0	0	0	0	0	0	0	0	0	0	0	0	0	0	0	0	0	0	0	0	0	0	0	0	0	0	0	0	0	0	0	0	0	0	0	0	0	0	0	0	0	0	0	0	0	0	0	0	0	0	0	0	0	0	0	0	0	0	0	0	0	0	0	0	0	0	0	0	0	0	0	0	0	0	0	0	0	0	0	0	0	0	0	0	0	0	0	0	0	0	0	0	0	0	0	0	0	0	0	0	1	1	-1	1	0	0	0	0	0	0	0	0	0	0	0	0	0	0	0	0	0	0	0	0	0	0	0	0	0	0	0	0	0	0	43861611	28	female	independent	bachelor	married	unemployedseeking_employment	white	Protestant	no	yes
43642991	0	0	0	0	0	0	0	0	0	0	0	0	0	0	0	0	0	0	0	0	0	0	0	0	0	0	0	0	0	0	0	0	0	0	0	0	0	0	0	0	0	0	0	0	0	0	0	0	0	0	0	0	0	0	0	0	0	0	0	1	0	0	0	1	0	0	0	0	0	0	0	0	0	0	0	0	0	0	0	0	0	0	0	0	0	0	0	0	0	0	0	0	0	0	0	0	0	0	0	0	0	0	0	0	0	0	0	0	0	0	0	0	1	0	0	0	0	0	0	0	0	0	0	0	0	0	0	0	0	1	0	0	0	0	0	0	0	0	0	0	0	0	0	0	0	0	0	0	0	0	
38858920	0	0	0	0	0	0	1	0	0	0	0	0	0	0	0	0	0	0	0	0	1	0	0	0	0	0	0	0	0	0	0	0	0	0	-1	0	0	0	-1	0	0	0	0	0	0	1	0	0	1	0	0	-1	0	0	0	0	0	0	0	0	0	0	0	0	0	1	0	0	0	0	0	0	0	0	0	0	0	0	0	0	0	0	0	0	0	1	0	0	0	0	0	0	0	0	0	0	0	0	0	0	0	0	1	0	0	0	0	0	1	0	0	0	0	0	0	0	0	0	0	0	0	0	0	0	0	0	0	0	0	0	0	0	0	0	0	0	0	0	0	0	0	0	0	1	0	0	0	0	0	0	38858920	41	female	republican	doc	single_living_alone	unemployedseeking_employment	white	Roman Catholic	yes	yes
34554100	1	0	1	0	0	-1	0	0	0	0	0	0	0	0	0	0	1	0	0	0	0	0	0	0	-1	1	1	0	-1	1	1	0	0	0	0	0	1	-1	-1	1	0	0	0	0	-1	0	0	0	0	0	0	1	0	0	0	0	0	0	1	1	0	0	0	0	-1	0	0	-1	0	-1	0	0	-1	-1	1	0	0	0	0	0	0	0	0	0	1	0	1	0	1	-1	0	0	0	1	0	0	0	0	-1	0	0	0	1	0	0	0	0	0	0	-1	1	0	1	1	1	-1	0	0	1	0	1	0	0	1	0	0	1	0	1	1	1	-1	1	0	1	0	0	1	0	0	-1	0	0	1	-1	1	1	-1	0	0	34554100	30	female	independent	high_school	single_living_with_partner	selfemployed	white	other:baptist	no	yes
43944033	0	0	0	1	0	1	1	0	0	0	0	0	0	1	0	1	1	0	0	0	-1	0	0	0	0	0	0	0	0	0	0	0	0	0	-1	0	-1	0	1	0	0	0	1	0	0	1	0	0	1	1	1	1	0	1	0	0	0	0	0	0	0	0	0	0	0	-1	0	0	0	0	0	0	0	0	0	1	1	0	0	0	1	0	0	0	0	-1	0	0	0	0	0	0	0	0	0	0	0	0	0	0	0	0	1	0	0	0	0	0	1	0	0	0	0	0	0	0	0	1	0	0	0	0	0	0	0	0	0	0	0	0	0	0	0	0	0	0	0	0	0	0	0	0	0	1	0	0	0	0	0	0	
30410452	0	0	0	0	0	0	0	0	0	0	-1	0	0	0	0	0	0	0	0	0	0	0	0	0	0	0	0	0	0	0	0	0	0	0	0	0	0	0	0	0	0	0	0	-1	0	1	0	0	-1	0	0	0	0	0	0	0	0	0	0	0	0	0	-1	0	0	0	0	0	1	0	0	0	0	0	0	0	0	0	0	0	0	0	0	0	1	0	0	0	0	0	0	0	0	0	0	0	0	0	0	0	0	1	0	0	0	0	0	0	0	0	0	0	0	1	0	0	0	0	0	0	0	0	0	0	0	0	0	0	0	1	0	0	0	0	0	0	1	0	1	0	0	0	0	0	0	0	0	0	0	0	30410452	22	male	democrat	associate_degree	single_living_with_partner	employee	white	Atheist / Agnostic	no	yes
43811734	1	0	1	0	0	1	0	0	0	0	0	0	0	0	0	0	1	0	0	0	0	0	0	0	1	0	1	0	1	1	0	0	0	1	0	0	-1	1	1	1	0	0	0	0	1	0	0	0	0	0	0	-1	0	0	0	0	0	0	-1	1	0	0	0	0	1	0	0	1	0	1	0	0	1	1	1	0	0	0	0	0	0	0	0	0	1	0	1	0	1	1	0	0	0	-1	0	0	0	0	1	0	0	0	-1	0	0	0	0	0	0	1	1	0	-1	-1	1	1	0	0	1	0	1	0	0	1	0	0	-1	0	1	0	1	1	1	0	-1	0	0	-1	0	0	1	0	0	-1	1	1	1	1	0	0	
43393412	0	0	0	0	0	0	0	0	0	0	0	0	0	0	0	0	0	-1	0	0	0	1	0	0	0	1	0	0	0	0	0	0	0	0	0	1	0	0	0	0	0	1	0	0	0	0	0	-1	1	0	0	0	0	0	0	0	0	0	0	0	-1	0	0	0	0	0	0	0	1	0	0	0	0	1	0	-1	0	0	0	0	0	0	0	0	0	0	0	-1	0	0	0	0	0	0	0	0	1	1	-1	-1	0	0	0	0	-1	0	0	0	0	0	0	0	0	0	0	0	0	0	0	0	1	1	0	0	0	0	0	0	0	0	0	0	0	0	0	0	0	0	0	0	0	0	0	0	0	-1	0	0	0	0	
43916681	0	0	0	0	0	0	0	0	0	0	0	1	0	0	0	0	0	1	0	0	0	1	0	0	0	0	0	0	-1	0	0	0	0	0	0	0	0	0	0	0	0	1	0	0	0	0	1	-1	1	-1	0	0	0	0	0	1	0	0	0	1	1	-1	0	1	0	0	0	0	0	0	0	0	0	-1	0	1	0	0	0	0	0	0	1	0	0	1	0	-1	1	0	1	0	0	0	0	0	1	1	1	1	0	0	0	-1	1	0	0	0	0	0	0	1	1	0	1	0	0	0	0	0	1	0	0	0	0	1	0	0	0	1	0	0	1	1	0	0	0	1	0	0	0	0	-1	0	0	0	0	0	0	0	43916681	24	male	none	associate_degree	single_living_with_parents	student	hispanic_american	Roman Catholic	yes	yes
43859850	0	0	0	0	0	0	1	0	0	0	0	0	0	0	0	0	0	0	0	0	0	0	0	0	0	0	0	1	0	0	0	0	0	0	0	0	0	0	0	0	0	0	0	0	0	0	0	0	0	0	0	0	0	0	0	0	0	0	0	0	0	0	0	0	0	0	0	0	0	0	0	0	0	0	0	0	0	0	0	0	0	0	0	0	0	0	0	0	0	0	0	0	0	0	0	0	0	0	0	0	0	0	0	0	0	0	0	0	0	0	0	0	0	0	0	0	0	0	0	0	0	0	0	0	0	0	0	0	1	0	0	0	0	0	0	0	0	0	0	0	0	0	0	0	0	0	0	-1	0	0	
6309240	0	0	0	0	0	0	0	0	1	1	1	1	0	0	0	0	0	0	0	0	0	0	0	0	0	0	0	0	0	0	0	0	0	0	0	0	0	0	0	0	0	0	0	0	0	0	0	0	0	0	0	0	0	0	0	0	0	0	0	0	0	0	0	0	0	0	0	0	0	0	0	0	0	0	0	0	0	0	0	0	0	0	0	0	0	0	0	0	0	0	0	0	0	0	0	0	0	0	0	0	0	0	0	0	1	-1	1	1	0	0	0	0	0	0	0	0	0	0	0	0	0	0	0	0	0	0	0	0	0	0	0	0	0	0	0	0	0	0	0	0	0	0	0	0	0	0	0	0	0	0	6309240	50	female	republican	bachelor	single_living_with_parents	employee	asien	Roman Catholic	yes	yes
31349958	1	1	1	1	0	0	1	0	1	0	1	-1	0	1	-1	0	0	0	1	1	0	-1	-1	0	0	1	0	-1	1	0	1	-1	-1	1	1	-1	0	1	0	-1	0	1	-1	0	0	0	-1	-1	0	1	0	0	1	1	-1	1	1	1	-1	-1	0	0	1	1	1	1	0	0	0	1	-1	1	-1	0	1	0	0	1	1	0	0	0	-1	1	0	1	0	0	1	1	-1	-1	-1	0	0	-1	1	0	0	0	-1	-1	-1	1	0	0	-1	-1	1	1	0	0	-1	1	1	0	1	1	0	0	0	1	1	0	0	-1	1	0	1	1	1	1	0	0	0	0	1	1	0	-1	0	-1	1	0	0	-1	1	0	0	1	31349958	37	female	republican	vocational_secondary_certification	single_living_alone	unemployedseeking_employment	white	Atheist / Agnostic	yes	yes
31585018	0	0	0	0	0	0	-1	-1	0	0	0	0	0	-1	0	-1	1	0	0	0	1	0	0	0	0	0	0	0	0	0	0	0	0	0	1	0	0	0	1	0	0	0	-1	0	0	-1	0	0	-1	0	0	-1	0	-1	0	0	0	0	0	0	0	0	0	0	0	1	0	0	0	0	0	0	0	0	0	0	1	0	-1	0	-1	0	0	0	0	1	0	0	0	0	0	0	1	-1	1	1	0	0	0	0	0	0	-1	0	0	0	0	0	1	0	0	0	0	0	0	0	0	1	0	0	0	0	0	0	0	0	0	0	0	0	0	0	0	0	0	0	0	0	0	0	0	0	0	1	0	0	0	0	1	0	31585018	30	female	democrat	associate_degree	married	unemployedseeking_employment	white	Atheist / Agnostic	no	yes
43912578	0	0	0	0	0	0	1	-1	0	0	0	0	0	1	0	1	1	0	0	0	1	0	0	0	1	1	1	-1	0	0	0	0	0	0	1	0	0	0	-1	1	-1	0	1	0	0	1	0	0	-1	1	-1	-1	1	1	0	0	0	0	0	0	1	1	-1	-1	0	-1	0	0	0	0	0	0	-1	1	1	1	1	1	1	-1	1	0	0	0	0	-1	0	1	0	1	0	0	1	1	1	1	0	0	0	0	0	0	1	0	1	0	0	0	1	0	0	0	0	0	0	0	0	1	0	0	0	0	0	0	0	0	0	0	0	0	0	1	0	1	0	0	0	0	0	0	0	0	1	1	0	0	0	0	1	0	
43938234	0	0	1	0	0	0	0	0	0	0	0	0	0	0	0	0	-1	0	0	0	0	0	0	1	0	0	0	1	0	0	0	0	0	0	0	0	0	0	0	0	0	0	0	0	0	0	0	0	0	0	0	0	1	-1	-1	1	0	0	0	1	0	0	0	0	0	0	0	0	0	0	-1	0	1	0	0	0	0	0	0	0	0	0	0	0	0	0	0	0	0	0	0	0	0	0	0	0	0	0	0	0	0	0	0	0	0	0	0	0	0	0	1	0	1	1	1	1	0	0	1	0	0	0	0	-1	0	0	1	0	1	0	0	0	0	0	0	0	0	-1	0	0	1	1	0	0	1	1	1	1	0	0	
43651516	0	1	0	0	1	0	0	0	0	1	0	1	1	1	1	0	0	1	0	0	0	-1	1	1	1	0	0	0	0	0	0	0	0	0	0	0	0	0	0	0	0	-1	0	0	1	1	0	0	0	0	0	0	0	-1	0	0	0	0	0	0	0	0	0	0	1	0	0	0	0	1	0	0	0	0	0	0	0	0	0	0	0	1	0	0	0	0	1	1	0	0	0	1	0	0	0	0	0	0	0	0	0	1	0	1	1	-1	-1	1	0	0	1	0	0	0	1	1	0	0	0	0	0	0	0	0	0	0	0	0	0	0	0	0	0	0	0	0	0	0	0	0	0	0	0	0	1	0	1	0	1	0	
43959216	1	1	0	0	1	1	-1	1	0	0	0	0	0	0	0	0	0	0	0	-1	1	0	1	0	0	0	0	1	1	1	1	-1	1	-1	1	1	0	1	0	0	0	0	1	-1	0	1	0	0	1	0	-1	0	0	0	0	0	1	0	0	0	0	0	1	1	-1	0	0	0	1	0	0	0	0	0	0	0	1	-1	0	1	0	0	0	0	1	0	0	0	0	0	0	0	0	0	0	0	0	1	-1	0	0	-1	0	0	0	0	0	0	1	0	1	1	0	-1	0	0	0	1	0	0	0	0	-1	0	0	0	0	0	0	-1	1	1	0	0	0	1	1	0	1	0	0	0	1	0	0	0	0	0	0	-1	
39073124	0	0	0	0	0	0	0	0	0	0	0	0	0	0	0	0	0	0	0	0	0	0	0	0	0	0	0	0	0	0	0	0	0	0	0	0	0	0	0	0	0	0	0	0	0	0	0	0	0	0	0	0	0	0	0	0	0	0	0	0	0	0	0	0	0	0	0	0	0	0	0	0	0	0	0	0	0	0	0	0	0	0	0	0	0	0	0	0	0	0	0	0	0	0	0	0	0	0	0	0	0	0	0	0	0	0	0	0	1	1	1	1	0	0	0	0	0	0	0	0	0	0	0	0	0	0	0	0	0	0	0	0	0	0	0	0	0	0	0	0	0	0	0	0	0	0	0	0	0	0	
41127744	0	0	0	0	1	0	0	0	0	0	0	1	0	0	-1	0	0	0	0	0	0	0	-1	1	0	0	0	0	0	-1	0	0	0	0	0	0	0	0	0	0	0	0	0	1	0	0	0	1	0	0	0	0	0	0	0	-1	0	-1	0	0	-1	1	0	0	1	0	0	0	0	0	1	0	0	0	0	0	0	0	0	0	0	0	0	0	0	0	0	1	1	0	0	1	0	-1	0	0	1	0	0	-1	1	1	1	1	1	0	-1	0	0	0	0	1	0	1	1	0	0	0	0	1	-1	1	1	1	1	1	0	0	0	0	0	0	1	0	0	0	1	0	0	0	0	0	0	0	1	0	0	0	-1	0	
43842980	0	0	1	0	0	1	0	-1	0	1	0	0	0	0	0	0	1	0	0	0	0	0	0	1	1	1	1	1	1	1	1	0	0	1	0	0	1	1	1	1	0	0	0	0	1	0	0	0	0	0	1	0	0	0	1	0	1	0	1	1	0	0	0	0	0	1	1	1	0	0	1	0	1	0	1	0	0	0	0	0	0	0	0	0	0	0	1	0	1	0	0	0	0	1	1	0	0	0	1	0	0	0	1	0	0	0	0	1	0	1	1	0	1	1	1	1	0	0	1	0	0	0	0	1	0	0	1	0	1	1	1	1	0	0	1	0	0	1	0	0	1	1	0	0	1	1	1	1	0	1	
37305088	0	0	0	0	0	0	0	0	0	0	0	0	0	0	0	0	0	0	0	0	0	0	0	0	0	0	0	0	1	1	1	1	0	0	0	0	0	1	0	0	0	0	1	0	0	0	0	0	0	0	0	0	0	0	0	0	0	0	0	0	0	0	0	0	1	0	0	0	0	0	0	0	0	0	0	0	1	1	1	1	0	0	0	0	0	0	0	0	0	0	0	0	0	0	0	0	0	0	0	0	0	0	0	0	0	0	0	0	0	0	0	0	0	0	0	0	0	0	0	0	0	0	0	0	0	0	0	0	0	0	0	1	0	0	0	0	0	0	0	0	0	0	0	0	0	0	0	0	0	0	
6363996	0	0	0	0	0	0	0	-1	0	0	0	0	0	0	0	0	0	0	0	0	0	0	0	0	0	0	0	0	0	0	0	0	0	0	0	0	0	0	0	0	-1	0	0	0	0	0	0	0	0	0	0	0	0	0	0	0	0	0	0	0	0	0	0	0	0	0	0	0	0	0	0	0	0	0	0	0	0	1	-1	0	0	0	0	0	0	0	0	0	0	0	0	0	1	1	1	1	0	0	0	0	0	0	0	0	1	0	0	0	0	0	0	0	0	0	0	0	0	1	0	0	0	0	0	0	0	0	0	0	0	0	0	0	0	1	0	0	0	0	0	0	0	0	0	0	0	0	0	0	1	0	
42013631	-1	1	1	1	0	0	1	0	-1	1	-1	-1	0	0	0	0	0	0	0	1	1	0	-1	0	0	0	0	-1	0	0	0	1	0	0	0	0	0	0	0	0	0	0	-1	0	0	0	0	0	0	0	0	1	0	0	0	0	0	0	0	0	0	0	0	1	0	0	0	0	0	0	0	0	0	0	0	0	-1	-1	1	0	-1	1	1	1	0	0	0	0	0	0	-1	0	0	0	0	0	1	-1	-1	-1	0	0	0	0	0	0	0	0	-1	1	0	0	0	0	0	0	0	0	0	0	0	0	-1	0	0	0	1	0	1	0	0	0	0	0	1	-1	1	0	0	-1	0	0	1	1	0	0	-1	-1	0	0	42013631	23	male	independent	some_college	single_living_alone	employee	white	Atheist / Agnostic	no	yes
8308030	1	0	0	0	0	0	0	0	0	0	0	0	0	0	1	0	1	1	1	-1	-1	-1	1	-1	1	0	0	0	1	0	0	0	0	0	-1	0	-1	1	1	-1	-1	-1	-1	1	0	0	0	0	0	0	0	-1	0	0	0	-1	0	0	0	0	0	1	0	0	1	0	0	0	0	-1	0	0	0	1	-1	0	0	0	0	0	0	0	0	0	1	1	-1	1	1	1	0	0	-1	1	0	0	-1	0	0	0	0	0	0	0	0	-1	-1	0	0	0	0	0	0	0	1	0	0	0	0	0	1	1	0	1	-1	1	0	1	0	-1	0	0	1	0	0	0	0	-1	0	0	1	0	0	-1	1	1	1	1	0	0	
43861467	0	0	1	0	0	0	-1	1	0	0	0	0	0	0	0	0	0	0	0	0	-1	0	0	0	0	1	0	0	0	1	1	1	1	1	0	0	0	1	1	1	0	0	0	0	1	1	0	0	-1	0	0	1	1	0	0	0	0	0	1	1	1	0	-1	0	0	1	0	1	0	0	0	1	0	0	0	0	0	0	1	0	1	1	0	0	0	0	0	0	1	0	0	0	1	1	1	1	0	1	0	0	1	0	0	0	0	0	1	1	1	0	1	1	1	0	0	0	0	1	1	0	0	0	0	0	0	0	0	0	1	1	1	1	0	0	0	0	0	0	0	1	1	1	1	1	0	0	0	0	1	0	43861467	32	male	democrat	bachelor	single_living_with_parents	unemployedseeking_employment	black_or_african_american	Roman Catholic	yes	yes
39174418	0	0	0	0	0	0	0	0	1	0	0	1	0	0	0	0	0	0	0	0	0	0	0	0	0	0	0	0	1	0	0	0	1	0	0	0	0	0	0	0	0	0	0	0	0	0	0	0	0	0	0	0	0	0	0	0	0	0	0	0	0	0	0	0	0	0	0	0	0	0	0	0	0	0	0	0	0	0	0	0	0	0	1	0	0	0	0	0	0	0	0	0	0	0	0	0	1	1	0	0	0	0	0	0	0	0	0	0	0	0	0	0	0	0	0	0	0	0	0	0	0	0	0	0	0	0	0	0	0	0	0	0	0	0	1	0	0	0	0	0	0	0	0	0	0	0	0	0	0	0	
18386513	0	0	0	0	0	0	0	0	0	1	0	0	0	-1	0	0	0	0	0	0	0	1	0	0	0	0	0	0	0	0	0	0	0	0	0	0	0	0	0	0	0	0	0	0	0	1	0	0	0	0	0	0	0	0	0	0	0	0	0	0	0	0	0	0	0	0	0	0	0	0	0	0	0	0	0	0	0	0	0	0	0	1	0	0	0	0	1	0	0	0	0	0	0	0	0	0	0	0	0	0	0	-1	0	1	0	0	0	0	0	0	1	0	0	0	1	1	0	0	0	0	0	0	0	0	0	0	0	0	0	0	0	0	0	0	0	0	0	0	0	0	0	0	0	0	0	0	1	0	0	0	18386513	50	female	republican	high_school	married	selfemployed	white	other:Christian	yes	yes
42768322	0	1	0	0	1	0	0	0	0	0	0	0	0	0	0	0	0	1	0	0	0	0	0	1	0	0	0	0	0	1	0	0	1	0	0	0	0	1	0	0	0	0	0	0	0	0	0	1	0	0	0	0	0	0	0	0	0	1	0	0	0	1	0	0	0	0	0	0	0	0	1	0	0	0	0	0	0	0	0	0	0	0	0	0	0	0	0	-1	1	0	0	1	0	1	0	0	0	0	0	1	0	0	0	0	0	0	1	0	0	0	0	0	0	1	0	0	0	0	0	-1	1	0	1	1	1	0	0	0	0	0	0	0	0	0	0	0	-1	0	0	0	0	0	0	0	1	0	0	0	0	0	
43945424	0	0	0	0	0	0	0	0	0	0	0	0	1	0	0	0	0	0	1	-1	0	0	0	0	0	-1	-1	0	0	0	0	0	0	0	0	0	0	0	0	0	0	0	0	0	0	0	0	1	0	0	0	0	0	1	-1	0	0	0	0	0	0	0	0	1	0	0	0	0	0	0	0	0	0	0	0	0	0	0	0	0	0	0	0	0	0	0	0	0	0	0	0	0	-1	0	0	0	0	0	0	0	-1	0	0	0	0	0	1	1	0	0	-1	0	0	0	0	0	0	0	0	-1	1	-1	-1	1	0	0	0	0	0	0	0	0	0	0	0	0	0	0	0	0	0	0	0	0	-1	0	0	0	0	0	
29301997	0	-1	0	0	0	0	0	0	0	0	0	0	0	0	0	0	0	0	0	0	0	0	0	0	0	0	0	0	0	0	0	0	0	0	0	0	0	0	0	0	0	0	0	0	0	0	0	0	0	0	0	0	0	0	0	0	0	0	0	0	0	0	0	0	0	0	0	0	0	0	0	0	0	0	0	0	0	0	0	0	0	0	0	0	0	0	0	0	0	0	0	0	0	0	0	0	0	1	0	0	0	0	0	0	0	0	0	0	0	0	0	0	0	0	0	0	0	1	0	0	0	0	0	0	0	0	0	0	0	0	0	0	0	0	0	0	0	0	0	0	0	0	0	0	0	0	0	0	0	1	
41545007	1	-1	1	1	1	1	0	1	1	0	0	1	1	1	1	0	1	0	1	-1	1	1	1	0	1	1	1	1	0	1	1	0	0	0	-1	-1	1	0	0	1	1	1	-1	1	1	1	1	1	0	0	-1	-1	1	1	0	-1	1	-1	1	1	1	1	1	1	1	1	1	1	0	0	0	1	-1	0	1	0	1	1	1	1	1	1	0	1	1	1	0	1	0	1	1	0	1	1	1	1	0	0	0	1	-1	0	0	1	1	0	1	0	1	0	0	0	1	0	1	1	1	1	0	0	1	1	1	1	0	0	-1	0	1	0	0	1	0	1	1	0	0	0	1	1	0	1	-1	1	0	0	1	0	1	0	
43917255	0	0	0	0	0	0	0	0	0	0	0	0	0	0	0	0	1	0	1	0	0	0	0	0	1	-1	1	1	0	0	0	0	0	0	0	0	-1	0	0	0	0	0	0	0	1	1	1	1	0	0	0	0	0	0	0	0	0	0	0	0	0	0	0	0	0	0	0	0	1	0	0	0	0	0	0	0	0	0	0	1	0	0	0	0	0	0	0	0	0	1	0	0	0	0	0	0	0	0	0	0	0	0	0	0	0	0	0	0	0	0	0	0	0	1	0	0	0	0	0	0	0	0	1	0	0	0	0	0	0	0	0	0	0	0	0	0	0	0	0	0	0	0	-1	0	0	-1	0	1	1	0	43917255	30	female	democrat	bachelor	single_living_alone	employee	white	Atheist / Agnostic	yes	yes
43974080	0	0	0	0	0	0	0	0	0	0	0	0	0	0	0	0	1	0	0	0	0	0	0	0	1	0	0	0	0	0	0	0	0	0	0	0	1	1	-1	-1	0	0	0	0	0	0	0	0	0	0	0	0	0	0	0	0	0	0	0	0	0	0	0	0	0	0	0	0	0	1	0	0	0	0	0	0	0	0	0	0	0	0	0	0	0	0	1	0	0	1	0	0	0	0	0	0	0	0	0	0	0	0	0	0	0	0	0	0	0	0	0	0	0	0	0	0	0	0	0	0	-1	0	0	1	0	0	-1	0	0	0	0	0	1	0	0	0	0	-1	0	0	1	0	0	0	1	1	1	1	0	0	
41192746	0	0	1	0	0	0	0	0	0	0	0	0	0	0	0	0	0	0	0	0	0	0	0	0	0	0	0	0	0	0	0	0	0	1	0	0	0	0	0	-1	0	0	0	0	0	0	0	0	0	0	0	0	0	0	0	0	0	0	0	1	0	0	0	0	0	0	0	1	0	0	0	0	0	0	0	0	0	0	0	0	0	0	0	0	0	0	0	0	0	0	0	0	0	0	0	0	0	0	0	0	0	0	0	0	0	0	0	0	0	0	1	-1	0	0	0	0	0	0	-1	0	0	0	0	0	0	0	0	0	0	0	0	0	0	0	0	0	0	0	0	0	0	0	0	0	0	0	0	0	0	0	
41986015	0	1	1	0	0	0	0	0	0	1	0	1	0	0	1	0	0	1	0	0	0	0	1	0	0	0	0	0	0	1	0	0	0	0	0	0	0	0	0	0	-1	0	0	1	1	0	0	1	0	0	0	0	0	0	0	-1	0	0	0	0	0	1	0	0	1	0	-1	0	0	0	0	0	0	0	0	0	0	0	0	1	0	0	0	0	0	0	0	0	0	0	0	1	0	0	0	0	0	0	0	0	-1	1	-1	-1	1	0	0	0	0	0	0	-1	0	0	0	0	1	0	1	-1	0	0	1	0	1	0	0	0	0	0	0	0	0	0	0	0	-1	0	0	0	0	1	0	0	1	1	1	0	1	0	41986015	62	female	none	bachelor	single_living_alone	retired	hispanic_american	Roman Catholic	yes	no
19838540	1	0	0	0	1	0	0	0	1	1	0	0	0	0	1	0	1	1	1	1	1	1	1	1	0	0	1	1	1	0	0	0	0	0	-1	0	1	1	0	0	-1	1	-1	1	0	0	1	0	0	0	-1	-1	1	-1	-1	1	1	0	0	0	0	0	0	0	1	0	1	0	0	-1	1	0	0	1	1	0	0	0	0	0	0	0	0	0	1	-1	1	1	0	1	0	0	-1	0	0	0	0	0	0	0	0	0	0	0	0	-1	0	1	0	0	0	0	0	1	0	0	0	0	1	0	1	0	0	0	0	0	0	1	0	-1	0	0	1	0	0	0	0	0	0	0	1	1	0	1	0	0	0	0	0	1	
6413571	0	0	0	1	0	0	0	0	0	0	0	0	0	0	0	0	0	0	0	0	0	0	0	0	0	0	0	0	0	0	0	-1	0	0	0	0	0	0	0	0	0	0	0	0	0	0	0	0	0	0	0	-1	0	0	0	0	0	0	0	0	0	0	0	0	0	0	0	0	0	0	0	0	0	0	0	0	0	1	0	0	0	0	0	0	0	0	0	0	0	0	1	0	0	0	0	0	1	0	0	0	0	0	0	0	0	0	0	0	0	1	0	0	0	0	0	0	0	0	0	0	0	0	0	0	0	0	-1	0	0	0	1	0	0	0	0	0	1	0	0	1	0	0	0	1	0	0	0	0	0	0	
41676062	0	0	1	0	0	0	0	0	0	0	0	0	0	0	0	0	0	0	0	0	0	0	0	0	0	0	0	0	0	0	0	0	0	0	0	0	0	0	0	0	0	0	0	0	0	0	0	0	0	0	0	0	1	-1	-1	-1	0	0	0	0	0	0	0	0	0	0	0	0	0	0	0	0	0	0	0	0	0	0	0	1	0	0	1	0	0	0	0	0	0	0	0	1	0	0	0	0	0	0	0	0	-1	1	-1	1	0	-1	0	0	0	0	0	0	0	0	0	0	0	0	0	0	0	0	0	0	0	0	0	1	0	0	0	0	0	0	-1	0	0	0	0	0	0	0	0	0	0	1	0	0	0	0	
39501628	0	1	0	0	1	1	1	0	0	1	0	1	0	1	-1	0	0	1	0	0	0	1	0	0	0	0	0	0	0	1	0	0	0	0	0	0	-1	0	1	-1	-1	0	0	1	0	1	0	1	-1	1	-1	-1	1	0	0	-1	1	-1	-1	1	1	1	1	1	1	1	-1	1	1	-1	1	1	0	0	1	0	0	1	0	0	-1	1	0	0	0	0	1	-1	0	0	0	1	0	0	0	0	0	0	0	0	-1	-1	-1	1	1	0	0	0	1	0	1	0	0	0	1	1	1	1	-1	-1	0	0	1	0	0	0	0	0	0	0	0	1	0	1	0	0	-1	-1	1	1	0	0	0	0	1	1	1	0	1	1	
43888123	0	0	0	0	0	1	0	0	0	0	0	0	0	0	0	0	0	0	0	0	0	0	0	0	0	0	1	0	1	1	0	0	0	0	0	0	0	0	0	0	0	0	0	0	0	0	0	0	0	0	0	0	0	0	0	0	0	0	0	0	0	0	0	0	0	0	0	1	0	0	0	0	1	0	1	0	0	0	0	0	0	0	0	0	0	0	0	0	1	0	0	0	0	0	0	0	0	0	-1	0	0	0	-1	0	0	0	0	0	0	1	0	0	0	0	0	0	0	0	0	0	0	0	0	0	0	0	0	0	0	0	0	0	0	0	-1	0	0	0	0	0	0	0	0	0	0	0	0	0	0	0	43888123	23	female	democrat	bachelor	single_living_with_partner	student	white	Protestant	no	yes
43932665	0	0	0	0	0	0	0	0	0	0	0	1	0	0	0	0	0	0	0	0	0	0	0	0	0	0	0	0	1	0	0	0	1	0	0	0	0	0	0	0	0	0	0	0	0	0	0	0	0	0	0	0	0	0	0	0	0	0	0	0	0	0	0	0	0	0	0	0	0	0	0	0	0	0	0	0	0	0	0	0	0	0	-1	0	0	0	0	0	0	0	0	0	0	0	0	0	1	1	1	1	0	0	0	0	0	0	0	0	0	0	0	0	0	0	0	0	0	0	0	0	0	0	0	0	0	0	0	0	0	0	0	0	0	0	0	0	0	0	0	0	0	0	0	0	0	0	0	0	0	0	
22345789	0	0	1	0	0	0	0	0	0	0	0	0	1	-1	0	-1	-1	1	0	0	-1	-1	0	0	0	-1	0	0	1	0	1	0	0	1	1	0	0	0	0	1	1	-1	1	-1	1	1	1	1	0	1	1	-1	1	1	0	0	0	0	0	1	1	1	-1	1	0	0	0	0	0	1	1	0	0	0	0	0	1	0	0	0	1	1	0	0	1	-1	1	1	0	0	0	0	0	0	0	0	0	0	0	0	0	-1	0	0	1	-1	0	0	0	0	0	0	0	0	1	1	0	1	0	0	0	-1	0	0	0	0	0	0	0	0	0	1	0	0	0	0	0	0	0	0	0	0	0	0	1	0	1	0	0	0	22345789	62	female	independent	associate_degree	single_living_alone	employee	white	other:Christian	no	yes
16854635	0	0	0	1	0	0	0	0	1	1	-1	1	-1	-1	0	-1	0	1	0	0	0	0	0	0	1	0	1	0	0	1	0	1	0	0	0	0	1	0	0	0	0	-1	0	0	1	1	1	1	0	0	0	-1	0	-1	0	0	0	0	0	0	0	1	0	0	0	0	0	0	0	-1	0	0	0	0	0	0	0	1	0	0	0	0	0	0	0	0	0	0	0	0	1	0	0	0	1	0	1	0	0	0	0	0	0	0	1	0	1	1	0	-1	0	0	0	1	0	0	0	0	0	-1	0	0	-1	0	0	0	-1	0	0	0	1	0	0	0	0	0	0	0	0	-1	0	0	0	1	1	0	0	0	0	0	
40107272	0	0	0	1	0	0	0	1	0	1	0	0	0	1	1	1	1	1	-1	-1	1	1	1	1	-1	1	1	-1	0	0	1	0	0	0	0	0	0	0	0	0	0	0	-1	0	0	0	-1	0	0	1	0	0	0	1	0	0	1	0	0	0	0	0	0	0	0	1	0	0	1	0	0	0	0	-1	0	0	1	0	1	1	-1	0	0	0	0	0	1	-1	0	-1	0	0	-1	1	1	0	0	0	0	0	0	0	0	0	0	0	0	1	0	0	0	0	0	0	0	0	0	-1	0	0	0	0	1	0	1	0	0	1	0	0	0	0	1	0	0	0	0	0	0	0	-1	0	1	0	0	1	0	1	1	-1	
43942386	0	0	0	0	0	0	1	0	0	1	0	0	0	1	0	1	1	0	0	0	1	0	0	0	1	1	1	1	0	0	0	0	0	0	1	0	0	1	1	-1	-1	0	1	0	0	1	0	0	1	1	0	1	1	1	1	0	1	0	0	0	1	1	1	1	0	-1	1	0	0	0	0	0	0	0	0	0	1	1	1	1	1	0	0	0	0	1	0	1	0	1	0	0	1	1	0	1	0	0	0	0	0	0	1	0	1	0	0	1	1	0	0	0	0	0	0	0	0	1	0	0	0	0	0	0	0	0	0	0	0	0	0	1	0	1	0	0	0	0	0	0	0	0	-1	1	0	0	0	0	0	1	
20430407	0	0	0	0	0	0	0	0	0	0	0	1	1	0	1	0	0	0	0	0	0	0	0	0	0	0	0	0	0	0	0	0	0	0	1	1	0	0	0	0	1	0	0	0	0	0	0	0	0	-1	1	0	0	0	0	0	0	0	0	0	0	1	-1	0	1	1	1	-1	1	-1	1	1	-1	1	1	1	0	0	1	0	0	0	0	1	1	1	0	0	0	0	0	0	-1	-1	1	0	0	0	0	0	0	0	0	1	0	0	0	0	0	0	0	0	0	0	1	0	1	0	0	-1	0	0	0	1	0	0	-1	0	0	0	0	1	1	1	1	-1	1	1	1	-1	0	0	0	0	0	0	0	0	1	1	
36276573	0	0	0	0	1	0	0	0	0	0	0	0	0	0	0	0	0	1	0	0	0	0	0	-1	0	0	0	0	0	0	0	0	1	0	0	0	0	1	0	0	0	0	0	0	0	0	0	0	0	0	0	0	0	0	0	0	0	-1	0	0	1	0	0	0	0	0	0	0	0	0	-1	0	0	0	0	0	0	0	0	0	0	0	0	0	0	0	0	1	1	0	0	0	0	0	0	0	0	0	0	0	0	0	0	0	0	0	0	0	0	0	0	0	0	1	0	0	0	0	0	0	1	0	0	0	0	0	0	0	0	0	0	0	0	0	0	0	0	0	0	0	0	0	0	0	0	0	0	0	0	0	
18869867	0	0	0	0	0	0	0	0	0	0	0	0	0	0	0	0	0	0	0	0	0	0	0	0	0	0	0	0	0	0	0	0	0	0	0	0	0	0	0	1	0	0	0	0	0	0	0	0	1	1	1	-1	1	0	0	0	0	0	0	0	1	1	-1	1	0	0	0	0	0	0	0	0	0	0	0	0	0	0	0	0	0	0	0	0	0	0	0	1	0	0	0	0	0	0	0	0	0	0	0	0	0	0	0	0	0	0	0	0	0	0	0	0	0	0	0	0	0	0	0	0	0	0	0	0	0	0	0	0	0	0	0	1	0	0	0	0	0	0	0	0	0	0	0	0	0	0	0	0	0	0	18869867	67	female	republican	bachelor	single_living_alone	retired	white	Protestant	yes	yes
43941355	0	1	0	1	0	0	0	1	1	0	0	1	0	0	0	1	0	0	0	1	0	1	0	1	0	0	0	0	-1	1	-1	1	0	1	1	-1	0	-1	-1	0	0	0	-1	-1	0	1	0	0	1	0	0	0	1	0	0	0	0	1	0	0	1	0	-1	0	-1	0	0	0	1	0	1	0	0	1	0	0	-1	1	1	-1	0	0	1	1	1	-1	1	0	0	0	0	1	0	1	-1	-1	0	0	0	1	0	1	1	1	0	1	1	0	1	1	1	1	0	-1	0	0	0	0	0	0	1	0	0	1	1	0	0	0	0	1	0	1	0	1	0	0	1	1	1	0	0	0	0	0	0	0	0	0	0	0	43941355	21	male	republican	associate_degree	single_living_alone	civil_servant	white	Atheist / Agnostic	yes	yes
34557302	1	0	0	1	1	1	1	1	1	1	1	1	1	1	0	-1	1	0	1	0	1	0	0	0	1	1	1	1	0	0	0	0	0	0	1	0	1	0	-1	1	-1	1	1	0	0	1	-1	0	1	0	1	-1	1	1	1	1	0	0	0	0	1	-1	0	-1	0	1	0	1	1	1	1	1	1	1	1	1	1	1	1	1	-1	0	1	0	1	1	0	1	0	1	0	0	1	0	1	-1	0	0	0	0	0	0	-1	0	1	1	1	1	1	0	0	0	-1	-1	1	0	1	0	1	0	0	0	0	0	0	1	0	0	0	0	0	1	0	1	0	0	1	1	1	1	0	0	1	1	0	0	0	0	1	0	34557302	36	female	independent	master	married	other:homemaker	white	Roman Catholic	yes	yes
43762146	0	1	0	0	1	0	0	0	0	0	0	1	0	0	0	0	0	1	0	0	0	0	0	1	0	0	0	0	1	0	0	0	1	0	0	1	0	0	0	0	0	0	0	0	0	0	0	0	0	0	0	0	0	0	0	1	0	1	0	1	1	1	0	1	0	0	0	0	0	0	1	0	0	1	0	0	0	0	0	0	0	0	-1	1	0	-1	0	1	1	0	1	1	0	1	0	0	1	1	1	1	0	0	0	-1	0	0	1	0	0	0	0	1	-1	1	1	0	0	0	0	0	1	1	0	1	1	1	0	0	0	1	0	0	1	1	0	0	0	1	0	0	0	0	1	0	0	0	0	0	0	0	
40212251	0	1	1	0	1	0	0	0	0	0	0	0	0	0	0	0	0	1	0	0	0	0	0	1	0	0	0	0	0	0	0	1	0	0	0	0	0	0	0	1	0	0	0	0	0	0	0	0	0	0	0	0	0	0	0	-1	0	-1	0	0	1	0	1	0	0	0	0	0	0	0	1	0	0	0	0	0	0	0	0	-1	1	-1	-1	0	0	0	0	-1	0	0	0	0	0	1	0	0	0	0	0	1	0	0	0	0	0	-1	1	1	0	0	0	0	0	1	1	0	0	0	0	0	-1	1	0	1	-1	1	0	1	0	0	1	0	0	0	-1	0	0	0	0	-1	1	1	-1	1	0	-1	0	0	0	0	
43961825	0	0	0	0	-1	0	0	1	1	0	0	0	-1	0	0	0	0	0	-1	0	0	1	0	0	0	1	1	0	0	0	0	0	0	0	0	0	0	0	0	0	0	0	0	0	0	0	0	-1	0	0	0	0	1	1	-1	0	0	0	0	0	0	0	0	-1	0	0	0	0	0	0	0	0	1	0	1	0	0	0	0	0	0	0	0	0	0	0	0	0	0	0	0	0	1	0	0	-1	0	0	0	0	-1	1	1	0	0	0	-1	1	0	0	1	0	0	0	0	0	0	0	0	-1	-1	1	1	-1	0	0	0	0	-1	0	0	0	0	1	0	0	0	0	0	0	0	0	0	0	1	0	0	0	0	0	43961825	25	female	democrat	vocational_secondary_certification	single_living_alone	employee	american_indian_or_alaska_native	Protestant	yes	yes
20512953	0	0	0	-1	0	0	0	0	0	0	1	1	0	0	0	-1	1	1	1	0	0	-1	0	-1	0	-1	0	0	1	0	-1	0	1	0	0	1	0	0	0	0	0	-1	0	0	0	0	1	1	-1	1	0	0	0	0	0	0	0	0	0	1	1	0	0	1	0	1	0	0	1	0	0	0	0	1	0	-1	0	0	0	0	0	0	-1	1	0	1	1	1	0	0	0	0	0	0	1	1	-1	1	1	1	0	0	0	-1	1	-1	0	0	0	0	0	-1	-1	0	0	0	0	0	0	0	-1	1	1	0	1	0	0	0	0	-1	0	0	1	1	0	0	0	-1	0	0	0	0	0	0	0	-1	0	-1	0	0	20512953	38	female	democrat	bachelor	single_living_with_parents	employee	white	Atheist / Agnostic	yes	yes
43722521	0	0	0	1	0	0	0	0	0	0	1	0	1	0	0	-1	1	0	-1	0	0	0	0	1	0	1	0	0	0	0	1	0	0	-1	0	0	0	0	0	1	0	0	0	0	1	0	1	0	0	0	0	0	0	0	0	0	0	0	0	0	0	0	0	0	0	1	0	-1	1	-1	0	0	0	0	0	0	0	0	0	0	0	0	0	0	0	0	1	0	0	0	0	0	0	0	1	-1	0	0	0	0	0	0	0	0	0	-1	0	0	0	0	0	1	0	0	0	0	0	0	0	0	0	0	1	0	1	0	0	0	0	0	0	0	1	0	0	0	0	0	0	0	0	0	0	0	1	1	0	1	0	0	43722521	27	female	democrat	master	single_living_alone	employee	white	Atheist / Agnostic	yes	yes
15448937	0	0	0	0	0	0	0	0	0	0	0	0	0	0	0	0	0	0	0	0	0	0	0	0	0	0	0	0	0	0	0	0	0	0	0	0	0	0	0	0	0	0	0	-1	0	0	0	0	0	0	0	0	0	0	0	-1	0	0	0	0	0	0	0	0	0	0	0	0	0	0	0	0	0	0	0	0	0	0	0	0	0	0	0	0	0	0	0	0	0	0	0	0	0	0	0	0	0	0	0	0	0	0	0	0	0	0	0	0	0	0	0	1	0	0	0	0	0	0	0	0	0	0	0	0	1	0	0	0	0	0	0	0	0	0	0	0	0	0	0	0	0	0	0	0	0	0	0	0	0	0	15448937	40	male	republican	high_school	single_living_with_partner	employee	white	Atheist / Agnostic	no	yes
43918613	1	1	1	-1	0	0	-1	0	0	0	0	1	0	0	0	0	0	1	0	0	0	-1	0	0	0	-1	0	1	1	0	0	0	1	0	0	1	0	0	0	0	0	1	0	0	0	0	1	1	-1	1	0	0	0	0	0	0	0	0	0	1	1	0	0	1	0	0	0	0	1	0	0	0	0	1	0	-1	0	0	0	0	1	1	-1	1	0	-1	0	1	0	0	0	0	0	0	0	0	-1	1	1	-1	0	0	0	-1	1	0	0	0	0	0	0	-1	-1	0	0	0	0	0	0	0	-1	1	0	0	0	0	0	0	1	-1	0	0	0	1	0	0	0	-1	0	0	0	0	0	0	0	-1	0	1	0	0	
38671298	0	0	0	1	0	0	0	-1	0	1	1	0	1	-1	0	1	1	1	1	1	0	0	0	1	1	-1	1	1	0	0	1	-1	0	0	0	1	0	0	0	1	1	1	0	0	1	1	1	1	0	0	0	0	1	-1	0	0	0	0	0	1	1	1	1	1	0	1	1	0	0	1	0	0	0	0	0	0	0	0	0	1	-1	1	1	1	0	0	1	1	0	1	-1	0	0	0	1	1	0	0	0	0	0	0	0	0	1	-1	1	1	0	0	0	0	-1	0	0	0	1	0	1	0	0	0	0	0	1	0	0	1	0	1	1	1	1	0	1	0	0	-1	0	1	1	1	0	1	1	0	1	0	1	0	
39911407	0	0	0	0	0	0	0	0	0	0	0	0	0	0	-1	0	0	0	0	0	1	1	-1	1	0	0	0	0	0	0	0	0	0	0	0	0	0	0	0	0	0	0	0	0	0	0	0	0	0	0	0	0	0	0	0	0	0	0	0	0	0	0	0	0	0	0	0	0	0	0	0	0	0	0	0	0	0	0	0	0	0	0	0	0	0	0	0	0	0	0	0	0	-1	0	0	0	0	0	0	0	0	0	0	0	0	0	0	0	0	0	0	0	0	0	0	0	0	0	0	0	0	0	0	0	0	0	0	-1	0	0	0	0	0	0	0	0	0	0	0	0	1	0	0	0	0	0	0	0	0	0	39911407	25	male	democrat	bachelor	single_living_with_parents	employee	white	Atheist / Agnostic	yes	yes
38806465	1	0	0	0	1	1	-1	-1	0	0	1	1	0	0	0	0	0	0	0	0	1	0	0	0	0	0	0	1	1	0	0	0	1	0	0	0	0	0	0	0	0	0	-1	0	0	0	0	0	0	0	-1	0	0	0	0	0	1	0	0	0	0	0	0	-1	0	0	0	0	0	0	0	0	0	0	0	0	1	0	-1	0	0	0	-1	0	0	0	0	0	0	0	0	0	0	0	0	0	0	0	1	1	0	0	0	0	0	0	0	0	1	0	0	0	0	0	0	0	0	0	0	0	0	0	1	0	0	0	0	0	0	0	1	0	0	0	0	-1	0	0	1	0	0	0	-1	0	0	0	1	0	0	0	
43987213	0	0	0	0	0	0	1	1	0	1	0	0	0	1	0	0	0	0	0	0	1	1	0	0	0	0	0	0	0	0	0	0	0	0	1	0	0	0	1	1	-1	0	0	0	0	1	0	0	1	1	-1	1	1	0	0	0	0	0	0	0	1	1	1	-1	0	1	0	0	0	0	0	1	0	0	0	0	0	-1	1	0	1	1	0	0	0	1	1	1	0	0	0	0	1	-1	1	1	0	0	0	0	0	1	1	1	1	0	0	0	1	0	1	0	0	0	1	1	1	1	1	-1	0	0	0	0	0	0	0	0	0	0	0	1	0	1	0	0	0	0	0	0	0	0	0	1	0	1	1	0	1	1	
36293563	0	0	0	0	0	0	0	0	0	1	0	0	0	0	0	0	0	0	0	0	0	0	0	1	0	0	0	1	-1	-1	0	0	0	0	1	0	0	0	0	0	1	1	1	-1	0	0	0	0	0	0	0	0	0	1	1	-1	1	0	0	0	0	0	0	0	0	0	0	0	0	-1	1	0	0	0	0	0	0	0	0	-1	0	0	0	0	0	0	0	0	0	-1	0	0	0	0	0	0	0	1	0	0	0	0	0	0	0	1	1	1	0	0	0	0	0	0	0	0	0	0	0	0	0	0	0	0	0	0	0	0	0	0	0	0	0	0	0	0	0	0	0	0	0	1	1	0	0	0	0	0	1	-1	36293563	38	female	republican	master	married	employee	white	Protestant	no	yes
43913997	0	0	0	1	0	0	0	1	-1	0	0	0	0	0	0	0	1	0	1	0	0	0	0	0	1	0	0	0	0	0	0	0	-1	0	0	-1	0	0	0	0	0	0	0	0	0	0	-1	0	0	0	0	1	0	0	0	0	0	0	0	0	0	0	0	0	0	1	0	0	0	0	0	0	0	-1	0	1	0	0	0	0	0	0	1	-1	0	1	0	0	0	0	1	0	0	0	-1	0	1	0	-1	1	0	0	0	1	0	1	0	0	0	1	0	1	0	0	0	0	0	0	0	0	1	0	-1	0	0	0	-1	-1	0	0	1	0	0	1	0	0	1	1	0	0	0	0	0	1	0	0	0	-1	0	0	
38202325	1	1	0	0	1	1	-1	1	0	0	0	0	1	0	0	0	0	0	0	1	1	0	-1	0	0	0	1	-1	1	-1	1	1	1	1	1	1	0	1	0	1	0	0	-1	-1	0	1	0	1	1	0	1	0	0	1	-1	0	1	0	0	0	0	0	-1	1	1	0	1	1	1	0	0	0	0	0	0	0	1	1	0	1	0	0	0	0	1	-1	1	1	1	0	0	0	1	0	0	0	0	1	-1	0	0	1	-1	0	0	0	0	1	1	1	1	-1	-1	1	1	1	0	1	0	1	0	0	-1	0	0	0	0	0	1	1	1	1	0	0	0	1	1	0	1	0	-1	0	1	0	1	0	0	-1	0	1	
43620110	1	0	0	0	0	0	0	0	0	0	0	0	-1	-1	0	0	0	1	0	0	0	1	0	0	-1	0	0	0	0	0	0	0	0	0	0	0	0	0	0	0	0	1	0	0	1	0	0	1	1	1	0	1	0	-1	0	0	0	0	0	0	1	0	0	0	-1	0	0	0	0	0	0	0	0	-1	1	0	0	0	0	0	0	0	0	0	1	0	0	1	0	-1	0	0	0	0	0	0	0	0	0	0	0	0	0	0	1	0	0	0	0	0	0	0	0	0	0	0	0	0	0	0	1	1	0	0	0	0	0	0	0	1	0	0	-1	0	0	0	0	0	0	0	0	0	0	1	-1	0	0	0	0	0	
43498762	0	1	0	0	1	0	0	0	-1	1	0	-1	1	1	-1	0	0	0	0	1	0	1	-1	0	-1	1	1	1	0	0	0	0	0	0	0	0	0	0	0	0	0	0	0	0	0	1	0	1	0	0	0	0	1	1	1	-1	1	0	0	0	0	0	0	1	1	0	0	0	0	0	0	1	0	0	0	0	0	0	0	1	-1	1	0	0	0	0	1	0	0	0	0	1	-1	0	0	0	0	0	0	0	-1	-1	1	1	1	0	0	1	0	0	1	0	0	0	1	1	1	1	1	-1	0	0	0	0	0	0	0	0	0	0	0	0	0	0	0	0	0	0	0	0	0	0	1	0	1	1	1	0	1	0	
38153196	1	0	0	0	-1	0	0	0	1	1	0	0	0	0	1	0	-1	1	1	1	1	1	-1	1	0	0	1	-1	0	1	-1	1	-1	-1	1	-1	1	0	0	0	1	1	-1	-1	0	0	1	0	0	0	1	0	1	1	1	-1	1	0	0	0	0	0	0	0	-1	0	-1	0	0	-1	1	0	0	0	0	0	-1	-1	1	-1	0	0	0	0	1	1	1	1	0	1	0	0	-1	0	0	0	0	0	0	0	0	0	0	0	0	-1	0	1	0	0	0	0	0	1	0	0	1	0	1	0	0	0	0	0	0	-1	0	-1	0	1	0	-1	0	0	0	0	0	0	0	0	1	1	0	0	0	0	0	0	0	-1	
43990834	1	0	-1	0	1	1	0	1	1	0	0	1	1	0	1	0	-1	0	1	0	-1	-1	0	-1	0	1	-1	1	0	0	1	0	0	1	0	0	1	-1	0	-1	0	0	0	1	0	0	0	-1	0	0	0	1	-1	1	1	0	1	0	0	-1	0	0	0	-1	1	0	0	0	0	0	1	0	0	1	-1	0	0	0	0	0	0	0	0	0	-1	0	0	0	0	0	0	0	-1	0	0	-1	0	0	0	0	1	1	1	1	0	0	1	-1	0	0	-1	0	1	-1	-1	-1	0	0	0	-1	1	0	1	0	0	0	0	0	0	1	0	0	0	0	0	0	0	-1	0	-1	0	-1	0	-1	1	0	0	0	0	0	43990834	90	female	independent	bachelor	single_living_with_partner	unemployedseeking_employment	white	Jewish	no	no
43930419	-1	0	0	0	0	0	0	1	0	0	0	0	0	0	0	0	0	0	0	0	0	0	0	0	0	0	0	0	0	0	0	0	0	0	0	0	0	0	0	1	1	0	0	0	0	0	0	0	0	0	0	0	-1	0	0	0	0	0	0	0	-1	-1	-1	-1	0	0	0	0	-1	0	0	0	0	0	0	0	0	-1	1	0	0	0	0	0	0	0	0	-1	0	0	0	0	-1	1	-1	-1	0	0	0	0	0	0	0	0	-1	0	0	0	0	0	0	0	0	0	0	0	1	1	0	0	0	0	0	0	0	-1	0	0	0	0	0	-1	0	-1	0	0	0	0	0	0	0	0	0	0	0	0	0	0	-1	0	
20623511	0	0	0	0	0	0	0	0	0	0	0	0	0	0	0	0	0	0	0	0	0	0	0	0	0	0	0	0	0	0	0	0	0	0	0	0	0	0	0	0	0	0	0	0	0	0	0	0	0	0	0	0	0	0	0	0	0	0	0	0	0	0	0	0	0	0	0	0	0	0	0	1	0	0	0	0	0	0	0	0	1	0	0	0	0	0	0	0	0	0	0	0	0	0	0	0	0	0	0	0	-1	1	1	-1	0	0	0	0	0	0	0	0	0	0	0	0	0	0	0	0	0	0	0	0	0	0	0	0	0	0	0	0	0	0	0	0	0	0	0	0	0	0	0	0	0	1	0	0	0	1	20623511	40	female	none	vocational_secondary_certification	married	employee	white	Roman Catholic	yes	yes
36968345	0	0	0	0	0	1	0	0	0	0	0	0	0	0	0	0	0	0	0	0	0	0	0	0	0	0	1	0	1	0	0	0	0	1	0	0	0	0	0	0	0	0	0	0	1	0	0	0	0	0	0	0	0	0	0	0	0	0	1	0	0	0	0	0	0	0	0	1	0	0	0	0	1	0	0	0	0	0	0	0	0	0	0	0	0	0	0	0	1	0	0	0	0	1	0	0	0	0	0	0	0	0	-1	0	0	0	0	0	0	1	0	0	0	0	0	0	0	0	0	0	0	0	0	0	0	0	0	0	-1	0	0	0	0	0	0	0	0	0	0	0	1	0	0	0	0	0	0	1	0	0	36968345	39	female	democrat	doc	married	other:parent	white	Atheist / Agnostic	yes	yes
43946798	0	0	0	0	0	0	0	0	0	0	0	1	0	0	0	0	0	0	0	0	0	0	0	0	0	0	0	0	1	0	0	0	0	0	0	0	0	0	0	0	0	0	0	0	0	0	1	0	0	0	0	0	0	0	0	1	0	0	0	1	0	1	0	1	0	0	0	0	0	0	0	0	0	1	0	1	0	0	0	0	0	0	-1	1	0	1	0	0	1	0	1	0	0	0	0	0	1	0	0	0	0	0	0	-1	0	0	0	0	0	0	0	1	-1	0	1	0	0	0	0	0	1	1	0	0	0	1	0	0	0	1	0	0	1	1	0	0	0	1	0	0	0	0	1	0	0	0	0	0	0	0	
20328071	0	0	1	0	0	1	0	0	0	0	0	0	0	0	0	0	1	0	0	0	0	0	0	0	1	1	-1	0	1	1	1	0	0	1	0	0	-1	1	1	1	0	0	0	0	1	0	0	0	0	0	0	0	0	0	0	0	0	0	1	1	0	0	0	0	0	0	0	1	0	-1	0	0	1	0	1	0	0	0	0	0	0	0	0	0	0	0	1	0	1	-1	0	0	0	1	0	0	0	0	1	0	0	0	-1	0	0	0	0	0	0	1	1	0	1	-1	-1	1	0	0	-1	0	-1	0	0	-1	0	0	-1	0	0	1	1	1	-1	0	1	0	0	-1	0	0	1	0	0	0	1	-1	1	0	0	0	
43589420	0	0	0	0	0	0	0	0	0	0	0	0	0	0	0	0	0	0	0	0	0	0	0	0	0	0	0	0	0	-1	0	0	0	0	0	0	0	0	0	0	0	0	0	0	0	0	0	0	0	0	0	0	0	0	0	0	0	0	0	0	0	0	0	0	0	0	0	0	0	0	0	0	0	0	1	0	0	0	0	0	0	0	0	0	0	0	0	0	0	0	0	0	0	0	0	0	0	0	-1	0	0	0	0	0	0	0	0	0	0	0	0	0	0	0	0	0	0	0	0	0	0	0	0	0	0	0	0	0	0	0	0	0	0	0	-1	0	0	0	0	0	0	0	0	0	0	0	0	0	0	0	
43811627	0	-1	1	0	0	0	0	0	0	1	0	1	0	-1	-1	0	0	1	0	0	0	1	-1	0	0	0	0	0	0	-1	0	0	0	0	0	0	0	0	0	0	-1	0	0	-1	1	1	0	1	0	0	0	0	0	0	0	1	0	0	0	0	0	-1	0	0	-1	0	-1	0	0	0	0	-1	0	0	0	0	0	0	0	-1	-1	1	0	0	0	0	1	0	0	0	0	1	0	0	0	0	0	0	0	0	1	-1	1	1	1	0	0	0	0	0	-1	1	0	0	1	-1	1	-1	1	-1	0	0	-1	0	1	0	0	0	0	0	0	0	0	0	0	0	1	0	0	0	0	1	0	0	-1	1	-1	0	1	-1	
43787047	1	0	0	0	0	0	0	0	0	0	0	0	0	0	0	0	0	0	0	0	0	0	0	0	0	0	0	0	1	0	0	0	0	0	-1	0	0	0	0	0	1	-1	1	-1	0	0	0	0	0	0	0	-1	0	0	0	0	0	0	0	0	0	0	0	0	1	0	0	0	0	-1	0	0	0	-1	1	0	0	0	0	0	0	0	0	0	1	0	0	0	0	0	0	0	0	0	0	0	0	0	0	0	0	0	0	0	0	-1	0	0	0	0	0	0	0	0	0	0	0	0	0	0	0	0	0	0	0	0	0	0	0	-1	0	0	0	0	0	0	0	0	0	0	0	0	0	1	0	0	0	0	0	0	43787047	22	female	democrat	bachelor	single_living_with_parents	student	asien	Atheist / Agnostic	yes	yes
37177227	1	-1	1	1	0	0	1	0	0	-1	1	1	0	1	0	0	0	0	0	0	0	0	0	0	-1	0	0	1	0	0	0	1	0	0	0	0	0	0	0	0	0	-1	0	0	0	0	0	0	0	0	0	-1	0	1	0	0	0	0	0	0	0	0	0	0	0	0	0	0	0	0	0	0	0	0	0	0	0	-1	0	0	1	-1	-1	1	0	0	0	0	0	0	1	0	0	0	0	0	-1	-1	0	0	0	0	0	0	0	0	0	0	0	-1	0	0	0	0	0	0	0	0	0	0	0	0	0	0	0	0	1	0	-1	0	-1	0	0	0	1	0	1	0	0	-1	0	0	0	-1	0	0	0	-1	0	0	37177227	32	male	democrat	master	married	employee	white	Roman Catholic	no	yes
43963742	0	0	0	0	0	0	0	0	0	0	0	1	0	0	-1	0	0	0	0	0	0	0	0	0	0	0	0	0	0	0	0	0	0	0	0	0	0	0	0	0	0	0	0	0	0	0	0	0	0	0	0	0	0	0	0	0	0	0	0	0	0	0	0	0	0	0	0	0	0	0	0	0	0	0	0	0	0	0	0	0	0	0	0	0	0	0	0	0	0	0	0	0	0	0	0	0	0	0	0	0	0	0	0	1	0	0	0	0	0	0	0	0	0	0	0	0	0	0	0	0	0	0	0	0	0	0	1	0	0	0	0	0	0	0	0	0	0	0	0	0	0	0	0	0	0	0	0	0	0	0	
43935069	0	-1	1	0	1	1	1	1	1	0	0	-1	0	-1	-1	0	0	0	0	0	1	1	0	0	0	0	0	0	0	0	1	0	0	0	-1	1	1	0	1	0	0	1	0	1	0	0	0	-1	0	1	-1	0	1	-1	-1	1	1	0	0	1	-1	1	1	0	1	1	1	1	1	1	0	1	1	0	1	0	1	0	0	1	0	0	0	0	-1	0	0	0	1	1	1	1	1	0	1	1	1	0	0	1	1	1	1	-1	0	0	1	-1	1	0	1	0	0	-1	1	1	0	0	0	0	1	1	0	1	1	0	-1	0	1	0	0	1	1	1	0	0	1	-1	1	1	0	1	0	0	0	0	0	0	0	0	
20398835	0	0	0	0	0	0	0	0	0	0	0	0	0	0	1	0	0	0	0	0	1	1	-1	1	0	0	0	0	0	0	0	1	0	0	0	0	0	0	0	0	0	0	0	0	0	0	0	0	0	0	0	1	0	0	0	0	0	0	0	0	0	0	0	0	0	0	0	0	0	-1	0	0	0	0	0	0	0	1	0	0	0	0	0	0	0	0	0	0	0	-1	0	0	-1	0	0	0	1	0	0	0	0	0	0	0	0	0	0	0	0	1	0	0	0	0	0	0	0	0	0	0	1	0	0	0	0	0	1	-1	0	0	0	0	1	0	0	0	1	0	0	1	-1	0	0	0	0	0	0	0	0	0	
43853132	-1	0	0	-1	1	-1	0	1	1	-1	0	0	1	0	-1	-1	-1	0	1	1	1	1	1	-1	0	0	-1	1	1	0	-1	1	0	0	0	-1	0	-1	0	-1	1	0	-1	1	1	-1	-1	1	-1	0	0	0	0	-1	0	1	1	1	1	-1	-1	0	-1	0	1	0	0	0	0	1	-1	-1	1	1	-1	0	0	1	0	1	0	-1	-1	1	-1	0	1	1	-1	0	1	1	-1	-1	-1	0	0	1	-1	-1	1	0	0	0	-1	1	1	1	0	0	0	1	0	1	-1	0	1	0	1	-1	0	1	0	-1	1	1	-1	0	0	0	0	1	1	1	1	-1	1	1	-1	-1	1	0	1	0	0	0	0	0	0	1	
43718472	0	0	0	0	0	0	0	0	0	0	0	0	0	0	0	0	0	0	0	0	0	0	0	0	0	0	0	0	0	0	0	0	0	0	0	1	0	0	0	0	0	0	0	0	0	0	0	0	0	0	0	0	0	0	0	0	0	0	0	0	0	0	0	0	0	0	0	0	0	0	0	0	0	0	0	0	0	0	0	0	0	0	0	1	0	0	0	0	0	0	1	0	0	0	0	0	0	0	0	0	0	0	0	0	0	0	0	0	0	0	0	0	0	0	0	0	0	0	0	0	0	0	0	0	0	0	0	0	0	0	0	0	0	0	0	0	0	0	0	0	0	0	1	0	0	0	0	0	0	0	
43605836	0	1	0	0	0	0	0	0	0	0	1	0	0	0	0	0	0	0	0	0	0	0	0	0	0	0	0	0	0	0	0	0	0	0	0	0	0	0	0	0	0	0	0	1	0	1	0	0	1	0	0	0	0	0	0	0	0	0	0	0	0	0	1	0	0	0	0	0	0	0	0	0	0	0	0	0	0	0	0	0	0	0	0	0	0	0	0	0	0	0	0	0	0	0	0	0	0	1	0	0	0	1	0	0	0	0	0	0	0	0	0	0	0	0	0	0	0	1	0	0	0	0	0	0	0	0	0	0	0	0	0	0	0	0	0	0	1	0	1	0	0	0	0	0	0	0	0	0	0	1	
15577915	0	0	1	0	0	0	0	0	1	1	-1	1	0	0	0	0	0	0	0	1	1	0	-1	0	0	0	0	-1	1	-1	1	1	0	1	1	-1	0	0	0	1	-1	0	-1	0	1	0	0	0	0	0	0	1	0	0	0	0	0	0	0	0	1	0	-1	-1	-1	0	1	0	0	0	0	0	0	0	0	0	-1	0	1	-1	-1	1	1	0	0	0	0	0	1	0	0	1	0	0	0	0	1	0	0	0	0	0	0	0	0	1	0	1	-1	1	1	1	0	0	0	0	1	0	-1	0	0	0	0	0	0	0	1	-1	0	0	0	1	0	0	1	1	1	0	0	1	1	1	1	-1	0	1	1	0	0	0	
41193378	0	0	0	1	0	1	0	0	0	0	0	0	0	0	0	0	0	0	1	0	0	0	0	0	0	0	0	0	0	1	0	1	0	1	0	0	1	0	0	1	0	0	0	0	0	0	0	0	0	0	0	0	1	0	1	0	0	1	0	0	0	0	0	0	0	0	0	-1	0	0	0	0	0	0	0	0	0	0	0	0	0	0	1	0	0	0	0	0	1	-1	1	1	0	0	0	0	0	-1	0	0	0	0	0	0	0	0	1	0	0	0	0	1	1	0	0	0	0	0	0	0	0	0	0	0	1	1	-1	1	0	0	0	0	0	0	0	0	0	0	0	0	0	0	0	0	0	0	0	0	0	0	
43831115	0	0	0	0	0	0	0	0	0	0	0	0	0	0	0	0	0	0	0	0	0	0	0	0	0	0	0	0	0	0	0	0	0	0	0	1	0	0	0	0	0	0	0	0	0	0	1	0	0	0	0	0	0	0	0	0	0	0	0	0	0	0	0	0	0	0	0	0	0	0	0	0	0	0	0	1	0	0	0	0	0	0	0	0	0	0	0	0	0	0	0	0	0	0	0	0	0	0	0	0	0	0	0	0	0	0	0	0	0	0	0	0	0	0	0	0	0	0	0	0	1	0	0	0	0	0	0	0	0	0	0	0	0	0	0	0	0	0	0	0	0	0	0	0	0	0	0	0	0	0	
28810858	0	0	0	0	0	0	0	0	0	0	0	0	0	0	0	0	0	0	0	0	0	0	0	0	-1	0	0	0	0	0	0	0	0	0	0	0	0	0	0	0	0	0	0	0	0	0	0	0	0	0	0	0	0	0	0	0	0	0	0	0	0	0	0	0	0	0	0	0	0	0	0	0	0	0	0	0	0	0	0	0	0	0	0	0	0	0	1	0	0	0	0	0	0	0	0	0	0	0	0	0	0	0	0	0	0	0	0	0	0	0	0	0	0	0	0	0	0	0	0	0	0	0	0	0	0	0	0	0	0	0	0	0	0	0	0	0	0	1	0	0	-1	0	0	0	0	0	0	0	0	0	
18212596	0	-1	0	0	0	0	0	0	0	0	-1	0	0	0	0	0	0	0	0	1	0	0	1	0	0	0	0	0	0	0	0	0	0	0	0	0	0	0	0	0	0	0	0	-1	0	-1	0	0	-1	0	0	0	0	0	0	0	0	0	0	0	0	0	-1	0	0	0	0	0	0	0	0	0	0	0	0	0	0	0	0	0	0	0	0	0	0	0	0	0	0	0	0	0	0	0	0	0	0	1	0	0	0	1	0	0	0	0	0	0	0	1	0	0	0	0	0	0	0	1	0	0	0	0	0	0	0	0	0	0	0	0	0	0	0	0	0	-1	1	0	1	0	0	0	0	0	0	0	0	0	0	1	18212596	34	female	none	vocational_secondary_certification	other:Single living with children	unemployedseeking_employment	black_or_african_american	Atheist / Agnostic	no	yes
13095205	-1	0	0	1	-1	1	1	-1	1	1	0	0	0	0	-1	0	1	1	-1	-1	1	1	-1	1	0	1	0	-1	-1	1	0	1	0	0	1	0	1	1	-1	0	-1	1	-1	-1	-1	-1	-1	1	0	0	1	0	1	1	1	-1	1	-1	0	0	0	0	0	0	0	1	-1	0	-1	-1	1	1	0	0	0	1	0	0	0	-1	0	1	0	0	1	1	1	-1	-1	-1	-1	1	-1	0	1	-1	0	1	0	0	1	0	0	0	0	1	1	1	0	0	0	0	-1	1	0	0	1	0	1	0	0	0	0	0	1	0	-1	-1	1	1	-1	-1	0	0	0	0	0	0	0	0	-1	-1	1	0	0	0	0	0	1	-1	
43932026	0	0	0	0	0	0	1	1	0	1	0	0	0	1	0	1	1	0	0	0	1	1	0	0	0	0	0	0	0	0	0	0	0	0	1	0	0	0	1	1	1	0	1	0	0	1	0	0	1	1	1	1	1	1	0	0	0	0	0	0	1	1	1	1	0	1	0	0	0	0	0	1	0	0	0	0	1	1	1	0	1	1	0	0	0	1	1	1	0	0	0	0	1	1	1	1	0	0	0	0	0	1	1	1	1	0	0	0	1	0	1	0	0	0	1	1	1	1	1	1	0	0	0	0	0	0	0	0	0	0	0	1	0	1	0	0	0	0	0	0	0	0	0	1	0	1	1	0	1	1	
43939704	0	0	0	1	0	0	0	0	0	0	1	0	-1	1	0	-1	1	0	1	0	0	0	1	-1	1	0	0	0	0	0	-1	1	0	0	-1	0	0	0	0	0	-1	1	0	0	1	0	0	0	0	0	-1	0	0	-1	-1	0	0	1	-1	0	0	0	0	0	0	1	0	0	0	1	0	1	0	0	0	-1	0	1	0	0	0	0	0	1	0	1	1	0	1	1	1	1	0	1	1	1	0	0	0	1	0	0	0	0	1	0	-1	-1	0	0	0	0	0	0	0	0	0	0	0	1	0	0	1	1	1	1	0	1	0	0	0	0	1	0	0	1	0	0	0	0	0	0	0	0	1	0	0	1	1	1	
43851130	1	1	0	0	1	1	-1	1	0	0	0	0	0	0	0	0	0	0	0	1	1	0	1	0	0	0	0	1	1	1	1	1	1	1	-1	1	0	1	0	0	0	0	1	1	0	1	0	0	1	0	-1	0	0	0	0	0	1	0	0	0	0	0	-1	1	1	0	0	0	1	0	0	0	0	0	0	0	1	1	1	-1	0	0	0	0	-1	0	0	0	0	0	0	0	0	0	0	0	0	1	1	-1	0	1	0	0	0	0	0	0	1	0	1	1	0	1	0	0	0	-1	0	0	0	0	1	0	0	0	0	0	0	1	1	1	0	0	0	0	1	0	1	0	0	0	1	0	0	0	1	0	0	1	43851130	25	male	democrat	bachelor	single_living_alone	employee	white	Roman Catholic	yes	yes
21088425	0	0	1	1	1	1	1	1	0	1	-1	1	1	-1	1	0	1	1	1	-1	1	1	-1	1	-1	1	1	1	0	0	0	1	0	0	-1	1	1	0	-1	0	1	1	0	-1	1	0	1	1	-1	0	1	0	1	-1	-1	-1	1	0	1	1	1	1	-1	-1	1	1	1	1	1	-1	1	1	0	1	1	0	1	1	1	1	0	1	1	1	1	-1	1	1	1	1	1	1	1	1	1	1	1	0	0	1	1	1	1	1	1	1	1	1	1	0	1	0	1	0	1	1	1	0	0	0	0	1	1	1	1	1	-1	1	1	0	0	1	1	1	1	1	1	1	1	1	0	1	0	0	0	1	0	-1	1	1	21088425	56	female	democrat	high_school	single_living_alone	other:disabled	white	Protestant	no	yes
43102561	0	0	0	0	0	0	1	1	0	1	0	0	0	-1	0	1	-1	0	0	0	1	0	0	0	0	-1	1	-1	0	0	0	0	0	0	1	0	0	0	-1	-1	1	0	1	0	0	0	0	0	0	1	-1	1	1	1	0	0	0	0	0	0	-1	1	-1	-1	0	1	0	0	0	0	0	1	0	0	0	0	1	1	1	-1	1	0	0	0	0	1	0	1	0	1	0	0	-1	1	0	1	0	0	0	0	0	0	1	1	1	0	0	0	-1	0	1	0	0	0	0	0	1	1	-1	1	0	0	0	0	0	0	0	0	0	0	0	1	0	-1	0	0	0	0	0	0	0	0	1	1	0	1	0	0	1	1	43102561	34	male	independent	master	married	selfemployed	hispanic_american	Protestant	yes	no
43780975	0	0	1	0	-1	-1	-1	-1	-1	0	0	1	1	1	0	-1	0	0	0	1	1	1	0	0	0	0	0	0	1	1	1	0	0	0	0	0	1	0	1	0	0	-1	0	0	0	0	0	1	0	0	0	0	0	1	1	-1	-1	1	0	1	0	1	0	-1	0	0	0	1	0	0	1	0	0	1	0	-1	1	0	1	-1	0	0	0	0	0	0	0	0	1	0	1	0	-1	0	0	0	0	-1	0	0	1	1	0	1	0	0	1	0	1	1	0	0	0	0	0	1	1	0	0	1	0	1	0	0	0	0	1	0	1	0	0	0	0	1	0	0	0	0	1	0	0	1	0	0	0	1	1	1	0	0	
30721568	0	0	0	0	0	0	0	0	0	0	0	0	0	0	0	0	0	0	0	0	0	0	0	0	0	0	0	0	0	0	0	0	0	0	0	0	0	0	0	0	0	0	0	0	0	0	0	0	0	0	0	0	0	0	0	0	0	0	0	0	0	0	0	0	0	0	0	0	0	0	0	0	0	0	0	0	0	0	0	0	0	0	0	0	0	0	0	0	0	0	0	0	0	0	0	0	0	0	0	0	0	0	0	0	0	0	0	0	0	0	0	0	1	-1	1	1	0	0	0	0	0	0	0	0	0	0	0	0	0	0	0	0	0	0	0	0	0	0	0	0	0	0	0	0	0	0	0	0	0	0	
6377879	0	0	0	0	0	1	0	0	0	0	0	0	0	0	0	0	0	0	0	0	0	0	0	0	0	0	0	0	0	0	0	0	0	0	0	1	0	0	0	0	0	0	0	-1	0	0	0	0	0	-1	0	0	0	0	0	0	1	0	0	0	0	0	0	0	1	1	0	1	0	0	0	0	0	0	0	0	0	0	0	0	0	0	0	0	0	0	0	0	0	0	0	0	0	0	0	0	0	0	0	0	0	0	0	0	0	0	0	0	0	0	0	0	0	0	0	0	0	0	0	0	0	0	0	0	0	0	0	0	0	0	0	1	0	0	0	0	0	0	0	1	0	0	0	0	0	0	0	0	0	0	
43822436	0	-1	0	0	0	0	0	0	0	1	0	1	0	1	1	0	0	1	0	0	0	1	1	0	0	0	0	0	0	1	0	0	0	0	0	0	0	0	0	0	0	0	0	0	0	1	0	1	0	0	0	0	0	0	0	0	0	0	0	0	0	1	0	0	1	0	0	0	0	0	0	1	0	0	0	0	0	0	0	0	1	1	0	0	0	0	1	0	0	0	0	1	0	0	0	0	0	0	0	0	-1	1	-1	1	1	0	0	0	0	0	1	0	0	0	1	1	0	0	0	1	0	0	1	0	0	0	0	0	0	0	0	0	0	0	0	0	-1	0	0	0	0	0	0	0	1	1	1	0	1	1	43822436	19	female	independent	some_college	single_living_with_parents	student	white	Roman Catholic	yes	yes
21785776	0	0	0	1	0	1	0	0	0	0	0	0	0	0	0	0	0	0	1	0	0	0	0	0	0	0	0	0	0	0	0	1	0	0	0	0	-1	0	0	0	-1	0	0	0	0	0	0	0	0	0	0	0	0	0	-1	0	0	1	0	0	0	0	0	0	0	0	0	1	0	0	0	0	0	0	0	-1	0	1	0	0	0	0	1	1	0	1	0	0	1	1	1	1	0	0	0	0	0	0	0	-1	0	0	0	0	0	0	0	0	0	0	0	0	-1	0	0	0	0	0	0	-1	0	0	0	1	1	1	-1	1	0	0	0	0	0	0	0	1	0	0	0	0	0	0	0	0	0	0	0	0	-1	1	
