participant id	Guns don't kill people, people do.	Gun ownership should not be limited.	Guns aren't promoting safety.	While it might be reasonable for individuals to own handguns, the ownership of semi-automatic guns should be restricted.	Criminals will always find a way to have a gun.	Weapons are necessary to defend ourselves.	Gun owners should register their arms.	People who have a lot of guns sometimes become murders.	Having guns is a protection against robbers.	Use of guns must be prohibited among some age groups.	Restrictions on gun ownership will only encourage outlaws to have heavy ammunition and high calibre weapons.	In a certain part to eliminate the arms would be to end the delinquency.	Childredns are dying at schools because of guns usage.	There should be limits on automatic weapons.	People who own guns are not more likely to mass kill.	Gun owners should be required to take a safety test.	Gun owners should limit their arms.	We don't need more and/or tighter gun control.	Gun ownership should be very closely regulated.	Banning guns only makes people more vulnerable.	There are legitimate reasons for people owning guns.	Gun ownership can be responsible and regulated.	All Guns should be banned.	No Guns should be banned.	Handguns are required for symbolic reasons.	All guns should be registered.	Guns possessions should be reduced.	Gun owners should only be able to carry a certain amount of ammunition.	Gun ownership is too highly regulated.	Everyone should own a gun.	Guns can be used in self-defense.	Circulation of gun should be limited.	Guns are rarely used For Defense purpose.	Guns are cool.	The use of weapons must be regulated or eliminated.	Gun owners should have to pass a psych evaluation every year.	Guns should be limited.	Banning guns won't prevent criminals from acquiring them.	Gun owners should be required to complete training on the appropriate use of the firearms they own.	The people who use guns for crimes usually obtain them illegally anyways.	It is dangerous to own a gun.	Gun registration laws should increase.	Criminals will circumvent gun laws.	Automatic weapons with high capacity magazines are involved in nefarious acts and crimes.	If guns are outlawed, only outlaws will have guns.	Guns should only be used if there are no other options.	We should evaluate who can carry a weapon.	Guns should be locked up when not in hunting season.	Guns per capita should be monitored.	You shouldn't have to register every gun.	Gun owners need to be required to have a background check.	Majority of mass murders use legal weapon.	People should be allowed to own as many guns as they want.	Guns are rarely used in self defense.	The founding fathers intended for the military to have the right to bear arms, not ordinary citizens.	Civilians should not poses gun.	Guns increase murders.	Guns can be stored safely at home.	Guns can help ward off criminal acts.	People should not be allowed to conceal carry without a permit.	Evaluate rights and duties when carrying a weapon.	There should be a more strict background check for buyign a gun.	Gun ownership should be reduced.	Owning guns is a fundamental right.	Gun ownership deters crime.	Guns are part of our history.	Gun ownership is protected in the constitution.	People must be trained before to buy a gun.	Handguns should be allowed for everyone.	Gun licenses should include a mental health evaluation.	Open carry deters violence.	Gun owners must be registered.	Gun owners should be registered.	Guns are a protection against political tyranny.	Guns are necessary.	The numbers of guns owned should be limited.	Gun ownership only reasserts violence.	Gun rights are apart of our freedom.	Owning a gun can deter criminals.	People with a history of gun violence should not be allowed to own firearms.	The possession of free weapons would increase the mortality rate in society.	Too much guns in circulation can kill alot.	Guns are legitimately used for hunting.	Illegal guns should be eliminated.	Criminals don't obey laws.	Only officers should carry a weapon.	Most mass shootings involve guns that were obtained illegally.	Guns are a vital form of protection for people.	Gun rights are necessary.	Guns should be allowed just for law enforcement and army,navy,etc.	Not every one must have a gun.	Widespread gun ownership leads to mass killings.	Guns should be legal for everyone.	Guns are a form of protection not a form of mass mudering.	High-capacity magazines should be banned because they too often turn murder into mass murder.	Guns should be registered.	Guns are used in self defense in the home.	Guns are sometimes used in self defense.	Handguns are required for symbolic reasons -- as a defence against the state monopoly of power.	Gun control is a must.	Guns aren't the only weapons that kill. Timothy McVeigh used a rental truck and fertilizer.	Guns can too easily fall into the wrong hands.	A gun in a household is dangerous for children.	Gun owners should be required to take a gun safety course.	Owning a gun makes people feel much safer in their home.	Guns should act like a means of defence.	Owning guns should be a right but monitored.	Guns are dangerous to civilians.	There should be no restrictions on gun laws.	Guns are rarely used in self-defense.	Gun ownership may deter crime.	Celebrities, such as Rosie O'Donnel who has a security detail but wants to take guns away from average citizens, should practice what they preach.	Background should be checked carefully before giving selling arms to them.	What circumstances citizens are allowed to possess and bear guns.	Guns should be heavily regulated.	All guns should be licensed.	People with mental issues should not be allowed to carry guns.	We should teach people from an early age the damage that they can do, how to properly and safely use them.	Guns should be only allowed to the military.	Guns should only be issued for hunting.	Gun rights is part of being american.	We should take off guns from streets.	Anyone should be able to own a gun.	Gun ownership should not be banned altogether.	Guns pose a threat in families.	Guns are much less likely to attempt a crime.	Handgun ownership is not only symbolic but is a right of the American people.	Gun ownership leads to unnecessary killings.	Many people are responsible gun owners.	Guns are also used in hunting.	This issue is about the kind of the amount of and under what circumstances citizens are allowed to possess and bear guns.	Banning guns is a violation of the 2nd amendment.	When tension mounts, it will eventually erupt in the most unpleasant of ways.	High-capacity magazines should be banned.	Guns within the city can be hazardous.	Gun restrictions leave the citizens open to abuse from the government, and leave them vulnerable for a fully police state.	The NRA holds guns as a symbol of our right to protect themselves and others in various instances in which safety is threatened.	Gun owners should only be able to carry 1 weapon on their person.	Should be able to carry whatever gun you want whenerever.	Although guns are to be a great aid for self-defense this is not a typical usage by gun owners and guns.	Guns help protect families.	The gun industry is too heavily regulated.	Everyone should support the 2nd amendment.	Gun owners should be imprisoned if they don't follow applicable laws.	Banning guns is like banning forks in an attempt to stop making people fat.	participant id	age	gender	affiliation	education	family status	profession	race	religion	ties2overseas	US citizen
42703498	0	0	0	0	0	0	0	0	0	0	1	0	0	0	0	0	1	0	0	0	0	0	1	0	0	0	1	0	0	0	0	1	0	0	0	0	0	0	0	0	0	0	0	0	1	0	0	0	0	1	1	1	0	0	0	0	0	1	1	1	0	0	1	1	1	1	1	1	0	0	0	1	0	0	1	0	0	1	0	0	1	1	1	1	0	0	0	0	0	0	1	0	0	0	0	0	1	1	1	1	0	0	0	0	0	0	0	0	0	1	1	0	0	0	0	0	1	1	1	1	0	0	0	1	1	0	1	0	0	0	0	0	1	0	0	0	1	0	0	0	0	0	0	0	1	
22139728	0	1	0	0	0	0	0	1	0	0	0	1	0	0	1	0	0	0	1	0	0	0	0	0	1	1	1	1	0	0	0	1	1	1	1	1	0	1	1	0	0	0	0	0	0	1	0	0	0	0	0	0	1	1	1	1	0	0	0	0	0	0	0	0	0	0	1	0	0	0	0	0	1	0	0	0	0	0	0	0	0	0	1	0	0	1	1	1	1	1	1	1	0	0	0	0	0	0	0	1	0	1	1	0	0	0	0	1	1	1	0	1	0	0	0	0	0	1	0	0	0	0	1	1	0	0	0	0	0	0	0	0	1	0	0	0	0	1	0	0	0	0	0	0	0	22139728	32	female	democrat	master	single_living_alone	employee	black_or_african_american	other:Christian	yes	yes
43736722	0	0	0	0	0	0	0	0	0	0	0	0	-1	0	1	0	0	0	0	0	0	0	0	0	0	0	0	0	0	0	0	0	1	0	0	0	0	0	0	0	0	0	0	0	0	0	0	0	0	0	0	0	0	0	0	0	0	0	0	0	0	0	0	0	0	0	0	0	0	0	0	1	0	0	0	0	0	0	0	0	0	0	0	0	0	0	0	0	0	0	0	1	0	0	0	0	0	0	0	0	0	0	0	0	0	0	0	0	0	0	0	0	1	1	1	1	0	0	0	1	0	0	0	0	0	0	0	0	0	0	0	0	0	0	0	-1	0	0	0	0	0	0	0	1	0	43736722	22	female	independent	some_college	single_living_alone	employee	hispanic_american	other:Christian	yes	no
43860631	0	0	0	1	0	0	0	1	-1	1	-1	0	1	1	-1	1	1	-1	1	1	0	-1	1	-1	1	1	0	0	-1	-1	1	0	-1	0	1	1	1	-1	0	-1	1	1	0	1	-1	1	1	1	1	-1	1	0	0	1	0	1	-1	1	0	-1	1	1	1	-1	-1	-1	0	1	-1	1	0	0	0	-1	-1	0	1	-1	1	0	1	0	0	1	1	0	0	0	-1	-1	0	1	-1	1	1	1	0	1	0	0	1	1	1	1	-1	1	-1	1	0	0	-1	0	1	-1	1	1	1	0	1	0	0	1	-1	0	1	0	-1	1	-1	-1	-1	-1	0	0	1	1	-1	1	0	1	-1	-1	-1	-1	0	
5007431	0	0	0	0	0	1	1	0	0	0	-1	0	0	0	0	0	0	0	0	0	1	1	-1	-1	0	0	0	0	-1	-1	1	1	0	0	0	0	0	0	0	1	0	0	0	0	1	1	1	-1	0	0	1	0	0	0	0	0	1	1	0	0	0	0	0	0	1	1	1	1	0	0	1	0	1	0	0	0	0	0	0	0	0	0	0	0	0	0	0	0	0	0	1	0	0	0	0	0	0	0	-1	0	0	0	0	0	0	0	0	0	0	0	0	0	1	0	0	0	0	0	0	-1	0	0	0	0	0	0	0	0	0	0	1	0	0	0	0	0	0	0	0	0	0	-1	0	0	0	
39797332	0	0	0	1	-1	-1	1	1	0	0	0	0	0	0	0	0	0	0	0	0	0	0	0	0	0	0	0	1	0	0	0	0	0	0	0	0	0	0	0	0	0	0	0	0	0	0	0	0	0	0	0	0	0	0	0	0	0	0	0	0	0	0	0	0	0	0	0	0	0	0	0	0	0	0	0	0	0	0	-1	0	0	0	0	0	0	0	0	0	0	0	0	0	-1	0	0	0	0	0	0	0	0	0	0	0	0	0	0	0	0	0	0	0	0	0	0	0	0	0	0	0	0	0	0	0	0	0	0	0	0	0	0	0	0	0	0	0	0	0	0	0	0	0	0	0	0	39797332	49	male	independent	master	married	employee	white	Atheist / Agnostic	yes	yes
42468998	0	1	0	0	0	0	1	0	0	0	0	0	0	0	-1	0	0	0	0	0	0	0	0	0	0	0	1	0	0	-1	1	0	0	1	0	0	1	0	1	1	0	0	0	0	-1	1	1	1	1	1	1	0	-1	0	0	-1	0	0	0	0	0	1	0	0	1	0	0	1	0	0	0	0	1	0	1	-1	0	0	0	0	0	1	0	0	1	0	0	0	1	1	0	0	0	0	0	1	0	1	0	0	0	1	0	1	0	1	-1	-1	0	0	0	0	1	0	0	0	0	0	0	-1	0	0	0	0	0	0	0	0	0	0	0	0	0	1	0	0	0	1	0	1	-1	0	0	0	0	
27914150	0	-1	0	0	0	0	0	0	0	0	0	0	0	0	0	0	0	0	0	0	0	0	0	0	0	0	1	0	0	0	0	1	-1	1	1	1	0	1	0	0	0	0	0	0	0	0	0	0	0	0	0	0	0	0	0	-1	0	0	0	0	0	0	0	0	0	0	0	0	0	0	0	0	0	0	0	0	0	0	0	0	0	0	1	0	0	0	0	0	0	0	0	0	0	0	0	0	0	0	0	0	0	1	0	0	0	0	0	0	0	0	0	0	0	0	0	0	0	0	0	0	0	0	0	0	0	0	0	0	0	0	0	0	0	0	0	0	0	0	0	0	0	0	0	0	0	
43976334	-1	0	0	1	1	1	0	1	1	1	1	1	1	1	1	1	1	1	1	1	1	1	0	1	0	1	1	1	1	-1	1	0	1	0	1	1	1	1	1	1	1	1	0	-1	0	1	1	1	0	1	1	0	1	0	1	1	0	1	0	1	-1	1	1	1	1	1	0	0	1	1	1	-1	0	1	1	0	1	1	0	1	1	0	0	0	1	0	1	0	0	1	1	0	1	1	1	1	1	1	0	0	1	1	1	1	1	1	1	0	1	1	1	1	0	1	1	0	1	1	0	0	0	1	0	0	1	1	1	1	1	1	0	1	1	1	1	0	1	1	0	1	0	1	1	0	0	
38548574	1	0	1	0	0	0	0	0	0	0	0	0	0	0	0	0	0	0	0	0	0	1	0	0	0	0	0	0	0	0	0	0	0	0	0	0	0	1	0	0	0	0	0	0	0	0	1	0	0	0	0	0	0	0	0	0	0	0	0	0	0	0	0	0	0	0	0	0	0	1	0	0	0	0	0	0	0	0	0	0	0	0	1	0	0	-1	0	0	0	0	0	0	0	0	1	0	0	0	0	0	1	0	0	0	0	0	0	0	0	0	0	0	0	0	0	1	0	0	0	0	1	1	-1	1	0	0	0	0	0	1	0	0	0	0	0	0	0	0	0	0	0	0	1	0	0	
27748798	0	0	0	0	0	0	0	0	1	0	0	0	0	0	0	0	0	-1	0	0	0	0	-1	0	0	0	0	0	0	0	0	0	0	0	1	0	0	0	0	0	1	1	1	0	0	0	0	0	0	-1	0	0	0	0	0	0	0	0	0	0	0	1	0	0	0	0	0	0	0	0	1	0	0	0	0	0	0	0	0	0	0	0	0	0	1	-1	1	-1	0	0	0	0	0	-1	0	1	0	0	0	0	0	0	0	0	1	0	0	0	-1	0	0	0	0	0	0	0	0	0	0	0	0	0	0	0	0	0	0	0	0	0	0	0	0	0	0	0	1	0	0	0	0	0	0	0	-1	
1933319	0	0	0	0	0	0	0	0	0	0	0	0	0	0	0	0	0	1	0	0	0	0	0	0	0	0	0	0	0	0	0	0	0	0	0	0	0	0	0	0	0	0	0	0	0	0	0	0	0	0	0	0	0	0	0	0	0	0	0	0	0	0	0	0	0	0	0	0	0	0	0	0	0	0	0	0	0	0	0	0	0	-1	0	0	0	0	0	0	0	-1	0	0	0	0	0	0	0	0	0	-1	0	0	0	0	0	0	0	0	0	0	0	0	0	0	0	0	0	0	0	0	0	0	0	0	0	0	0	0	0	0	0	0	0	0	0	0	0	0	0	0	0	0	0	0	0	1933319	37	male	independent	some_college	single_living_alone	employee	white	Protestant	yes	yes
14070474	0	0	0	0	0	0	0	0	0	0	0	0	0	0	0	0	0	0	0	0	1	0	0	0	0	0	0	0	0	0	0	0	0	0	0	0	0	0	0	0	0	0	0	0	0	0	0	0	-1	0	0	0	0	0	0	0	0	0	0	0	1	0	0	0	0	0	0	0	0	0	0	0	0	0	0	0	0	0	0	0	0	0	0	0	0	0	0	0	0	0	0	0	0	0	0	0	0	0	0	0	0	0	0	0	0	0	0	0	0	0	0	0	0	0	0	0	0	0	0	0	0	0	0	0	0	0	0	0	0	0	1	0	0	0	0	0	0	0	0	0	0	0	0	0	0	14070474	69	female	republican	bachelor	single_living_with_partner	employee	white	Protestant	no	yes
39147083	-1	0	0	0	0	0	0	0	0	0	0	0	0	0	0	0	0	0	0	0	1	0	0	0	0	0	0	0	-1	0	0	0	0	0	0	0	0	0	0	0	0	0	0	0	0	0	0	0	0	0	0	0	0	0	1	0	1	0	0	0	0	0	0	0	0	0	0	0	0	0	0	0	0	0	0	1	0	0	0	0	0	0	0	0	0	0	0	0	0	0	0	0	0	-1	0	0	0	0	0	0	0	0	0	0	0	0	0	0	0	0	0	0	0	0	0	0	0	0	0	0	0	0	0	0	0	0	0	0	0	0	0	0	0	0	0	0	0	0	0	0	0	0	0	0	0	
43869373	0	0	-1	0	0	0	0	0	1	-1	0	0	0	0	0	1	0	1	0	0	0	0	1	0	0	0	1	0	1	0	1	0	0	-1	0	0	0	0	0	0	1	1	-1	0	0	0	0	0	0	1	1	1	-1	0	0	-1	0	0	0	0	1	0	1	-1	-1	0	0	0	0	0	1	1	1	1	1	-1	0	1	0	1	0	0	0	1	0	-1	-1	0	1	-1	0	0	1	1	1	0	0	0	0	0	0	0	0	0	-1	0	0	0	1	0	0	0	0	1	1	0	0	1	0	0	0	0	0	0	0	0	1	0	1	0	1	1	1	1	1	1	0	0	0	0	1	0	0	0	1	43869373	23	male	independent	associate_degree	single_living_alone	employee	black_or_african_american	Roman Catholic	no	yes
21467491	0	0	0	0	0	0	0	0	0	0	0	0	0	0	0	0	0	0	0	0	1	0	0	0	0	0	0	0	0	0	0	0	0	0	0	0	0	0	0	0	0	0	0	0	0	0	0	0	1	0	0	0	0	0	0	0	0	0	0	0	1	0	0	0	0	0	0	0	0	0	0	0	0	0	0	0	0	0	0	0	0	0	0	0	0	0	0	0	0	0	0	0	0	0	0	0	0	0	0	0	0	0	0	0	0	0	0	0	0	0	0	0	0	0	0	0	0	0	0	0	0	0	0	0	0	0	0	0	0	0	1	0	0	0	0	0	0	0	0	0	0	0	0	0	0	21467491	41	female	democrat	vocational_secondary_certification	single_living_with_partner	employee	other	other:baptist	no	yes
43891892	0	0	0	0	1	1	1	-1	1	-1	-1	1	1	-1	1	1	1	-1	0	0	0	0	0	0	-1	0	0	0	0	0	0	-1	0	0	1	-1	1	0	0	0	1	1	0	-1	0	-1	0	-1	0	0	0	0	-1	1	0	0	1	0	1	1	0	0	0	0	0	0	0	1	-1	1	-1	1	0	0	0	0	1	0	0	0	0	1	0	-1	0	0	1	1	0	1	0	1	1	1	0	0	0	0	1	1	1	1	-1	-1	1	0	0	0	0	0	0	-1	1	1	1	1	0	0	0	-1	0	1	0	0	1	0	-1	-1	1	0	0	0	0	0	1	-1	-1	1	-1	1	1	1	-1	0	0	43891892	25	male	none	bachelor	single_living_alone	student	white	Roman Catholic	no	yes
43837109	0	1	0	0	0	0	0	1	0	0	0	1	0	0	0	0	0	0	1	0	0	0	0	0	1	0	1	1	0	0	0	1	1	1	1	1	0	1	1	0	0	0	0	1	0	1	0	1	0	0	0	0	1	1	1	0	0	0	0	0	0	0	0	1	0	0	1	0	0	0	0	0	1	0	0	0	0	0	0	0	0	0	1	0	0	1	1	1	1	1	1	1	0	0	0	0	0	0	0	1	0	1	1	0	0	0	0	0	1	1	-1	1	0	0	0	0	0	1	0	0	0	0	-1	1	0	0	0	0	0	0	0	1	1	0	0	1	0	0	0	0	0	0	0	0	0	
19302668	1	-1	-1	0	1	0	1	-1	1	1	0	0	0	1	0	1	0	0	1	1	1	1	-1	-1	0	0	-1	0	-1	-1	1	0	-1	1	0	0	-1	1	1	1	0	1	1	0	0	1	1	1	1	0	1	1	-1	0	-1	-1	1	1	1	1	1	1	-1	1	1	0	0	1	0	0	1	1	1	1	1	1	-1	1	1	1	1	1	0	1	1	0	0	1	1	-1	0	0	-1	1	1	1	1	0	0	0	0	1	1	1	1	1	1	0	-1	0	0	1	0	0	0	0	1	1	-1	0	1	0	-1	0	0	0	1	0	1	1	1	1	0	1	0	-1	0	1	0	-1	1	0	0	-1	-1	19302668	44	female	democrat	high_school	married	employee	white	other:Christian	no	yes
28813722	0	0	0	0	0	0	0	0	0	0	0	0	0	0	0	0	0	0	0	0	0	0	0	-1	0	0	0	0	0	0	0	0	0	0	1	0	0	0	0	0	0	0	0	1	1	0	0	0	0	0	0	0	0	0	0	0	0	0	0	0	0	0	0	0	0	0	0	0	0	0	0	0	0	0	0	0	0	0	0	0	0	0	0	0	0	0	0	0	0	0	0	-1	0	0	1	0	0	0	0	0	0	0	0	0	0	0	0	0	-1	0	0	0	0	1	0	0	0	0	0	0	0	0	0	0	0	0	0	0	0	0	0	0	0	0	0	0	0	0	0	0	0	0	0	0	0	28813722	39	female	independent	high_school	married	unemployedseeking_employment	white	Atheist / Agnostic	yes	yes
20244740	0	0	0	0	0	0	0	0	-1	1	0	-1	1	0	0	0	0	0	0	0	0	1	-1	0	0	0	0	0	1	-1	1	1	0	0	0	0	0	1	0	0	0	0	0	0	1	0	0	0	0	0	0	-1	0	-1	0	0	0	0	0	0	0	0	-1	0	0	0	0	-1	0	-1	0	0	0	0	0	0	0	1	0	0	0	0	0	0	-1	0	0	0	1	0	0	1	0	0	0	0	0	0	0	0	0	0	0	1	1	1	1	-1	0	1	0	0	0	0	0	0	-1	1	1	1	0	0	0	0	0	0	0	0	0	0	0	-1	0	0	0	0	1	0	-1	0	1	-1	0	0	1	
43676331	0	0	0	0	0	0	0	0	0	0	0	0	0	0	0	0	0	0	0	0	0	0	0	0	-1	0	0	0	0	0	0	0	0	0	0	0	0	0	0	0	0	0	0	0	0	0	0	0	0	0	0	0	0	0	0	0	0	0	0	0	0	0	0	0	0	0	0	0	0	0	0	0	0	0	0	0	-1	0	0	0	0	0	0	0	0	0	0	0	0	0	0	0	0	-1	0	0	0	0	0	0	1	1	1	1	0	0	0	0	0	0	0	0	0	0	1	0	0	0	0	0	0	0	0	0	0	0	0	0	0	0	0	0	0	0	0	0	0	0	0	0	0	0	0	0	0	
33708599	0	1	0	0	0	0	0	-1	0	0	0	-1	-1	0	-1	0	0	1	-1	0	0	0	0	0	0	0	-1	-1	0	0	0	-1	-1	-1	-1	-1	0	1	0	0	0	0	0	-1	0	0	0	1	0	0	0	0	0	0	-1	-1	0	0	0	1	0	0	0	0	0	0	0	0	0	0	0	-1	0	1	0	0	0	0	0	0	0	-1	1	0	0	0	1	0	0	-1	0	-1	0	0	0	0	0	0	-1	-1	0	-1	-1	0	0	0	0	0	0	0	0	0	1	-1	-1	-1	0	0	0	-1	0	-1	0	0	0	0	0	0	0	0	0	1	1	0	0	1	0	0	0	0	0	0	0	-1	0	33708599	31	female	none	bachelor	single_living_with_partner	employee	white	other:Non religious	yes	yes
39021669	0	-1	0	0	0	0	0	0	0	1	0	0	0	0	0	1	0	0	0	0	0	0	0	0	0	0	0	0	-1	-1	1	-1	-1	0	0	0	0	0	0	0	0	0	0	0	0	0	0	0	0	0	0	-1	-1	0	0	0	0	0	1	0	0	1	0	0	-1	0	0	0	0	0	1	1	1	-1	1	1	0	0	0	1	0	0	0	-1	0	0	0	-1	0	0	0	0	-1	0	0	0	0	0	0	0	0	0	0	0	1	1	1	0	0	0	0	0	0	1	0	0	0	-1	0	-1	0	0	0	0	0	0	1	0	0	1	0	0	0	0	0	0	0	0	0	0	0	0	0	1	0	39021669	43	female	democrat	vocational_secondary_certification	single_living_with_partner	employee	other	Roman Catholic	yes	yes
34070076	1	-1	1	0	0	0	1	0	0	0	0	0	0	1	1	1	0	0	0	0	1	0	0	-1	0	0	0	0	0	0	0	0	0	0	1	0	0	1	1	1	0	1	0	1	1	0	0	0	1	0	0	0	0	-1	0	0	1	1	1	1	1	1	0	0	0	0	0	0	1	1	0	0	0	0	0	0	1	0	0	0	0	0	0	0	1	0	0	0	0	0	0	1	0	0	1	0	1	1	0	0	1	0	0	0	0	0	0	1	-1	0	0	1	1	1	0	1	0	0	1	0	1	0	0	0	1	0	0	1	1	0	1	1	0	0	1	0	0	0	0	1	0	-1	0	0	1	34070076	30	male	none	bachelor	single_living_alone	employee	asien	Roman Catholic	yes	yes
43847840	0	0	0	0	0	0	0	0	0	0	0	0	-1	0	1	0	1	1	0	0	0	0	0	0	0	0	0	0	1	-1	1	1	1	0	0	0	0	0	0	0	0	0	0	0	-1	0	0	0	0	0	0	0	0	0	0	0	0	0	0	1	0	0	0	-1	0	1	0	0	0	0	0	1	0	0	0	0	0	0	0	0	0	1	0	0	1	1	1	1	0	1	0	1	-1	1	1	1	1	1	1	1	0	0	0	0	-1	1	1	1	0	0	0	0	1	1	1	1	0	0	0	-1	0	0	0	0	-1	0	0	0	0	0	0	0	0	0	0	-1	0	0	0	0	0	0	0	1	0	43847840	31	male	democrat	bachelor	single_living_alone	selfemployed	black_or_african_american	Roman Catholic	yes	yes
31888345	0	0	-1	0	0	0	0	0	0	0	0	0	0	0	0	0	0	0	0	0	0	1	0	0	0	0	0	0	-1	1	1	-1	0	0	0	0	0	1	0	0	0	0	0	0	0	0	-1	0	0	0	0	0	0	0	0	0	0	0	0	1	0	0	0	0	0	0	0	0	0	0	0	0	0	1	0	0	0	0	0	0	0	0	1	0	0	-1	1	0	0	0	0	0	0	0	-1	0	0	0	1	0	0	0	0	0	0	0	0	-1	0	0	0	0	0	0	0	1	0	0	0	0	0	-1	0	1	0	0	0	0	0	1	0	0	0	0	0	0	0	1	0	0	0	0	1	0	0	31888345	23	female	republican	bachelor	single_living_with_parents	unemployedseeking_employment	asien	Atheist / Agnostic	yes	yes
43855522	1	1	1	1	0	0	0	0	0	0	0	0	0	0	1	0	0	0	1	0	0	1	0	0	0	-1	-1	1	0	0	0	1	1	0	-1	1	0	1	0	0	0	0	0	1	0	0	1	1	0	0	0	0	0	0	1	1	0	0	0	0	0	0	0	1	0	0	0	0	0	1	0	0	1	0	0	0	0	0	1	0	0	0	0	0	0	1	0	0	-1	1	1	1	0	0	1	0	0	0	0	0	0	1	1	0	0	1	0	1	0	0	-1	0	0	0	0	1	0	-1	0	0	0	0	0	1	0	0	0	0	0	-1	0	1	-1	0	0	1	0	1	0	0	0	0	-1	0	0	43855522	26	male	democrat	bachelor	single_living_alone	employee	white	Roman Catholic	yes	yes
43943585	0	0	0	0	0	0	0	0	0	0	0	0	0	0	0	0	0	0	1	0	0	0	0	0	-1	0	1	1	0	0	0	0	-1	1	1	1	0	1	0	0	0	0	0	0	0	0	0	0	0	0	0	0	0	0	-1	-1	0	0	0	0	0	0	0	0	0	0	0	0	0	0	0	0	0	0	0	0	0	0	0	0	0	0	0	0	0	0	0	0	0	0	0	0	0	0	0	0	0	0	0	0	0	0	-1	0	0	0	0	0	0	0	0	0	0	0	0	0	0	0	0	0	0	0	0	1	0	0	0	0	0	0	0	0	0	0	0	0	0	0	0	0	0	0	0	0	0	43943585	27	female	independent	associate_degree	single_living_alone	civil_servant	white	Atheist / Agnostic	yes	no
30408589	1	0	0	0	0	-1	0	-1	1	1	-1	-1	1	0	1	-1	-1	1	-1	-1	0	-1	0	1	0	1	1	1	-1	-1	1	0	1	0	1	-1	0	-1	1	-1	-1	0	0	1	0	0	1	-1	0	-1	1	0	0	0	1	-1	0	-1	1	-1	1	-1	0	1	0	1	0	0	1	1	-1	-1	0	1	1	1	0	-1	1	0	-1	0	0	0	1	0	0	0	0	-1	-1	0	1	0	1	-1	-1	1	0	0	-1	-1	0	-1	1	1	1	0	-1	-1	-1	-1	0	-1	1	0	-1	-1	-1	0	0	-1	0	0	-1	-1	-1	1	1	0	0	1	1	1	0	0	1	0	0	0	1	1	1	0	0	
13763729	0	0	0	0	0	0	0	0	0	0	0	0	0	0	0	0	0	0	0	0	0	0	0	0	0	0	0	0	0	0	0	0	0	0	0	0	0	0	0	0	0	0	0	0	0	0	0	0	0	0	0	0	0	0	0	0	0	0	0	0	0	0	0	0	0	0	0	0	0	0	0	0	0	0	0	0	0	0	0	0	0	0	0	0	0	0	0	0	0	0	0	0	0	0	0	0	0	0	0	0	0	0	0	0	0	0	0	0	0	0	0	0	0	0	0	0	1	1	-1	-1	0	0	0	0	0	0	0	0	0	0	0	0	0	0	0	0	0	0	0	0	0	0	0	0	0	
15193250	0	0	0	0	0	-1	0	0	0	1	1	1	0	0	0	0	0	0	0	0	0	0	0	0	-1	1	1	1	0	0	0	0	0	0	1	0	0	0	0	0	0	0	0	0	0	1	0	0	0	0	0	0	-1	0	0	0	0	0	1	0	0	0	0	0	0	0	0	0	0	0	0	0	0	-1	0	0	1	0	0	0	0	0	0	1	0	0	0	0	0	0	0	0	0	-1	0	0	0	0	0	0	1	1	1	1	0	0	0	0	0	0	0	1	0	0	1	0	0	0	0	0	0	0	0	0	0	0	0	0	0	0	0	0	0	0	0	0	-1	-1	-1	1	-1	-1	1	1	0	
34854490	0	0	0	0	0	0	0	0	1	0	0	0	0	0	0	0	0	-1	0	0	0	0	-1	0	0	0	0	0	0	0	0	0	0	0	0	0	0	0	0	0	1	1	1	0	0	0	0	0	0	-1	0	0	0	0	0	0	0	0	0	0	0	1	0	0	0	0	0	0	0	0	0	0	0	0	0	0	0	0	0	0	0	0	0	0	0	0	0	0	0	0	0	0	0	0	0	1	0	0	0	0	0	0	0	0	-1	0	0	0	-1	0	0	0	0	0	0	0	0	0	0	0	0	0	0	0	0	0	0	0	0	0	0	0	0	0	0	0	0	0	0	0	0	0	0	0	-1	34854490	35	male	democrat	bachelor	single_living_with_parents	other:caregiver	asien	Atheist / Agnostic	yes	yes
43981010	0	0	0	0	0	0	0	0	0	0	0	0	0	0	0	0	-1	0	0	0	0	0	0	0	0	0	-1	0	0	0	0	-1	0	0	0	0	0	0	0	0	0	0	0	0	-1	0	0	0	0	-1	0	0	0	0	0	0	0	1	1	1	0	0	0	1	1	1	1	1	0	0	0	1	0	0	-1	0	0	0	0	0	0	0	0	0	0	0	0	0	0	0	0	0	0	0	0	0	1	1	-1	1	0	0	0	0	0	0	0	0	0	0	1	0	0	0	0	0	1	0	0	0	0	0	0	1	-1	0	1	0	0	0	0	0	1	0	0	0	0	0	0	0	0	0	0	0	0	
19638651	1	0	0	0	0	0	0	0	0	0	0	0	0	0	0	0	0	0	0	0	0	0	0	0	0	0	0	0	0	0	0	0	0	0	0	0	0	0	0	1	0	0	0	0	-1	1	1	1	0	0	0	0	0	0	0	0	0	0	0	0	0	0	0	0	-1	0	0	0	0	0	0	0	1	0	0	0	0	0	0	0	0	0	1	0	0	0	0	0	0	0	0	0	0	0	0	0	0	0	-1	0	1	0	0	0	0	0	0	0	0	0	0	0	1	0	0	0	0	0	0	-1	0	0	0	0	0	0	0	0	0	0	1	0	0	0	0	0	0	0	0	0	0	-1	0	0	0	
11521789	0	-1	0	1	1	1	1	-1	1	0	0	0	-1	0	-1	0	0	0	0	1	0	0	0	0	0	0	0	1	0	0	1	1	0	0	1	0	1	0	1	1	0	0	0	1	1	1	1	1	0	0	0	0	0	0	0	0	0	1	0	0	0	1	0	0	-1	0	1	0	0	0	-1	0	1	0	0	0	0	0	-1	0	-1	1	0	0	0	0	0	0	0	0	0	0	-1	1	0	1	0	1	-1	0	0	0	0	0	0	0	1	1	0	1	0	0	1	0	0	0	0	0	0	0	0	0	0	0	1	-1	0	0	1	0	1	0	0	0	0	0	1	1	0	0	0	-1	0	1	0	11521789	54	male	republican	some_college	other:Separated	employee	asien	Protestant	yes	yes
43699918	1	0	0	1	0	0	0	0	0	0	0	0	0	0	0	0	-1	0	0	0	0	0	0	0	1	0	1	0	1	-1	1	1	0	0	0	1	0	0	0	0	0	0	-1	0	1	0	0	0	0	-1	0	0	0	0	1	0	1	1	1	1	0	0	0	1	1	1	1	1	0	0	0	1	0	1	1	-1	0	-1	0	0	1	1	1	1	0	0	0	0	0	0	0	0	0	1	0	0	0	1	0	1	0	0	0	0	1	0	0	0	0	0	1	0	-1	0	0	0	1	0	0	0	1	1	1	1	1	0	1	1	0	0	0	0	1	0	0	0	1	0	1	0	0	0	0	0	0	43699918	23	male	republican	some_college	single_living_with_partner	student	hispanic_american	Protestant	yes	yes
41841195	0	0	0	0	0	0	0	0	0	0	-1	0	0	0	-1	0	0	0	1	0	0	0	0	0	0	0	0	0	0	0	0	0	0	0	0	0	0	0	0	0	0	0	0	0	1	0	0	0	0	0	0	1	0	0	0	0	0	0	0	0	0	0	0	1	0	0	0	0	0	0	0	0	0	0	0	0	0	0	0	0	0	0	0	0	0	0	0	0	0	0	1	0	0	0	0	0	0	0	0	0	0	1	0	0	0	0	0	0	0	0	0	0	0	0	0	0	0	1	0	0	0	0	0	0	0	0	0	0	0	0	0	0	0	0	0	-1	0	0	0	0	0	0	0	0	-1	41841195	32	female	independent	some_college	single_living_with_partner	other:homemaker	white	Atheist / Agnostic	no	yes
34689613	0	0	0	0	0	0	0	0	0	0	0	0	0	0	0	0	1	-1	1	-1	0	0	0	-1	0	0	0	0	0	0	0	0	0	0	1	0	0	0	0	0	0	0	0	1	1	0	0	0	0	0	0	0	0	0	0	0	0	0	0	0	-1	0	0	0	0	0	0	0	0	0	0	0	0	0	0	0	0	0	0	0	0	0	0	0	0	0	0	0	-1	0	0	1	0	0	1	0	0	0	0	0	0	0	0	0	0	0	0	0	-1	0	0	0	0	-1	0	0	0	0	0	0	0	0	0	0	0	0	1	0	0	0	0	0	0	0	0	0	0	0	0	0	0	0	0	0	-1	
40790579	0	0	0	1	1	1	1	1	1	1	0	1	1	1	1	1	0	1	0	0	0	0	0	0	1	1	1	1	0	0	0	1	1	0	1	0	1	0	0	0	1	1	1	1	0	0	0	1	0	0	0	0	1	1	0	0	0	0	1	0	0	0	0	0	0	0	0	0	1	0	1	1	0	1	0	0	1	0	1	0	0	1	0	1	0	0	1	1	0	1	0	1	1	1	0	0	0	0	0	1	0	0	0	0	0	0	0	0	0	0	0	1	1	1	1	1	1	0	1	1	0	0	0	0	1	1	0	0	1	1	0	1	0	0	1	1	1	0	0	0	1	1	1	1	0	40790579	29	male	democrat	bachelor	single_living_alone	employee	other	Muslim	no	no
43943676	0	0	0	0	0	0	0	1	-1	1	0	0	0	1	-1	0	1	-1	1	0	-1	-1	0	0	0	0	0	0	0	0	0	0	1	0	0	0	1	0	1	0	0	0	0	0	-1	1	1	1	0	0	1	0	0	0	0	1	0	0	0	0	1	0	1	-1	-1	-1	0	0	0	0	0	0	1	0	0	0	1	-1	-1	1	1	0	0	1	1	0	0	0	0	1	0	0	0	0	0	1	-1	1	-1	0	0	0	1	0	0	1	-1	0	0	1	0	-1	1	1	1	0	1	0	1	1	0	0	0	0	0	0	0	0	0	0	1	0	0	0	0	0	0	1	0	1	0	-1	0	1	0	
43606269	0	0	0	0	0	1	0	0	0	0	1	0	0	0	0	0	1	0	0	0	1	1	1	1	0	0	1	0	1	1	1	1	0	0	0	0	0	0	0	0	0	0	0	0	1	0	0	0	0	1	1	0	0	0	0	0	1	1	1	1	0	0	0	1	1	1	1	1	0	0	1	1	0	1	1	0	0	0	0	0	1	1	1	1	0	0	0	0	0	0	1	0	0	0	0	0	1	1	1	1	0	0	0	0	0	0	0	0	0	0	1	0	0	0	0	0	1	0	0	0	1	1	1	1	1	0	1	0	0	0	0	0	1	0	0	0	0	0	0	0	0	0	0	0	0	
43869435	-1	1	0	1	0	0	0	1	0	0	0	-1	0	0	-1	0	0	0	1	0	0	1	0	0	-1	1	0	0	0	0	0	0	-1	-1	0	0	0	1	1	0	0	0	0	0	0	-1	1	0	0	0	0	0	-1	1	-1	1	0	0	0	0	0	0	0	-1	0	0	-1	0	0	1	0	0	1	0	0	0	0	0	1	0	0	0	-1	0	0	1	1	-1	-1	1	1	1	0	0	1	0	0	0	0	1	0	1	0	0	0	-1	0	1	-1	-1	0	1	0	0	0	1	0	1	0	0	0	0	-1	0	0	0	0	0	0	1	0	0	1	0	0	-1	0	1	0	0	0	0	-1	0	0	
43967735	1	0	0	0	1	1	0	1	1	0	-1	1	-1	0	-1	0	1	1	1	-1	1	0	0	1	1	1	1	-1	0	0	1	0	1	0	-1	1	0	1	-1	1	0	0	0	-1	0	1	1	1	-1	-1	-1	-1	0	-1	1	1	1	1	1	1	-1	1	-1	0	-1	-1	0	-1	-1	-1	-1	1	1	0	-1	1	-1	1	1	1	1	0	0	0	-1	0	0	1	0	0	-1	0	0	0	0	0	0	-1	0	0	0	1	1	1	1	0	1	0	0	-1	0	1	1	0	1	0	0	0	1	0	0	1	0	0	-1	1	-1	0	1	1	0	-1	0	0	1	1	0	1	0	0	0	1	-1	0	0	
43510526	0	0	0	0	0	0	1	0	0	0	-1	0	0	0	0	0	0	0	0	0	0	0	0	0	0	0	0	0	0	0	0	1	0	0	0	0	0	0	0	0	0	0	0	0	-1	0	0	0	0	0	0	1	-1	0	0	0	0	0	0	0	0	0	0	0	0	0	0	1	0	0	0	0	0	0	0	1	0	0	0	0	0	0	0	0	0	0	0	0	0	0	0	0	0	0	0	0	0	0	0	0	0	1	0	1	0	0	0	0	0	0	0	0	0	0	0	0	0	0	0	-1	0	0	0	0	0	-1	0	0	1	0	0	0	0	0	0	0	0	0	0	1	0	0	0	0	-1	43510526	30	female	none	bachelor	single_living_alone	retired	hispanic_american	Russian Orthodox	yes	no
43857136	0	0	0	0	0	1	1	0	0	1	0	0	0	0	0	0	0	0	0	-1	0	0	0	0	0	0	0	0	0	0	1	0	0	0	0	0	0	0	0	0	0	0	0	1	0	0	0	0	0	0	0	0	-1	0	0	0	0	1	1	0	0	0	0	0	0	0	0	0	0	0	0	0	0	-1	0	0	0	0	0	0	0	0	0	0	0	0	0	0	0	0	0	0	0	0	0	0	0	0	0	0	0	0	0	0	0	0	1	0	0	1	0	0	0	0	0	0	0	0	0	0	0	0	0	0	0	0	0	0	0	0	0	0	0	0	0	0	0	0	0	0	0	0	0	0	0	
31613324	1	-1	1	1	0	0	0	1	0	0	0	1	0	0	1	0	0	0	1	0	0	1	0	0	-1	1	0	0	0	0	0	0	-1	-1	0	0	0	1	1	0	0	0	0	0	0	1	1	0	0	0	0	0	1	1	1	1	0	0	0	0	0	0	0	1	0	0	1	0	0	1	0	0	1	0	0	0	0	0	1	0	0	0	1	0	0	1	-1	-1	1	1	1	1	0	0	1	0	0	0	0	1	1	1	0	0	0	1	0	-1	1	1	1	1	0	0	0	1	0	1	0	0	0	0	-1	1	0	0	0	0	0	1	0	0	1	0	0	1	0	1	0	0	0	0	1	0	0	
43650804	0	0	0	1	-1	0	0	1	0	0	0	0	0	1	0	0	0	0	0	0	-1	0	0	0	0	0	0	0	0	0	0	0	0	0	0	0	0	0	0	-1	0	1	0	0	0	0	0	0	1	0	0	0	0	0	0	0	0	0	0	0	-1	0	0	0	0	-1	0	0	0	0	0	0	0	0	0	0	0	0	0	1	1	0	0	0	0	0	0	0	0	0	0	0	-1	0	1	0	0	0	0	0	0	0	0	0	-1	-1	-1	1	0	0	-1	-1	0	0	0	0	1	1	1	1	0	1	-1	0	0	0	0	0	-1	0	-1	0	0	0	0	-1	0	0	0	0	-1	0	0	0	0	
43679467	1	1	1	0	1	1	1	-1	0	0	0	0	1	0	1	0	0	1	0	0	0	0	0	0	0	0	0	1	0	0	0	-1	1	1	1	-1	0	0	0	0	0	0	0	1	0	0	0	1	0	0	0	0	0	0	0	0	0	0	0	0	0	0	0	0	0	0	0	0	0	0	1	-1	1	0	0	0	0	0	0	0	0	-1	1	0	0	0	1	0	0	1	0	1	-1	1	0	0	0	0	0	1	1	1	0	0	0	1	0	0	0	0	0	0	-1	-1	1	-1	0	0	0	1	0	0	0	0	0	1	0	0	1	0	0	-1	0	0	0	1	-1	0	0	0	0	0	0	-1	0	43679467	23	female	democrat	bachelor	single_living_with_parents	employee	white	Roman Catholic	yes	yes
23711512	0	0	0	0	0	0	0	0	0	0	0	0	0	1	0	0	0	0	0	0	1	1	0	0	0	0	0	0	-1	0	0	0	0	0	0	0	0	1	0	-1	0	1	0	0	0	0	0	0	1	0	0	0	0	-1	0	0	0	0	0	0	1	0	0	0	0	0	0	1	0	1	0	0	0	0	0	0	0	0	0	0	0	0	0	0	1	0	0	0	0	0	0	1	0	0	0	0	0	0	0	0	0	0	0	1	0	0	0	0	0	0	0	-1	0	0	0	1	1	1	-1	-1	0	0	0	0	0	0	0	0	0	0	1	-1	0	1	0	0	0	0	0	0	0	-1	1	0	0	23711512	33	female	independent	vocational_secondary_certification	single_living_alone	employee	white	Protestant	no	yes
18979155	0	0	0	0	0	0	0	0	0	0	0	0	0	0	0	0	0	0	0	0	0	0	0	0	0	0	0	0	0	0	0	0	0	0	0	0	0	0	0	0	0	0	0	0	0	0	0	0	0	0	0	0	0	0	0	0	0	0	0	1	0	0	0	0	0	0	0	0	0	0	0	0	0	1	0	0	0	0	0	0	0	0	0	0	0	0	0	0	0	0	0	0	0	0	0	0	0	0	-1	0	0	0	0	0	0	0	0	0	0	0	0	0	0	0	0	0	0	0	0	0	-1	1	-1	1	0	0	0	0	0	0	0	0	0	0	0	0	0	0	0	0	0	0	0	0	0	18979155	26	female	none	high_school	single_living_with_parents	unemployedseeking_employment	white	Atheist / Agnostic	no	yes
34081916	0	1	0	0	0	0	0	0	0	0	0	0	0	0	0	0	0	0	0	0	0	0	0	0	0	0	0	0	0	0	0	-1	0	0	0	0	0	0	0	0	0	0	0	0	0	0	0	0	0	0	0	0	0	0	0	0	0	0	0	0	0	0	0	0	0	0	0	0	0	0	0	0	0	0	0	0	0	0	0	0	0	0	1	0	0	0	0	0	0	0	0	0	0	0	0	0	0	0	0	0	0	1	0	0	0	0	0	0	0	0	0	0	0	0	0	0	0	0	0	0	0	0	0	0	0	0	0	0	0	0	0	0	0	0	0	0	0	0	0	0	0	0	0	0	0	
12366026	0	0	0	-1	0	-1	0	0	0	1	1	0	0	0	0	0	0	0	0	1	0	0	0	0	-1	1	1	1	0	0	0	0	0	0	1	1	0	0	0	0	1	0	0	0	0	1	0	0	0	0	0	0	-1	0	0	0	1	0	0	0	0	0	0	0	0	0	0	0	0	0	0	0	0	1	0	0	1	0	0	0	0	0	0	0	0	0	0	0	0	0	1	0	0	1	0	0	0	0	0	0	0	0	0	0	0	0	0	0	0	0	0	0	0	0	1	0	0	0	0	0	0	1	0	0	1	-1	-1	1	0	0	0	0	1	1	1	1	0	0	1	0	0	0	0	0	0	12366026	23	female	democrat	master	single_living_alone	employee	white	Atheist / Agnostic	yes	yes
43046630	0	0	0	1	1	0	0	1	0	0	0	0	0	0	0	0	0	0	0	0	1	0	0	0	0	0	0	0	0	0	0	0	0	0	0	0	0	0	0	0	0	0	0	0	0	0	0	0	0	0	0	0	0	0	0	0	0	0	0	0	0	0	0	0	0	1	0	0	0	0	0	0	0	0	0	0	1	1	1	1	1	0	0	0	0	0	0	0	0	0	0	0	1	0	0	0	0	0	0	0	0	0	0	0	0	0	0	0	0	0	0	0	0	0	0	0	1	0	0	0	0	0	1	0	0	0	0	0	1	0	0	0	0	0	0	-1	0	0	0	0	1	0	0	0	0	
35849301	1	-1	-1	1	1	0	0	0	0	0	0	0	0	1	0	0	0	0	0	0	0	0	0	1	0	0	0	0	0	0	0	0	0	0	0	0	0	0	0	0	0	0	0	0	0	0	0	0	0	0	0	0	0	0	0	0	0	0	0	0	0	0	0	0	0	0	0	0	0	0	0	0	1	0	0	0	0	0	1	0	0	0	0	0	0	-1	0	0	0	0	0	0	0	0	0	0	0	0	0	0	1	0	0	0	0	1	0	0	0	0	0	0	0	0	0	0	0	0	0	0	0	0	0	0	0	0	0	0	0	0	0	0	0	0	0	0	0	0	0	0	0	0	0	0	0	
43684066	0	-1	1	0	-1	0	1	0	0	1	0	0	0	1	1	1	0	-1	1	0	0	0	0	-1	-1	0	0	0	0	-1	0	0	0	0	0	0	1	0	1	-1	0	0	0	0	-1	1	1	1	1	-1	1	1	-1	0	0	0	1	1	0	1	1	1	0	0	-1	0	0	0	-1	0	0	0	1	1	0	0	0	-1	0	1	0	0	0	0	0	1	0	0	0	0	0	0	0	0	0	1	0	1	-1	0	-1	0	0	0	0	0	1	1	0	0	0	0	1	0	0	0	0	0	0	1	-1	0	-1	0	0	0	0	-1	0	0	1	-1	0	0	1	0	0	1	0	1	0	-1	0	0	-1	
43947238	0	0	0	0	1	0	0	0	0	0	0	0	0	0	0	0	1	0	0	0	0	0	0	0	0	1	0	0	0	0	1	0	0	0	0	1	0	0	0	0	0	0	1	0	0	0	0	0	0	0	0	0	0	0	0	0	0	0	0	1	0	0	0	0	0	0	0	0	0	0	0	1	0	0	1	1	0	0	0	0	0	0	0	0	0	0	0	0	0	0	0	0	0	0	0	0	0	0	0	0	0	0	1	0	1	0	0	0	1	0	0	0	0	0	0	0	0	0	0	0	0	0	0	0	1	-1	0	0	0	0	0	0	0	0	0	0	0	0	1	0	0	0	0	0	0	
43797734	0	0	0	0	1	0	0	0	0	0	0	0	0	1	0	1	0	0	0	0	0	0	0	-1	0	0	0	0	0	0	1	0	0	0	0	0	0	0	0	0	0	0	1	0	0	0	0	0	1	0	0	0	0	0	0	0	0	0	0	0	0	0	0	0	0	0	0	0	-1	0	0	0	0	0	0	-1	0	0	0	0	0	0	0	0	0	-1	0	0	0	0	0	0	0	0	0	0	0	0	0	0	1	0	0	0	0	0	0	0	0	0	0	0	0	0	0	0	0	0	0	0	0	0	0	0	0	0	0	0	0	0	0	0	0	0	0	0	0	0	1	0	0	0	0	0	0	
15004831	0	-1	0	1	1	0	1	-1	0	1	0	0	0	1	1	1	0	-1	0	-1	0	1	0	-1	-1	0	1	0	0	-1	1	0	0	-1	0	0	1	0	0	0	1	0	0	0	1	0	1	0	1	-1	1	-1	-1	0	0	1	0	1	1	0	1	1	1	0	0	1	0	1	-1	0	1	0	1	-1	0	1	1	1	1	1	1	1	0	1	1	-1	0	-1	-1	1	0	0	0	0	1	1	0	1	-1	1	1	1	1	1	0	1	0	1	0	0	0	1	0	0	1	0	1	0	1	0	0	1	-1	-1	0	0	-1	1	1	0	1	-1	0	-1	1	0	0	0	0	1	1	0	0	1	0	
43948769	0	0	0	0	1	-1	0	0	0	0	-1	0	0	0	0	0	0	0	0	1	-1	-1	1	-1	-1	1	0	0	0	1	0	0	0	0	0	1	-1	0	0	0	0	0	0	0	1	0	0	0	0	0	1	1	0	0	1	0	0	0	-1	0	0	0	1	0	-1	0	-1	1	0	0	-1	0	0	0	0	-1	0	-1	0	0	1	1	-1	1	0	0	0	0	0	0	1	0	0	0	0	0	0	1	0	1	0	0	1	0	0	-1	-1	1	1	1	-1	0	0	0	0	0	1	-1	1	-1	1	0	0	-1	0	-1	-1	1	0	0	0	1	0	0	1	0	-1	0	0	0	0	0	0	1	-1	
43858972	0	1	0	0	0	0	0	1	0	0	0	1	0	0	0	0	0	0	1	0	0	0	0	0	1	0	1	1	0	0	0	1	1	1	1	1	0	1	1	0	0	0	0	1	0	1	0	1	0	0	0	0	1	1	1	1	0	0	0	0	0	0	0	0	0	0	1	0	0	0	0	0	1	0	0	0	0	0	0	0	0	0	1	0	0	-1	1	1	1	1	1	1	0	0	0	0	0	0	0	1	0	1	1	0	0	0	0	0	1	1	1	1	0	0	0	0	0	0	0	0	0	0	1	1	0	0	0	0	0	0	0	1	1	0	0	0	0	0	0	0	0	0	0	0	0	
43836952	0	0	0	0	0	0	0	0	-1	0	0	0	0	0	0	1	0	-1	0	0	0	0	1	0	0	0	0	0	1	1	0	0	0	0	0	0	0	0	0	0	-1	1	1	0	0	0	0	0	0	1	0	1	0	0	0	0	0	0	1	0	0	1	0	0	1	0	0	0	0	0	-1	1	-1	1	1	1	0	0	0	-1	0	0	0	-1	1	-1	1	1	0	0	0	0	1	0	0	1	0	0	0	0	0	0	0	0	1	0	0	0	1	0	0	0	0	-1	0	0	0	1	0	0	0	0	0	0	0	0	1	0	0	1	0	0	0	0	0	0	0	0	0	0	0	0	0	0	1	
29738307	0	0	0	0	0	0	0	0	0	0	0	0	0	0	0	0	-1	0	0	0	0	0	0	0	0	0	0	0	0	0	0	0	0	0	0	0	0	0	0	0	0	0	0	0	0	0	0	0	0	0	0	0	0	0	0	0	0	0	0	1	0	0	0	0	0	0	0	0	0	0	0	1	0	0	0	0	0	0	0	0	0	0	0	0	0	0	0	0	0	0	0	0	0	0	0	0	0	0	0	0	0	0	0	0	0	0	0	0	0	0	0	0	0	0	0	0	0	0	0	0	0	0	0	0	-1	0	0	0	0	0	0	0	0	0	0	0	0	0	0	0	0	0	0	0	0	29738307	21	female	democrat	some_college	single_living_with_parents	student	white	Atheist / Agnostic	yes	yes
30501721	0	-1	-1	0	1	0	1	0	1	0	0	0	0	1	0	1	0	1	0	0	0	0	-1	-1	0	0	-1	0	-1	0	1	0	0	-1	0	0	0	0	0	0	-1	1	1	0	0	0	0	0	-1	-1	1	1	1	0	0	-1	0	0	1	0	1	1	-1	1	1	0	0	-1	0	0	1	1	1	1	1	-1	0	1	0	1	0	-1	0	1	1	-1	-1	1	1	-1	0	0	-1	1	1	1	0	0	0	0	0	-1	0	1	1	1	0	0	-1	0	0	0	0	1	-1	0	0	1	0	0	0	0	0	0	0	0	1	0	1	1	1	1	0	1	0	0	0	0	0	-1	1	0	0	0	1	30501721	32	female	none	vocational_secondary_certification	single_living_with_partner	other:Homemaker	white	other:Christian/Southern Baptist	yes	yes
43642386	0	-1	0	0	0	0	0	1	1	0	0	-1	0	0	0	0	1	0	1	0	0	0	0	0	0	0	1	1	0	0	0	1	-1	-1	1	1	1	1	1	0	0	0	1	0	0	1	0	1	0	0	0	0	-1	0	-1	-1	0	0	0	0	0	0	0	0	0	0	1	0	0	0	0	0	1	0	0	0	0	0	1	0	0	0	1	0	0	-1	1	0	1	-1	1	1	0	0	0	0	0	0	0	1	0	1	1	0	0	0	0	0	-1	1	1	1	0	0	0	0	0	0	0	0	1	1	-1	1	1	0	0	0	0	0	0	0	1	0	0	0	0	0	0	0	0	0	0	1	0	43642386	34	male	democrat	bachelor	married	selfemployed	hispanic_american	Protestant	yes	yes
43641877	0	0	0	0	0	1	0	1	1	1	1	1	0	1	0	0	0	1	1	1	0	0	0	1	0	-1	1	1	0	0	0	0	1	0	0	0	1	1	1	1	1	1	1	1	0	1	1	1	0	1	1	0	1	0	0	0	0	0	0	1	1	1	1	0	1	0	0	0	1	1	1	1	0	0	0	0	1	1	1	1	1	0	0	1	0	0	0	0	0	0	1	0	0	1	0	0	0	0	0	0	1	1	1	1	0	0	1	0	0	0	0	1	0	1	1	0	1	0	1	0	1	0	1	0	1	1	-1	-1	0	1	0	0	0	0	0	0	1	0	-1	1	1	1	1	1	0	
43851278	1	-1	1	1	0	0	0	1	0	0	0	1	0	0	1	0	0	0	1	0	0	1	0	0	-1	-1	0	0	0	0	0	0	1	1	0	0	0	1	1	0	0	0	0	0	0	-1	1	0	0	0	0	0	1	1	1	1	0	0	0	0	0	0	0	-1	0	0	1	0	0	1	0	0	1	0	0	0	0	0	1	0	0	0	0	0	0	0	1	1	1	1	1	-1	0	0	-1	0	0	0	0	-1	1	1	0	0	0	1	0	1	1	-1	1	1	0	0	0	1	0	1	0	0	0	0	1	1	0	0	0	0	0	1	0	0	1	0	0	1	0	-1	0	0	0	0	1	0	0	43851278	25	male	democrat	bachelor	single_living_with_parents	employee	black_or_african_american	Protestant	yes	yes
25358609	0	0	0	0	0	0	0	0	0	0	0	0	0	0	0	0	0	0	0	0	0	0	0	0	0	0	0	0	0	0	0	0	0	0	0	0	0	0	0	0	0	0	0	1	0	0	0	1	0	0	0	0	0	0	0	0	0	0	0	0	0	0	0	0	0	0	0	0	0	0	0	0	0	0	0	0	0	0	0	0	0	0	0	0	0	0	-1	0	0	0	0	0	0	0	0	0	0	0	0	0	0	0	0	0	0	0	0	0	0	0	0	0	0	0	0	0	0	0	0	0	0	0	0	0	0	0	0	0	0	0	0	1	0	0	0	0	0	0	0	0	0	0	0	0	0	25358609	47	female	democrat	bachelor	single_living_alone	unemployedseeking_employment	asien	Buddhist	yes	yes
39531214	0	-1	1	0	0	1	1	0	0	0	0	0	1	0	0	1	1	-1	1	0	0	0	0	0	0	0	-1	0	0	-1	0	0	0	-1	0	0	0	0	0	0	0	0	0	-1	0	0	0	0	0	0	-1	0	0	0	0	1	0	1	0	0	1	1	1	1	0	0	-1	0	0	0	0	0	0	0	1	0	0	1	0	0	-1	0	0	0	-1	0	0	0	0	-1	0	0	-1	-1	-1	-1	0	0	0	0	0	0	0	0	0	-1	1	0	0	1	0	0	0	0	1	0	0	0	0	0	0	0	0	0	0	0	-1	0	1	1	0	1	0	-1	0	0	0	0	0	0	1	0	0	0	1	
27947324	0	-1	1	0	0	0	1	0	0	0	0	0	0	0	1	0	0	0	1	0	0	0	0	0	0	1	1	-1	0	0	0	1	1	-1	1	1	0	1	0	0	0	0	0	0	0	0	0	0	0	0	0	0	0	1	1	1	1	-1	1	1	0	1	0	0	0	0	0	0	-1	0	0	0	0	0	0	0	0	0	0	0	0	0	-1	0	0	0	0	0	0	0	1	0	0	0	0	0	0	-1	0	0	0	1	1	0	0	0	0	1	0	0	-1	0	0	0	0	0	0	1	0	0	0	0	0	0	0	-1	0	0	0	0	0	0	1	0	1	0	0	0	0	0	0	0	0	0	-1	27947324	40	male	democrat	bachelor	married	employee	hispanic_american	Roman Catholic	yes	yes
8921119	0	0	0	0	0	-1	0	0	0	0	-1	0	0	0	0	0	0	0	0	0	1	1	1	-1	0	0	0	0	-1	-1	1	1	0	0	0	0	1	0	1	0	0	0	0	0	-1	0	0	0	0	0	1	1	0	0	0	0	1	0	0	0	0	0	0	0	0	1	0	0	0	0	-1	0	0	0	0	0	0	0	0	0	0	0	0	0	0	0	0	0	0	0	1	0	0	0	0	1	0	1	-1	0	0	0	0	0	1	1	1	1	0	0	0	0	0	0	0	0	1	1	1	1	0	0	0	0	0	0	0	0	0	0	0	0	0	0	0	0	0	1	0	0	0	-1	0	0	-1	
39513281	0	0	0	0	0	0	0	0	0	0	0	0	0	0	0	0	-1	1	-1	1	0	0	0	0	0	0	0	0	0	0	0	0	0	0	0	0	0	0	0	0	0	0	0	0	0	0	0	0	0	0	0	0	0	0	0	0	0	0	0	0	0	0	0	0	0	0	0	0	0	0	0	0	0	0	0	0	0	0	0	0	0	0	0	0	0	0	0	0	0	0	0	0	0	0	0	0	0	0	0	0	0	0	0	0	0	0	0	0	0	0	0	0	0	0	0	0	0	0	0	0	0	0	0	0	0	0	0	0	0	0	0	0	0	0	0	0	0	0	0	0	0	0	0	0	0	
42864658	0	0	0	0	0	0	0	0	0	0	0	0	0	0	0	0	0	0	0	0	0	0	0	0	0	0	-1	0	0	0	0	0	0	0	0	-1	0	1	0	0	0	0	0	0	0	0	0	0	0	0	0	0	0	0	0	-1	0	0	0	0	0	0	0	0	0	0	0	0	0	0	0	0	0	0	0	0	0	0	0	0	0	0	0	0	0	0	0	0	0	0	0	0	0	0	0	0	0	0	0	0	0	0	0	0	0	0	0	0	0	0	0	0	0	0	0	0	0	0	0	0	0	0	0	0	0	0	0	0	0	0	0	0	0	0	0	0	0	0	0	0	0	0	0	0	0	42864658	38	male	democrat	some_college	married	employee	white	Protestant	yes	yes
35330747	1	0	0	0	0	1	0	0	1	0	-1	0	0	-1	0	0	0	0	0	0	1	1	-1	1	-1	1	1	-1	-1	-1	1	1	-1	0	1	0	0	0	1	1	0	1	0	-1	-1	0	0	0	1	-1	1	0	0	0	0	0	1	1	1	0	1	0	0	1	1	1	0	1	1	0	-1	0	0	1	-1	0	-1	0	0	0	0	1	1	1	0	0	0	0	1	0	0	-1	0	0	-1	0	1	1	-1	1	0	0	0	0	1	0	1	-1	-1	0	-1	1	1	0	0	0	1	0	-1	0	1	0	0	1	-1	0	1	-1	1	0	0	0	-1	0	1	0	1	0	1	-1	0	0	0	0	-1	35330747	22	female	none	some_college	single_living_with_parents	employee	white	Atheist / Agnostic	no	yes
33266010	0	0	0	1	1	1	1	1	1	0	0	0	1	0	-1	0	1	1	0	0	0	0	0	0	0	0	0	1	0	0	0	1	1	0	1	0	1	0	0	0	0	0	1	0	0	0	0	1	0	0	0	0	0	1	0	0	0	0	0	0	0	0	0	0	0	0	0	0	1	0	1	1	0	0	0	0	0	0	1	0	0	1	0	0	0	0	1	1	0	1	0	-1	1	1	0	0	0	0	0	1	0	0	0	0	0	0	0	0	0	0	0	0	1	-1	-1	-1	0	0	0	1	0	0	0	0	1	1	0	0	1	0	0	0	0	0	1	-1	1	0	0	0	0	0	0	0	0	
43904063	0	0	0	0	-1	0	0	0	0	0	0	0	0	0	0	0	1	0	0	0	-1	0	0	0	1	1	0	0	0	1	-1	0	0	0	0	-1	-1	0	0	0	0	0	-1	0	0	0	0	0	0	0	0	0	0	0	-1	-1	1	0	0	0	0	0	0	0	0	0	0	0	0	0	0	0	0	0	1	-1	0	-1	0	0	0	0	0	0	1	0	0	0	0	0	0	0	0	0	0	0	0	1	0	0	0	0	-1	0	-1	0	0	0	-1	-1	0	0	0	0	0	0	0	0	0	0	0	0	0	0	0	-1	0	1	0	0	0	1	0	0	1	0	0	0	1	0	0	0	0	0	0	
37292698	0	0	-1	0	0	0	0	0	1	1	-1	-1	-1	0	0	0	0	0	0	0	0	1	-1	0	0	0	0	0	-1	0	0	0	0	0	0	0	0	1	1	0	0	0	0	0	0	0	1	0	-1	0	0	0	0	0	0	0	0	0	0	0	0	0	0	0	0	0	0	1	-1	1	0	0	0	0	0	0	0	0	0	0	0	0	1	0	0	-1	0	0	1	0	0	-1	0	0	-1	0	0	0	0	0	0	0	0	1	0	0	0	0	0	0	0	0	0	0	0	1	1	1	-1	-1	0	0	0	0	0	0	0	-1	0	1	0	0	0	1	0	0	0	0	1	0	1	0	0	0	0	
34093227	0	0	-1	0	0	0	1	0	0	0	0	1	1	0	0	0	0	0	0	0	0	1	1	0	0	0	0	0	-1	0	0	0	0	0	0	0	0	0	0	0	0	0	0	0	0	0	0	0	0	0	0	-1	-1	0	0	0	1	-1	-1	1	0	0	1	0	0	0	0	1	0	0	0	0	0	0	0	1	0	-1	0	0	0	0	0	0	0	0	0	0	-1	0	0	1	0	0	0	0	0	1	0	0	0	1	0	1	0	0	0	0	0	1	0	0	0	0	0	0	0	0	0	0	0	0	0	0	0	0	0	0	0	0	0	0	0	1	0	0	1	0	-1	1	-1	0	1	0	-1	
43834420	0	0	0	0	0	0	0	0	0	0	0	0	0	0	0	0	0	0	0	0	0	0	0	0	0	0	-1	0	0	0	0	1	0	0	0	0	0	0	0	0	0	0	0	0	0	0	0	0	0	1	0	0	0	0	0	0	0	0	0	0	0	0	0	0	0	0	0	0	0	0	0	0	0	0	0	0	0	0	0	0	0	0	0	0	0	0	0	0	0	0	0	0	0	0	0	0	0	0	0	0	0	0	0	0	0	0	0	0	0	0	0	0	0	0	0	0	0	0	0	0	0	0	0	0	0	0	0	0	0	0	0	0	1	0	0	0	0	0	0	0	0	0	0	0	0	
18666417	0	0	0	0	0	0	0	0	0	0	0	0	0	0	0	0	0	0	0	0	0	0	0	0	0	0	0	0	0	0	0	0	0	0	0	0	0	0	0	0	0	0	0	0	0	0	0	0	0	0	0	0	0	0	0	0	0	0	0	0	0	0	0	0	0	0	0	0	0	0	0	0	0	0	0	0	0	0	0	0	0	0	0	0	0	0	0	0	0	0	0	0	0	0	0	0	0	0	0	0	0	0	0	0	0	0	0	0	0	0	0	0	0	0	0	0	-1	1	-1	-1	1	-1	-1	-1	0	0	0	0	0	0	0	0	0	0	0	0	0	0	0	0	0	0	0	0	0	18666417	57	female	democrat	some_college	single_living_alone	retired	white	Roman Catholic	no	yes
43994669	0	0	0	0	0	0	0	0	1	1	1	1	1	-1	0	0	0	0	0	0	0	1	1	0	0	0	0	0	1	0	0	0	0	0	0	0	0	1	0	1	0	1	0	0	1	0	0	0	0	0	0	-1	0	1	0	0	0	0	0	0	0	0	1	0	0	0	0	1	0	1	0	0	0	0	0	0	0	1	0	0	0	0	0	0	1	0	0	0	1	0	0	1	0	0	0	0	0	0	0	0	0	0	0	0	1	-1	1	1	0	1	0	-1	0	0	0	1	1	1	1	1	0	0	0	0	0	0	0	0	0	0	0	1	0	1	0	0	-1	0	1	0	1	1	1	0	1	43994669	24	male	none	associate_degree	single_living_with_partner	selfemployed	white	Atheist / Agnostic	yes	yes
43989034	0	-1	-1	1	1	0	1	1	1	0	0	0	0	1	0	1	1	-1	0	0	-1	1	1	-1	0	0	1	0	0	-1	0	0	-1	-1	0	0	0	0	0	1	1	1	1	0	0	0	0	0	1	-1	1	1	-1	0	0	-1	1	-1	1	1	1	1	1	1	-1	1	0	1	0	0	0	0	0	0	1	1	0	1	0	0	1	1	0	0	1	1	1	1	1	1	0	0	-1	-1	-1	1	1	1	0	0	0	1	1	1	1	1	1	0	-1	-1	0	0	0	-1	1	0	1	0	0	0	0	0	0	0	0	0	0	0	-1	1	0	-1	0	1	0	0	0	0	0	1	0	0	0	0	1	
43907115	-1	-1	1	1	0	0	0	0	0	0	0	0	0	0	0	0	1	0	0	0	0	0	0	0	0	0	0	0	0	0	0	0	0	0	0	0	0	0	0	0	0	1	0	0	-1	0	1	0	0	0	0	0	0	0	0	0	0	0	0	1	0	0	0	-1	0	1	0	0	0	0	0	1	1	0	0	0	0	0	-1	0	0	0	-1	0	0	0	1	0	0	0	0	0	0	0	0	0	1	1	1	1	1	0	0	0	0	1	0	1	0	0	0	0	0	0	0	0	1	0	-1	0	0	0	0	-1	1	0	0	0	0	1	0	0	0	0	0	0	0	1	0	0	0	0	0	0	0	43907115	21	male	democrat	high_school	married	student	american_indian_or_alaska_native	Muslim	yes	yes
43942953	0	0	0	0	0	1	0	0	0	0	1	0	0	0	0	0	1	0	0	0	1	1	1	1	0	0	1	0	1	1	1	1	0	0	0	0	0	0	0	0	0	0	0	0	1	0	0	0	0	1	1	0	0	0	0	0	1	1	1	1	0	0	0	1	1	1	1	1	0	0	1	1	0	0	1	0	0	0	0	0	1	1	1	1	0	0	0	0	0	0	1	0	0	0	0	0	1	1	1	1	0	0	0	0	1	1	1	1	0	0	1	0	0	0	0	0	1	0	0	0	1	1	1	1	1	0	1	0	0	0	0	0	1	0	0	0	0	0	0	0	0	0	0	0	0	
38198526	0	0	0	1	-1	1	1	1	1	0	-1	0	0	0	0	0	1	0	0	0	1	1	-1	-1	0	0	1	-1	-1	-1	1	1	0	0	1	0	1	0	0	0	0	0	1	0	0	0	0	1	0	-1	1	0	0	1	0	0	1	0	0	1	0	0	0	0	0	1	0	0	-1	0	-1	1	0	0	0	0	0	0	1	0	0	0	0	0	0	0	-1	1	0	0	1	0	-1	1	0	0	0	0	0	0	0	0	0	0	1	1	1	1	0	0	0	0	0	0	0	0	0	0	0	-1	0	0	0	0	1	0	0	0	1	0	0	0	1	0	1	0	1	0	0	0	0	0	0	1	0	38198526	49	male	democrat	some_college	single_living_with_partner	selfemployed	white	Atheist / Agnostic	no	yes
29571331	0	-1	1	0	0	0	1	0	1	0	0	0	0	0	0	0	0	-1	0	0	0	0	1	0	0	0	1	0	1	0	1	0	0	-1	0	0	0	0	0	0	1	1	1	0	0	0	0	0	1	0	1	-1	-1	0	0	-1	1	1	0	1	1	1	1	-1	0	0	0	1	-1	0	-1	1	1	1	0	1	0	-1	0	0	0	1	0	-1	0	1	1	1	1	-1	0	0	0	1	1	0	0	1	0	0	1	1	0	1	1	1	0	0	-1	0	0	0	0	1	1	0	0	0	0	0	0	0	0	0	0	0	-1	0	1	1	0	1	0	1	0	0	0	0	0	1	1	0	0	0	-1	29571331	21	male	democrat	high_school	single_living_with_parents	unemployedseeking_employment	black_or_african_american	Roman Catholic	no	yes
43884123	0	-1	0	1	0	0	0	0	-1	0	0	-1	1	1	-1	-1	1	0	0	1	-1	-1	1	-1	1	1	0	0	0	0	0	1	0	0	0	1	1	0	0	0	0	1	0	1	0	1	0	1	0	-1	1	0	1	1	0	0	0	-1	0	0	0	1	0	0	-1	0	0	1	1	1	1	-1	0	0	-1	0	1	0	1	1	1	0	1	0	1	1	1	-1	0	0	0	0	1	0	1	1	0	0	0	1	0	0	0	0	-1	0	0	1	0	0	-1	1	1	0	0	0	1	1	0	0	0	1	0	-1	1	1	-1	-1	0	-1	0	0	1	1	1	-1	0	0	1	0	1	1	-1	0	0	
13581319	0	1	-1	0	0	0	0	0	1	0	0	0	0	0	-1	-1	-1	1	-1	1	0	0	-1	0	0	0	0	0	0	0	0	0	0	0	0	0	-1	0	-1	0	-1	-1	1	0	0	0	0	0	0	1	0	0	0	0	0	0	0	0	0	0	-1	-1	-1	1	0	0	0	0	0	0	0	0	0	0	0	0	0	1	0	0	0	0	0	0	1	-1	1	1	1	0	0	0	1	1	1	0	0	1	1	0	0	0	0	0	1	0	-1	-1	1	0	0	0	0	0	-1	0	0	0	0	0	0	0	0	0	0	0	1	0	1	1	-1	1	0	0	0	0	0	-1	0	0	0	1	0	0	1	
43984981	0	0	0	-1	1	0	0	1	0	-1	0	0	0	0	0	0	0	1	0	1	0	0	0	1	0	0	0	0	0	0	0	0	0	0	0	0	-1	1	-1	1	-1	0	0	0	0	0	0	0	0	0	0	0	0	0	0	0	0	1	0	0	1	0	-1	0	0	0	0	0	0	0	0	0	0	0	0	0	0	0	0	1	-1	0	0	0	0	0	0	0	0	0	0	0	-1	0	-1	0	0	0	0	0	0	0	0	0	0	0	0	0	0	0	1	0	0	0	0	0	0	0	0	0	1	-1	-1	0	0	0	0	0	1	0	0	0	0	0	0	1	0	0	0	0	1	0	0	-1	0	
40407716	0	0	0	0	0	0	0	0	0	0	0	0	0	0	0	0	0	0	1	0	0	0	0	0	0	0	0	-1	0	0	0	0	0	0	0	0	0	0	0	0	0	0	0	0	0	0	0	0	0	0	0	0	0	0	-1	0	0	0	0	0	0	0	0	0	0	0	0	0	0	0	0	0	0	0	0	0	0	0	0	0	0	0	0	0	0	0	0	0	0	0	0	0	0	0	0	0	0	0	0	0	0	0	1	0	0	0	0	0	0	0	0	0	0	0	0	0	0	0	0	0	0	0	0	0	0	0	0	0	0	0	0	0	0	0	0	0	0	0	0	0	0	0	0	0	0	
34824899	0	0	0	0	0	0	0	0	0	0	0	0	0	0	0	0	0	0	0	0	0	0	0	0	0	0	1	0	0	0	0	0	0	0	0	1	0	1	0	0	0	0	0	0	0	0	0	0	0	0	0	0	0	0	0	1	0	0	0	0	0	0	0	0	0	0	0	0	0	0	0	0	0	0	0	0	1	0	0	0	0	0	0	0	0	0	0	0	0	0	0	0	0	0	0	0	1	0	0	0	0	0	0	0	0	0	0	0	0	0	0	0	0	0	0	0	0	0	0	0	0	0	0	0	1	0	0	0	0	0	0	0	0	0	1	0	0	0	0	0	0	0	0	0	0	34824899	41	female	independent	master	single_living_alone	employee	white	Protestant	no	yes
20170210	0	0	0	0	0	0	0	0	0	0	0	0	0	0	0	-1	0	0	0	0	0	0	0	0	0	0	0	0	0	0	0	0	0	0	0	0	0	0	0	0	0	0	0	0	0	0	0	0	-1	0	0	0	0	0	0	0	0	0	0	0	0	0	0	0	0	0	0	0	1	0	0	0	0	0	0	0	0	0	0	0	0	0	0	0	0	0	0	0	0	0	0	0	0	0	0	0	0	0	0	0	1	0	0	0	0	0	0	0	0	0	0	0	0	0	0	0	0	0	0	0	0	0	0	0	0	0	0	0	0	0	0	0	0	0	0	0	0	0	0	0	0	0	0	0	0	20170210	37	female	republican	bachelor	other:divorced living with kids	selfemployed	white	Protestant	yes	yes
43936844	0	0	0	0	0	0	0	0	0	1	0	0	0	0	0	0	0	0	0	-1	0	0	0	0	0	0	0	0	0	0	0	0	0	0	0	0	0	0	0	0	1	0	0	0	0	0	0	0	0	0	0	0	0	0	0	0	0	0	0	0	0	0	0	0	0	0	0	1	-1	1	-1	1	0	0	0	0	0	0	0	0	0	0	0	0	0	0	0	0	0	0	1	0	0	0	0	0	0	0	0	0	0	0	0	0	-1	0	0	0	0	0	0	0	1	0	0	0	0	0	0	0	0	0	0	0	0	0	0	0	0	0	0	0	0	0	0	0	-1	0	0	0	0	0	0	0	0	
43936834	0	-1	0	0	0	0	0	0	0	0	0	0	0	0	0	0	1	0	1	0	0	0	0	0	-1	0	1	1	0	0	0	1	1	-1	0	1	1	1	1	0	0	0	1	0	0	0	0	1	0	0	0	0	0	1	1	1	0	0	0	0	0	0	0	0	0	0	0	1	1	0	0	0	0	0	0	0	0	0	-1	0	0	0	-1	0	0	0	1	-1	0	0	0	0	0	0	0	1	0	-1	-1	0	0	1	1	0	-1	0	-1	0	0	0	0	0	1	0	0	0	0	0	0	0	0	0	0	-1	0	1	0	0	0	0	0	0	0	0	1	0	1	-1	0	0	0	-1	0	0	0	43936834	29	male	democrat	some_college	married	employee	hispanic_american	Roman Catholic	yes	no
12115558	-1	0	0	0	0	-1	1	0	-1	1	-1	-1	0	1	-1	1	0	-1	0	0	1	-1	1	0	-1	1	1	-1	-1	-1	1	0	0	0	0	0	1	1	1	0	1	1	1	0	-1	1	1	1	1	-1	0	1	0	1	0	0	0	1	-1	1	1	1	1	0	0	0	1	1	-1	1	-1	1	0	0	0	0	1	-1	0	0	1	1	0	1	1	0	0	0	-1	0	0	1	-1	0	0	1	0	0	0	0	0	0	0	1	1	0	0	1	-1	1	0	-1	1	-1	0	1	1	1	1	1	-1	0	0	0	0	0	0	1	1	0	1	-1	-1	1	1	-1	-1	0	-1	-1	-1	-1	-1	1	-1	12115558	64	female	democrat	bachelor	married	retired	white	Roman Catholic	yes	yes
43689028	0	0	0	0	0	0	0	0	0	0	0	0	0	0	0	0	0	0	0	0	0	0	0	0	0	0	0	0	0	0	0	0	0	0	0	0	0	0	0	0	0	0	0	0	0	0	0	0	0	0	0	0	0	0	0	0	0	0	0	0	0	0	0	0	0	0	0	1	0	0	0	0	0	0	0	0	0	0	0	0	0	0	0	0	0	0	0	0	0	0	0	0	0	0	0	0	0	0	0	0	0	0	0	0	-1	0	0	0	0	0	0	0	1	0	0	0	0	0	0	0	0	0	0	0	0	0	0	0	0	0	0	0	0	0	0	0	-1	0	0	0	0	0	0	0	0	
43866745	0	0	0	0	0	-1	1	0	0	0	0	0	0	0	0	0	0	0	0	0	0	0	0	0	0	0	0	0	0	0	1	0	0	0	0	0	0	0	0	1	0	0	0	1	-1	1	1	1	0	0	0	0	0	0	0	0	0	-1	0	0	0	0	0	0	-1	0	0	0	0	0	0	0	1	0	0	0	0	0	0	0	0	0	0	0	0	0	1	0	0	0	0	0	0	0	0	0	0	0	-1	0	0	0	0	0	0	0	0	0	0	0	0	0	1	0	0	0	0	0	0	1	0	0	0	0	0	0	0	0	0	0	1	1	0	0	0	0	0	0	0	0	0	-1	0	0	0	43866745	43	female	none	associate_degree	married	employee	white	Protestant	yes	yes
43847796	0	0	0	0	0	0	0	0	0	0	0	0	0	0	0	0	0	0	0	0	0	0	0	0	0	0	0	0	0	0	0	0	0	0	0	0	0	0	0	0	0	0	0	0	0	0	0	0	0	0	0	0	0	0	0	0	0	0	0	0	0	0	0	0	0	0	0	0	0	0	0	0	0	0	0	0	0	0	0	0	1	1	1	1	0	0	0	0	0	0	0	0	0	0	0	0	0	0	0	0	0	0	0	0	0	0	0	0	0	0	0	0	0	0	0	0	0	0	0	0	0	0	0	0	0	0	0	0	0	0	0	0	0	0	0	0	0	0	0	0	0	0	0	0	0	
43806326	0	1	0	1	0	0	0	1	0	0	0	1	0	0	1	0	0	0	1	0	0	1	0	0	-1	1	0	0	0	0	0	0	1	1	0	0	0	1	1	0	0	0	0	0	0	1	1	0	0	0	0	0	1	1	1	-1	0	0	0	0	0	0	0	1	0	0	1	0	0	0	0	0	0	0	0	0	0	0	1	0	0	0	1	0	0	1	-1	1	-1	1	1	1	0	0	1	0	0	0	0	-1	0	1	0	0	0	-1	0	1	1	1	1	-1	0	0	0	-1	0	0	0	0	0	0	-1	1	0	0	0	0	0	1	0	0	1	0	0	1	0	1	0	0	0	0	1	0	0	43806326	26	male	democrat	bachelor	single_living_with_parents	employee	white	Protestant	yes	yes
43986037	0	0	0	0	0	1	0	0	0	0	1	0	0	0	0	0	0	0	0	0	1	1	-1	1	0	0	0	0	0	0	0	0	-1	1	-1	-1	0	0	0	0	0	0	0	0	0	0	0	0	0	0	1	0	0	0	0	0	-1	0	0	0	0	0	0	0	0	1	0	0	0	0	1	0	0	0	0	0	0	0	0	0	0	0	0	0	0	0	0	0	0	0	1	0	0	0	0	0	0	0	0	0	0	0	0	0	0	0	0	0	0	0	0	0	0	0	0	0	0	0	0	0	0	0	0	0	0	0	0	0	0	0	0	0	0	0	0	0	0	0	0	0	0	0	0	0	0	43986037	55	female	republican	some_college	married	selfemployed	white	Protestant	yes	yes
43498598	0	0	0	0	0	0	-1	0	-1	0	1	1	1	1	-1	-1	0	1	-1	0	1	1	0	-1	1	0	1	-1	0	0	0	1	1	0	1	0	1	1	-1	0	1	0	-1	-1	0	-1	1	1	0	1	1	0	1	0	0	0	0	0	0	1	1	-1	0	1	1	-1	0	0	1	1	1	-1	0	-1	0	0	0	1	0	0	0	0	0	1	0	0	0	0	0	1	1	0	1	1	1	0	1	1	0	0	1	1	0	-1	0	-1	0	0	0	1	1	1	0	1	0	0	1	0	1	1	1	1	1	0	1	0	1	-1	0	1	0	0	1	1	1	0	1	0	-1	1	1	1	-1	1	0	
37799090	1	0	0	0	0	0	0	0	1	-1	1	-1	-1	-1	0	0	0	0	0	0	1	1	-1	0	0	0	0	0	-1	-1	1	1	0	0	0	0	0	1	1	1	0	1	0	0	0	0	0	0	1	0	0	0	0	-1	0	0	0	0	0	0	1	0	-1	0	0	0	0	1	1	1	0	0	0	0	0	0	-1	1	0	0	0	0	0	0	1	0	0	0	1	0	0	1	0	0	0	0	1	0	0	0	0	0	0	1	1	1	1	-1	0	-1	0	1	1	0	0	1	0	0	-1	0	1	0	0	0	-1	0	0	-1	1	0	-1	1	0	-1	-1	0	1	0	1	-1	1	-1	1	0	0	37799090	24	female	independent	high_school	single_living_with_partner	unemployedseeking_employment	white	Buddhist	no	yes
43861611	0	0	0	0	0	0	0	0	0	0	0	0	0	1	0	0	0	0	0	0	1	0	0	0	0	1	0	0	0	0	0	0	0	-1	0	0	0	0	0	1	0	1	0	0	0	0	0	0	-1	0	0	0	0	0	0	0	0	0	0	0	-1	0	0	0	0	0	0	0	0	0	0	0	0	0	0	0	0	0	0	0	0	0	0	0	0	0	0	0	0	0	0	0	0	0	0	0	0	0	0	0	0	0	0	0	0	0	0	0	0	0	1	1	0	0	0	0	0	0	0	0	0	0	0	0	0	0	0	0	0	0	1	0	1	0	0	0	0	0	0	0	0	0	0	0	0	43861611	28	female	independent	bachelor	married	unemployedseeking_employment	white	Protestant	no	yes
43642991	0	0	0	0	0	0	0	0	0	0	0	0	0	0	0	0	0	0	0	0	0	0	0	0	0	0	0	0	0	0	0	0	0	0	0	0	0	0	0	0	0	0	0	0	0	0	0	0	0	0	0	0	0	0	0	0	0	0	0	0	0	0	0	0	0	0	0	0	0	0	0	0	0	0	0	0	0	0	0	0	0	0	0	0	0	0	0	0	0	0	0	0	0	0	0	0	0	0	0	0	0	0	0	0	0	0	0	0	0	0	0	0	0	0	0	0	0	0	0	0	1	1	1	1	0	0	0	0	0	0	0	0	0	0	0	0	0	0	0	0	0	0	0	0	0	
34554100	0	-1	1	0	1	0	1	0	1	0	0	0	0	1	0	1	0	-1	0	0	0	0	-1	-1	0	0	1	0	-1	-1	1	0	0	-1	0	0	0	0	0	0	-1	1	1	0	0	0	0	0	1	-1	1	1	1	0	0	-1	0	0	1	0	1	1	-1	1	0	0	0	1	0	0	1	1	1	1	1	-1	0	1	0	0	0	1	0	1	1	-1	1	1	1	-1	0	0	-1	1	1	1	0	0	0	0	0	1	0	1	1	1	0	0	-1	0	0	0	0	1	1	0	0	0	0	0	0	0	0	0	0	0	1	0	1	1	1	1	0	1	0	0	0	0	0	-1	1	0	0	0	1	34554100	30	female	independent	high_school	single_living_with_partner	selfemployed	white	other:baptist	no	yes
43944033	-1	0	0	0	0	0	0	0	0	0	0	0	0	0	0	0	0	0	0	0	0	0	0	-1	0	0	0	0	0	0	0	0	0	0	1	0	0	0	-1	0	0	0	0	1	1	0	0	0	1	0	0	0	0	0	0	0	0	0	0	0	1	0	0	0	0	0	0	0	-1	0	0	0	0	0	0	0	1	0	0	0	0	0	0	0	0	0	0	0	1	0	0	1	0	0	1	0	1	0	0	0	0	0	0	0	0	0	0	1	-1	0	0	0	1	1	0	0	0	0	1	0	1	0	0	0	1	0	1	1	1	0	0	0	0	0	1	0	0	0	0	1	0	0	0	0	-1	
43945372	0	0	0	0	0	0	0	0	0	0	0	0	0	0	0	0	0	0	0	0	0	0	0	0	0	0	0	0	0	0	0	0	0	0	0	0	0	0	0	0	0	0	0	0	0	0	0	0	0	0	0	0	0	0	0	0	0	0	0	0	0	0	0	0	0	0	0	0	0	0	0	0	0	0	0	0	-1	0	0	0	0	0	0	0	0	0	0	0	0	0	0	0	0	0	0	0	1	0	0	0	0	0	0	0	0	0	0	0	0	0	0	0	0	0	0	0	0	0	0	0	0	0	0	0	-1	0	0	0	0	0	0	0	0	0	1	0	0	0	0	0	0	0	0	0	0	
43876255	1	0	0	0	0	0	0	0	0	0	0	0	0	0	0	0	0	0	0	0	0	0	0	0	0	0	0	0	0	0	0	0	0	0	0	0	0	0	-1	0	0	0	0	0	0	0	0	0	-1	0	0	0	0	0	0	0	0	0	0	0	0	0	0	0	0	0	0	0	1	0	0	0	0	0	0	0	0	0	0	0	0	0	0	0	0	0	0	0	0	0	0	0	0	0	0	0	0	0	0	0	0	0	0	0	0	0	0	-1	0	0	0	0	-1	0	0	0	0	0	-1	0	1	0	0	0	0	0	0	-1	1	0	0	0	0	0	0	0	0	0	0	-1	0	0	0	0	0	43876255	27	male	independent	associate_degree	married	employee	white	Protestant	no	yes
30410452	-1	-1	1	1	0	0	0	0	0	0	0	0	0	0	0	0	0	0	0	0	0	0	0	0	0	0	0	0	0	0	0	0	0	0	0	0	0	0	0	0	0	0	0	0	0	0	0	0	0	0	0	0	0	0	0	0	0	0	0	0	0	0	0	0	0	0	0	0	0	0	0	0	1	0	0	0	0	0	1	0	0	0	0	0	0	0	-1	0	0	0	0	0	0	0	0	0	0	0	0	0	-1	0	0	0	0	1	0	1	0	0	0	0	0	0	0	0	0	0	0	0	0	0	0	1	0	0	0	0	0	0	0	0	0	0	0	0	0	1	0	0	0	0	0	0	0	30410452	22	male	democrat	associate_degree	single_living_with_partner	employee	white	Atheist / Agnostic	no	yes
43811734	0	-1	1	0	1	0	1	0	1	0	0	0	0	1	0	1	0	-1	0	0	0	0	-1	-1	0	0	1	0	0	-1	1	0	0	-1	0	0	0	0	0	0	1	1	1	0	0	0	0	0	1	-1	1	0	-1	0	0	1	1	1	-1	1	1	1	1	-1	0	0	0	1	-1	0	0	0	0	0	-1	1	0	-1	0	0	0	1	0	0	1	1	1	-1	-1	1	0	0	-1	1	1	1	0	1	0	0	1	1	0	1	1	1	0	0	-1	0	0	0	0	0	1	0	0	0	0	0	0	0	0	0	0	0	0	0	-1	1	1	-1	0	-1	0	0	0	0	0	1	-1	0	0	0	0	
43751819	0	0	0	0	0	-1	1	0	0	0	0	0	0	0	0	0	0	0	0	0	0	0	0	0	0	0	0	0	0	0	1	0	0	0	0	0	0	0	0	0	0	0	0	0	0	0	0	0	0	0	0	0	0	0	0	0	0	1	0	0	0	0	0	0	0	0	0	0	0	0	0	0	0	0	0	0	0	0	0	0	0	0	0	0	0	0	0	0	0	0	0	0	0	0	0	0	0	0	0	0	0	0	0	0	0	0	0	0	0	0	0	0	0	0	0	0	0	0	0	0	0	0	0	0	0	0	0	0	0	0	0	0	0	0	0	0	0	0	0	0	0	0	0	0	0	43751819	32	male	independent	bachelor	married	employee	white	other:Christian	no	yes
43393412	0	0	0	0	0	0	0	0	0	0	0	0	0	0	0	0	0	0	0	0	0	0	0	0	0	0	0	0	0	0	0	0	0	0	0	0	0	0	0	0	0	0	0	0	0	0	0	0	0	0	0	0	0	1	0	0	0	0	0	0	0	0	0	0	0	0	0	1	-1	0	0	0	0	0	0	0	0	0	0	0	0	0	0	0	0	0	0	0	0	0	0	0	0	0	0	0	0	0	0	0	0	0	0	0	-1	0	0	0	0	0	0	0	1	0	0	0	0	0	0	0	0	0	0	0	0	1	0	0	0	0	0	0	0	0	1	0	1	0	0	0	0	0	0	0	0	
43916681	0	0	0	0	0	0	0	0	0	0	0	0	0	0	0	0	0	0	0	0	0	0	0	0	0	0	1	0	0	0	0	1	0	0	0	0	0	0	0	0	0	0	1	0	-1	0	0	0	0	1	0	0	0	0	0	0	0	1	1	0	0	0	0	1	1	1	1	0	0	0	0	-1	0	-1	1	0	0	0	1	0	0	0	0	0	0	0	-1	0	0	0	0	0	0	0	0	0	0	-1	0	0	0	0	0	0	-1	0	0	0	0	0	1	0	1	0	0	0	1	0	0	0	1	1	1	0	-1	0	1	0	0	0	0	0	1	0	0	0	1	0	0	0	0	0	0	0	0	43916681	24	male	none	associate_degree	single_living_with_parents	student	hispanic_american	Roman Catholic	yes	yes
43859850	0	0	0	0	0	0	0	-1	0	0	0	-1	0	0	0	0	0	0	0	0	0	0	0	0	0	0	0	0	0	0	0	0	1	1	1	-1	0	0	0	0	0	0	0	0	0	0	0	0	0	0	0	0	0	0	0	0	0	0	0	0	0	0	0	0	0	0	0	0	0	0	0	0	0	0	0	0	0	0	0	0	0	0	0	0	0	0	0	0	0	0	0	0	0	0	0	0	0	0	0	-1	0	0	0	0	0	0	0	0	0	0	0	0	0	0	0	0	0	0	0	0	0	0	0	0	0	0	0	0	0	0	0	0	-1	0	0	0	0	0	0	0	0	0	0	0	0	
6309240	0	0	0	0	0	0	0	0	0	0	0	0	0	0	1	0	0	0	0	0	0	0	0	0	0	0	0	0	0	0	0	0	1	0	0	0	0	0	0	0	0	0	0	0	0	0	0	0	0	0	0	0	0	0	0	0	0	0	0	0	0	0	0	0	0	0	0	0	0	0	0	0	0	0	0	0	0	0	0	0	0	0	0	0	0	0	0	0	0	0	0	0	0	0	0	0	0	0	0	0	0	0	0	0	0	0	0	0	0	0	0	0	0	0	0	0	0	0	0	-1	0	0	0	0	0	0	0	0	0	0	0	0	0	0	0	0	0	0	0	0	0	0	0	-1	0	6309240	50	female	republican	bachelor	single_living_with_parents	employee	asien	Roman Catholic	yes	yes
31349958	0	1	-1	0	0	0	0	-1	0	1	0	1	-1	1	1	-1	-1	0	0	0	-1	0	0	-1	-1	1	0	1	1	0	1	0	-1	1	0	1	1	1	1	1	0	-1	-1	0	0	1	0	1	0	1	0	0	1	-1	0	0	0	-1	0	-1	0	-1	1	0	1	0	1	0	-1	1	1	1	1	0	-1	1	1	-1	0	1	0	0	1	-1	-1	-1	1	1	1	0	1	-1	1	-1	1	1	-1	0	0	1	1	1	0	0	-1	1	0	-1	0	0	0	0	0	0	-1	1	-1	1	0	0	1	-1	0	1	0	1	0	0	0	0	0	0	-1	1	1	1	0	1	1	1	0	0	-1	1	0	31349958	37	female	republican	vocational_secondary_certification	single_living_alone	unemployedseeking_employment	white	Atheist / Agnostic	yes	yes
31585018	0	0	0	0	0	0	0	0	0	0	0	0	0	0	0	0	0	0	0	0	0	0	0	0	0	0	0	0	0	0	0	1	0	0	0	0	0	0	0	0	0	0	0	0	0	0	0	0	0	0	0	0	0	0	0	0	0	0	0	0	0	0	0	0	0	0	0	0	0	0	0	0	0	0	0	0	0	0	0	0	0	0	0	0	0	0	0	0	0	0	0	0	0	0	0	0	0	0	0	0	0	0	0	0	0	0	0	0	0	0	0	0	0	0	0	0	0	0	0	1	0	0	0	0	0	-1	0	0	1	0	0	0	0	0	0	0	0	0	0	0	0	0	0	0	0	31585018	30	female	democrat	associate_degree	married	unemployedseeking_employment	white	Atheist / Agnostic	no	yes
43912578	-1	0	0	0	0	0	0	0	0	0	0	0	1	0	0	0	1	-1	1	0	0	0	0	-1	0	0	0	0	0	0	0	0	0	0	1	0	0	0	1	0	0	1	0	1	-1	0	0	0	1	0	0	0	0	0	0	0	0	0	0	0	1	0	0	0	0	0	1	0	-1	0	0	0	0	0	0	0	1	0	0	0	1	1	0	0	0	0	0	0	-1	0	0	1	0	0	1	0	-1	0	0	0	0	0	0	0	0	0	-1	1	-1	1	0	0	1	-1	0	0	1	0	1	0	-1	0	0	0	1	0	-1	1	1	1	0	0	0	0	1	0	0	0	0	1	0	0	0	0	1	
43938234	0	1	0	0	0	0	0	0	0	0	0	0	0	0	0	0	0	0	0	0	0	0	0	0	0	0	0	0	0	0	1	0	0	0	0	0	1	0	1	0	0	0	0	0	0	0	0	0	0	0	1	0	0	0	0	0	0	0	0	0	0	0	0	0	0	0	0	0	0	0	0	0	0	0	0	0	0	0	0	0	0	1	0	0	1	0	0	0	0	1	0	0	1	1	1	1	0	1	-1	0	0	0	0	0	0	-1	1	0	0	0	0	0	0	0	0	0	0	0	0	0	0	0	0	0	0	0	0	0	0	0	-1	0	0	0	0	0	0	1	0	0	0	-1	0	0	0	
43651516	0	0	0	0	0	1	0	0	1	1	0	-1	1	0	1	0	0	-1	0	0	1	1	-1	-1	0	0	0	0	0	0	0	0	1	0	0	0	0	1	0	0	0	0	0	0	0	0	0	0	0	0	0	0	0	1	0	0	1	0	0	0	0	0	0	0	0	0	0	0	0	1	-1	1	0	0	0	0	0	0	0	0	0	1	0	0	1	0	0	0	0	-1	0	1	0	0	0	0	0	0	0	1	0	0	0	0	0	0	0	0	0	0	0	0	1	1	1	1	0	0	0	-1	0	0	0	0	0	0	0	0	0	0	0	-1	0	0	0	-1	0	0	0	0	0	1	0	1	0	
43959216	1	1	1	-1	0	0	0	1	0	0	0	1	0	0	-1	0	0	0	1	0	0	-1	0	0	-1	-1	0	0	0	0	0	0	-1	0	0	0	0	1	1	0	0	0	0	0	0	1	0	0	0	0	0	0	1	1	-1	1	0	0	0	0	0	0	0	1	0	0	-1	0	0	1	0	0	0	0	0	0	0	0	1	0	0	0	1	0	0	1	1	1	1	-1	1	1	0	0	-1	0	0	0	0	1	1	1	0	0	0	1	0	-1	1	-1	0	-1	0	0	0	1	0	1	0	0	0	0	1	0	0	0	0	0	0	-1	0	0	0	0	0	1	0	1	0	0	0	0	1	0	0	
41127744	0	0	0	0	0	1	0	0	0	0	-1	1	-1	0	0	0	0	0	0	0	1	0	0	-1	0	0	1	0	1	0	0	1	0	0	0	0	0	0	0	0	0	0	0	0	0	0	0	0	0	-1	1	1	0	0	0	0	1	-1	1	0	0	0	1	-1	1	0	-1	1	0	0	-1	0	0	0	-1	0	0	-1	0	0	1	1	1	1	0	0	0	0	1	0	-1	-1	0	0	0	0	-1	1	-1	1	0	0	0	1	0	0	0	0	0	1	1	0	0	0	0	0	1	-1	1	1	0	0	0	1	0	0	-1	0	0	0	0	0	1	-1	0	0	-1	0	-1	0	1	0	1	0	1	
43842980	0	1	1	0	0	0	1	0	0	0	0	0	1	0	0	1	0	0	0	0	0	0	0	0	0	0	1	0	-1	0	1	0	0	1	0	0	0	0	0	0	0	0	0	0	0	0	0	0	1	1	1	1	1	0	0	1	0	0	1	0	1	1	1	1	0	0	1	1	0	0	1	1	1	1	1	1	0	1	0	0	1	1	0	1	1	1	1	1	1	1	0	0	0	1	1	1	0	0	0	0	0	1	0	1	0	1	0	0	0	0	0	0	0	1	1	0	0	0	0	0	0	0	0	0	0	0	1	0	1	1	1	1	0	1	0	0	0	0	0	1	1	0	0	0	0	
37305088	0	0	0	0	0	0	0	0	0	0	0	0	0	0	0	0	0	0	0	0	0	0	0	0	0	0	0	0	0	0	0	0	0	0	0	0	0	0	0	0	0	0	0	0	0	0	0	0	0	0	0	0	0	0	0	0	0	0	0	0	0	0	0	1	0	0	0	0	0	0	0	0	0	0	0	0	0	0	0	0	0	0	0	0	0	0	0	0	0	0	0	0	0	0	0	0	0	0	0	0	0	1	0	0	0	0	0	0	0	0	0	0	0	0	0	0	0	1	0	0	0	0	0	0	0	0	0	0	0	0	0	0	0	0	0	-1	0	0	0	0	0	0	0	0	0	
6363996	0	0	0	0	0	0	0	0	0	0	0	0	0	0	0	0	1	-1	1	-1	0	0	0	0	0	0	0	0	0	0	0	0	0	0	0	0	0	0	0	0	0	0	0	0	0	0	0	0	0	0	0	0	0	0	0	0	0	0	0	0	0	0	0	0	0	0	0	0	0	0	0	0	0	0	0	0	0	0	0	0	0	0	0	0	0	0	0	0	0	0	0	0	0	0	0	0	0	0	0	0	0	0	0	0	0	0	0	0	0	0	0	0	0	0	0	0	0	0	0	0	0	0	0	0	0	0	0	0	0	0	0	0	0	0	0	0	0	0	0	0	0	0	0	0	0	
42013631	0	1	0	0	0	0	0	0	0	0	0	0	0	0	0	0	0	0	-1	0	0	0	0	0	0	-1	-1	-1	0	0	0	-1	-1	1	-1	-1	0	1	-1	0	0	0	0	-1	0	-1	0	-1	0	0	0	0	0	0	-1	-1	0	0	0	0	0	0	0	0	0	0	1	0	0	0	0	0	-1	0	0	0	0	0	0	0	0	0	1	0	0	-1	1	1	1	-1	1	-1	0	0	0	0	0	0	0	0	0	-1	-1	0	0	0	0	0	1	-1	1	1	0	0	0	0	0	0	0	0	0	0	1	0	0	0	0	0	0	0	0	1	-1	0	0	0	0	0	0	0	0	0	0	0	0	42013631	23	male	independent	some_college	single_living_alone	employee	white	Atheist / Agnostic	no	yes
8308030	0	-1	1	0	-1	0	1	0	0	0	0	0	0	1	-1	1	0	0	0	0	0	0	0	-1	0	0	1	0	0	0	0	1	0	0	0	0	0	0	0	0	0	0	0	0	0	0	0	0	1	-1	1	1	-1	0	0	0	1	1	0	1	0	1	0	0	-1	1	1	1	-1	0	0	0	0	0	-1	1	0	0	0	0	0	1	0	0	0	-1	0	0	0	0	0	0	0	0	0	0	0	1	0	1	1	1	0	1	0	1	0	-1	0	0	-1	0	0	0	0	0	1	0	0	0	0	0	0	1	0	0	-1	0	0	0	1	0	1	0	0	0	0	0	0	1	0	0	0	0	-1	
43861467	0	0	0	1	0	0	0	0	1	1	0	0	0	0	0	1	0	-1	0	0	0	0	-1	0	0	0	0	0	1	0	1	1	0	0	0	1	0	0	0	0	1	1	1	0	0	0	0	0	0	-1	0	1	1	0	0	0	1	0	1	0	0	1	0	0	1	0	0	0	0	0	1	1	1	1	1	1	0	0	0	1	0	0	0	1	1	1	1	1	0	0	0	0	1	0	0	1	0	0	0	0	0	0	0	0	1	0	0	0	1	0	0	0	0	1	0	0	0	1	0	0	0	1	0	0	0	0	1	0	0	1	0	0	1	1	1	1	0	0	0	0	0	0	0	0	1	43861467	32	male	democrat	bachelor	single_living_with_parents	unemployedseeking_employment	black_or_african_american	Roman Catholic	yes	yes
39174418	0	0	0	0	0	0	0	0	0	0	0	0	0	0	0	0	0	0	0	0	0	0	0	0	0	0	0	0	0	0	0	0	0	0	0	0	0	0	0	0	0	0	0	0	0	0	0	0	0	0	0	0	0	0	0	0	0	0	0	1	0	0	0	0	0	0	0	0	0	0	0	0	0	-1	0	0	0	0	0	0	0	0	0	0	0	0	0	0	0	0	0	0	0	0	0	0	0	0	-1	0	0	0	0	0	0	0	0	0	0	0	0	0	0	0	0	0	0	0	0	0	0	1	0	0	0	0	0	0	0	0	0	0	0	0	0	0	0	0	0	0	0	0	0	0	0	
18386513	0	0	0	0	0	0	0	0	1	1	1	-1	0	0	0	0	0	0	0	0	0	0	0	0	0	0	0	0	0	0	0	0	0	0	0	0	0	1	0	0	0	0	0	0	0	0	0	0	0	0	0	0	0	-1	0	0	0	0	0	0	0	0	0	0	0	0	0	0	0	1	0	0	0	0	0	0	0	0	0	0	0	0	0	0	1	0	0	0	0	0	0	0	0	0	0	0	0	0	0	0	0	0	0	0	0	0	0	0	0	0	0	0	0	0	0	-1	0	0	0	0	0	0	0	0	0	0	0	0	0	0	0	1	0	0	0	0	0	0	0	0	0	1	0	0	0	18386513	50	female	republican	high_school	married	selfemployed	white	other:Christian	yes	yes
42768322	0	0	0	0	0	1	0	0	0	0	-1	0	0	0	0	0	0	0	0	0	1	1	-1	1	0	0	0	0	-1	-1	1	1	0	0	0	0	0	0	0	0	0	0	0	0	1	0	0	0	0	0	1	1	0	0	0	0	-1	0	0	0	0	0	-1	-1	0	1	0	0	0	0	-1	0	0	0	0	0	0	1	0	0	0	0	0	0	0	0	0	0	0	0	-1	0	0	0	0	0	-1	0	0	0	0	0	0	0	0	0	0	0	0	1	0	0	0	0	0	0	0	0	0	0	0	0	0	0	0	0	0	0	0	0	0	0	0	0	0	0	1	0	0	0	0	0	0	0	1	
43945424	1	0	0	0	-1	0	0	0	0	0	0	0	0	0	0	0	1	0	0	0	1	0	0	0	1	-1	0	0	1	-1	-1	0	0	0	0	-1	1	0	0	0	0	0	-1	0	0	0	0	0	0	0	0	0	0	0	0	-1	1	0	0	0	0	0	0	0	0	0	0	0	0	0	0	0	0	0	1	-1	0	-1	0	0	0	0	0	0	-1	0	0	0	0	0	0	0	0	1	0	0	0	-1	0	0	0	0	1	0	-1	0	0	0	1	-1	0	0	0	0	0	0	0	0	0	0	0	0	0	0	0	-1	0	-1	0	0	0	-1	0	0	-1	0	0	0	1	0	0	0	0	0	0	
29301997	1	0	0	0	0	0	0	0	0	0	0	0	0	0	0	0	0	0	0	0	0	0	0	0	0	0	0	0	0	0	0	0	0	0	0	0	0	0	0	0	0	0	0	0	0	0	1	0	0	0	0	0	0	0	0	0	0	0	0	0	0	0	0	0	0	0	0	0	0	0	0	0	0	0	0	0	0	0	0	0	0	0	1	0	0	0	0	0	0	0	0	0	0	0	0	0	0	0	0	0	1	0	0	0	0	0	0	0	0	0	0	0	0	0	0	0	0	0	0	0	0	0	0	0	0	0	0	0	0	0	0	0	0	0	0	0	0	0	0	0	0	0	0	0	0	
41545007	-1	-1	0	1	0	-1	1	1	-1	1	-1	0	1	1	0	0	1	-1	1	-1	-1	-1	0	-1	-1	0	1	1	-1	0	-1	1	1	-1	1	1	1	1	1	1	1	1	1	1	1	-1	1	1	0	-1	1	0	-1	1	1	1	0	-1	0	1	0	1	1	-1	-1	-1	1	0	0	0	0	0	0	0	0	0	1	-1	-1	0	1	1	-1	1	1	0	0	0	-1	1	0	1	0	-1	1	1	-1	0	0	0	0	1	1	0	0	1	-1	1	-1	0	-1	1	1	0	1	0	1	0	1	0	-1	1	-1	-1	0	0	-1	1	-1	1	1	-1	0	0	0	0	-1	-1	-1	1	-1	0	0	0	-1	
43917255	0	0	0	0	0	0	0	0	1	0	0	0	0	0	0	0	1	0	0	1	0	0	0	0	0	0	0	1	0	0	0	0	0	0	0	0	1	0	0	1	0	0	1	1	1	1	1	-1	0	0	0	0	0	1	0	0	0	0	0	0	0	0	0	0	-1	0	0	0	1	0	0	0	1	0	0	0	0	0	1	0	0	0	0	0	0	0	-1	1	0	0	0	0	0	0	0	0	0	0	-1	0	0	0	0	0	0	0	1	0	0	1	0	0	1	0	0	0	0	0	0	-1	0	0	0	0	1	-1	0	0	0	0	1	0	0	0	1	0	0	0	0	0	0	-1	0	1	0	43917255	30	female	democrat	bachelor	single_living_alone	employee	white	Atheist / Agnostic	yes	yes
43974080	0	1	0	0	1	0	1	0	0	0	0	0	0	1	0	1	0	0	0	0	0	0	0	-1	0	0	1	0	0	-1	0	0	0	1	0	0	0	0	0	0	0	0	0	0	0	0	0	0	1	-1	1	-1	-1	0	0	1	0	0	0	0	0	0	0	0	0	0	0	1	-1	0	0	0	0	0	1	1	0	0	0	0	0	1	0	0	0	1	0	0	1	0	0	0	0	0	0	0	0	0	0	0	1	1	0	1	0	-1	0	0	0	0	0	0	0	0	0	0	0	0	0	0	0	0	0	0	0	0	0	0	0	0	1	0	0	1	0	0	0	0	0	1	-1	0	0	0	0	
41192746	0	0	0	0	0	0	0	0	0	0	0	0	0	0	0	0	0	0	0	0	0	0	0	0	0	0	1	0	0	-1	0	0	0	-1	0	0	0	0	0	0	0	0	0	0	0	0	0	0	0	0	0	0	0	0	0	1	0	0	0	0	0	0	0	0	-1	0	0	0	0	0	0	0	0	0	-1	0	0	0	0	1	0	0	0	0	0	0	0	0	-1	0	0	0	0	0	0	0	0	0	0	0	0	0	0	0	0	0	0	0	0	0	0	0	0	0	0	0	0	1	0	0	0	0	0	0	0	0	0	0	0	-1	0	0	0	1	0	0	0	0	0	0	-1	0	0	0	0	
41986015	0	0	0	0	0	0	0	0	0	0	-1	1	1	0	0	0	0	0	0	0	0	1	1	0	0	0	0	0	-1	0	0	0	0	0	0	0	0	0	0	0	0	0	0	0	-1	0	0	0	0	0	0	1	0	0	0	0	0	0	0	0	0	0	1	0	0	0	0	1	0	0	0	0	0	0	0	0	0	-1	0	0	0	0	0	0	0	0	0	0	-1	0	0	1	0	0	0	0	0	0	0	0	0	0	0	1	1	1	1	1	0	1	0	0	0	0	0	0	1	1	1	1	0	0	0	0	0	0	0	0	0	0	0	0	0	0	0	0	1	0	-1	0	1	0	-1	0	-1	41986015	62	female	none	bachelor	single_living_alone	retired	hispanic_american	Roman Catholic	yes	no
19838540	0	1	1	0	1	0	1	0	0	0	0	0	0	1	-1	1	0	0	0	0	0	0	0	-1	0	0	0	0	0	0	0	0	0	0	0	0	1	0	1	1	0	0	0	0	1	1	1	-1	1	0	0	0	0	0	0	0	1	1	1	1	0	1	0	0	1	0	0	0	-1	0	0	0	1	0	0	0	0	0	0	0	0	0	0	0	0	-1	0	0	0	0	0	0	0	0	0	1	0	1	1	0	1	0	0	0	0	0	1	1	0	0	0	0	1	0	0	0	0	0	0	-1	0	0	0	0	0	0	0	0	0	0	1	0	0	0	0	0	0	1	0	0	0	-1	0	0	-1	
6413571	0	0	0	0	0	0	0	0	0	0	0	0	0	0	0	0	0	0	0	0	0	0	0	0	0	0	0	0	0	0	0	0	0	0	0	0	0	0	0	0	0	0	0	1	0	0	0	-1	0	0	0	0	0	0	0	0	0	0	0	0	0	0	0	0	0	0	0	0	0	0	0	0	0	0	0	0	0	0	0	0	0	0	0	0	0	0	1	0	0	0	0	0	0	0	0	0	0	0	0	0	0	0	0	0	0	0	0	0	0	0	0	0	0	0	0	0	0	0	0	0	0	0	0	0	0	0	0	0	0	0	0	1	0	0	0	0	0	0	0	0	0	0	0	0	0	
41676062	0	0	0	0	0	0	0	0	0	0	0	1	1	0	0	0	0	0	0	0	0	1	1	0	0	0	0	0	-1	0	0	0	0	0	0	0	0	0	0	0	0	0	0	0	0	0	0	0	0	0	0	0	0	0	0	0	0	0	0	0	0	0	0	0	0	0	0	1	0	0	0	0	0	0	0	0	0	0	0	0	0	0	0	0	0	0	0	0	-1	0	0	1	0	0	0	0	0	0	0	0	0	0	0	1	-1	-1	1	1	0	0	0	0	0	0	0	0	0	0	0	0	0	0	0	0	0	0	0	0	0	0	0	0	0	1	0	0	0	0	-1	0	-1	0	-1	0	0	
39501628	1	0	1	1	0	0	1	1	1	1	-1	-1	-1	1	0	0	1	1	1	-1	1	1	-1	0	0	0	0	0	-1	0	0	0	1	0	1	0	1	1	1	1	1	1	0	1	0	0	1	0	1	-1	1	1	0	1	0	0	1	-1	1	1	1	1	1	0	-1	1	0	1	-1	1	0	0	0	0	0	0	1	1	0	0	1	0	0	1	1	0	0	0	1	0	0	-1	0	0	-1	0	1	1	0	0	0	0	0	1	0	0	1	1	-1	1	0	1	1	0	0	1	1	0	0	0	1	0	-1	0	1	0	1	-1	1	0	1	-1	0	-1	1	0	1	0	-1	1	0	-1	-1	1	1	
43888123	0	0	1	0	0	0	0	0	0	0	0	0	0	0	0	1	0	0	0	0	0	0	0	0	0	0	0	0	0	0	0	0	0	0	0	0	0	0	0	0	0	0	0	0	0	0	0	0	0	0	0	0	0	0	0	0	0	0	0	0	1	1	1	1	0	0	0	0	0	0	0	0	0	0	0	0	0	1	0	0	0	0	0	0	0	0	0	0	0	0	0	0	-1	-1	1	1	0	0	0	0	0	0	0	0	0	0	0	0	0	0	0	0	0	0	1	0	0	0	0	0	0	0	0	0	0	0	0	0	1	1	1	-1	0	0	0	0	0	0	0	0	0	0	0	0	0	43888123	23	female	democrat	bachelor	single_living_with_partner	student	white	Protestant	no	yes
43932665	0	0	0	0	0	0	0	0	0	0	0	0	0	0	0	0	0	0	0	0	0	0	0	0	0	0	0	0	0	0	0	0	0	0	0	0	0	0	0	0	0	0	0	0	0	0	0	0	0	0	0	0	0	0	0	0	0	0	0	-1	0	0	0	0	0	0	0	0	0	0	0	0	0	-1	0	0	0	0	0	0	0	0	0	0	0	0	0	0	0	0	0	0	0	0	0	0	0	0	-1	0	0	0	0	0	0	0	0	0	0	0	0	0	0	0	0	0	0	0	0	0	0	-1	0	0	0	0	0	0	0	0	0	0	0	0	0	0	0	0	0	0	0	0	0	0	0	
22345789	0	0	0	0	1	1	0	0	0	0	-1	0	0	1	0	1	0	-1	0	0	0	0	0	-1	0	0	0	0	-1	-1	0	0	0	0	1	0	0	0	0	0	1	1	1	1	-1	-1	0	0	-1	0	0	1	-1	0	0	0	0	0	-1	0	1	0	0	0	0	0	0	0	-1	0	-1	1	1	-1	-1	1	0	0	0	0	0	1	0	1	0	-1	0	-1	1	-1	0	-1	-1	0	1	0	0	0	0	1	1	1	1	1	0	0	0	0	-1	0	0	0	0	1	0	0	0	0	0	0	0	0	0	0	1	1	1	1	0	0	0	0	0	0	0	0	0	0	0	0	0	0	0	0	1	22345789	62	female	independent	associate_degree	single_living_alone	employee	white	other:Christian	no	yes
16854635	0	0	0	1	1	-1	1	1	0	0	0	0	1	0	1	0	0	-1	0	0	0	0	0	0	0	0	0	1	0	0	1	0	1	0	0	0	0	0	0	-1	0	0	0	1	1	1	-1	1	0	0	0	0	0	0	0	0	0	1	0	0	0	0	1	0	-1	0	0	0	0	0	0	1	1	0	0	0	0	1	-1	0	0	1	0	0	0	0	-1	0	0	1	0	1	-1	0	0	0	0	0	-1	1	0	0	0	0	0	0	0	0	0	1	0	0	1	-1	1	1	0	0	0	0	0	0	0	0	0	0	0	0	0	0	1	-1	0	0	0	-1	1	0	0	0	0	-1	0	1	0	
40107272	0	-1	0	0	0	0	0	0	1	0	0	0	1	0	1	0	1	0	0	1	0	0	0	0	0	0	0	1	0	0	0	1	0	0	1	0	1	0	0	0	0	0	1	1	0	0	0	1	0	0	0	0	0	1	0	0	0	0	0	0	0	1	0	0	0	0	-1	1	-1	0	1	0	0	0	0	0	0	0	-1	0	1	1	0	0	0	0	1	1	0	0	0	0	0	1	0	0	0	0	0	0	0	0	0	0	1	0	1	1	0	-1	0	0	1	0	0	0	0	0	0	-1	0	0	0	0	-1	-1	0	0	1	0	0	0	0	0	1	0	1	0	0	0	0	0	0	1	0	
43942386	1	0	0	0	0	1	1	0	0	0	0	0	1	1	0	0	1	1	1	1	1	0	0	1	0	0	0	0	0	0	1	0	0	0	1	0	0	0	1	1	0	1	0	1	-1	0	0	0	1	0	0	0	0	0	0	0	0	1	0	0	1	0	0	0	0	0	1	0	-1	0	0	0	0	0	0	0	1	0	0	0	1	1	0	0	0	0	0	0	1	0	0	1	0	0	1	0	-1	0	0	0	0	0	0	0	0	0	1	1	1	-1	0	1	1	-1	0	0	0	0	1	0	1	0	0	0	1	0	1	1	1	0	1	0	0	0	1	0	0	0	0	1	0	0	0	0	1	
20430407	0	0	0	0	1	0	0	0	1	0	0	0	0	1	0	0	1	0	1	1	0	0	0	0	-1	0	0	0	0	0	1	0	-1	0	0	0	-1	1	1	1	-1	1	1	1	0	0	1	0	0	-1	1	0	0	0	0	-1	0	1	0	0	0	1	0	0	1	0	0	0	0	0	0	0	0	0	0	1	-1	0	0	1	-1	0	0	0	1	0	0	0	0	0	0	0	-1	1	1	0	0	0	0	0	1	1	-1	1	0	0	1	0	0	-1	1	0	0	-1	-1	0	1	0	-1	0	1	-1	-1	0	0	0	0	0	0	1	0	0	0	0	0	1	1	1	-1	-1	0	0	0	-1	0	
36276573	0	0	0	0	0	-1	0	0	0	0	-1	0	0	0	0	0	0	0	0	0	-1	1	-1	-1	0	0	0	0	-1	-1	1	1	0	0	0	0	0	0	0	0	0	0	0	0	0	0	0	0	0	0	0	0	0	0	0	0	1	0	0	0	0	0	0	0	0	0	0	0	0	0	-1	0	0	0	0	0	0	0	0	0	0	0	0	0	0	0	0	0	0	0	0	0	0	0	0	0	0	0	0	0	0	0	0	0	0	0	0	0	0	0	0	0	0	0	0	0	0	0	0	0	0	0	0	0	0	0	0	0	0	0	0	0	0	0	0	0	0	0	0	0	0	0	0	0	0	
18869867	0	0	0	0	0	0	0	0	0	0	0	0	0	0	0	0	0	0	0	0	0	0	0	1	0	0	0	0	0	0	0	0	0	0	-1	0	0	0	0	0	0	0	0	1	1	0	0	0	0	0	0	0	0	0	0	0	0	0	0	0	1	0	0	0	0	0	0	0	0	0	0	0	0	0	0	0	0	0	0	0	0	0	0	0	0	0	0	0	1	0	0	-1	0	0	-1	0	0	0	0	0	0	0	0	0	0	0	0	0	1	0	0	0	0	-1	0	0	0	0	0	0	0	0	0	0	0	0	1	0	0	0	0	0	0	0	0	0	0	0	0	0	0	0	0	0	1	18869867	67	female	republican	bachelor	single_living_alone	retired	white	Protestant	yes	yes
43941355	1	-1	-1	1	1	-1	1	1	0	0	0	0	0	0	-1	0	0	0	1	0	0	1	-1	0	0	1	0	1	-1	0	0	1	0	1	0	0	0	1	0	0	0	0	0	0	0	0	1	0	0	0	1	0	0	0	1	0	0	0	0	1	0	0	0	1	0	1	0	0	0	1	0	0	1	-1	0	0	0	0	1	0	1	1	1	1	0	-1	-1	0	0	0	1	0	-1	-1	-1	0	0	0	-1	0	-1	1	0	0	0	1	0	1	0	0	1	0	0	0	0	1	0	1	0	-1	0	1	0	1	0	1	0	0	-1	1	0	0	1	0	0	1	0	1	0	0	0	0	1	0	0	43941355	21	male	republican	associate_degree	single_living_alone	civil_servant	white	Atheist / Agnostic	yes	yes
43875818	0	0	0	1	0	0	0	0	0	0	0	0	0	0	0	0	0	0	0	0	0	0	0	0	0	0	0	0	0	0	0	0	0	0	0	-1	0	0	0	0	0	0	0	0	0	0	0	0	0	0	0	0	0	0	0	0	-1	0	0	0	0	0	0	0	0	0	0	0	0	0	0	0	0	0	0	0	0	0	0	0	0	0	0	0	0	0	0	0	0	0	0	0	0	0	0	0	0	0	0	0	0	0	0	0	0	0	0	0	0	0	0	0	0	0	0	0	0	0	0	0	0	-1	0	0	0	0	0	0	0	0	0	0	-1	1	-1	-1	0	0	0	0	0	0	0	0	0	
34557302	0	0	0	0	0	1	1	0	0	0	1	0	1	0	1	0	-1	-1	1	1	0	0	0	0	1	0	0	0	0	0	1	0	1	0	0	0	1	0	1	1	0	1	0	1	1	0	1	-1	0	0	0	0	1	0	0	0	0	1	0	0	1	0	0	0	-1	0	1	0	1	1	1	1	1	0	0	0	-1	0	0	0	1	1	0	0	0	0	0	0	1	0	0	-1	0	1	0	1	0	1	1	0	1	1	-1	1	0	0	1	0	0	-1	0	0	1	1	1	1	1	0	-1	0	0	0	0	0	-1	1	1	1	0	1	1	0	0	0	0	1	1	0	1	1	0	-1	0	1	1	34557302	36	female	independent	master	married	other:homemaker	white	Roman Catholic	yes	yes
43762146	0	0	0	0	0	1	0	0	0	0	1	0	0	0	0	0	1	0	0	0	1	1	1	1	0	0	1	0	0	0	0	1	0	0	0	0	0	0	0	0	0	0	0	0	1	0	0	0	0	1	1	0	0	0	0	0	1	1	1	1	0	0	0	1	1	1	1	1	0	0	1	1	0	1	1	0	0	0	0	0	1	1	1	1	0	0	0	0	0	0	1	0	0	0	0	0	1	1	1	1	0	0	0	0	0	0	0	0	0	0	1	0	0	0	0	0	1	0	0	0	1	1	-1	1	1	0	1	0	0	0	0	0	1	0	0	0	0	0	0	0	0	0	0	0	0	
40212251	1	0	0	0	0	-1	0	0	0	0	1	0	0	0	0	0	0	0	0	0	-1	-1	1	-1	0	0	-1	0	0	0	0	1	0	0	0	0	0	0	1	0	0	0	0	0	1	0	0	0	1	-1	1	0	0	0	0	0	1	0	0	0	0	0	0	-1	-1	1	1	1	-1	0	-1	0	0	0	0	0	1	0	0	0	1	1	-1	1	0	0	0	0	0	0	1	0	0	0	0	0	-1	-1	1	1	0	0	0	0	-1	-1	1	1	0	0	0	0	1	0	0	0	0	0	1	0	-1	0	0	0	1	0	0	1	1	0	0	0	1	0	1	0	0	0	0	1	0	0	0	0	0	
43961825	1	0	0	0	0	0	0	-1	0	0	0	0	0	0	0	0	1	0	0	1	-1	1	0	0	-1	-1	0	0	1	-1	-1	0	0	0	0	-1	1	0	0	0	0	0	1	0	0	0	0	0	0	0	0	0	0	0	0	-1	1	1	0	0	0	0	0	1	0	-1	0	0	0	0	0	0	0	0	-1	0	0	-1	0	0	0	0	0	0	1	0	0	0	0	-1	0	0	1	1	0	-1	1	-1	0	0	0	0	-1	0	-1	1	0	0	1	1	0	0	0	0	-1	0	1	0	0	0	-1	0	-1	0	0	1	0	1	0	0	0	1	1	1	1	-1	0	0	1	0	0	0	0	-1	0	43961825	25	female	democrat	vocational_secondary_certification	single_living_alone	employee	american_indian_or_alaska_native	Protestant	yes	yes
20512953	0	0	0	1	-1	-1	1	1	-1	0	0	0	0	0	0	0	1	0	0	0	0	0	0	0	0	0	0	1	0	0	0	0	0	0	1	0	1	0	0	0	0	0	1	0	0	0	0	1	0	0	0	0	0	1	0	0	0	0	0	1	0	0	0	0	0	0	0	1	-1	0	-1	0	0	-1	0	0	0	0	-1	0	0	0	0	0	0	0	-1	-1	0	0	0	0	-1	-1	0	0	0	0	-1	0	0	0	0	0	-1	0	0	0	0	0	0	0	1	0	0	0	0	0	0	0	-1	1	-1	-1	1	-1	0	0	0	0	0	0	0	0	1	0	-1	0	0	0	0	0	0	1	0	20512953	38	female	democrat	bachelor	single_living_with_parents	employee	white	Atheist / Agnostic	yes	yes
43722521	0	0	0	1	-1	-1	1	1	-1	1	0	0	0	0	0	0	1	0	0	0	0	0	0	0	0	0	0	1	0	0	0	1	0	0	1	0	1	0	0	0	0	0	-1	0	0	0	0	-1	0	0	0	0	-1	1	0	0	0	0	-1	0	0	0	0	0	-1	0	0	0	-1	0	-1	0	0	-1	0	0	0	0	-1	1	0	0	0	0	0	0	-1	-1	0	0	0	0	-1	-1	0	0	0	0	0	0	0	0	0	0	0	0	0	0	0	0	0	0	0	0	0	0	0	1	0	1	0	0	0	0	1	-1	0	0	-1	1	0	0	0	0	1	0	1	0	0	0	0	0	0	1	0	43722521	27	female	democrat	master	single_living_alone	employee	white	Atheist / Agnostic	yes	yes
15448937	0	0	0	0	0	0	0	0	0	0	1	0	0	0	0	0	0	0	0	0	0	0	0	0	0	0	0	0	0	0	0	0	0	0	0	0	0	0	0	0	0	0	0	0	1	0	0	0	0	0	0	-1	0	0	0	0	0	0	0	0	0	0	0	0	0	0	0	0	0	0	0	0	0	0	0	0	0	0	0	0	0	0	0	0	0	0	0	0	0	0	0	0	0	0	0	0	0	0	0	0	0	0	0	0	0	0	0	0	0	0	0	0	0	0	0	0	1	1	-1	-1	0	0	0	0	0	0	0	0	0	0	0	0	0	0	0	0	0	0	0	0	0	0	0	0	1	15448937	40	male	republican	high_school	single_living_with_partner	employee	white	Atheist / Agnostic	no	yes
33427067	0	0	0	0	0	-1	0	0	0	0	-1	0	0	0	0	0	0	0	0	0	0	0	0	0	0	0	0	0	0	0	0	0	0	0	0	0	0	0	0	0	0	0	0	0	0	1	0	0	0	0	0	0	-1	0	0	0	0	0	0	0	0	0	0	0	0	0	0	0	0	0	0	0	0	0	0	0	0	0	0	0	0	0	0	0	0	0	0	0	0	0	0	0	0	0	0	0	0	0	0	0	0	0	0	0	0	0	0	0	0	0	0	0	0	0	0	0	0	0	0	0	0	0	0	0	1	-1	-1	1	0	0	0	0	0	0	0	0	0	0	0	0	0	0	0	0	0	
43918613	0	-1	0	0	0	0	0	0	0	0	0	0	0	0	0	0	1	0	0	0	0	0	0	0	0	0	1	0	0	0	0	1	1	-1	1	1	0	-1	0	0	0	0	-1	0	0	0	0	0	0	0	0	0	0	1	0	1	0	0	0	1	0	0	0	0	0	0	0	1	-1	0	0	0	0	-1	0	0	0	0	-1	0	0	0	-1	0	0	0	-1	0	0	0	0	0	0	0	0	0	0	0	-1	0	0	1	0	0	-1	0	0	0	0	0	0	0	1	0	0	0	0	0	0	0	-1	1	-1	-1	0	-1	0	0	0	0	0	0	0	0	1	0	-1	0	0	0	0	0	0	0	0	
38671298	0	0	0	1	1	-1	1	1	0	0	0	0	1	0	1	0	1	1	0	-1	0	0	0	0	0	0	0	1	0	0	1	1	1	0	1	0	0	0	0	0	0	0	0	1	0	0	0	0	1	-1	1	1	0	0	0	0	0	1	0	1	0	0	0	0	0	0	1	0	0	0	-1	1	0	0	0	0	0	0	-1	0	1	1	0	0	0	0	0	0	0	1	0	1	-1	-1	0	0	0	0	0	1	0	0	0	0	0	0	1	0	0	1	0	0	1	1	1	1	0	0	0	1	-1	1	-1	-1	1	-1	0	0	1	0	0	0	0	0	0	-1	1	0	0	0	0	0	0	1	0	
38806465	0	0	0	0	0	-1	1	1	0	0	0	1	0	0	0	0	0	0	1	0	0	0	0	0	-1	0	0	1	0	0	1	0	1	-1	0	0	0	0	1	0	0	0	0	0	0	1	0	0	0	0	0	0	-1	1	1	1	0	1	0	1	0	0	0	0	0	0	-1	0	0	0	0	0	1	-1	0	0	0	0	0	0	0	0	0	0	0	0	0	0	-1	1	1	1	0	0	0	0	0	0	-1	1	0	0	1	0	0	0	0	0	-1	1	-1	-1	0	0	0	0	0	0	0	0	0	1	0	1	0	0	0	0	0	0	0	0	1	0	0	0	0	0	0	0	0	0	0	0	0	
43987213	-1	0	0	0	0	0	0	0	-1	1	1	1	0	1	0	0	1	1	1	-1	1	1	0	-1	0	0	0	0	-1	0	0	0	0	0	1	0	0	1	-1	1	0	1	0	-1	-1	0	0	0	1	0	0	0	0	-1	0	0	0	0	0	0	0	0	0	0	0	0	0	1	-1	1	0	0	0	0	0	0	1	0	0	0	0	0	0	0	1	0	0	0	-1	0	0	1	0	0	-1	0	1	0	0	0	0	0	0	1	0	0	0	1	-1	0	0	-1	1	-1	0	1	0	0	1	0	-1	0	0	0	1	0	-1	0	-1	0	-1	-1	0	1	1	0	0	0	0	-1	0	1	1	0	-1	
36293563	0	0	0	0	0	0	0	0	0	1	0	0	0	0	0	1	0	0	0	0	0	0	0	0	0	0	0	0	1	-1	0	0	0	0	0	0	0	0	0	0	0	0	0	0	0	0	0	0	0	0	0	0	1	0	0	0	0	0	1	0	0	0	0	0	0	0	0	0	0	0	0	1	0	1	0	0	0	0	0	0	0	0	0	1	0	0	0	0	0	0	0	0	-1	0	0	0	0	0	0	0	0	0	0	0	0	0	0	0	0	0	0	0	0	-1	0	0	0	0	0	0	0	0	0	0	0	0	0	0	0	0	0	0	0	0	0	0	0	0	0	0	0	0	0	0	0	36293563	38	female	republican	master	married	employee	white	Protestant	no	yes
43913997	0	0	0	0	0	0	0	0	1	0	0	0	-1	0	0	0	0	0	0	0	0	0	0	0	0	0	0	-1	0	0	0	0	0	0	0	0	-1	0	1	0	0	0	0	-1	0	1	0	0	0	0	0	0	0	-1	0	0	0	0	0	0	0	0	0	0	0	0	1	0	0	0	0	0	1	0	0	0	0	0	0	0	-1	-1	0	0	0	0	1	1	0	0	0	0	0	0	0	0	0	0	0	0	0	0	0	0	0	0	0	0	0	0	0	0	0	0	0	0	0	0	0	0	0	0	0	0	-1	0	0	0	0	0	0	1	0	0	0	0	0	0	0	0	0	0	0	1	0	
38202325	1	-1	1	1	1	0	0	1	0	1	0	-1	0	0	-1	1	1	0	1	0	1	1	0	0	-1	1	0	0	0	-1	1	0	-1	-1	0	1	1	1	1	0	0	0	0	0	0	1	1	0	0	0	1	0	-1	1	1	-1	1	0	1	0	1	1	1	0	-1	0	1	0	0	1	0	0	1	-1	-1	1	0	1	1	1	0	0	1	0	1	-1	-1	1	1	-1	1	1	0	0	1	0	0	1	0	1	1	1	1	0	1	1	0	1	-1	0	1	1	0	0	1	1	0	1	0	0	0	0	-1	1	0	1	0	1	0	1	0	1	1	0	1	-1	0	1	0	0	0	0	-1	0	0	
43620110	0	0	1	0	1	0	1	0	0	0	0	0	1	1	0	1	0	-1	0	0	0	0	0	1	0	0	0	0	0	0	0	0	0	0	0	0	0	0	0	0	0	0	0	0	0	0	0	0	1	0	0	0	0	0	0	0	1	-1	1	1	0	0	0	0	0	0	0	1	-1	0	0	1	0	0	0	0	0	0	0	0	0	1	0	0	0	1	0	0	0	1	0	1	0	0	0	0	0	1	0	1	1	0	0	0	-1	0	0	0	0	0	0	0	1	-1	1	1	0	0	0	0	0	0	0	0	0	0	0	0	0	0	0	0	0	0	0	-1	-1	0	0	0	0	0	0	0	1	
43857153	0	0	0	0	0	0	0	0	0	0	0	0	0	0	0	0	0	0	0	0	0	0	0	0	0	0	0	0	0	0	0	0	0	0	0	0	0	0	0	0	0	0	0	0	0	0	0	0	0	0	0	0	0	0	0	0	0	0	0	0	0	0	0	0	0	0	0	0	0	0	0	0	0	0	0	0	0	0	0	0	1	1	-1	1	0	0	0	0	0	0	0	0	0	0	0	0	0	0	0	0	0	0	0	0	0	0	0	0	0	0	0	0	0	0	0	0	0	0	0	0	0	0	0	0	0	0	0	0	0	0	0	0	0	0	0	0	0	0	0	0	0	0	0	0	0	
43498762	0	0	0	0	1	0	0	0	-1	1	1	-1	1	0	0	0	0	0	0	1	1	0	-1	0	0	1	0	0	0	0	0	0	0	0	0	-1	0	1	0	0	0	0	0	1	0	0	0	0	0	0	0	0	0	-1	-1	0	-1	0	0	0	0	0	0	0	0	0	0	0	0	1	0	0	0	0	1	-1	0	0	0	0	0	0	0	0	1	0	0	0	1	0	0	0	0	0	0	0	0	0	0	0	0	0	-1	0	1	0	1	0	-1	-1	0	0	0	0	0	1	0	0	0	0	0	0	0	0	0	1	0	0	0	0	0	1	0	1	0	0	0	0	-1	0	1	1	1	0	0	
38153196	1	-1	-1	1	0	0	1	0	0	0	0	0	0	0	0	0	0	0	-1	0	0	1	0	0	0	0	0	0	0	0	0	0	0	0	0	0	-1	1	1	1	0	0	0	0	1	-1	1	-1	0	0	0	0	0	0	0	0	-1	1	1	1	0	1	0	1	1	0	0	0	0	1	0	0	1	0	0	0	0	0	1	0	0	0	1	0	0	-1	0	0	0	0	1	0	0	0	1	1	0	1	1	0	1	-1	0	0	0	1	1	-1	0	0	0	0	1	0	0	1	0	1	0	-1	0	0	0	0	0	0	0	0	0	1	1	0	0	0	0	1	0	-1	0	0	0	-1	1	0	1	
43990834	1	0	0	0	1	0	1	-1	0	0	0	0	0	0	0	0	1	0	0	-1	0	-1	0	0	-1	1	0	0	-1	-1	1	0	0	0	0	-1	1	0	0	0	0	0	-1	0	0	0	0	0	0	0	1	0	-1	0	1	-1	1	-1	0	0	0	0	0	1	0	1	0	1	0	0	-1	0	-1	1	-1	0	0	-1	0	1	0	0	0	0	0	0	0	1	0	0	0	0	0	-1	-1	-1	-1	1	0	0	0	-1	-1	-1	-1	1	0	0	1	1	1	0	0	0	-1	0	1	0	0	0	-1	-1	0	0	0	-1	-1	-1	0	0	0	-1	0	0	-1	0	0	0	-1	1	0	0	0	-1	0	43990834	90	female	independent	bachelor	single_living_with_partner	unemployedseeking_employment	white	Jewish	no	no
43930419	0	0	0	0	0	0	0	0	0	0	0	0	0	0	0	0	1	-1	1	-1	0	0	0	0	0	0	0	0	0	0	0	0	0	0	0	0	0	0	0	0	0	0	0	0	0	0	0	0	0	0	0	0	0	0	0	0	0	0	0	0	0	0	0	0	0	0	0	0	0	0	0	0	0	0	0	0	-1	0	0	0	0	0	0	0	0	0	0	0	0	0	0	0	0	0	0	0	-1	0	0	0	0	0	0	0	0	0	0	0	0	0	0	0	0	0	0	0	0	0	0	0	0	0	0	0	-1	0	0	0	0	0	0	0	0	0	1	0	0	0	0	0	0	0	0	0	0	
20623511	0	0	0	0	0	0	0	0	0	0	0	-1	1	0	0	0	0	0	0	0	0	0	-1	0	0	0	0	0	0	0	0	0	0	0	0	0	0	0	0	0	0	0	0	0	0	0	0	0	0	0	0	0	0	0	0	0	0	0	0	0	0	0	0	0	0	0	0	0	0	0	0	0	0	0	0	0	0	0	0	0	0	0	0	0	0	0	0	0	1	0	0	0	0	0	0	0	0	0	0	0	0	0	0	0	0	0	0	0	0	0	0	0	0	0	0	0	0	0	0	0	0	0	0	0	0	0	0	0	0	0	0	0	0	1	0	0	0	0	-1	0	1	0	1	0	0	20623511	40	female	none	vocational_secondary_certification	married	employee	white	Roman Catholic	yes	yes
36968345	0	0	1	0	0	0	0	0	1	0	0	0	0	0	0	1	0	-1	0	0	0	0	-1	0	0	0	0	0	0	0	0	0	0	0	0	0	0	0	0	0	1	1	1	0	0	0	0	0	0	-1	0	0	0	0	0	0	0	0	0	0	1	1	1	-1	0	0	0	0	0	0	0	0	0	0	0	0	0	1	0	0	0	0	0	0	1	1	-1	-1	0	0	0	0	0	0	0	1	0	0	0	0	0	0	0	0	1	0	0	0	-1	0	0	0	0	0	1	0	0	0	0	0	0	0	0	0	0	0	0	0	0	0	0	0	0	0	0	0	0	0	0	0	0	0	0	0	-1	36968345	39	female	democrat	doc	married	other:parent	white	Atheist / Agnostic	yes	yes
43946798	0	0	0	0	0	0	0	0	0	0	0	0	0	0	0	0	1	0	0	0	0	0	0	0	0	0	1	0	0	0	0	1	0	0	0	0	0	0	0	0	0	0	0	0	1	0	0	0	0	-1	0	0	0	0	0	0	0	-1	-1	0	0	0	0	-1	-1	1	1	1	0	0	0	1	0	1	-1	0	0	0	0	0	1	1	1	1	0	0	0	0	0	0	0	0	0	0	0	0	0	1	-1	1	0	0	0	0	0	0	0	0	0	0	-1	0	0	0	0	0	1	0	0	0	-1	-1	-1	0	1	0	1	0	0	0	0	0	1	0	0	0	0	0	0	0	0	0	0	0	0	
20328071	0	-1	1	0	-1	0	1	0	-1	0	0	0	0	1	0	1	0	-1	0	0	0	0	1	-1	0	0	1	0	1	0	1	0	0	-1	0	0	0	0	0	0	1	1	1	0	0	0	0	0	1	-1	1	1	-1	0	0	1	0	0	1	0	-1	1	1	-1	0	0	0	1	-1	0	1	1	1	1	0	1	0	-1	0	0	0	1	0	1	1	1	1	1	-1	1	0	0	0	-1	-1	1	0	0	0	0	1	1	0	1	-1	1	0	0	-1	0	0	0	0	1	1	0	0	0	0	0	0	0	0	0	0	0	1	0	-1	1	0	-1	0	-1	0	0	0	0	0	1	-1	0	0	0	-1	
43589420	0	0	0	0	0	0	0	0	0	0	0	0	0	0	0	0	0	0	0	0	0	0	0	0	0	0	0	0	0	0	0	0	0	0	0	0	0	0	0	0	0	0	0	0	0	0	0	0	0	0	0	0	0	0	0	0	0	0	0	0	0	0	0	0	0	0	0	0	0	0	0	0	0	0	0	0	0	0	0	0	0	0	0	0	0	0	0	0	0	0	0	0	0	0	0	0	0	0	0	0	0	0	0	0	0	0	0	0	0	0	0	0	0	0	0	0	0	0	0	0	0	0	0	0	0	0	0	0	1	1	1	1	0	0	0	0	0	0	0	0	0	0	0	0	0	
43811627	0	0	0	0	0	0	0	0	1	1	1	0	-1	-1	0	0	0	0	0	0	1	1	-1	0	0	0	0	0	1	0	0	0	0	0	0	0	0	1	0	1	0	1	0	0	1	0	0	0	-1	0	0	1	0	-1	0	0	0	0	0	0	1	0	-1	0	0	0	0	1	0	1	0	0	0	0	0	0	0	1	0	0	0	0	0	0	1	0	0	0	1	0	0	-1	0	0	0	0	0	0	0	0	0	0	0	1	1	1	1	-1	0	-1	0	1	0	0	0	1	1	1	-1	-1	0	0	0	0	0	0	0	0	0	0	1	1	0	-1	0	0	1	0	1	0	1	-1	1	0	1	
43787047	0	0	1	0	0	0	1	0	0	0	0	0	0	0	0	1	0	0	0	0	0	0	0	0	0	0	0	0	0	0	0	0	0	0	0	0	0	0	0	0	0	0	0	0	0	0	0	0	1	0	0	0	0	0	0	0	1	-1	-1	1	0	0	0	0	0	0	0	0	-1	0	0	0	0	0	0	0	0	0	0	0	0	0	0	0	0	0	0	0	0	0	0	0	0	0	0	0	0	1	0	0	1	0	0	0	0	0	0	0	0	0	0	0	0	0	0	0	0	0	0	0	0	0	0	0	0	0	0	0	0	0	0	0	0	0	0	0	0	0	0	0	0	0	0	0	-1	43787047	22	female	democrat	bachelor	single_living_with_parents	student	asien	Atheist / Agnostic	yes	yes
37177227	0	-1	0	0	0	0	0	0	0	0	0	0	-1	0	0	0	0	0	0	0	0	0	0	0	0	0	0	0	0	0	0	1	1	-1	-1	1	0	0	0	0	0	0	0	1	0	0	0	1	0	0	0	0	0	0	0	0	0	0	0	0	0	0	0	0	0	0	0	0	0	0	0	1	0	0	0	0	0	0	0	0	0	0	1	0	0	0	-1	0	0	0	0	-1	0	0	0	0	0	0	0	0	0	-1	0	0	0	0	0	0	0	0	0	0	1	1	-1	-1	0	0	0	0	0	0	0	0	0	0	0	0	0	0	0	-1	0	0	0	1	0	0	0	0	0	0	0	0	0	37177227	32	male	democrat	master	married	employee	white	Roman Catholic	no	yes
43963742	0	0	0	0	-1	0	0	0	0	0	0	0	0	0	0	0	0	0	0	0	0	0	0	0	0	0	0	0	0	0	0	0	0	0	0	0	0	0	0	0	0	0	0	0	0	0	0	0	0	0	0	0	0	0	0	0	0	0	0	0	0	0	0	0	0	0	0	0	0	0	0	0	0	0	0	0	0	0	0	1	0	0	0	0	0	0	0	0	0	0	0	0	-1	0	-1	0	0	0	0	0	0	0	0	0	0	0	0	0	0	0	1	0	0	0	0	0	0	0	0	0	0	-1	-1	0	0	0	0	0	0	0	0	0	0	0	0	-1	0	0	0	0	0	0	0	0	0	
43935069	0	0	0	-1	1	0	0	1	-1	1	0	0	0	1	0	0	0	-1	1	-1	1	-1	1	-1	-1	1	0	-1	0	-1	0	0	1	-1	0	1	1	0	0	1	1	0	0	0	0	-1	0	1	0	0	1	0	0	0	1	-1	1	-1	-1	-1	-1	0	1	-1	1	1	0	0	0	0	0	0	0	0	0	-1	1	-1	1	1	-1	1	-1	1	0	0	0	0	-1	1	1	0	0	-1	1	-1	-1	-1	0	1	0	0	1	0	1	-1	-1	0	1	0	0	-1	0	-1	1	0	1	0	1	0	-1	1	0	-1	0	-1	-1	-1	-1	0	0	-1	0	-1	1	0	-1	-1	-1	-1	-1	0	0	0	0	
20398835	0	0	0	0	0	0	0	0	0	0	0	0	0	0	0	0	0	0	0	0	0	0	0	0	0	0	0	0	0	0	0	0	0	0	0	0	0	0	0	0	0	0	0	1	0	0	0	1	0	0	0	0	0	0	0	0	0	0	0	0	0	0	0	0	0	0	0	0	0	0	0	0	0	0	0	0	0	0	0	0	0	0	0	0	0	0	-1	0	0	0	0	0	0	0	0	0	0	0	0	0	0	0	0	0	0	0	0	0	0	0	0	0	0	0	0	0	0	0	0	0	0	0	0	0	0	0	0	0	0	0	0	1	0	0	0	0	0	0	0	0	0	0	0	0	0	
43853132	0	-1	-1	-1	0	0	1	0	0	0	1	-1	0	1	0	-1	0	0	0	0	0	0	0	0	0	0	-1	1	0	0	-1	0	0	0	1	-1	0	1	0	1	1	-1	1	0	-1	0	-1	0	0	1	0	1	0	1	0	0	1	0	1	0	0	1	0	0	-1	0	-1	0	1	1	0	-1	1	0	-1	-1	0	0	0	1	1	-1	0	1	0	0	0	-1	0	0	-1	0	0	0	0	1	0	0	0	0	1	1	-1	1	0	0	-1	-1	0	1	0	1	-1	0	-1	0	1	1	1	1	-1	1	-1	0	1	1	0	-1	1	1	0	-1	1	1	-1	-1	1	0	1	-1	-1	0	1	-1	1	
43718472	0	0	0	0	0	0	0	0	0	0	0	0	0	0	0	0	1	0	0	0	0	0	0	0	0	0	0	0	0	0	0	0	0	0	0	0	0	0	0	0	0	0	0	0	0	0	0	0	0	0	0	0	0	0	0	0	0	0	0	1	0	0	0	0	0	0	0	0	0	0	0	1	0	0	0	0	0	0	0	0	0	0	0	0	0	0	0	0	0	0	0	0	0	0	0	0	0	0	0	0	0	0	0	0	0	0	0	0	0	0	0	0	0	0	0	0	0	0	0	0	0	0	0	0	1	0	0	0	0	0	0	0	0	0	0	0	0	0	0	0	0	0	0	0	0	
43605836	1	0	0	0	0	0	0	0	0	0	0	0	0	0	0	0	0	0	0	0	0	0	0	0	0	0	0	0	0	0	0	0	0	0	0	0	0	0	0	0	0	0	0	0	0	0	1	0	0	0	0	0	0	0	0	0	0	0	0	0	0	0	0	0	0	0	0	0	0	0	0	0	0	0	0	0	0	0	0	0	0	0	1	0	0	0	0	0	0	0	0	0	0	0	0	0	0	0	0	0	1	0	0	0	0	0	0	0	0	0	0	0	0	0	0	0	0	0	0	0	0	0	0	0	0	0	0	0	0	0	0	0	0	0	0	0	0	0	0	0	0	0	0	0	0	
15577915	0	0	-1	0	0	0	0	0	0	0	0	0	0	0	1	0	0	0	-1	0	0	1	0	0	0	1	0	0	1	1	1	-1	0	1	0	0	0	1	0	0	0	0	0	1	0	0	-1	-1	0	0	0	0	0	0	0	0	0	0	0	0	0	0	0	1	0	0	1	0	0	-1	0	0	0	0	0	0	0	0	0	0	0	0	1	0	0	-1	1	1	0	0	1	0	0	0	-1	0	0	0	0	0	0	1	0	0	1	1	1	-1	1	-1	1	1	0	0	0	1	0	1	0	0	0	0	1	1	0	0	0	0	0	1	0	1	-1	0	0	1	0	-1	0	0	0	0	1	0	0	
41193378	0	0	0	1	0	0	0	0	0	1	0	1	0	0	0	0	0	0	0	1	0	0	0	0	0	1	0	0	0	0	0	0	0	0	1	1	0	0	1	0	1	0	0	0	0	0	0	0	0	0	0	0	0	1	0	0	1	0	0	0	0	0	0	0	-1	0	0	0	-1	1	-1	1	0	-1	0	0	1	0	0	1	0	0	0	1	0	0	0	0	0	0	1	0	0	0	0	0	0	0	-1	0	0	0	0	0	0	0	1	0	0	0	0	1	0	0	0	0	0	1	0	0	0	1	0	0	0	-1	0	0	0	1	0	0	0	0	1	0	0	-1	-1	0	-1	-1	-1	1	0	
28810858	0	1	0	0	0	0	0	0	0	0	0	0	0	0	0	0	0	0	0	0	0	0	0	0	0	0	0	0	0	0	0	0	0	0	0	0	0	0	0	0	0	0	0	0	0	0	0	0	1	1	1	1	0	0	0	0	0	0	0	0	0	0	0	0	0	0	0	0	0	0	0	0	0	0	0	0	0	0	0	0	0	1	0	0	0	0	0	0	0	0	0	0	0	0	0	0	0	0	0	0	0	0	0	0	0	1	0	0	0	0	0	0	0	0	0	0	0	0	0	0	0	0	0	0	0	0	0	0	0	0	1	0	0	0	0	0	0	0	0	0	0	0	0	0	0	
18212596	1	0	0	0	0	0	0	0	0	0	0	0	0	0	0	0	0	0	0	0	0	0	0	0	0	0	0	0	0	0	0	0	0	0	0	0	0	0	0	0	0	0	0	0	0	0	-1	0	0	0	0	0	0	0	0	0	0	0	0	0	0	0	0	0	0	0	1	0	0	0	0	0	0	0	0	0	0	0	0	0	0	0	-1	0	0	-1	0	1	0	0	0	0	0	0	0	0	0	0	0	0	1	0	0	0	0	0	0	0	0	0	0	0	0	0	0	0	0	0	0	0	0	0	1	0	0	0	0	0	0	0	0	0	0	0	0	0	0	0	0	0	0	0	0	0	0	18212596	34	female	none	vocational_secondary_certification	other:Single living with children	unemployedseeking_employment	black_or_african_american	Atheist / Agnostic	no	yes
13095205	0	-1	1	1	0	-1	1	0	-1	1	0	1	1	1	-1	1	0	0	0	-1	0	0	0	0	0	1	0	1	0	0	-1	0	0	0	1	1	1	0	1	-1	1	0	0	1	-1	1	1	1	0	0	0	0	0	0	0	0	0	-1	-1	1	0	1	0	0	-1	0	1	0	0	0	0	0	1	-1	0	0	1	0	0	0	1	1	0	1	0	0	0	0	0	0	1	0	0	0	0	1	0	0	-1	0	0	0	0	0	0	0	-1	1	0	1	0	1	1	0	0	0	0	0	0	1	0	1	0	0	1	0	0	0	0	0	-1	0	1	1	1	-1	0	-1	-1	0	-1	-1	-1	1	-1	
43932026	1	0	0	0	0	0	0	0	1	1	1	1	0	1	0	0	1	1	1	1	1	0	0	1	0	0	0	0	0	0	0	0	0	0	1	0	0	1	1	1	0	1	0	1	1	0	0	0	1	0	0	0	0	1	0	0	0	0	0	0	1	0	0	0	0	0	0	0	1	1	0	0	0	0	0	0	1	0	0	0	0	0	0	0	1	0	0	0	1	0	0	1	0	0	1	0	1	0	0	0	0	0	0	0	0	0	0	1	-1	0	0	1	1	1	0	1	0	0	1	0	1	0	0	0	1	0	1	1	1	0	1	-1	0	0	1	0	0	0	0	1	0	1	0	0	-1	
43939704	0	0	0	-1	1	-1	1	1	-1	0	0	0	1	1	-1	1	1	1	0	0	0	0	0	0	1	1	0	1	0	0	0	1	1	0	1	0	1	0	0	0	1	1	0	1	0	0	0	-1	0	0	0	0	0	-1	0	0	0	0	0	0	0	0	0	0	0	0	0	0	0	0	-1	1	0	-1	0	0	1	0	-1	0	0	1	0	0	0	0	-1	-1	0	-1	0	1	1	0	0	0	0	0	0	1	-1	1	1	1	0	0	0	0	0	0	0	0	1	1	1	1	0	0	0	0	0	0	0	0	1	0	1	1	1	0	0	0	0	0	0	-1	0	1	-1	1	0	0	0	1	0	
43851130	0	1	1	1	0	0	0	1	0	0	0	-1	0	0	1	0	0	0	0	0	0	-1	0	0	-1	1	0	1	0	0	0	0	1	1	0	0	0	1	-1	0	0	0	0	0	0	1	1	0	0	0	0	0	1	1	1	-1	0	0	0	0	0	0	0	1	0	0	1	0	0	1	0	0	1	0	0	0	0	0	1	0	0	0	0	0	0	1	-1	1	1	1	1	-1	0	0	1	0	0	0	0	1	1	-1	1	0	0	-1	0	1	-1	1	0	1	0	0	0	1	0	1	0	0	0	0	-1	1	0	0	0	0	0	1	0	0	1	0	0	1	0	1	0	0	0	0	1	0	0	43851130	25	male	democrat	bachelor	single_living_alone	employee	white	Roman Catholic	yes	yes
21088425	1	0	0	1	1	1	1	-1	1	1	1	-1	1	1	-1	1	-1	0	1	1	1	1	0	-1	0	0	-1	-1	-1	-1	1	-1	-1	0	0	-1	-1	1	1	1	-1	-1	1	1	0	1	1	0	0	1	-1	0	1	-1	-1	-1	-1	1	1	-1	1	1	-1	1	1	1	0	1	1	-1	1	1	1	1	1	-1	-1	1	1	1	0	1	0	1	1	0	1	1	0	-1	1	-1	-1	1	-1	1	1	1	0	1	1	1	1	1	1	1	1	0	-1	-1	1	1	1	0	-1	1	1	0	-1	-1	1	-1	-1	0	0	0	1	1	1	1	0	1	1	1	0	0	0	-1	1	-1	1	0	1	1	0	21088425	56	female	democrat	high_school	single_living_alone	other:disabled	white	Protestant	no	yes
43102561	-1	0	0	0	0	0	0	0	1	1	-1	-1	1	1	0	0	-1	-1	1	0	1	0	0	1	0	0	0	0	0	0	0	0	0	0	1	0	0	0	1	1	0	1	0	1	1	0	0	0	1	0	0	0	0	0	0	0	0	0	0	0	1	0	0	0	0	0	1	0	-1	0	0	0	0	0	0	0	-1	0	0	0	1	1	0	0	0	0	0	0	1	0	0	-1	0	0	1	0	1	0	0	0	0	0	0	0	0	0	1	1	-1	1	0	-1	1	1	0	0	0	0	-1	0	1	0	0	0	-1	0	1	-1	1	0	1	0	0	0	1	0	0	0	0	1	0	0	0	0	1	43102561	34	male	independent	master	married	selfemployed	hispanic_american	Protestant	yes	no
43780975	1	0	1	1	1	0	0	0	0	1	0	0	0	1	0	-1	0	1	-1	1	-1	1	0	0	0	1	0	0	1	0	1	0	0	0	0	1	1	0	0	0	1	0	-1	0	0	1	0	-1	0	0	0	0	0	0	1	0	0	1	0	1	1	1	0	1	0	1	0	0	0	0	0	0	0	0	1	1	-1	1	-1	0	1	0	0	1	0	1	0	0	0	1	0	0	1	-1	1	1	1	1	0	0	0	0	0	0	-1	1	0	0	-1	0	-1	1	0	0	1	0	1	0	-1	0	-1	1	1	0	0	1	0	0	1	0	0	-1	0	0	1	1	0	1	1	-1	-1	0	0	1	0	
30721568	0	0	0	0	0	0	0	0	0	0	0	0	0	0	0	0	0	0	0	0	0	0	0	0	0	0	0	0	0	0	1	0	0	0	0	0	0	0	0	0	0	0	0	0	0	0	0	0	0	0	1	0	0	0	0	0	0	0	0	0	0	0	0	0	0	0	0	0	0	0	0	0	0	0	0	0	0	0	0	0	0	0	0	0	1	0	0	0	0	-1	0	0	0	0	0	0	0	0	0	0	0	0	0	0	0	0	0	0	0	0	0	0	0	0	0	0	0	0	0	0	0	0	0	0	0	0	0	0	0	0	0	0	0	0	0	0	0	0	0	0	0	0	0	0	0	
43822436	0	0	0	0	0	0	0	0	1	1	-1	-1	1	0	0	0	0	0	0	0	0	1	-1	0	0	0	0	0	-1	0	0	0	0	0	0	0	0	1	0	0	0	0	0	0	-1	0	0	0	0	0	0	1	0	1	0	0	0	0	0	0	0	0	1	0	0	0	0	1	0	1	0	0	0	0	0	0	0	1	0	0	0	0	0	0	1	0	0	0	1	0	0	-1	0	0	0	0	0	0	0	0	0	0	0	1	0	0	0	0	0	1	0	0	0	0	0	1	0	0	0	0	0	0	0	0	0	0	0	0	0	0	0	-1	0	1	0	0	1	0	-1	0	-1	-1	-1	0	-1	43822436	19	female	independent	some_college	single_living_with_parents	student	white	Roman Catholic	yes	yes
21785776	0	0	0	1	0	0	0	0	0	1	0	-1	1	1	-1	1	0	0	0	-1	0	0	0	0	-1	1	1	1	0	0	0	0	0	0	1	1	0	0	0	0	1	0	0	0	0	0	0	0	0	0	0	0	0	0	0	0	1	0	0	0	0	0	0	0	0	0	0	0	-1	1	-1	1	0	-1	0	0	1	0	0	0	0	0	0	1	0	0	0	0	0	0	1	0	0	0	0	0	0	0	0	0	0	0	0	0	0	0	0	0	0	0	0	1	0	0	0	0	0	0	0	0	0	-1	0	0	0	0	0	0	0	0	0	0	1	1	1	-1	0	0	-1	0	-1	-1	1	1	0	
42870640	0	0	0	0	0	0	0	0	0	0	0	0	0	0	0	0	0	0	0	0	0	0	0	0	0	0	0	0	0	0	0	0	0	0	0	0	0	0	0	0	0	0	0	0	0	0	0	0	0	0	0	0	0	0	0	0	0	0	0	0	0	0	0	0	-1	-1	-1	1	0	0	0	0	0	0	0	0	0	0	0	0	0	0	0	0	0	0	0	0	0	0	0	0	0	0	0	0	-1	1	-1	1	0	0	0	0	0	0	0	0	0	0	0	0	0	0	0	0	0	0	0	0	0	0	0	0	0	0	0	0	0	0	0	0	0	0	0	0	0	0	0	0	0	0	0	0	0	
