participant id	Everybody is biased.	The main problem in the information issued by the media is corruption.	Journalists should always present both sides of an issue equally.	Bias in journalism can never be completely eliminated -- bias is part of human nature.	Mainstream media provides a relative objective view.	The articles should have a subjective view.	Mainstream media still provides a relatively objective view.	Bias is part of human nature.	Freedom of the press prevents the government or other third parties from controlling the media.	The job of a reporter is to tell the truth.	Bias in journalism can never be completely eliminated -.	Fox News is the only unbiased news source.	Journalist should not be biased.	Most journalists are biast because that is human nature.	Bribes should not overtake our media.	Mainstream media is no longer fulfilling its mandate.	Media bias will always be around.	Much of what is put out by the media today is sensationalized.	All media outlets are biased.	There is too much spin by the media.	Some media outlets adhere to journalistic teachings of avoiding bias and withholding personal opinions.	By Biasing information journalists hurt others.	Bias in journalism can never be completely eliminated.	Journalists should report facts.	Journalist should not accept bribe.	False statements should be sanctioned.	A journalist's job is to report the truth to the public and should not accept gifts from any third party.	Journalist's job is to report the truth and facts.	Media has the power to influence the audience, but often is not used for good.	Too many articles covered in the mainstream media are biased and untruthful.	Fake news is not a real problem.	The media no longer provide immediate and truthful information.	Journalists should be upright.	Bias may be part of human nature but it can still be mediated to not blatantly show in media.	Journalists should be more honest.	News should be said the way it happened.	Journalism is more about boosting ratings than getting the true story.	This issue is about whether media bias is a real thing.	Media should present multiple sides of each issue.	Journalist should follow the journalist creed.	Media bias is a real thing.	The media needs to present fair and balanced news.	Many journalists give commentary on news stories.	You can't believe anything you see in the media anymore.	CNN is the main source of being a total left wing partisan.	Mainstream media is very biast because they are looking for a reaction out of certain people.	Media bias will never go away.	Mots journalists doing a good job.	The media are evil companies.	Media bias is why many Americans choose not to watch the news or read newspapers anymore.	Media alters the perception of a situation.	With blogs in the media and administrated via outlests, bias is part of media mainstream.	Media should be unbiased.	Mainstream media is not doing what its suppose to do.	Media bias declines ratings and decreases audience.	No media bias should be encouraged.	Journalists often report lies unintentionally.	Many journalists prioritize the business above the information.	It is difficult to say if media bias has an impact on people.	The people deserves the truth.	Journalists have right to express their point of view.	The media has become too influential in political outcomes.	Reporters have biased views like everyone else.	Media Bias is a real thing.	The truth should be spoken no matter the price.	Reporters now care more about politics.	Journalists write false stories to gain readers.	Mainstream media is now in support of political propagands.	Journalist should be just.	The information must be shown in the media bluntly.	A newscast should not be obvious what the political leanings of the journalist(s) is/are.	Journalists intentionally report news in a way that makes republicans look bad.	Common sense helps in looking beyond media bias.	A journalist must avoid biasing news.	Is not has national level is worldwide.	One should not trust the media.	Some reporters are too aggressive.	News people just want to make money.	Using local channels can solve media bias to an extent.	If you don't watch the media , bias isn't a problem.	Fox News is biased in favor of the right.	Some media only project their strict bias and it hurts a majority of people i.e. fox news.	Bias in journalism can never be completely eliminate.	News should be unbiased.	Journalists are meant to be true to the core.	Reporters lie a lot.	Not all people in the media provide falsifications.	Sometimes reporters lie intentionally.	News are hard to believe.	Lower more fragmented reach and lower rated programs than network TV.	Media bias is too little to worry about.	Media bias is mostly about celebrities.	It is easy to find media coverage that supports your opinion.	There are already too many yellow publishing houses.	Journalist should be upright.	Sometimes news coverage is very conflicting.	People naturally share their opinion and is not biased among journalists.	There needs to be no third party influences in the media.	The media should not be biast because it gives people the wrong impression about some things.	Media should report the facts and not opinions.	All the stories should be covered in an honest way.	So many stories are based on what type of story a politician want.	Journalists only cover stories that support their own opinion.	Buying a newspaper to read a fake news is a scam mode.	Without free media there is no freedom.	People need to get their facts straight before just going on what they hear from one source.	The truth will set us free.	Every body has its owns preferences.	Media needs to be closely monitored by the public.	BBC is the most moderate news source.	Journalists should be impartial in their news.	Media is biased in favor of the left.	Newspapers should penalize biased writers.	They have to have policies and punishments for fake news people.	There should be better enforcement in the laws that go with journalism and mainstream media.	The information must be objective and not manipulated.	Journalism focusses on Democrats views.	Media bias should be prohibited.	Dont use mainstream media if you want the truth.	Mainstream media is no longer fulfilling its mandate of providing the society with insightful.	The society deserves the truth.	Media is liberal biased because the liberals are right.	Most of the media is geared towards a specific audience making it very biast.	Thanks to our free media, we have a free world perspective.	Media needs to present the facts.	Reporters often don't fully look into a topic.	Journalist should not be manipulated by politicians.	Too many networks show biased news.	If you dont like one media then consume another.	Mainstream media is no longer fulfilling its mandate of providing the society with insightful and honest stories.	Much of what the media puts out today cannot be trusted.	Most journalist are dishonest people.	Journalism should be free and fair.	participant id	age	gender	affiliation	education	family status	profession	race	religion	ties2overseas	US citizen
42703498	0	1	1	0	1	0	0	0	0	0	0	0	1	1	1	0	0	1	0	1	1	0	1	0	1	1	1	1	0	0	1	1	0	0	0	0	0	1	0	0	0	0	1	1	0	0	0	0	1	1	1	0	1	0	1	0	0	1	0	0	1	1	0	1	0	0	0	1	1	1	1	1	1	0	0	0	1	1	0	1	0	1	0	0	0	0	0	0	1	1	1	1	1	1	0	1	0	0	0	1	0	1	1	0	0	0	1	1	0	1	0	1	0	0	0	1	0	0	1	0	1	1	1	1	0	1	1	1	0	1	0	0	1	
22139728	0	0	0	0	0	1	0	0	0	0	0	0	0	0	0	0	0	0	0	0	0	0	0	0	0	0	0	0	0	0	0	0	0	0	0	0	0	0	0	0	0	0	0	0	1	1	1	1	0	0	1	0	0	0	0	0	0	0	0	0	0	0	1	1	1	0	0	0	0	0	0	0	0	0	0	0	0	1	0	0	0	0	0	1	0	0	0	0	0	0	0	1	0	1	1	0	0	0	0	0	0	0	0	0	0	0	1	0	0	0	0	0	0	0	0	0	0	0	0	0	0	0	0	0	1	0	0	0	1	1	1	1	1	22139728	32	female	democrat	master	single_living_alone	employee	black_or_african_american	other:Christian	yes	yes
42665614	0	0	0	0	0	0	0	0	0	0	0	0	0	0	0	0	0	0	0	0	0	0	0	0	0	0	0	0	0	0	0	0	0	0	0	0	0	0	0	0	0	0	0	0	0	0	0	0	0	0	0	0	0	1	0	0	0	0	0	0	0	0	0	0	0	0	0	0	0	0	0	0	1	1	-1	-1	0	0	0	0	0	0	0	0	0	0	0	0	0	0	0	0	1	0	0	0	0	0	0	0	1	0	0	0	0	0	0	0	0	0	0	0	0	0	0	0	0	0	-1	0	0	0	0	0	0	0	0	0	0	0	0	0	0	42665614	21	female	other	some_college	single_living_alone	student	white	Protestant	yes	no
43736722	0	0	0	0	0	0	0	0	0	0	0	0	0	0	0	1	0	0	0	0	0	1	0	0	0	1	0	0	0	0	0	0	0	0	0	0	0	0	0	0	0	0	0	0	0	0	0	0	0	0	0	0	0	0	0	0	0	0	0	0	0	0	0	0	0	0	0	0	0	0	0	0	0	0	1	0	0	0	0	0	0	1	0	0	0	0	-1	0	0	0	0	0	0	0	0	0	0	0	0	0	0	0	0	0	0	0	0	0	0	0	0	0	1	1	1	1	0	0	0	-1	0	0	0	0	0	-1	0	0	0	0	0	0	0	43736722	22	female	independent	some_college	single_living_alone	employee	hispanic_american	other:Christian	yes	no
43860631	1	0	1	1	1	1	1	1	0	1	0	0	1	-1	1	-1	0	0	0	1	1	0	0	1	1	0	1	0	0	1	-1	1	-1	0	1	0	1	0	1	1	1	0	1	-1	0	1	-1	1	0	0	0	1	1	1	0	-1	1	-1	1	1	0	1	0	0	0	-1	0	1	1	1	1	0	1	0	1	0	-1	1	1	1	0	1	0	0	1	-1	1	-1	1	1	0	0	1	-1	-1	1	0	1	0	1	1	1	0	1	1	1	1	0	0	1	1	-1	1	1	1	1	1	1	0	1	1	0	0	0	0	-1	1	0	0	0	1	-1	0	
5007431	0	0	0	0	-1	0	0	0	0	1	1	0	0	0	1	0	0	1	0	1	1	0	0	0	0	0	1	0	0	0	-1	0	1	0	0	0	0	0	0	0	0	1	0	0	0	0	0	0	0	0	0	0	1	0	0	0	0	0	0	0	0	0	1	0	0	0	0	0	1	0	1	1	0	1	0	0	0	0	0	0	0	0	0	0	0	-1	0	0	0	0	0	0	0	0	0	0	0	0	0	0	0	0	0	0	1	1	0	0	-1	0	0	0	0	0	0	0	0	0	0	0	0	0	-1	1	1	1	1	1	1	0	0	0	0	
42468998	0	0	0	0	0	0	0	1	0	0	0	0	0	1	0	0	0	0	1	0	0	0	1	0	0	0	0	0	0	0	1	0	1	1	0	0	0	0	0	1	0	0	0	0	0	0	0	0	0	0	0	0	0	0	0	0	0	0	0	0	0	0	0	0	1	1	0	1	0	0	0	0	0	-1	0	0	0	-1	-1	0	0	0	0	0	0	0	0	0	0	0	-1	1	0	0	0	0	0	1	1	0	0	1	0	0	0	0	0	0	0	0	0	0	0	1	0	0	1	-1	1	1	0	0	0	0	0	0	-1	0	0	-1	1	0	1	
27914150	0	0	0	0	0	0	0	0	0	0	0	0	0	0	0	0	0	0	0	0	0	0	0	0	0	0	0	0	0	0	0	0	0	0	0	0	0	0	0	0	1	1	1	1	0	0	0	0	0	0	0	0	0	0	0	0	0	0	0	0	0	0	0	0	1	0	0	0	0	0	0	0	0	0	0	0	0	0	0	0	0	0	0	1	0	0	0	0	0	0	0	0	0	0	1	0	0	0	0	0	0	0	0	0	0	0	1	0	0	0	0	0	0	0	0	0	0	0	0	0	0	0	0	0	0	0	0	0	0	0	0	0	0	
43976334	1	0	1	1	1	0	1	0	0	1	1	-1	1	1	1	1	1	0	1	1	1	0	1	1	0	0	0	1	1	1	1	1	1	0	0	1	1	1	1	1	1	0	-1	1	-1	1	-1	0	1	0	1	1	1	1	1	1	1	1	1	1	0	0	1	1	0	0	0	1	0	1	1	-1	1	0	1	-1	1	1	1	1	-1	-1	1	1	1	0	0	1	0	-1	0	0	0	1	1	1	1	0	-1	0	0	0	1	1	1	0	1	1	1	1	1	1	1	1	1	1	1	1	1	1	1	1	1	0	0	1	1	0	0	0	0	1	0	
38548574	0	0	0	0	0	0	0	0	0	0	0	0	0	0	1	-1	0	0	-1	0	0	1	0	0	0	0	0	1	1	0	0	0	0	0	0	0	0	0	0	0	0	0	0	0	-1	0	0	0	0	0	0	0	0	0	0	0	0	0	0	0	0	0	0	0	0	0	1	0	0	0	0	0	0	0	0	0	0	0	0	0	0	0	0	1	0	0	0	0	0	0	0	0	0	0	0	0	0	0	0	0	0	0	0	0	0	0	0	0	0	0	0	0	0	0	0	0	0	0	0	0	0	1	1	0	0	0	0	0	0	1	0	0	0	
27748798	0	0	0	0	0	0	0	0	0	0	0	0	0	0	0	0	0	0	0	0	0	0	0	0	0	0	0	0	0	0	0	0	0	0	0	0	0	0	0	0	0	0	0	0	0	0	0	0	0	0	0	0	0	0	0	0	0	0	0	0	0	0	0	0	0	0	0	0	0	0	0	0	0	0	0	0	0	0	0	0	0	0	-1	0	0	0	0	0	0	0	0	0	0	0	0	0	0	0	0	0	0	0	0	1	0	0	0	0	1	0	0	0	0	0	0	0	0	0	0	0	0	0	0	0	0	0	0	0	0	0	1	0	0	
1933319	0	0	0	0	0	0	0	0	0	0	-1	0	0	0	0	0	0	0	0	0	0	0	0	0	0	0	0	0	0	0	0	0	0	0	0	0	0	0	0	0	0	0	0	0	0	0	0	0	0	0	0	0	0	0	0	0	0	0	0	0	0	0	0	0	0	0	0	0	0	0	0	0	0	0	-1	0	0	0	0	0	0	0	0	0	0	0	0	0	0	0	0	0	0	0	0	0	0	0	0	1	0	0	0	0	0	0	0	0	1	0	0	0	0	0	0	0	0	0	0	0	0	0	0	0	0	0	0	0	0	0	0	0	0	1933319	37	male	independent	some_college	single_living_alone	employee	white	Protestant	yes	yes
14070474	0	0	0	0	0	1	0	0	0	0	0	0	0	0	0	0	0	0	0	0	0	0	0	0	0	0	0	0	0	0	0	0	0	0	0	0	0	0	0	0	0	0	0	0	0	0	0	0	0	0	0	1	0	0	0	0	0	0	0	0	0	1	0	0	0	0	0	0	0	0	0	0	0	0	0	0	0	0	0	0	0	0	0	0	0	0	0	0	0	0	0	0	0	0	0	0	0	0	0	0	0	0	0	0	0	0	0	0	0	0	0	0	0	0	0	0	1	0	0	0	0	0	0	0	0	0	0	0	0	0	0	0	0	14070474	69	female	republican	bachelor	single_living_with_partner	employee	white	Protestant	no	yes
39147083	1	0	0	0	0	0	0	0	0	0	0	0	0	0	0	0	0	0	0	0	0	0	0	0	0	0	0	0	0	0	0	-1	0	0	0	0	0	0	0	0	0	0	0	0	0	0	0	-1	0	0	0	0	0	0	-1	0	0	0	0	1	0	0	0	0	0	0	0	0	0	0	0	0	0	0	0	0	0	0	0	0	0	0	0	0	0	0	0	0	1	0	0	0	0	0	0	0	0	0	0	0	0	0	0	0	0	0	0	0	0	0	0	0	0	0	0	0	0	-1	0	0	0	0	0	0	0	-1	0	0	0	0	0	0	0	
43869373	0	1	0	0	0	0	0	0	1	0	0	1	0	0	0	-1	1	0	0	0	0	1	0	-1	-1	0	0	1	0	0	0	0	0	0	0	0	0	0	-1	1	0	0	0	0	1	0	0	-1	-1	0	0	0	0	-1	-1	0	1	-1	0	0	0	0	0	1	1	0	1	0	0	0	0	0	1	1	1	-1	0	0	0	0	0	0	1	-1	0	0	1	1	0	0	0	-1	1	0	0	0	-1	-1	0	1	-1	0	-1	-1	1	1	1	-1	0	1	-1	1	0	1	0	0	0	0	-1	0	0	0	0	1	0	0	0	0	0	0	1	0	0	43869373	23	male	independent	associate_degree	single_living_alone	employee	black_or_african_american	Roman Catholic	no	yes
21467491	0	0	0	0	0	1	0	0	0	0	0	0	0	0	0	0	0	0	0	0	0	0	0	0	0	0	0	0	0	0	0	0	0	0	0	0	0	0	0	0	0	0	0	0	0	0	0	0	0	0	0	1	0	0	0	0	0	0	0	0	0	1	0	0	0	0	0	0	0	0	0	0	0	0	0	0	0	0	0	0	0	0	0	0	0	0	0	0	0	0	0	0	0	0	0	0	0	0	0	0	0	0	0	0	0	0	0	0	0	0	0	0	0	0	0	0	-1	0	0	0	0	0	0	0	0	0	0	0	0	0	0	0	0	21467491	41	female	democrat	vocational_secondary_certification	single_living_with_partner	employee	other	other:baptist	no	yes
43891892	1	0	1	-1	1	-1	0	-1	1	1	1	0	1	0	0	0	1	1	0	0	0	0	1	1	0	0	-1	1	0	1	0	0	1	-1	1	0	1	-1	0	0	-1	1	0	0	0	1	1	-1	1	1	1	-1	1	1	-1	1	1	0	1	1	0	1	0	0	1	-1	0	0	1	0	-1	0	0	0	1	-1	1	1	-1	1	1	0	0	0	0	0	1	0	0	-1	-1	-1	-1	1	1	0	1	1	1	1	0	0	0	1	1	0	0	-1	-1	0	0	0	1	1	0	0	0	1	0	-1	1	1	-1	0	0	0	-1	0	0	0	0	1	0	43891892	25	male	none	bachelor	single_living_alone	student	white	Roman Catholic	no	yes
43837109	0	0	0	0	0	1	0	0	0	0	0	0	0	0	0	0	0	0	0	0	0	0	0	0	0	0	0	0	1	0	0	0	0	0	0	0	0	0	0	0	0	0	0	0	0	0	0	0	0	0	1	0	0	0	0	0	0	0	0	0	1	1	1	1	1	0	0	0	0	0	0	0	0	0	0	0	0	1	0	0	0	0	0	1	0	0	0	0	0	1	1	1	0	1	1	0	0	0	0	0	0	0	0	0	0	0	1	0	0	0	0	0	0	0	0	0	0	0	0	0	0	0	0	0	1	0	0	0	1	1	1	-1	1	
19302668	-1	0	1	0	1	0	1	0	1	1	0	-1	1	-1	1	-1	-1	0	0	0	0	1	0	1	1	0	0	1	0	0	0	-1	1	0	0	0	-1	0	1	1	0	0	0	0	-1	0	0	1	-1	-1	0	0	1	-1	0	0	0	-1	1	1	0	0	0	0	1	0	-1	-1	1	1	0	0	1	1	-1	1	1	0	-1	-1	0	-1	1	1	0	0	1	1	-1	-1	0	-1	1	1	0	0	1	1	1	1	1	0	-1	-1	1	1	1	1	-1	-1	1	-1	0	0	0	0	0	1	-1	0	1	0	0	1	0	-1	1	0	0	0	-1	-1	1	19302668	44	female	democrat	high_school	married	employee	white	other:Christian	no	yes
20244740	0	0	0	1	-1	0	0	0	0	1	0	0	0	0	0	0	0	0	0	0	-1	0	-1	0	-1	0	-1	0	0	0	-1	0	-1	0	0	0	-1	0	0	0	-1	0	-1	0	0	0	1	0	1	0	0	0	0	0	-1	0	1	0	0	0	-1	0	0	0	0	1	0	-1	0	1	1	1	-1	1	0	-1	1	0	0	0	0	-1	0	0	0	-1	-1	1	-1	0	0	0	-1	1	0	0	0	1	0	0	0	-1	1	1	-1	0	0	0	-1	0	1	-1	0	0	-1	-1	-1	0	1	0	0	-1	0	0	0	0	0	1	0	0	1	0	0	
43676331	0	0	0	0	0	0	0	0	0	0	0	-1	0	0	0	0	0	0	0	0	0	0	0	0	0	0	0	1	0	0	0	0	0	0	0	0	0	0	0	0	0	0	0	0	0	0	0	0	0	0	0	0	0	0	0	0	0	0	0	0	0	0	0	0	0	0	0	0	0	0	1	0	0	0	0	0	1	-1	1	-1	0	0	0	0	0	0	0	0	0	0	0	0	0	0	0	0	0	0	1	0	0	0	0	0	0	0	0	0	0	0	0	0	0	0	0	0	0	0	0	0	0	0	0	0	0	0	0	0	0	0	0	0	0	
33708599	0	0	0	0	0	0	-1	0	0	0	0	0	0	0	0	1	-1	0	0	0	0	1	0	0	0	-1	0	0	1	0	0	0	0	0	0	0	1	0	0	0	1	1	0	0	0	0	0	-1	0	0	0	0	0	0	0	0	0	0	0	0	-1	1	1	1	1	0	0	0	0	0	0	0	0	0	-1	0	0	0	0	0	1	1	0	1	0	0	0	0	0	-1	-1	-1	0	0	1	0	0	0	0	0	0	0	0	0	0	0	1	0	0	0	0	0	1	-1	-1	1	0	1	0	1	1	0	0	0	1	1	0	0	0	0	0	0	0	33708599	31	female	none	bachelor	single_living_with_partner	employee	white	other:Non religious	yes	yes
39021669	0	1	0	0	0	0	0	0	1	1	0	0	0	0	0	1	0	0	0	0	0	1	1	1	0	1	0	0	0	0	-1	0	0	0	0	0	0	0	0	0	0	1	0	1	0	0	0	0	0	0	0	0	0	0	1	0	0	-1	0	0	0	0	0	0	0	0	1	0	0	0	0	-1	0	1	-1	0	0	-1	0	0	0	1	0	1	0	1	1	1	0	0	0	0	0	0	0	0	1	0	0	0	0	0	0	0	0	0	0	0	-1	0	0	0	1	1	1	1	0	1	0	1	0	0	0	1	0	1	1	0	1	1	-1	0	1	39021669	43	female	democrat	vocational_secondary_certification	single_living_with_partner	employee	other	Roman Catholic	yes	yes
34070076	0	0	0	-1	0	-1	0	1	1	0	0	0	1	0	0	0	0	0	1	0	0	0	1	0	0	0	0	0	0	0	-1	0	0	0	0	0	1	1	1	1	0	0	0	1	0	0	1	0	0	0	0	1	0	1	0	1	1	0	0	0	1	1	0	0	0	0	1	0	0	0	1	0	1	0	0	0	0	1	0	0	1	0	0	0	1	1	-1	1	0	0	0	0	0	0	0	0	1	0	0	0	0	1	0	0	0	1	0	0	0	1	0	-1	0	0	0	0	-1	1	0	0	0	0	0	0	0	0	1	0	1	1	0	0	1	34070076	30	male	none	bachelor	single_living_alone	employee	asien	Roman Catholic	yes	yes
43847840	0	0	0	0	0	0	0	0	0	1	0	1	0	0	0	1	1	0	0	0	0	1	1	0	1	1	1	1	0	0	0	0	0	0	0	0	0	0	0	0	0	0	1	0	1	0	0	0	-1	0	0	0	0	0	0	0	0	0	0	0	1	0	0	0	0	0	0	0	0	0	-1	-1	0	1	1	0	1	0	0	0	0	1	0	0	0	0	1	0	1	0	0	0	0	1	0	0	0	0	0	0	0	0	0	0	0	0	0	0	1	-1	0	0	1	1	1	1	0	0	0	1	0	0	0	0	0	1	1	0	0	0	0	0	0	43847840	31	male	democrat	bachelor	single_living_alone	selfemployed	black_or_african_american	Roman Catholic	yes	yes
31888345	0	0	0	0	0	0	0	0	0	0	0	0	1	0	1	0	1	0	0	0	0	0	0	0	1	0	1	1	0	0	0	0	0	0	0	0	0	0	0	0	0	1	0	0	1	1	1	-1	1	0	0	0	0	0	0	0	0	0	0	0	1	1	0	0	0	0	0	0	0	1	0	0	1	0	0	0	0	0	0	-1	0	0	0	1	0	0	0	0	0	0	0	0	-1	0	0	0	0	0	0	1	0	1	-1	0	0	0	0	0	0	-1	0	0	0	0	0	0	0	0	1	0	0	-1	0	-1	1	0	0	0	0	1	0	0	0	31888345	23	female	republican	bachelor	single_living_with_parents	unemployedseeking_employment	asien	Atheist / Agnostic	yes	yes
43855522	0	0	0	0	0	0	0	0	0	0	0	0	0	0	1	0	0	0	1	0	0	0	0	0	0	0	0	1	1	0	0	0	0	0	0	0	0	0	0	0	0	0	0	0	1	0	1	1	1	0	0	0	0	0	0	0	0	0	0	0	1	1	0	0	1	0	1	0	0	0	0	0	0	0	0	0	0	1	0	1	0	0	0	1	0	1	0	0	0	1	1	1	0	-1	1	0	0	0	0	0	0	0	0	0	0	0	-1	0	0	1	0	0	0	0	0	0	0	0	0	0	0	1	1	1	0	0	0	0	0	1	0	0	1	43855522	26	male	democrat	bachelor	single_living_alone	employee	white	Roman Catholic	yes	yes
30408589	1	-1	-1	0	1	0	1	-1	0	1	-1	-1	-1	-1	1	-1	0	0	0	0	0	0	1	0	0	0	0	-1	-1	0	1	1	-1	0	1	-1	-1	-1	0	1	1	0	-1	-1	-1	0	-1	0	-1	0	1	1	1	1	0	-1	0	0	0	-1	0	0	-1	-1	0	0	0	1	0	-1	-1	-1	0	0	-1	-1	1	1	1	0	-1	0	1	1	1	0	0	0	0	-1	0	0	0	-1	-1	-1	0	-1	0	-1	0	0	1	1	1	0	1	-1	-1	-1	-1	1	-1	0	-1	-1	-1	1	1	-1	-1	-1	-1	0	0	-1	1	0	0	0	0	1	0	
15193250	0	1	0	1	0	0	0	0	0	1	1	0	0	0	0	0	0	1	0	0	0	0	0	0	0	0	0	0	0	1	0	0	0	0	0	0	0	0	1	0	0	0	0	0	0	0	0	-1	-1	1	1	1	0	1	1	0	0	1	0	0	0	0	1	1	0	0	0	0	1	0	0	-1	0	0	0	0	1	1	-1	1	0	0	0	0	0	0	0	0	0	0	0	0	0	0	1	1	0	0	0	0	0	0	0	0	1	1	1	1	0	0	0	0	0	0	0	0	-1	1	1	1	0	1	0	0	0	0	1	0	0	0	0	-1	0	
34854490	0	0	0	0	0	0	0	0	0	0	0	0	0	0	0	0	0	0	0	0	0	0	0	0	0	0	0	0	0	0	0	0	0	0	0	0	0	0	0	0	0	0	0	0	0	0	0	0	0	0	0	0	0	0	0	0	0	0	0	0	0	0	0	0	0	0	0	0	0	0	0	0	0	0	0	0	0	0	0	0	0	0	1	0	0	0	0	0	0	0	0	0	0	0	0	0	0	0	0	0	0	0	0	1	0	0	0	0	1	0	0	0	0	0	0	0	0	0	0	0	0	0	0	0	0	0	0	0	0	0	-1	0	0	34854490	35	male	democrat	bachelor	single_living_with_parents	other:caregiver	asien	Atheist / Agnostic	yes	yes
43981010	0	0	0	0	0	0	0	0	0	0	0	0	0	0	0	0	0	1	0	1	1	0	0	0	1	-1	1	1	0	0	0	0	0	0	0	0	0	0	0	0	0	0	1	0	0	0	0	0	0	0	1	0	0	0	0	0	0	1	0	0	0	0	0	0	0	0	0	0	1	1	1	1	0	0	0	0	1	0	0	0	0	0	0	0	0	0	0	0	1	-1	-1	-1	0	0	0	0	0	0	0	0	0	0	0	0	0	0	0	0	0	-1	0	0	0	0	0	0	0	0	0	0	1	-1	1	-1	0	1	1	0	0	1	0	0	0	
19638651	0	0	0	0	0	0	0	0	0	0	1	0	0	0	0	0	0	0	-1	0	0	0	0	0	0	0	1	0	1	0	0	0	0	0	0	0	0	0	0	0	0	0	0	0	0	0	0	0	0	0	0	0	0	0	0	0	0	0	0	0	0	0	1	0	0	0	1	0	0	0	0	0	0	0	0	0	0	0	0	0	0	0	0	0	0	0	0	0	0	0	0	0	0	0	0	0	0	0	0	0	0	0	0	0	0	0	0	0	0	0	0	0	0	0	0	0	0	0	0	0	0	0	0	0	0	0	0	0	0	0	0	0	0	
11521789	0	0	0	0	0	0	0	0	0	0	1	0	0	1	0	-1	0	0	0	0	0	0	1	0	0	1	1	0	0	0	0	0	0	1	0	0	0	0	0	0	0	0	0	0	0	0	0	0	0	0	0	0	1	1	-1	1	0	0	0	1	0	0	1	0	1	1	1	1	0	0	0	0	0	1	0	0	0	1	0	0	0	0	0	0	0	0	0	0	0	0	1	0	0	0	0	0	0	0	0	0	0	0	0	0	0	0	0	0	0	0	0	0	0	0	0	0	-1	-1	-1	1	0	0	1	0	0	0	1	0	0	0	1	0	0	11521789	54	male	republican	some_college	other:Separated	employee	asien	Protestant	yes	yes
43699918	1	1	0	-1	0	0	1	0	1	1	-1	1	0	1	-1	0	0	1	1	1	0	1	-1	1	1	1	1	1	0	0	0	1	0	0	1	0	1	0	1	1	1	-1	1	1	0	0	0	-1	0	1	1	1	1	0	1	-1	0	1	1	1	0	0	0	1	1	0	0	0	1	1	1	-1	0	0	0	0	1	1	0	1	0	1	1	1	0	0	1	0	0	1	1	1	0	0	0	1	0	1	0	0	0	1	0	0	1	0	1	0	0	1	0	1	1	0	0	0	0	0	0	-1	1	1	1	1	0	1	1	-1	0	-1	0	0	-1	43699918	23	male	republican	some_college	single_living_with_partner	student	hispanic_american	Protestant	yes	yes
41841195	0	0	0	0	0	-1	0	0	0	0	0	0	0	0	0	0	0	0	0	0	0	0	0	0	0	0	0	0	0	0	0	0	0	0	0	0	0	0	0	0	0	0	0	0	0	0	0	0	0	0	1	0	0	0	0	0	0	0	0	0	0	0	0	0	0	0	0	0	0	0	0	0	0	0	0	0	0	0	0	0	0	0	0	0	0	-1	0	0	0	0	0	0	0	0	0	0	0	0	0	0	0	0	0	0	0	0	0	0	0	0	0	0	0	0	0	0	0	0	0	0	0	0	0	0	0	0	0	0	1	0	0	0	0	41841195	32	female	independent	some_college	single_living_with_partner	other:homemaker	white	Atheist / Agnostic	no	yes
40668212	0	0	0	0	0	0	0	0	0	0	0	0	0	1	0	0	0	0	0	0	0	0	0	0	0	0	0	0	0	0	0	0	0	1	0	0	0	0	0	0	0	0	0	0	0	0	0	0	0	0	0	0	0	0	0	0	0	0	0	0	0	0	0	0	0	0	0	0	0	0	0	0	0	1	0	0	0	0	0	0	0	0	0	0	0	0	0	0	0	0	-1	0	0	0	0	0	0	0	0	0	0	0	0	0	0	0	0	0	0	0	0	0	0	0	0	0	0	0	0	0	0	0	0	0	0	0	0	0	0	0	0	0	0	
42082009	0	0	0	0	-1	0	0	0	0	0	0	0	0	0	0	0	0	0	0	0	0	0	0	0	0	0	0	0	0	0	0	0	1	0	0	0	0	0	0	0	0	0	0	0	0	0	0	0	0	0	0	0	0	0	0	0	0	0	0	0	0	0	0	0	0	0	0	0	0	0	0	0	0	0	0	0	0	0	0	0	0	0	0	0	0	0	0	0	0	0	0	0	0	0	0	0	0	0	0	0	0	0	0	0	-1	0	0	0	0	0	0	0	0	0	0	0	0	0	0	0	0	0	0	0	0	0	0	1	0	0	0	0	0	42082009	28	female	democrat	bachelor	single_living_with_partner	employee	white	Roman Catholic	yes	yes
34689613	1	0	0	0	0	1	0	0	0	0	0	1	0	1	0	0	0	0	0	0	0	0	0	0	0	-1	0	0	0	1	0	0	1	-1	-1	1	0	0	0	1	0	-1	0	0	0	0	0	0	0	0	0	0	0	0	0	0	0	0	0	1	0	0	0	0	0	0	0	1	0	0	0	0	-1	-1	0	0	0	0	0	0	1	0	1	0	0	0	0	0	0	0	0	0	0	0	-1	0	0	0	0	0	0	0	0	0	0	0	0	0	0	0	1	-1	0	0	0	1	0	0	0	0	0	0	0	0	0	0	0	0	0	0	0	0	0	
40790579	0	1	0	1	1	1	1	1	0	0	1	0	1	0	0	1	1	0	1	0	1	1	1	1	0	1	0	0	1	0	0	0	0	0	1	1	1	1	0	0	0	0	1	0	0	0	1	0	0	1	1	0	1	1	1	1	0	1	0	0	1	1	1	1	0	1	0	0	1	0	0	1	0	0	1	0	0	0	0	0	0	1	0	0	1	0	1	1	0	1	1	0	0	1	0	1	1	0	0	1	0	0	0	1	0	0	0	0	1	0	0	0	1	1	1	1	0	0	0	1	1	1	1	0	1	1	0	0	0	0	0	1	0	40790579	29	male	democrat	bachelor	single_living_alone	employee	other	Muslim	no	no
43943676	0	0	0	0	-1	0	-1	0	0	0	0	1	1	1	1	1	0	0	0	0	0	1	0	0	0	0	0	1	0	0	0	0	0	0	0	0	0	0	1	0	0	0	0	0	0	0	0	0	0	0	0	0	1	0	0	0	0	0	-1	0	-1	1	1	1	0	0	0	0	0	0	1	0	0	0	0	0	1	0	0	-1	0	0	0	0	0	0	0	0	0	1	0	0	0	0	0	0	0	0	1	0	0	0	0	0	0	0	0	0	0	0	0	0	0	0	0	0	0	0	1	0	0	0	0	0	0	0	0	0	0	0	0	1	0	
43606269	0	1	1	0	1	0	1	0	0	1	0	0	0	1	1	0	1	1	0	1	1	0	0	0	1	1	1	1	0	0	1	1	1	0	0	0	1	1	0	0	1	1	1	1	0	0	0	1	0	1	1	0	1	0	0	0	0	1	0	0	0	1	0	1	1	0	0	0	1	1	1	1	0	1	0	0	1	1	0	1	1	0	0	0	0	1	1	0	1	1	1	1	0	0	0	1	0	0	0	0	0	1	0	0	1	1	1	1	1	1	0	1	0	0	0	0	0	1	0	1	1	1	1	1	1	1	1	1	1	1	0	0	1	
43869435	0	0	0	0	0	1	0	0	0	0	0	0	0	0	-1	0	0	0	1	0	0	0	0	0	0	0	0	1	1	0	0	0	0	0	0	0	0	0	0	0	0	0	0	0	-1	1	1	-1	-1	0	1	0	0	0	0	0	0	0	0	0	0	0	1	1	0	0	1	0	0	0	0	0	0	0	0	0	0	-1	0	-1	0	0	0	1	0	-1	0	0	0	0	0	-1	0	1	0	0	0	0	0	0	0	0	0	0	0	0	0	0	0	-1	0	0	0	0	0	0	0	0	0	0	0	-1	-1	1	1	0	0	0	1	-1	1	-1	1	
43967735	0	0	1	-1	1	0	0	1	0	1	1	1	1	1	-1	-1	1	-1	-1	0	-1	0	-1	0	0	0	0	0	-1	-1	1	0	-1	0	0	0	-1	-1	0	1	1	0	1	0	-1	-1	-1	1	-1	0	1	-1	-1	1	-1	-1	-1	0	0	-1	0	0	1	0	0	0	0	1	1	-1	1	1	0	0	0	0	0	-1	1	-1	-1	-1	-1	1	1	0	0	0	0	-1	0	0	0	1	-1	0	0	1	0	1	0	0	0	-1	1	0	1	-1	0	0	1	0	1	1	-1	-1	-1	0	1	-1	1	-1	-1	0	0	-1	-1	0	1	0	0	-1	0	
43510526	0	0	0	0	0	0	0	0	0	0	0	0	0	0	0	0	0	0	0	0	0	0	0	0	0	0	0	0	0	0	0	0	1	0	0	0	0	0	0	0	0	0	0	0	0	0	0	0	0	0	0	0	1	1	1	-1	0	0	0	0	0	0	0	0	0	0	0	0	0	0	0	0	0	0	0	0	0	0	0	0	0	0	0	0	0	0	0	0	0	0	0	0	0	0	0	0	0	1	0	0	0	0	0	0	0	0	0	0	0	0	0	0	0	-1	0	0	0	0	0	0	0	0	0	0	0	0	0	0	0	0	0	0	1	43510526	30	female	none	bachelor	single_living_alone	retired	hispanic_american	Russian Orthodox	yes	no
43857136	0	1	0	0	0	0	0	0	0	0	1	0	0	0	0	0	0	0	0	0	0	0	0	0	0	0	-1	0	0	0	0	0	0	0	0	0	0	0	0	0	0	0	0	0	0	0	0	0	0	0	0	0	0	0	-1	0	0	1	0	0	0	0	1	0	0	0	0	0	0	0	0	0	0	0	0	0	0	0	0	0	0	0	0	0	0	0	0	0	0	0	0	0	0	0	0	0	-1	1	1	1	0	0	0	0	0	0	0	0	1	1	1	-1	0	1	0	0	0	0	0	0	0	0	1	0	0	0	0	0	0	0	0	0	0	
31613324	0	0	0	0	0	1	0	0	0	0	0	0	0	0	1	0	0	0	1	0	0	0	0	0	0	0	0	1	1	0	0	0	0	0	0	0	0	0	0	0	0	0	0	0	1	1	1	1	1	0	1	0	0	0	0	0	0	0	0	0	0	0	1	1	0	0	1	0	0	0	0	0	0	0	0	0	0	1	0	1	0	0	0	1	0	1	0	0	0	0	0	1	0	1	0	0	0	0	0	0	0	0	0	0	0	0	0	0	0	1	0	0	0	0	0	0	0	0	0	0	0	1	1	1	1	0	0	0	1	1	1	1	1	
43650804	0	0	0	0	0	-1	1	0	0	0	0	0	0	0	0	0	0	0	0	0	0	0	1	0	1	0	0	0	0	-1	0	0	0	0	0	0	-1	1	1	1	1	0	0	0	0	0	0	0	-1	0	0	-1	0	0	0	0	0	-1	0	0	-1	-1	0	0	0	0	0	0	0	0	1	0	0	0	-1	0	0	0	0	0	0	0	0	0	0	0	0	0	-1	0	0	0	0	1	0	0	0	0	0	0	0	0	-1	0	1	0	1	0	0	0	0	0	0	0	0	1	-1	0	0	0	0	0	0	0	0	0	0	0	0	0	0	0	0	
43679467	0	0	0	0	0	0	0	0	0	0	1	0	0	0	0	1	0	0	0	0	0	-1	0	0	0	1	0	0	1	0	0	0	0	0	0	0	0	0	0	0	0	0	0	0	0	0	0	0	0	0	0	0	1	-1	1	1	0	0	0	0	-1	1	1	1	0	0	0	0	0	0	0	0	0	0	0	0	0	0	0	0	0	1	0	0	0	0	1	0	0	1	1	0	0	0	0	0	0	0	0	1	0	0	0	0	0	0	0	0	-1	0	0	0	1	-1	1	1	0	0	0	1	0	0	0	0	-1	1	0	0	0	0	0	0	0	43679467	23	female	democrat	bachelor	single_living_with_parents	employee	white	Roman Catholic	yes	yes
23711512	0	0	0	-1	0	-1	0	0	0	0	0	0	1	0	0	0	0	0	0	0	-1	0	0	0	0	0	0	0	0	0	0	0	0	0	0	0	1	0	0	0	0	0	0	0	0	0	0	0	0	0	0	1	0	0	0	0	0	0	0	0	0	1	0	0	0	0	0	1	0	0	0	0	1	0	0	0	1	0	0	0	0	0	0	0	0	0	0	0	0	0	0	0	0	0	0	0	0	0	0	1	0	0	0	0	0	0	0	0	0	0	0	0	0	0	0	0	-1	0	0	0	0	0	0	0	0	0	0	0	0	0	0	0	0	23711512	33	female	independent	vocational_secondary_certification	single_living_alone	employee	white	Protestant	no	yes
18979155	0	0	0	0	0	0	0	0	0	0	0	0	0	0	1	0	0	0	0	0	0	0	0	0	0	0	1	0	0	0	0	1	0	0	0	0	0	0	0	0	0	0	0	0	0	0	0	0	0	0	0	0	0	0	0	0	0	0	0	0	0	1	0	1	0	0	0	0	0	0	0	0	0	0	0	0	0	0	0	0	0	0	0	0	0	0	0	0	0	0	0	0	0	0	0	0	0	0	0	0	0	0	0	0	0	0	-1	0	0	0	0	0	0	0	0	0	0	0	0	0	1	0	0	0	0	0	0	1	0	0	0	0	0	18979155	26	female	none	high_school	single_living_with_parents	unemployedseeking_employment	white	Atheist / Agnostic	no	yes
34081916	0	0	0	0	0	0	0	0	0	0	0	0	0	0	0	0	0	0	0	0	0	0	0	0	0	0	0	0	0	0	0	0	0	0	0	0	0	0	0	0	0	0	0	0	0	0	0	0	0	0	0	0	0	0	0	0	0	0	0	0	1	1	1	1	0	0	0	0	0	0	0	0	0	0	0	0	0	0	0	0	0	0	0	0	0	0	0	0	0	0	0	0	0	0	0	0	0	0	0	0	0	0	0	0	0	0	0	0	0	0	0	0	0	0	0	0	0	0	0	0	0	0	0	0	0	0	0	0	0	0	0	0	0	
12366026	0	0	0	1	0	0	0	1	0	1	1	-1	0	0	0	-1	0	1	1	1	0	-1	0	0	0	0	0	1	1	1	-1	1	1	0	0	1	0	0	1	-1	0	0	0	0	1	1	0	-1	1	1	1	1	0	0	0	1	-1	1	-1	1	0	0	1	1	0	1	0	0	0	0	1	1	0	0	0	1	0	0	1	0	0	0	0	0	0	0	0	1	0	0	0	0	0	0	1	1	1	0	1	0	0	1	0	0	0	0	0	1	0	0	0	0	0	1	1	1	-1	0	0	0	0	0	0	0	0	0	0	0	0	0	0	0	0	12366026	23	female	democrat	master	single_living_alone	employee	white	Atheist / Agnostic	yes	yes
43046630	0	0	0	0	0	0	1	0	0	0	0	0	0	0	0	0	0	0	0	1	0	0	0	0	0	0	0	0	0	0	0	0	0	0	0	0	0	0	0	0	1	0	0	0	0	1	0	0	0	0	0	0	0	0	0	0	0	0	0	0	0	0	0	0	0	0	0	0	0	0	0	0	0	0	0	0	0	0	0	0	0	0	0	0	0	0	0	0	0	0	0	0	0	0	0	0	0	0	0	0	0	0	0	0	1	0	1	0	0	0	1	0	0	0	0	0	0	0	0	-1	0	0	0	0	0	0	0	0	0	0	0	0	0	
35849301	0	0	0	0	0	0	0	0	0	0	0	0	-1	1	1	1	0	0	0	0	0	0	0	0	0	0	0	0	1	0	0	0	0	0	0	0	0	0	0	0	0	0	0	0	1	0	0	0	0	0	0	1	0	0	0	0	0	0	-1	0	0	0	0	0	0	0	0	0	0	0	0	0	0	0	0	0	0	0	0	0	0	0	0	0	0	0	0	0	0	0	0	0	0	0	0	0	0	0	0	0	0	0	0	0	0	0	0	0	0	0	0	0	0	0	0	0	0	0	0	0	0	0	0	0	0	0	0	0	0	0	0	0	0	
43684066	1	1	1	0	0	0	1	0	1	0	0	0	1	0	1	1	0	0	1	0	0	1	-1	0	0	0	0	1	1	0	1	0	1	1	0	1	0	0	1	0	0	0	0	1	1	1	0	-1	0	0	0	-1	1	1	-1	1	0	1	-1	1	0	0	0	-1	1	1	1	1	0	1	0	0	0	1	0	-1	1	1	0	0	-1	1	1	0	1	0	0	0	0	1	-1	0	0	0	0	0	0	1	0	1	0	1	0	0	0	0	0	0	1	-1	1	1	0	1	1	1	1	1	0	1	0	0	0	0	0	0	1	0	1	1	1	1	1	
43947238	0	0	1	0	0	0	0	0	0	0	0	0	0	0	0	0	0	0	0	0	1	1	1	1	1	1	1	1	0	0	0	0	0	0	0	0	0	0	1	1	0	0	0	1	0	0	0	0	0	0	0	0	0	0	0	-1	0	0	1	0	0	0	0	0	0	0	0	0	0	0	0	0	0	0	0	0	0	0	0	0	0	0	0	0	0	0	0	0	1	0	0	0	0	0	0	0	0	0	0	0	0	0	0	0	0	0	0	0	0	0	0	0	1	0	0	0	0	0	0	0	0	0	0	0	0	0	0	0	0	0	0	0	0	
43840741	0	0	0	0	0	0	0	0	0	0	0	0	0	-1	0	0	0	0	0	0	0	0	0	0	0	1	0	0	0	0	0	0	0	0	0	0	0	0	0	1	0	0	0	0	0	0	0	0	0	0	0	0	0	0	0	0	0	0	0	1	0	0	0	0	0	0	0	0	0	0	0	0	1	0	0	0	0	0	0	0	0	0	1	0	0	0	0	0	0	0	0	0	0	0	1	0	0	0	0	0	0	0	0	0	0	0	0	0	0	0	1	0	0	0	0	0	0	0	0	0	0	0	0	0	0	0	0	0	0	0	0	0	0	43840741	48	female	democrat	vocational_secondary_certification	single_living_with_partner	selfemployed	white	Roman Catholic	no	yes
43797734	0	0	1	0	0	0	0	0	1	0	0	0	0	0	0	0	0	0	0	0	0	0	0	0	0	0	0	0	-1	0	0	0	0	0	0	0	0	0	0	0	0	0	0	0	1	0	0	0	0	0	0	1	0	-1	0	-1	0	0	1	0	0	0	0	0	0	0	0	0	0	0	0	0	0	0	0	0	0	0	1	0	1	0	-1	0	1	0	0	0	0	0	0	0	0	0	0	0	0	0	-1	0	0	0	0	0	0	0	0	0	0	0	0	0	0	0	0	0	0	0	0	0	0	0	0	0	0	0	0	0	0	0	0	0	0	
15004831	-1	0	1	0	0	0	-1	1	-1	0	0	0	0	0	0	0	0	0	1	1	0	1	1	0	0	0	0	0	1	1	-1	1	1	0	0	0	0	0	1	1	0	0	1	1	-1	1	0	-1	0	0	0	1	1	1	1	1	0	1	-1	1	0	0	0	0	1	0	1	0	0	0	0	0	0	0	1	0	1	1	0	0	-1	0	1	0	1	0	0	0	1	1	-1	-1	0	0	0	0	-1	1	1	0	0	-1	1	0	0	0	0	0	0	-1	1	0	0	1	0	0	0	1	-1	1	0	0	0	0	0	1	1	0	1	1	1	1	1	
43948769	0	-1	1	0	1	0	0	0	0	0	0	0	1	1	1	0	0	1	0	1	1	0	1	0	1	0	1	0	0	0	1	1	1	0	0	0	0	1	0	0	0	1	0	-1	0	0	0	0	-1	1	0	0	1	0	1	0	0	0	0	0	0	0	0	0	0	0	0	1	1	1	1	1	1	0	0	0	1	1	0	-1	0	1	0	0	0	1	0	0	0	1	1	1	1	1	0	-1	0	0	0	1	0	1	1	0	1	1	0	1	0	0	0	-1	0	0	0	1	0	0	1	0	0	1	0	-1	1	1	1	0	1	0	0	0	1	
43858972	0	0	0	0	0	0	0	0	0	0	0	0	0	0	0	0	0	0	0	0	0	0	0	0	0	0	0	0	1	0	0	0	0	0	0	0	0	0	0	0	0	0	0	0	0	0	0	0	0	0	0	0	0	0	0	0	0	0	0	0	1	1	1	1	1	0	0	0	0	0	0	0	0	0	0	0	0	1	0	0	0	0	0	1	0	1	0	0	0	1	1	1	0	1	1	0	0	0	0	0	0	0	0	0	0	0	1	0	0	0	0	0	0	0	0	0	0	0	0	0	0	0	0	0	1	0	0	0	1	1	1	1	1	
43836952	1	0	0	0	0	0	0	0	1	0	0	0	0	1	0	0	0	0	0	0	0	0	0	1	0	1	0	0	0	1	0	0	1	1	-1	1	0	0	0	1	0	0	0	0	0	0	0	0	0	0	0	0	0	0	0	0	0	0	0	1	0	0	0	0	0	0	0	0	0	0	0	0	-1	0	0	0	0	0	0	0	0	0	-1	-1	0	0	0	1	0	0	0	0	0	0	1	0	0	0	0	0	0	0	0	1	0	0	0	0	1	0	1	-1	0	0	0	0	0	0	0	0	0	0	0	0	0	0	0	0	0	0	1	0	0	
29738307	0	0	0	0	0	0	0	0	0	0	0	0	0	0	0	0	0	0	0	0	0	0	0	0	1	1	1	1	0	0	0	0	0	0	0	0	0	0	0	0	0	0	0	0	0	0	0	0	0	0	0	0	0	0	0	0	0	0	0	0	0	0	0	0	0	0	0	0	0	0	0	0	0	0	0	0	0	0	0	0	0	0	0	0	0	0	0	0	0	0	0	0	0	0	0	0	0	0	0	0	0	0	0	0	0	0	0	0	0	0	0	0	0	0	0	0	0	0	0	0	0	0	0	0	0	0	0	0	0	0	0	0	0	29738307	21	female	democrat	some_college	single_living_with_parents	student	white	Atheist / Agnostic	yes	yes
30501721	0	1	1	0	0	0	0	0	1	0	0	-1	0	0	0	0	1	0	0	0	0	0	0	1	1	0	0	0	1	0	0	0	1	0	0	0	0	0	0	1	0	0	0	0	-1	0	0	0	-1	0	0	1	0	1	0	0	0	0	-1	0	0	0	0	0	1	0	1	0	0	0	0	0	1	1	-1	-1	0	0	1	0	0	0	1	1	0	0	1	1	0	0	0	-1	1	0	0	0	0	1	1	0	1	0	-1	1	-1	1	1	1	1	0	0	0	0	1	0	0	0	0	-1	0	0	0	0	-1	0	0	0	0	0	0	-1	0	1	30501721	32	female	none	vocational_secondary_certification	single_living_with_partner	other:Homemaker	white	other:Christian/Southern Baptist	yes	yes
25955589	0	0	0	0	0	0	0	0	0	0	0	0	0	0	0	0	0	0	0	0	0	0	0	0	0	0	0	0	0	0	0	0	0	0	0	0	0	0	0	0	0	0	0	0	0	0	1	0	0	0	0	0	0	0	0	0	-1	0	0	0	0	0	0	0	0	0	0	0	0	0	0	0	0	0	0	0	0	0	0	0	0	0	0	0	1	1	1	1	0	0	0	0	0	0	0	0	0	0	0	0	1	0	0	0	0	0	0	0	0	0	0	1	0	0	0	0	0	0	0	0	0	0	0	0	0	0	0	0	0	0	0	0	0	
43642386	0	0	0	0	-1	-1	1	1	0	0	0	0	0	0	1	0	0	0	0	0	0	0	0	1	0	0	1	0	0	0	0	-1	0	0	0	1	0	0	0	0	0	0	0	0	0	0	0	0	0	0	-1	0	0	0	0	0	0	0	0	0	0	-1	1	1	1	0	0	0	0	0	0	-1	0	0	0	0	0	-1	0	0	0	0	0	1	0	-1	0	0	0	0	0	-1	1	1	0	1	1	0	0	0	0	0	0	-1	0	0	1	0	0	0	0	0	-1	0	0	0	0	0	0	0	1	0	0	0	1	0	0	1	1	1	1	-1	1	43642386	34	male	democrat	bachelor	married	selfemployed	hispanic_american	Protestant	yes	yes
10959404	0	0	0	0	0	0	0	0	0	0	0	0	0	0	0	0	0	0	0	0	1	0	0	0	0	0	0	1	0	0	-1	0	0	0	0	0	0	0	0	0	0	1	0	0	0	-1	1	0	-1	0	0	0	0	0	0	0	0	0	0	0	0	0	0	0	0	0	-1	-1	0	0	0	0	0	0	0	0	1	0	0	-1	0	0	0	0	0	-1	0	0	0	0	0	0	0	0	0	0	0	0	0	1	0	0	0	0	0	0	0	0	0	-1	0	0	0	0	0	0	0	0	0	0	0	0	0	0	1	0	0	0	0	1	0	0	1	
43641877	1	0	0	1	1	0	0	0	1	0	0	1	1	1	1	1	0	0	0	1	0	1	0	0	0	0	0	-1	0	1	0	0	0	0	-1	0	1	0	1	0	1	0	0	0	0	1	-1	0	1	0	1	-1	1	1	0	0	0	0	1	0	0	0	1	0	1	1	0	1	1	1	1	0	0	0	0	0	1	1	1	1	-1	1	0	0	0	0	1	0	0	1	-1	1	0	1	1	1	0	0	1	0	0	0	0	0	0	0	0	0	0	0	1	0	0	1	0	0	0	1	1	1	1	1	0	0	0	0	1	0	0	0	0	1	0	
43584008	0	0	0	0	0	0	0	0	0	0	0	0	0	0	0	0	0	0	0	0	0	0	0	0	0	0	0	0	0	0	0	0	0	0	0	0	0	0	0	0	0	0	0	0	0	0	0	0	0	0	0	0	0	0	0	0	0	0	0	0	0	0	0	0	0	0	0	0	0	0	0	0	0	0	0	0	0	0	0	0	0	0	0	0	0	0	0	0	0	0	0	0	0	0	0	0	0	0	0	0	0	0	0	0	0	0	0	0	0	0	0	0	0	0	0	0	0	0	0	0	0	0	0	0	0	0	0	0	1	-1	-1	-1	0	43584008	29	female	democrat	master	single_living_with_partner	student	white	Atheist / Agnostic	yes	yes
43851278	0	0	0	0	0	-1	0	0	0	0	0	0	0	0	1	0	0	0	1	0	0	0	0	0	0	0	0	1	-1	0	0	0	0	0	0	0	0	0	0	0	0	0	0	0	1	1	1	1	1	0	1	0	0	0	0	0	0	0	0	0	0	0	1	1	0	0	1	0	0	0	0	0	0	0	0	0	0	1	0	1	0	0	0	1	0	0	0	0	0	0	0	1	0	1	0	0	0	0	0	0	0	0	0	0	0	0	0	0	0	1	0	0	0	0	0	0	0	0	0	0	0	1	1	-1	1	0	0	0	0	0	1	1	1	43851278	25	male	democrat	bachelor	single_living_with_parents	employee	black_or_african_american	Protestant	yes	yes
25358609	0	0	0	0	0	0	0	0	0	0	0	0	0	0	0	0	0	0	0	0	0	0	0	0	0	0	0	0	1	0	0	0	0	0	0	0	0	0	0	0	0	0	0	0	0	0	0	0	0	0	0	0	0	0	0	0	0	0	0	0	0	0	0	0	0	0	0	0	0	0	0	0	0	0	0	0	0	0	0	0	0	0	0	0	0	0	0	0	0	-1	1	0	0	0	0	0	0	0	0	0	0	0	0	0	0	0	0	0	0	0	0	0	0	0	0	0	0	0	0	0	0	0	0	0	1	0	0	0	0	0	0	0	0	25358609	47	female	democrat	bachelor	single_living_alone	unemployedseeking_employment	asien	Buddhist	yes	yes
39531214	1	1	0	0	0	1	0	0	0	0	1	0	0	1	0	1	1	0	0	0	0	0	0	0	1	1	1	0	0	1	0	0	-1	-1	1	1	0	0	0	0	0	1	0	0	1	0	0	0	1	0	0	0	0	1	0	0	0	0	0	1	0	0	1	0	-1	0	1	1	0	0	0	0	1	1	1	1	0	0	0	0	1	0	1	0	0	0	1	0	0	0	0	1	1	0	1	0	0	0	1	0	1	0	1	0	1	1	1	1	0	0	1	1	0	0	0	1	0	0	1	0	0	0	1	1	0	0	0	0	0	0	0	0	0	
27947324	0	0	0	0	0	0	0	1	1	1	1	-1	0	0	0	0	0	0	1	0	0	0	1	0	0	0	0	0	0	0	-1	0	0	0	0	0	0	0	0	0	0	0	0	1	0	0	0	0	0	0	0	0	0	0	0	0	0	0	0	0	1	-1	1	1	1	0	1	0	0	0	0	0	0	0	0	0	0	1	1	0	0	0	0	1	0	0	0	0	0	0	0	0	1	1	1	1	1	0	0	0	0	1	0	0	0	0	1	0	0	0	0	0	0	0	0	0	0	1	0	0	0	0	0	0	0	0	1	0	1	1	1	0	1	27947324	40	male	democrat	bachelor	married	employee	hispanic_american	Roman Catholic	yes	yes
8921119	0	-1	0	0	1	0	0	0	0	1	0	0	1	1	1	0	0	1	0	0	1	0	1	0	1	0	1	0	0	0	1	-1	1	0	0	0	0	0	0	0	0	1	0	-1	0	0	0	0	-1	0	0	0	1	0	0	0	0	0	0	0	-1	0	0	0	1	-1	-1	-1	1	1	1	-1	1	1	0	0	1	0	0	0	0	0	0	0	0	-1	0	0	-1	0	0	0	1	-1	0	0	0	0	0	1	0	-1	-1	0	1	1	0	1	1	0	0	0	0	0	0	1	-1	1	-1	-1	0	1	0	1	1	1	1	1	1	0	0	0	0	
39513281	0	0	0	0	0	-1	0	0	0	0	0	-1	0	0	0	0	0	0	0	0	0	0	0	0	0	0	0	0	0	0	0	0	0	1	0	0	0	0	0	0	0	1	0	0	0	0	0	0	0	0	0	0	0	0	0	0	0	0	0	0	0	0	0	0	0	0	0	1	0	0	0	0	0	1	0	0	0	0	0	0	-1	0	0	0	0	0	0	0	0	0	0	0	0	0	0	0	0	0	0	0	0	0	0	0	0	0	0	0	0	0	0	0	0	0	0	1	0	0	0	0	0	0	0	0	0	0	0	0	0	0	0	0	0	
42864658	0	0	0	0	0	0	0	0	0	0	0	0	0	0	0	0	0	0	0	0	0	0	0	0	0	0	0	0	0	0	0	0	0	0	0	0	0	0	0	0	0	0	0	0	0	0	0	0	0	0	0	0	0	0	0	0	0	0	0	0	0	0	0	0	1	0	0	0	0	0	0	0	0	0	0	0	0	0	0	0	0	0	0	1	0	0	0	0	0	0	0	0	0	0	1	0	0	0	0	0	0	0	0	0	0	0	1	0	0	0	0	0	0	0	0	0	0	0	0	0	0	0	0	0	0	0	0	0	0	0	0	0	0	42864658	38	male	democrat	some_college	married	employee	white	Protestant	yes	yes
35330747	0	-1	1	0	-1	0	0	0	0	0	0	0	0	-1	1	0	0	1	0	1	0	0	0	0	0	0	0	0	1	1	-1	1	1	0	1	0	0	-1	0	0	1	1	1	1	0	0	1	0	0	1	1	1	1	0	0	0	1	1	0	0	1	0	0	0	0	0	0	0	1	0	0	0	0	0	0	1	1	1	0	-1	0	0	0	0	-1	1	1	1	1	-1	-1	1	0	0	0	1	-1	1	0	0	1	-1	0	0	0	1	0	1	0	-1	0	-1	0	0	0	0	-1	0	0	0	1	-1	1	0	1	1	1	1	1	1	0	0	1	35330747	22	female	none	some_college	single_living_with_parents	employee	white	Atheist / Agnostic	no	yes
33266010	0	0	0	0	1	1	1	1	0	0	1	0	0	0	0	1	0	0	0	0	0	1	0	1	0	-1	0	0	0	0	0	0	0	0	0	1	0	0	0	0	0	0	0	0	0	0	0	0	0	0	1	0	1	1	1	1	0	0	0	0	0	0	0	0	0	0	0	0	0	0	0	1	0	0	1	0	0	0	0	0	0	1	0	0	0	0	1	0	0	0	0	0	1	1	1	1	1	0	0	1	0	0	0	1	0	0	0	0	1	0	0	0	1	0	0	0	0	0	0	-1	0	0	0	0	0	1	0	0	0	0	0	0	0	
43904063	0	0	1	0	0	0	0	0	0	0	0	0	0	0	0	0	0	0	0	0	-1	-1	1	-1	0	0	0	0	0	0	0	0	0	0	0	0	0	0	-1	1	0	0	0	1	0	0	0	0	0	0	0	0	0	0	0	-1	0	0	-1	0	0	0	0	0	0	0	0	0	0	0	0	0	0	0	0	0	0	0	0	0	0	0	0	0	0	0	0	0	1	0	0	0	0	0	0	0	0	0	0	0	0	0	0	0	0	0	0	0	0	0	0	0	1	0	0	0	0	0	0	0	0	0	0	0	0	0	0	0	0	0	0	0	0	
37292698	0	0	0	0	0	0	0	0	0	0	0	0	0	0	1	0	0	0	0	0	1	0	0	0	0	0	0	1	0	0	0	0	0	0	0	0	0	0	0	0	1	0	1	0	0	1	-1	0	-1	0	0	0	0	0	0	0	0	0	0	0	-1	0	0	0	0	-1	0	1	0	0	1	0	0	0	0	1	1	0	0	1	0	0	0	1	-1	0	0	0	1	0	0	0	0	-1	0	0	0	1	0	1	1	-1	-1	1	0	1	0	0	0	1	1	0	0	0	1	0	-1	0	0	0	0	-1	0	1	1	0	0	0	0	1	0	0	0	
34093227	0	0	0	0	-1	0	0	0	0	0	0	0	1	0	0	0	0	0	0	0	0	0	0	0	1	0	1	0	0	0	-1	0	1	0	0	0	0	0	0	0	1	0	0	0	0	0	0	0	0	0	0	0	0	0	1	0	0	0	0	0	-1	0	0	0	0	-1	0	0	0	1	0	0	1	0	0	0	0	0	0	0	0	-1	0	0	0	0	0	0	0	0	0	0	1	0	0	0	0	1	0	1	1	-1	-1	1	0	0	0	0	0	0	0	0	0	1	1	0	0	0	-1	0	0	-1	0	0	0	0	0	0	0	0	0	0	1	
43834420	0	0	0	0	0	0	0	0	0	0	0	0	0	0	0	0	0	0	0	0	0	0	0	0	0	0	0	0	0	0	0	0	0	0	0	0	0	0	0	0	0	0	0	0	0	0	0	0	0	0	-1	0	0	0	0	0	0	-1	0	0	0	0	0	0	0	0	0	0	0	0	0	0	0	0	0	0	0	0	0	0	0	0	0	0	0	0	0	0	0	0	0	0	0	0	0	0	0	0	0	0	0	0	0	0	0	0	0	0	0	0	0	0	0	0	0	0	0	0	0	0	1	-1	-1	1	0	-1	0	0	0	-1	0	0	0	
18666417	0	0	0	0	0	0	0	0	0	0	-1	0	0	0	0	0	0	0	0	0	1	0	-1	0	1	0	1	0	0	0	0	0	0	0	0	0	0	0	1	1	0	0	0	0	0	0	0	0	-1	0	0	0	0	0	0	1	0	0	1	0	-1	0	1	0	0	0	0	-1	0	0	1	0	0	0	0	0	1	0	0	0	0	0	0	0	0	0	0	0	1	0	0	0	0	1	0	0	0	0	0	1	0	0	0	0	0	0	0	0	0	0	0	0	0	0	0	1	0	0	0	0	0	0	-1	0	0	0	0	0	0	0	0	0	0	18666417	57	female	democrat	some_college	single_living_alone	retired	white	Roman Catholic	no	yes
43994669	0	0	0	1	1	0	0	0	0	1	0	0	1	0	0	0	0	0	0	0	1	0	1	0	1	0	1	0	0	0	1	0	0	0	0	0	1	0	0	0	-1	0	1	0	0	0	1	0	1	0	0	0	0	0	1	0	1	0	0	0	1	0	0	0	0	1	0	1	0	-1	1	1	1	1	0	1	1	0	0	0	0	1	0	0	0	1	1	1	-1	0	0	0	1	1	0	0	0	1	0	0	1	1	1	1	0	0	0	0	1	0	1	1	0	0	1	-1	1	0	1	0	0	1	0	0	0	0	0	0	0	0	1	0	0	43994669	24	male	none	associate_degree	single_living_with_partner	selfemployed	white	Atheist / Agnostic	yes	yes
43989034	0	-1	1	0	0	0	0	1	1	0	0	1	0	0	0	0	1	0	1	1	0	0	0	0	1	0	0	0	1	0	0	0	1	0	0	0	0	0	0	1	0	0	0	-1	-1	1	0	0	-1	0	0	1	0	-1	0	1	0	0	1	0	0	0	0	0	1	0	1	0	0	0	0	0	1	1	-1	-1	0	0	1	0	0	0	0	0	0	0	1	0	0	0	0	-1	1	0	0	0	1	1	0	0	1	-1	-1	1	1	1	1	1	1	0	1	0	0	1	0	0	0	1	1	1	0	0	0	1	0	0	0	0	1	0	1	0	1	
43907115	0	0	0	0	0	0	0	0	0	0	0	0	0	0	0	0	0	0	1	0	0	0	0	0	1	1	1	1	1	0	0	0	0	0	0	0	0	0	0	0	0	0	1	0	1	0	1	1	1	0	0	0	0	0	0	0	0	0	0	0	0	0	0	0	0	0	1	0	0	0	0	0	0	0	0	0	1	0	0	-1	0	0	0	0	0	0	0	0	0	0	0	0	0	0	0	0	0	0	0	0	0	0	0	0	0	0	0	0	0	-1	0	0	0	0	0	0	0	0	0	0	0	0	1	1	1	0	1	0	0	0	0	0	0	43907115	21	male	democrat	high_school	married	student	american_indian_or_alaska_native	Muslim	yes	yes
43942953	0	1	1	0	1	0	0	0	0	1	0	0	0	1	1	0	1	1	0	1	1	0	1	0	1	1	1	1	0	0	1	1	1	0	0	0	0	1	0	0	0	1	1	1	0	0	0	1	1	1	1	0	1	0	0	0	0	1	0	0	0	1	0	1	0	0	0	0	1	1	1	1	0	1	0	0	1	1	0	1	0	0	0	0	0	1	0	0	1	1	1	1	0	0	0	1	0	0	0	0	0	1	0	0	1	1	1	1	1	1	0	1	0	0	0	1	0	0	0	0	1	1	1	1	1	1	1	1	1	1	0	0	1	
38198526	0	0	1	0	1	-1	1	1	0	1	1	0	0	0	1	0	0	0	0	0	0	0	0	1	1	-1	1	1	0	0	-1	-1	1	0	0	1	0	1	0	0	0	1	0	0	0	0	0	0	0	-1	1	0	1	-1	1	1	0	1	0	0	0	-1	0	1	0	0	0	0	0	0	0	-1	0	1	-1	0	0	0	0	-1	0	0	0	0	0	-1	0	0	0	0	0	0	1	1	1	1	1	0	0	1	0	1	0	1	1	1	1	0	1	0	0	0	-1	0	0	0	0	0	0	0	1	-1	-1	1	1	1	1	0	1	-1	0	0	1	38198526	49	male	democrat	some_college	single_living_with_partner	selfemployed	white	Atheist / Agnostic	no	yes
43912740	0	0	0	0	0	0	0	0	0	0	0	0	0	0	0	0	0	0	0	0	0	0	0	0	0	0	0	0	0	0	0	0	0	0	0	0	-1	1	1	1	0	0	0	0	0	0	0	0	0	0	0	0	0	0	0	0	0	0	0	0	0	0	0	0	0	0	0	0	0	0	0	0	0	0	0	0	0	0	0	0	0	0	0	0	0	0	0	0	0	0	0	0	0	0	0	0	0	0	0	0	0	0	0	0	0	0	0	0	0	0	0	0	0	0	0	0	0	0	0	0	0	0	0	0	0	0	0	0	0	0	0	0	0	
29571331	0	1	0	0	0	0	0	0	0	0	0	-1	0	0	0	0	1	0	0	0	0	0	0	1	1	0	0	0	0	0	0	0	-1	0	0	0	0	0	0	-1	0	0	0	0	-1	0	0	0	-1	0	0	0	0	1	0	1	0	0	0	0	0	0	0	0	1	0	1	0	0	0	0	0	1	-1	-1	-1	0	0	1	0	-1	0	-1	1	-1	0	1	1	0	0	0	1	1	0	0	0	0	1	1	0	1	0	1	-1	-1	0	-1	1	1	0	0	0	0	1	0	0	0	0	1	0	0	0	0	-1	0	0	0	0	0	0	1	0	1	29571331	21	male	democrat	high_school	single_living_with_parents	unemployedseeking_employment	black_or_african_american	Roman Catholic	no	yes
43884123	-1	1	1	0	-1	1	0	0	-1	1	0	0	-1	-1	1	1	0	0	0	0	1	1	0	1	1	0	0	1	-1	1	-1	1	1	0	1	1	1	1	1	0	1	1	-1	1	0	1	-1	-1	-1	0	1	1	1	1	1	-1	0	1	-1	1	0	1	-1	1	1	1	1	0	1	1	0	0	0	0	-1	1	0	1	0	1	0	1	1	-1	1	0	-1	1	1	0	-1	0	0	0	0	1	0	1	-1	1	0	0	0	1	1	1	0	0	-1	1	-1	-1	1	-1	0	1	-1	1	0	1	1	-1	1	-1	1	1	1	1	-1	1	-1	0	1	
13581319	0	1	0	0	0	1	0	0	0	0	0	-1	0	1	0	0	1	0	0	0	0	0	1	0	1	0	0	0	0	0	0	0	0	1	0	1	0	0	0	0	1	1	1	1	-1	1	0	0	1	0	0	0	0	1	0	0	1	-1	-1	1	0	0	0	0	1	1	1	1	0	0	0	0	1	1	1	1	0	1	0	0	1	0	1	0	0	0	1	0	0	0	-1	0	1	0	0	0	0	0	0	0	1	0	-1	-1	1	1	1	1	1	0	0	0	0	0	1	1	-1	1	1	1	0	0	0	1	0	0	1	0	0	0	1	0	0	
43984981	0	0	1	0	1	0	1	0	0	0	0	0	1	-1	1	-1	0	0	0	0	1	1	1	1	0	0	0	0	0	-1	0	0	0	0	0	0	0	0	1	1	1	0	0	-1	0	0	0	0	0	0	0	0	1	-1	0	1	0	1	0	0	0	0	0	0	0	0	0	0	0	0	0	0	0	0	-1	0	1	0	0	-1	0	0	0	0	0	0	0	0	-1	-1	0	0	0	0	0	1	0	0	0	0	0	0	-1	0	1	0	1	0	0	0	0	0	1	0	0	0	0	0	-1	0	0	-1	0	0	0	0	0	0	0	0	0	-1	0	
32569659	0	0	0	0	0	0	0	0	0	0	0	0	0	0	0	0	0	0	0	0	0	0	0	0	0	0	0	0	0	0	0	0	0	0	0	0	0	0	0	0	0	0	0	0	0	0	0	0	0	0	0	0	0	0	0	0	0	0	0	0	0	0	0	0	0	0	0	0	0	0	0	0	0	0	0	0	0	0	0	0	0	0	0	0	0	0	0	0	0	0	0	0	0	0	0	0	0	0	0	0	0	0	0	0	0	0	0	0	0	0	0	0	-1	1	-1	1	0	0	0	0	0	0	0	0	0	0	0	0	0	0	0	0	0	
20170210	0	0	0	0	0	0	0	0	-1	0	0	0	0	0	0	0	0	0	0	0	0	0	0	0	0	0	0	0	0	0	0	0	0	0	0	0	0	0	0	0	0	0	0	0	0	0	0	0	0	0	0	0	0	0	0	1	0	0	0	0	0	0	0	0	0	0	0	0	0	0	0	0	0	0	0	0	0	0	0	0	-1	0	0	0	1	0	0	0	0	0	0	0	0	0	0	0	0	0	0	0	0	0	0	0	0	0	0	0	0	0	0	0	0	0	0	0	0	0	0	0	0	0	0	0	0	0	0	0	0	0	0	0	0	20170210	37	female	republican	bachelor	other:divorced living with kids	selfemployed	white	Protestant	yes	yes
43936844	-1	1	1	1	0	0	0	0	1	1	1	-1	0	-1	0	0	0	0	0	1	0	0	0	0	0	0	0	0	1	1	-1	1	0	1	1	0	0	0	0	0	0	0	0	0	0	0	0	0	0	0	0	-1	0	0	0	0	0	0	0	0	0	0	0	0	1	1	1	-1	0	0	0	-1	0	1	0	0	0	0	0	0	0	0	0	0	0	0	0	1	0	0	1	0	0	0	0	0	1	1	0	0	0	0	0	0	1	0	0	0	-1	0	0	0	0	0	0	0	-1	0	0	0	0	0	0	0	0	0	0	0	0	0	0	0	0	
43936834	-1	1	1	1	1	1	1	1	-1	1	1	-1	0	0	0	0	0	0	0	0	0	0	0	1	0	0	0	0	0	0	0	0	0	0	1	1	0	0	0	0	0	0	0	0	0	0	0	0	0	0	1	-1	0	0	0	0	0	0	0	0	0	0	0	0	1	0	0	0	0	0	0	-1	0	0	0	0	0	0	0	0	0	0	0	1	0	0	0	0	0	0	0	0	1	1	1	1	1	1	0	0	0	0	0	-1	-1	0	1	0	0	0	0	0	1	0	0	0	0	0	0	0	0	0	0	0	0	0	0	0	0	0	0	0	0	43936834	29	male	democrat	some_college	married	employee	hispanic_american	Roman Catholic	yes	no
13900808	0	0	0	0	0	0	0	0	0	0	0	0	0	0	0	0	0	0	0	0	0	0	0	0	0	0	0	0	0	0	0	0	0	0	0	0	0	0	0	0	0	0	0	0	0	0	0	0	0	0	0	0	0	0	0	0	0	0	0	0	0	0	0	0	0	0	0	0	0	0	0	0	0	0	0	0	0	0	0	0	0	0	0	0	0	0	0	0	0	0	0	0	1	1	1	1	0	0	0	0	0	0	0	0	0	0	0	0	0	0	0	0	0	0	0	0	0	0	0	0	0	0	0	0	0	0	0	0	0	0	0	0	0	
12115558	0	0	0	1	1	1	0	1	1	0	0	0	1	0	0	-1	1	1	-1	0	1	1	1	1	1	-1	1	1	0	0	-1	0	0	1	-1	1	-1	0	1	1	1	0	-1	0	-1	-1	1	1	-1	0	0	1	0	0	-1	0	0	-1	-1	1	1	1	0	-1	0	-1	0	-1	0	1	1	-1	1	0	0	0	1	0	0	0	0	1	1	1	1	-1	1	-1	-1	0	0	0	1	1	0	0	0	-1	0	1	1	1	-1	0	0	1	0	1	-1	-1	1	-1	0	0	-1	1	-1	0	-1	0	0	1	-1	0	0	0	0	0	0	0	-1	0	0	12115558	64	female	democrat	bachelor	married	retired	white	Roman Catholic	yes	yes
43689028	0	0	0	0	0	0	0	0	0	0	0	0	0	0	0	0	0	0	0	0	0	0	0	0	0	0	0	0	0	0	0	0	0	0	1	0	0	0	0	0	0	0	0	0	0	0	0	0	0	0	0	1	0	0	0	0	0	0	0	0	0	0	0	0	0	0	0	0	0	0	0	0	0	0	0	0	0	0	0	0	0	0	0	0	0	0	0	0	0	0	0	0	0	0	0	0	0	-1	0	0	0	0	0	0	1	0	0	0	0	0	0	0	0	0	0	0	0	0	0	0	0	0	0	0	0	0	0	0	0	0	0	0	0	
43866745	0	0	0	0	0	0	0	0	0	0	1	0	0	0	0	0	0	0	0	0	0	0	0	0	0	0	1	0	1	0	0	0	0	0	0	0	0	0	0	0	0	0	0	0	0	0	0	0	0	0	0	0	0	0	0	0	0	0	0	0	1	1	1	1	0	0	0	0	0	0	0	0	0	0	0	0	0	0	0	0	0	0	0	0	0	0	0	0	0	-1	-1	0	0	0	0	0	0	0	0	0	0	0	0	0	0	0	0	0	0	0	0	0	-1	1	1	1	0	0	0	0	0	0	1	0	1	0	0	0	0	0	0	0	0	43866745	43	female	none	associate_degree	married	employee	white	Protestant	yes	yes
43847796	0	0	0	0	0	0	0	0	0	0	0	0	0	0	0	0	0	0	0	0	0	0	0	0	0	0	0	0	0	0	0	0	0	0	0	0	0	0	0	0	0	0	0	0	0	0	0	0	0	0	0	0	0	0	0	0	0	0	0	0	0	0	0	0	0	0	0	0	0	0	0	0	0	0	0	0	0	-1	0	0	0	0	0	0	0	0	0	0	0	0	0	0	0	0	0	0	0	0	0	0	0	0	0	0	0	0	0	1	0	0	0	-1	0	0	0	0	0	0	0	0	0	0	0	0	0	0	0	-1	0	0	0	0	0	
43806326	0	0	0	0	0	1	0	0	0	0	0	0	0	0	1	0	0	0	1	0	0	0	0	0	0	0	0	-1	1	0	0	0	0	0	0	0	0	0	0	0	0	0	0	0	-1	1	1	1	1	0	1	0	0	0	0	0	0	0	0	0	0	0	1	1	0	0	-1	0	0	0	0	0	0	0	0	0	0	1	0	-1	0	0	0	1	0	1	0	0	0	0	0	1	0	1	0	0	0	0	0	0	0	0	0	0	0	0	0	0	0	1	0	0	0	0	0	0	0	0	0	0	0	1	1	1	1	0	0	0	0	0	1	1	-1	43806326	26	male	democrat	bachelor	single_living_with_parents	employee	white	Protestant	yes	yes
43986037	0	0	0	0	0	0	0	0	1	0	0	0	0	0	1	0	0	0	0	0	0	0	0	0	0	0	0	0	0	0	0	0	0	0	0	0	0	0	0	0	0	0	0	0	0	0	0	0	0	0	0	0	1	1	0	1	0	0	0	0	0	0	0	0	1	0	0	0	0	0	0	0	0	0	0	0	0	0	-1	0	0	0	0	1	0	0	0	0	0	0	0	0	0	0	1	0	0	0	0	0	0	0	0	0	0	1	1	0	0	0	0	0	0	0	0	0	0	0	0	0	0	0	0	0	1	1	1	1	1	0	0	0	0	43986037	55	female	republican	some_college	married	selfemployed	white	Protestant	yes	yes
43498598	1	0	0	1	1	1	0	0	0	0	1	-1	1	1	1	0	1	1	0	0	1	0	-1	1	0	1	0	1	1	0	1	1	1	0	1	1	1	1	0	0	1	0	1	0	1	0	1	-1	1	0	1	-1	1	1	0	0	1	0	0	0	0	0	-1	1	0	1	0	1	1	-1	-1	1	0	1	1	1	1	1	1	-1	-1	1	1	-1	-1	0	0	1	0	1	-1	0	0	-1	-1	0	0	-1	1	1	0	0	1	1	-1	0	1	-1	1	1	1	1	0	1	0	-1	-1	0	1	1	1	-1	-1	0	0	0	-1	0	0	0	0	0	0	
37799090	0	0	0	-1	-1	1	0	0	0	1	0	0	1	0	0	0	0	0	0	0	0	0	-1	0	1	0	0	0	0	0	-1	0	0	0	0	0	1	1	1	1	1	0	1	0	0	0	-1	0	-1	0	0	-1	0	0	1	0	1	0	0	0	-1	1	0	0	0	1	0	0	0	0	1	-1	1	1	0	1	0	0	0	0	0	1	0	0	1	1	1	-1	0	0	0	0	0	0	0	0	0	1	0	0	1	1	-1	-1	0	1	0	0	1	1	1	-1	0	0	1	1	-1	0	0	0	0	0	0	0	0	0	0	0	0	0	1	0	0	37799090	24	female	independent	high_school	single_living_with_partner	unemployedseeking_employment	white	Buddhist	no	yes
43861611	0	0	0	0	0	1	0	0	0	0	0	0	0	0	0	0	0	0	0	0	0	0	0	0	0	0	0	0	0	0	0	0	0	0	0	0	0	0	0	0	0	0	0	0	0	0	1	0	0	0	1	1	0	0	0	0	1	0	0	0	0	1	0	0	0	0	0	0	0	0	0	0	0	0	0	0	0	0	0	0	0	0	0	0	1	-1	1	1	0	0	0	0	0	0	0	0	0	0	0	0	1	0	0	0	0	0	0	0	0	0	0	1	0	0	0	0	-1	0	0	0	0	0	0	0	0	0	0	0	1	0	0	0	0	43861611	28	female	independent	bachelor	married	unemployedseeking_employment	white	Protestant	no	yes
38858920	1	-1	1	1	0	0	0	0	0	0	0	0	0	0	0	0	0	0	0	0	0	0	0	0	0	0	0	0	0	1	0	0	1	1	1	1	0	0	0	0	0	0	0	0	0	0	0	0	0	0	0	0	0	0	0	0	0	0	0	0	0	0	0	0	0	0	0	0	0	0	0	0	0	0	0	0	0	0	0	0	0	0	0	0	0	0	0	0	0	0	0	0	0	0	0	0	0	0	0	0	0	0	0	0	0	0	0	0	0	0	0	1	0	0	0	0	0	0	0	0	0	0	0	0	0	0	0	0	0	0	0	0	0	38858920	41	female	republican	doc	single_living_alone	unemployedseeking_employment	white	Roman Catholic	yes	yes
34554100	0	1	1	0	0	0	0	0	-1	0	0	-1	0	0	0	0	1	0	0	0	0	0	0	1	1	0	0	0	1	0	0	0	1	0	0	0	0	0	0	1	0	0	0	0	-1	0	0	0	-1	0	0	1	0	1	0	1	0	0	-1	0	0	0	0	0	1	0	1	0	0	0	0	0	1	1	-1	1	0	0	-1	0	0	0	1	1	0	0	1	1	0	0	0	-1	1	0	0	0	0	1	1	0	1	0	1	1	1	1	1	1	-1	0	0	0	0	1	0	0	0	0	1	0	0	0	0	-1	0	0	0	0	0	0	1	0	1	34554100	30	female	independent	high_school	single_living_with_partner	selfemployed	white	other:baptist	no	yes
43944033	1	0	0	1	0	0	0	1	0	0	0	0	0	1	0	0	1	0	1	0	1	0	0	1	0	1	0	0	0	1	0	0	-1	1	1	1	0	0	0	1	0	0	1	0	0	0	0	0	0	0	0	0	0	0	0	0	0	0	0	1	1	0	0	0	0	0	0	0	0	0	0	0	-1	0	0	1	0	0	0	0	0	0	1	0	1	0	0	1	0	0	0	0	0	0	-1	0	0	0	0	0	0	0	0	1	0	1	0	0	0	1	1	1	0	0	0	0	0	0	0	0	0	0	1	0	0	0	0	0	0	0	0	0	0	
43876255	0	0	0	0	0	0	0	0	0	0	0	0	0	0	0	0	0	0	0	0	0	0	0	0	0	0	0	0	0	0	0	0	0	0	0	0	1	1	1	1	0	0	0	0	0	0	0	0	0	0	0	0	0	0	0	0	0	0	0	0	-1	0	0	0	0	0	0	0	0	0	0	0	0	0	0	1	0	0	0	0	0	0	0	0	0	0	0	0	0	0	0	0	0	0	0	0	0	0	0	0	0	0	0	0	0	1	0	0	0	1	0	0	0	0	0	0	0	0	0	0	0	0	0	0	0	0	0	0	0	0	0	0	0	43876255	27	male	independent	associate_degree	married	employee	white	Protestant	no	yes
30410452	0	0	0	0	0	0	0	0	0	0	0	0	0	0	0	0	0	0	0	0	0	0	0	0	0	0	0	0	0	0	0	0	0	0	0	0	0	0	0	0	0	0	0	0	-1	1	1	-1	0	0	0	0	0	0	0	0	0	0	0	0	0	0	0	0	0	0	0	0	0	0	0	0	0	0	0	0	0	0	0	0	0	0	0	0	0	0	0	0	0	0	0	0	0	0	0	0	0	0	0	0	0	0	0	0	0	0	0	0	0	0	0	0	0	0	0	0	0	0	0	0	0	0	0	0	0	0	0	0	0	0	0	0	0	30410452	22	male	democrat	associate_degree	single_living_with_partner	employee	white	Atheist / Agnostic	no	yes
43811734	0	1	1	0	0	0	0	0	1	0	0	-1	0	0	0	0	1	0	0	0	0	0	0	0	1	0	0	0	1	0	0	0	1	0	0	0	0	0	0	-1	0	0	0	0	-1	0	0	0	1	0	0	-1	0	1	0	1	0	0	-1	0	0	0	0	0	1	0	1	0	0	0	0	0	1	1	1	1	0	0	-1	0	-1	0	1	0	-1	0	1	0	0	0	0	-1	0	0	0	0	0	1	1	0	1	0	1	1	1	1	1	1	1	0	0	0	0	1	0	0	0	0	1	0	0	0	0	-1	0	0	0	0	0	0	1	0	1	
43393412	-1	1	1	-1	0	0	0	0	1	1	-1	-1	0	0	0	0	0	0	0	0	0	0	0	0	0	0	0	0	0	0	0	0	0	0	1	0	0	0	0	0	0	0	0	0	0	0	0	0	0	0	0	-1	0	0	0	0	0	0	0	0	0	0	0	0	0	0	0	0	0	0	0	0	0	0	0	0	0	0	0	0	0	0	0	0	0	0	0	0	0	0	0	0	0	0	0	0	0	-1	0	0	0	0	0	0	-1	0	0	0	0	0	0	0	0	0	0	0	0	0	0	0	0	0	0	0	0	0	0	0	0	0	0	0	0	
43916681	1	1	1	1	0	0	1	0	1	1	1	1	0	0	1	0	1	1	0	-1	1	0	0	0	-1	-1	-1	1	0	0	0	1	0	0	1	0	1	0	0	0	1	-1	1	0	0	0	0	1	0	0	1	1	0	0	0	0	0	-1	0	0	0	0	0	-1	-1	0	0	0	1	1	1	-1	0	0	0	0	-1	0	0	0	-1	0	0	0	0	0	-1	0	1	1	1	1	0	0	0	0	0	1	0	0	0	0	0	0	-1	0	1	0	0	1	0	0	0	0	0	0	0	1	0	1	1	1	1	1	0	1	1	-1	0	1	0	0	0	43916681	24	male	none	associate_degree	single_living_with_parents	student	hispanic_american	Roman Catholic	yes	yes
6309240	0	0	0	0	0	0	0	0	0	0	0	0	0	0	0	1	0	0	0	0	0	1	0	0	0	1	0	0	0	0	0	0	0	0	0	0	0	0	0	0	0	0	0	0	0	0	0	0	0	0	0	0	0	0	0	0	0	0	0	0	0	0	0	0	0	0	0	0	0	0	0	0	0	0	-1	0	0	0	0	0	0	1	0	0	0	0	1	0	0	0	0	0	0	0	0	0	0	0	0	0	0	0	0	0	0	0	0	0	0	0	0	0	-1	1	1	1	0	0	0	1	0	0	0	0	0	-1	0	0	0	0	0	0	0	6309240	50	female	republican	bachelor	single_living_with_parents	employee	asien	Roman Catholic	yes	yes
31349958	1	0	0	1	0	1	1	1	1	-1	1	1	1	-1	1	0	1	1	0	0	1	0	-1	1	0	0	0	1	1	1	-1	-1	0	1	1	0	1	1	0	0	-1	0	-1	0	1	0	1	1	-1	0	1	0	0	1	0	0	0	-1	0	0	0	0	1	1	0	0	1	-1	-1	1	0	0	0	1	-1	0	0	-1	0	1	-1	1	1	1	-1	0	0	1	0	0	1	1	-1	0	1	0	-1	0	0	0	0	0	-1	-1	1	0	1	0	-1	0	0	1	0	0	1	0	-1	0	0	-1	-1	-1	1	1	1	0	0	0	1	0	1	-1	1	31349958	37	female	republican	vocational_secondary_certification	single_living_alone	unemployedseeking_employment	white	Atheist / Agnostic	yes	yes
31585018	1	0	0	0	0	0	0	0	0	0	0	0	0	0	0	0	0	0	0	0	0	0	0	0	0	0	0	0	0	1	0	0	1	1	1	1	0	0	0	0	0	0	0	0	0	0	0	0	0	0	0	0	1	1	1	1	0	0	0	0	0	0	0	0	0	0	0	0	0	0	0	0	0	0	0	0	0	0	0	0	0	0	0	0	0	0	0	0	0	0	0	0	0	0	0	0	0	0	0	0	0	0	0	0	0	0	0	0	0	0	0	-1	0	0	0	0	0	0	0	0	0	0	0	0	0	0	0	0	0	0	0	0	0	31585018	30	female	democrat	associate_degree	married	unemployedseeking_employment	white	Atheist / Agnostic	no	yes
43912578	-1	0	0	0	0	1	0	0	0	0	0	-1	0	1	0	1	0	0	0	0	0	0	0	0	0	1	0	0	0	1	0	0	-1	0	1	1	0	0	0	1	1	1	1	1	0	0	0	0	0	0	0	0	0	0	0	0	0	0	0	1	1	0	0	0	0	0	0	-1	0	0	0	0	1	1	0	1	0	0	0	0	-1	0	1	0	0	0	0	0	0	0	0	0	0	0	-1	0	0	0	0	0	0	0	0	0	0	1	0	0	0	1	1	-1	0	0	0	1	0	0	0	0	0	0	0	0	0	0	0	0	0	0	0	0	0	
43938234	0	0	0	0	0	0	0	0	0	0	0	1	0	1	0	0	1	0	0	0	0	0	0	0	1	0	0	0	0	0	0	0	0	1	0	0	0	0	0	0	0	0	0	0	1	0	0	0	0	0	0	0	0	1	0	0	0	0	0	0	0	0	0	0	-1	1	1	1	0	0	0	0	1	1	1	1	0	0	0	0	0	0	0	0	0	0	0	0	0	0	1	0	1	0	0	0	0	0	0	0	1	0	0	0	1	1	1	1	0	0	0	0	0	0	0	0	-1	-1	1	1	0	0	0	0	0	0	0	0	0	0	0	0	0	
43651516	0	0	0	1	1	0	0	0	0	0	1	0	1	0	1	-1	0	0	0	0	0	1	0	0	0	1	0	0	0	0	-1	0	1	0	0	0	-1	0	0	0	0	1	1	0	0	0	0	0	0	0	0	0	1	0	0	0	0	0	0	0	0	0	0	0	0	0	0	0	0	0	-1	0	1	0	0	1	0	0	0	0	0	-1	0	0	1	-1	1	0	0	0	0	0	0	0	0	0	0	0	0	1	1	0	0	0	1	1	0	0	1	0	-1	0	0	0	0	0	-1	0	0	-1	0	0	0	-1	1	-1	1	1	1	0	1	0	0	
43959216	0	0	0	0	0	1	0	0	0	0	0	0	0	0	1	0	0	0	1	0	0	0	0	0	0	0	0	-1	1	0	0	0	0	0	0	0	0	0	0	0	0	0	0	0	1	1	0	1	1	0	1	0	0	0	0	0	0	0	0	0	0	0	1	1	0	0	-1	0	0	0	0	0	0	0	0	0	0	1	0	1	0	0	0	1	0	1	0	0	0	0	0	-1	0	1	0	0	0	0	0	0	0	0	0	0	0	0	0	0	0	1	0	0	0	0	0	0	0	0	0	0	0	1	1	-1	0	0	0	0	1	0	1	1	1	
39073124	0	0	0	0	0	1	0	0	0	0	0	0	0	0	0	0	0	0	0	0	0	0	0	0	0	0	0	0	0	0	0	0	0	0	0	0	0	0	0	0	0	0	0	0	0	0	0	0	0	0	1	0	0	0	0	0	0	0	0	0	0	0	0	0	0	0	0	0	0	0	0	0	0	0	0	0	0	0	0	0	0	0	0	0	0	-1	0	0	0	0	0	0	0	0	0	0	0	0	0	0	0	0	0	0	0	0	0	0	0	0	0	0	0	0	0	0	0	0	0	0	0	0	0	0	0	0	0	0	1	0	0	0	0	
41127744	0	1	-1	0	0	0	0	0	0	0	0	0	1	1	-1	0	0	0	0	1	0	0	0	0	1	0	1	0	0	0	-1	-1	-1	0	0	0	0	0	0	0	0	1	1	-1	0	0	0	0	0	1	1	0	1	0	1	0	0	1	0	0	-1	0	0	0	0	0	0	-1	1	0	-1	1	-1	0	0	0	1	1	0	1	0	-1	0	0	0	1	0	0	1	1	1	-1	-1	0	0	-1	0	0	0	0	-1	-1	1	1	1	-1	0	1	0	-1	0	1	0	0	0	0	0	0	1	0	1	0	1	0	1	1	0	1	1	1	0	0	1	
43842980	0	1	0	0	0	0	0	0	1	0	0	-1	0	0	0	1	1	0	0	0	0	0	0	1	1	1	0	0	0	0	0	0	1	1	0	0	0	0	0	1	0	0	0	0	-1	0	0	0	-1	0	0	0	0	1	0	0	0	0	0	1	0	0	0	0	1	1	0	1	0	0	0	0	1	1	1	1	0	0	0	0	0	0	0	1	0	0	1	1	0	0	0	1	1	0	0	0	0	1	1	0	1	0	1	0	1	1	1	1	0	0	0	0	0	1	0	0	0	0	1	0	0	0	0	1	0	0	0	0	0	0	0	0	1	
6363996	0	0	0	0	0	1	0	0	0	0	0	-1	0	1	0	0	0	0	0	0	0	0	0	0	0	1	0	0	0	0	0	0	0	1	0	0	0	0	0	1	0	1	0	0	0	0	0	0	0	0	0	0	0	0	0	0	0	0	0	1	0	0	0	0	0	0	0	1	0	0	0	0	1	1	0	0	0	0	0	0	1	0	1	0	0	0	0	0	0	0	0	0	0	0	1	0	0	0	0	0	0	0	0	0	0	0	0	0	0	0	1	0	0	0	0	1	0	0	0	0	0	0	0	0	0	0	0	0	0	0	0	0	0	
42013631	0	0	0	0	0	-1	0	0	0	0	0	0	0	0	0	0	0	0	0	0	0	0	0	0	0	0	0	0	1	0	0	0	0	0	0	0	0	0	0	0	0	0	0	0	0	0	0	0	0	0	1	0	0	0	0	0	0	0	0	0	-1	1	1	1	1	0	0	0	0	0	0	0	0	0	0	0	0	1	0	0	0	0	0	1	0	1	0	0	0	-1	-1	-1	0	1	1	0	0	0	0	0	0	0	0	0	0	0	1	0	0	0	0	0	1	-1	-1	1	0	0	0	0	0	0	0	0	1	0	0	0	1	1	1	1	1	42013631	23	male	independent	some_college	single_living_alone	employee	white	Atheist / Agnostic	no	yes
8308030	0	-1	-1	0	0	0	0	1	1	0	0	0	0	1	0	0	0	-1	1	-1	1	0	1	0	0	0	0	0	-1	0	-1	-1	1	0	0	0	0	0	0	0	0	0	0	-1	-1	0	0	0	0	0	1	-1	1	-1	0	1	0	-1	-1	0	0	0	0	0	0	0	-1	0	1	1	1	-1	0	0	0	0	0	-1	-1	0	1	0	1	0	1	0	0	0	-1	-1	1	-1	0	0	0	0	1	1	-1	0	0	-1	0	0	0	0	0	1	0	0	0	0	0	1	0	0	0	1	0	0	1	-1	-1	1	0	-1	1	0	1	-1	-1	0	1	
43861467	-1	1	0	0	0	0	0	1	1	1	0	0	0	-1	0	1	1	1	1	1	0	1	0	1	0	1	0	1	0	1	0	0	1	1	1	1	0	0	1	1	0	0	0	0	1	0	0	1	0	0	0	0	0	1	1	0	1	1	0	1	0	0	0	1	0	1	0	0	0	0	0	-1	1	1	1	1	0	0	0	0	1	1	1	1	0	0	0	1	0	0	0	0	1	0	1	0	1	1	1	1	1	0	0	1	0	0	0	0	1	1	1	1	0	1	0	1	0	0	1	0	0	0	0	0	0	0	0	0	0	0	1	0	0	43861467	32	male	democrat	bachelor	single_living_with_parents	unemployedseeking_employment	black_or_african_american	Roman Catholic	yes	yes
18386513	0	0	0	1	0	0	0	0	0	0	0	0	1	0	0	0	0	0	0	0	0	0	0	0	0	0	0	0	0	0	0	0	0	0	0	0	1	0	0	0	0	0	1	0	0	0	0	0	0	0	0	0	0	0	0	0	0	0	0	0	0	0	0	0	0	0	0	0	0	0	1	0	1	0	0	1	0	0	0	0	0	0	0	0	1	0	0	0	0	0	0	0	0	0	0	0	0	0	0	0	1	0	0	0	0	0	0	0	0	0	1	0	0	0	0	0	1	0	0	0	0	0	0	0	0	0	0	0	0	0	1	0	0	18386513	50	female	republican	high_school	married	selfemployed	white	other:Christian	yes	yes
39675153	0	0	0	0	0	0	0	0	0	0	0	0	0	0	0	0	1	0	0	0	0	0	0	0	0	0	0	0	0	0	0	0	0	0	0	0	0	0	0	0	0	1	0	0	0	0	0	-1	0	0	0	0	0	0	0	0	0	0	0	0	0	1	0	0	0	0	0	0	0	0	0	0	0	0	0	0	0	0	0	0	0	0	0	0	0	0	0	0	0	0	0	0	0	0	0	0	0	0	0	0	0	0	0	0	0	0	0	0	0	0	0	0	0	0	0	0	0	0	0	0	0	0	0	0	0	0	0	0	0	0	0	0	0	
42768322	0	-1	1	0	-1	0	0	0	0	0	0	0	1	1	1	0	0	1	0	0	1	0	0	0	1	0	1	0	0	0	-1	1	1	0	0	0	0	1	0	0	0	0	1	-1	0	0	0	0	0	-1	0	0	1	0	1	0	0	0	0	0	1	1	0	1	0	0	0	1	1	1	0	0	1	0	0	0	0	0	0	1	0	1	0	0	0	0	0	0	0	0	0	0	-1	0	0	1	0	0	0	0	0	1	-1	0	1	1	1	1	0	-1	0	0	0	0	0	0	0	0	1	0	1	1	0	0	1	1	1	1	1	0	0	0	1	
43945424	1	0	-1	0	0	0	0	0	0	0	0	0	0	0	0	0	0	0	0	0	1	-1	-1	-1	0	0	0	0	0	0	0	-1	0	0	0	0	0	0	1	1	0	0	0	1	0	0	0	1	0	0	0	0	0	0	-1	-1	0	0	-1	1	0	0	0	0	0	0	0	0	0	0	0	0	0	0	0	0	0	0	0	0	0	0	0	0	0	0	0	0	1	0	0	0	0	0	0	0	0	0	0	0	0	0	0	0	0	0	0	0	0	0	0	0	-1	0	0	0	0	1	0	0	0	0	0	0	0	1	0	0	0	0	0	0	0	
29301997	0	0	0	0	0	0	0	0	0	0	0	0	0	0	0	0	0	0	1	0	0	0	0	0	0	0	0	0	1	0	0	0	0	0	0	0	0	0	0	0	0	0	0	0	0	0	0	0	0	0	0	0	0	0	0	0	0	0	0	0	0	0	0	0	0	0	1	0	0	0	0	0	0	0	0	0	0	0	0	0	0	0	0	0	0	0	0	0	0	0	0	0	0	0	0	0	0	0	0	0	0	0	0	0	0	0	0	0	0	0	0	0	0	0	0	0	0	0	0	0	0	0	1	0	0	0	0	0	0	0	0	0	0	
41545007	0	0	1	1	1	1	0	0	0	1	1	-1	1	1	1	1	0	0	0	1	0	1	0	0	0	1	1	0	1	0	1	-1	1	1	1	1	-1	1	1	1	1	1	1	1	0	0	1	1	-1	1	1	1	1	1	1	1	0	1	0	1	0	0	1	0	1	1	0	1	1	1	0	0	-1	1	1	0	1	0	0	-1	1	1	1	1	0	0	0	-1	1	1	0	0	0	0	1	1	1	0	0	0	0	0	-1	0	1	0	0	0	0	0	1	-1	1	1	0	1	-1	1	1	0	0	-1	-1	0	0	1	1	0	0	0	0	-1	0	
43917255	0	0	0	0	1	1	1	1	0	0	1	0	0	0	0	0	0	1	0	0	0	0	0	1	0	0	1	0	0	0	0	0	0	0	0	1	0	0	0	0	0	0	0	0	0	0	0	0	0	0	1	0	0	0	0	0	-1	0	0	0	0	0	1	0	0	0	0	0	0	0	0	-1	0	0	0	0	0	0	0	0	0	0	0	0	0	0	0	0	0	0	0	0	1	-1	1	1	-1	0	0	0	0	0	0	-1	0	0	0	1	0	0	0	0	-1	0	0	0	0	0	0	0	0	0	1	0	0	0	0	0	0	0	0	0	0	43917255	30	female	democrat	bachelor	single_living_alone	employee	white	Atheist / Agnostic	yes	yes
43974080	0	0	1	0	0	0	0	0	1	0	0	0	0	0	0	0	0	0	0	0	0	0	0	0	0	0	0	0	-1	0	0	0	-1	0	0	0	0	0	0	1	0	0	0	0	-1	0	0	0	0	0	0	1	0	0	0	1	0	0	1	0	0	0	0	0	1	0	0	0	0	0	0	0	0	0	0	0	0	0	1	0	1	0	1	0	-1	0	0	0	0	0	0	1	0	0	0	0	0	1	0	0	0	0	0	0	0	0	0	0	0	0	0	0	0	1	0	0	0	0	0	0	0	0	0	0	0	0	0	0	0	0	0	0	-1	
41192746	0	0	0	0	0	0	0	0	0	0	0	0	0	0	0	0	0	0	0	0	0	0	0	0	0	0	0	0	0	0	0	0	0	0	0	0	0	0	0	-1	0	0	0	1	0	0	0	0	0	0	0	0	0	1	0	0	0	0	0	0	0	0	0	0	1	0	0	0	0	0	0	0	1	-1	-1	1	0	0	0	0	0	0	0	0	0	0	0	0	0	0	0	-1	-1	0	0	0	1	0	-1	0	1	0	0	0	0	0	0	0	0	0	0	0	0	0	0	0	0	-1	1	0	0	0	0	0	0	0	0	0	1	0	0	0	0	
41986015	0	0	0	0	-1	0	0	0	0	0	0	0	1	0	0	0	0	0	0	0	1	0	1	0	1	0	1	0	0	0	-1	0	0	0	0	0	0	0	0	0	0	0	0	0	0	0	0	0	-1	0	0	0	0	0	-1	0	0	0	0	0	1	0	0	0	0	0	0	-1	0	1	-1	0	1	0	0	0	-1	0	0	0	0	-1	0	0	0	0	0	0	-1	0	0	0	-1	-1	0	0	0	0	0	1	1	0	-1	1	0	0	0	0	0	0	0	0	0	0	0	1	0	0	-1	0	0	-1	0	0	0	0	0	0	0	0	0	0	0	41986015	62	female	none	bachelor	single_living_alone	retired	hispanic_american	Roman Catholic	yes	no
19838540	0	0	1	0	0	0	0	1	1	0	0	0	0	1	0	0	0	0	-1	0	0	0	1	0	0	0	0	0	1	0	-1	0	1	1	0	0	0	0	0	0	0	0	0	1	-1	0	0	0	0	0	0	1	0	-1	0	1	0	0	-1	0	0	0	0	0	1	1	1	-1	0	0	0	0	0	1	0	0	0	1	0	0	1	0	1	0	-1	0	0	0	0	0	-1	0	0	0	0	0	1	0	1	0	0	1	0	0	0	0	0	0	0	0	0	0	0	0	0	1	-1	1	-1	-1	0	0	0	0	0	0	1	0	1	1	1	0	1	
6413571	0	0	0	0	0	0	0	0	0	0	0	0	0	0	0	0	0	0	0	0	0	0	0	0	0	0	0	0	1	0	0	0	0	0	0	0	0	0	0	0	0	0	0	0	0	0	0	0	0	0	0	0	0	0	0	0	0	0	0	0	-1	1	1	1	0	0	0	0	0	0	0	0	0	0	0	0	0	0	0	0	0	0	0	0	0	0	0	0	0	-1	-1	0	0	0	0	0	0	0	0	0	0	0	0	0	0	0	0	0	0	0	0	0	0	0	0	0	0	0	0	0	0	0	0	0	1	0	0	0	0	0	0	0	0	
41676062	0	0	0	0	0	0	0	0	0	0	0	0	0	0	0	0	0	0	0	0	0	0	0	0	0	0	0	0	0	0	0	0	0	0	0	0	0	0	0	0	0	0	0	0	0	0	0	0	0	0	0	0	0	0	0	0	0	0	0	0	0	0	0	0	0	0	0	0	0	0	0	0	0	0	0	0	0	0	0	0	0	0	0	0	0	0	0	0	0	0	0	0	0	0	0	0	0	0	0	0	1	1	-1	1	0	0	0	0	0	0	0	0	0	0	0	0	-1	1	1	1	0	0	0	0	0	0	0	0	0	0	0	0	0	
39501628	-1	0	0	-1	-1	1	0	0	0	0	0	-1	1	0	0	0	0	0	0	0	0	0	0	0	0	0	0	0	0	0	-1	0	0	1	0	0	-1	1	1	1	1	1	1	-1	0	0	1	0	0	0	0	1	0	0	1	0	1	0	-1	0	1	1	0	0	0	-1	0	1	0	1	1	0	1	1	0	-1	0	0	0	-1	-1	0	0	0	1	-1	-1	1	0	0	0	0	0	0	0	0	0	1	0	0	1	-1	-1	1	0	1	0	0	0	-1	1	-1	0	0	1	1	-1	0	0	0	0	0	0	0	0	0	0	0	0	0	1	-1	0	
43888123	0	1	0	0	0	0	0	0	0	0	0	-1	0	0	0	0	1	0	0	0	0	0	0	0	1	0	0	0	0	0	0	0	0	0	0	0	0	0	0	0	0	0	0	0	-1	0	0	0	-1	0	0	0	0	0	0	0	0	0	0	0	0	0	0	0	0	0	1	0	0	0	0	0	0	0	0	0	0	0	0	0	0	0	0	0	0	0	1	0	0	0	0	0	1	0	0	0	0	0	0	0	0	0	-1	0	1	1	1	1	0	0	0	0	0	0	0	0	0	0	0	0	0	0	0	1	0	0	0	0	0	0	0	0	0	43888123	23	female	democrat	bachelor	single_living_with_partner	student	white	Protestant	no	yes
43932665	0	0	0	0	0	0	1	0	1	1	-1	-1	0	0	0	0	0	0	0	0	0	0	0	0	0	0	0	0	0	0	0	0	0	0	0	0	-1	0	0	0	-1	0	0	0	0	0	0	0	0	0	0	0	0	0	0	0	0	0	0	0	0	0	0	0	1	0	0	0	0	0	0	0	0	0	0	0	0	0	0	0	1	0	0	0	0	0	1	0	0	-1	1	-1	0	0	0	0	0	0	0	0	0	0	0	0	0	0	0	0	0	0	0	0	0	0	0	0	0	1	0	-1	1	0	0	0	0	0	0	0	0	0	0	0	0	
22345789	0	0	0	0	0	0	0	0	1	0	1	0	0	0	0	0	0	0	0	-1	0	0	0	1	0	0	1	0	-1	0	-1	0	0	0	1	0	0	0	0	0	1	1	1	-1	-1	-1	1	0	0	-1	0	1	0	0	0	1	0	0	-1	0	1	0	1	0	0	1	1	0	0	0	0	0	0	0	1	-1	1	-1	1	-1	1	0	0	1	1	0	0	1	-1	0	0	0	0	1	0	0	-1	0	0	1	1	0	0	0	0	0	0	0	1	0	1	0	0	0	0	0	0	1	0	-1	0	0	-1	0	0	0	0	0	1	-1	-1	0	1	22345789	62	female	independent	associate_degree	single_living_alone	employee	white	other:Christian	no	yes
16854635	0	0	0	0	-1	0	0	0	0	0	1	0	0	0	0	-1	0	0	0	0	0	1	0	0	0	1	1	0	1	0	-1	0	0	0	0	0	0	0	1	0	0	0	0	0	0	0	0	1	0	0	0	0	0	0	-1	0	-1	0	0	0	1	-1	1	1	0	0	0	0	0	0	0	0	0	0	0	0	0	0	0	0	0	1	0	0	0	0	-1	0	0	-1	-1	0	0	0	0	0	0	0	0	1	0	0	0	0	0	0	0	0	1	0	0	0	-1	1	1	1	0	0	0	1	0	0	1	0	1	1	0	0	0	0	0	0	0	
40107272	0	0	0	0	-1	1	1	1	0	0	0	0	0	-1	0	1	0	0	-1	0	0	0	1	1	0	1	0	0	0	0	0	0	0	0	1	1	0	0	0	0	0	0	0	0	0	0	0	0	0	0	1	-1	1	-1	-1	1	0	0	0	1	0	0	0	0	0	0	0	0	0	0	0	-1	0	1	0	0	0	-1	-1	0	0	0	0	0	0	0	0	0	0	0	-1	0	0	0	0	0	1	1	0	0	0	-1	0	1	1	0	0	0	0	0	0	0	1	0	0	0	0	0	0	0	0	0	0	0	0	0	1	0	0	0	-1	0	0	
43942386	1	0	0	0	0	-1	0	0	0	0	0	-1	0	-1	0	1	0	0	0	0	0	0	0	0	0	1	0	0	0	1	0	0	1	1	-1	1	1	1	-1	1	1	1	1	1	0	0	0	0	0	0	0	-1	0	0	0	0	0	0	0	1	-1	1	0	0	0	0	0	1	0	0	0	0	1	1	0	1	0	0	0	0	1	0	1	0	0	0	0	0	0	0	0	0	0	0	1	0	0	0	0	0	0	0	0	0	0	1	0	0	0	-1	1	-1	0	0	0	1	-1	0	0	0	0	0	0	0	0	0	0	0	0	0	0	0	0	
20430407	1	0	1	0	0	0	-1	0	0	1	0	-1	1	1	1	1	1	1	1	1	1	1	1	1	0	0	0	1	0	1	0	0	0	0	1	0	1	0	0	0	1	0	0	1	0	0	1	0	0	1	0	0	0	0	0	0	0	1	0	0	0	0	0	0	0	1	0	1	1	1	1	0	0	0	-1	0	1	1	-1	1	-1	1	1	1	0	0	0	0	1	0	0	0	0	-1	1	0	-1	0	1	0	0	0	1	0	1	0	1	0	0	0	0	0	1	1	0	0	0	1	0	0	1	0	0	0	0	0	0	0	1	0	0	0	0	
36276573	0	0	-1	0	1	0	0	0	0	0	0	0	0	0	1	0	0	0	0	0	0	0	0	0	0	0	0	0	0	0	1	0	1	0	0	0	0	-1	0	0	0	1	0	0	0	0	0	0	0	-1	0	0	1	0	0	0	0	0	0	0	0	0	0	0	0	0	0	0	0	0	0	0	0	0	0	0	0	0	0	-1	0	0	0	0	0	-1	0	0	0	0	0	0	0	0	0	1	0	0	0	0	0	-1	0	0	1	-1	0	0	0	0	0	0	0	0	0	0	0	0	0	0	0	0	0	-1	1	-1	1	1	-1	0	0	0	1	
18869867	0	0	0	0	0	0	0	0	0	0	0	0	0	0	0	0	0	0	0	0	0	0	0	0	0	0	0	0	0	0	0	0	0	0	0	0	0	0	0	0	1	1	1	-1	0	0	0	0	0	0	0	0	0	0	0	0	0	0	0	0	0	0	0	0	0	0	0	0	0	0	0	0	0	0	0	0	0	0	0	0	0	0	0	0	0	0	0	0	0	0	0	0	0	0	0	0	0	0	0	0	0	0	0	0	0	0	0	0	0	0	0	0	0	0	0	0	0	0	0	0	0	0	0	0	0	0	0	0	0	0	0	0	0	18869867	67	female	republican	bachelor	single_living_alone	retired	white	Protestant	yes	yes
43941355	1	1	1	0	0	-1	1	0	0	0	0	0	0	-1	1	0	1	-1	0	0	0	0	0	0	0	0	0	1	0	0	0	1	0	0	0	0	1	1	0	0	1	1	0	-1	-1	0	1	0	-1	1	1	0	1	1	1	1	0	0	0	1	0	-1	0	0	1	0	0	0	1	0	0	0	0	0	0	0	0	1	0	1	-1	0	0	-1	0	-1	1	0	1	1	1	1	0	0	0	1	0	0	0	0	0	1	0	0	0	0	0	1	0	1	0	-1	0	0	0	0	0	1	0	1	1	-1	0	1	1	-1	0	-1	1	1	0	0	1	43941355	21	male	republican	associate_degree	single_living_alone	civil_servant	white	Atheist / Agnostic	yes	yes
43875818	0	0	0	0	0	0	0	1	0	0	0	0	0	0	0	0	1	1	1	1	0	0	0	0	0	0	0	0	0	0	0	0	-1	0	0	1	0	0	1	0	0	0	0	0	0	1	0	1	0	0	0	0	0	0	0	0	0	1	1	1	0	0	0	1	0	1	0	0	0	0	0	0	0	0	0	-1	0	0	0	0	1	1	1	-1	0	0	0	0	0	0	0	0	0	0	0	0	0	0	0	0	0	0	0	0	0	0	0	0	0	0	0	0	0	0	-1	1	0	0	0	0	0	0	0	0	0	0	0	0	0	0	0	0	0	
34557302	1	0	0	1	0	1	0	1	0	1	1	-1	0	1	0	1	1	0	1	1	-1	1	0	1	0	1	0	0	1	1	-1	1	1	1	1	1	1	0	0	1	1	1	1	1	0	0	0	0	1	1	1	1	0	0	0	0	0	0	0	1	0	0	1	0	0	0	0	1	1	0	0	0	1	1	1	0	1	1	1	1	1	1	1	0	1	0	1	1	0	0	0	0	0	1	1	1	-1	0	0	0	0	0	0	1	0	0	0	0	0	0	1	-1	1	1	1	1	-1	1	1	1	1	0	-1	0	0	1	1	0	0	0	0	0	0	34557302	36	female	independent	master	married	other:homemaker	white	Roman Catholic	yes	yes
43762146	-1	1	1	1	1	0	1	0	1	1	1	-1	0	1	1	0	1	1	0	1	1	0	0	0	1	1	1	1	0	0	1	1	1	0	0	0	1	1	0	0	1	1	1	1	0	0	0	1	0	1	1	0	1	0	0	0	0	1	0	0	0	1	0	1	1	0	0	0	1	1	1	1	0	0	0	0	1	1	0	1	1	0	0	0	0	1	1	0	1	1	1	1	0	0	0	1	0	0	0	0	0	1	0	0	1	1	1	1	0	1	0	1	0	0	0	0	0	1	0	1	1	1	1	1	1	1	1	1	1	1	0	0	1	
40212251	0	1	1	0	-1	0	0	0	0	1	0	0	0	-1	1	0	0	1	0	1	1	0	0	0	0	0	0	0	0	0	1	1	1	0	0	0	1	1	1	1	0	1	-1	1	0	0	0	0	0	1	1	0	1	0	0	0	0	1	0	0	0	0	0	0	0	0	0	0	1	1	1	0	0	1	0	1	1	1	0	-1	0	0	0	0	0	1	0	0	1	0	0	0	0	-1	0	1	0	0	0	0	0	1	0	0	1	1	0	1	1	1	0	1	0	0	0	0	0	0	0	0	1	1	1	0	1	1	1	0	-1	1	0	0	1	
43961825	1	0	-1	0	0	0	1	0	0	0	0	0	0	0	0	0	0	0	0	0	-1	-1	1	-1	0	0	0	0	0	0	0	1	0	0	0	0	0	0	1	1	-1	0	0	1	0	0	0	1	0	0	0	0	0	0	-1	-1	0	0	-1	-1	0	0	0	0	0	0	0	0	0	0	0	0	0	0	0	0	0	0	0	0	0	0	0	0	0	0	0	0	1	0	0	0	0	0	0	0	1	1	1	-1	0	0	0	0	-1	0	1	0	0	0	0	0	-1	0	0	0	0	-1	0	0	0	0	0	0	0	-1	0	0	0	0	0	0	0	43961825	25	female	democrat	vocational_secondary_certification	single_living_alone	employee	american_indian_or_alaska_native	Protestant	yes	yes
20512953	1	-1	-1	1	1	-1	1	1	1	1	1	-1	0	0	1	0	1	0	0	0	0	0	0	1	0	0	1	0	0	0	0	-1	0	0	1	1	1	0	0	0	1	1	0	0	0	0	0	1	0	0	1	1	0	0	0	0	0	0	0	0	0	1	0	1	1	0	0	0	0	0	0	-1	0	0	0	0	0	0	0	0	1	0	0	0	0	0	1	0	0	-1	-1	-1	-1	1	1	1	1	1	0	0	0	0	0	1	1	0	1	0	0	0	0	0	1	0	0	0	0	1	0	1	1	0	0	0	0	0	0	1	0	0	0	0	0	20512953	38	female	democrat	bachelor	single_living_with_parents	employee	white	Atheist / Agnostic	yes	yes
43722521	0	-1	0	0	-1	1	1	1	0	0	1	0	0	0	0	0	0	0	0	0	0	0	0	1	0	0	0	0	0	0	0	0	0	0	0	1	0	0	0	0	0	0	0	0	0	0	0	0	0	0	1	0	-1	-1	0	1	0	1	0	0	0	0	0	0	0	0	0	0	0	0	0	-1	0	0	-1	0	0	0	0	0	0	0	0	0	0	0	0	0	0	0	0	0	1	-1	1	1	1	0	0	-1	0	0	0	-1	0	0	0	0	1	0	0	0	-1	-1	0	0	0	0	0	0	0	0	0	0	0	0	0	0	0	0	0	0	0	43722521	27	female	democrat	master	single_living_alone	employee	white	Atheist / Agnostic	yes	yes
15448937	0	0	0	0	0	0	0	0	0	0	0	0	1	0	0	0	0	0	0	0	1	0	0	0	1	0	1	0	0	0	0	0	0	0	0	0	0	0	0	0	0	0	0	0	0	0	0	0	0	0	0	0	0	0	0	0	0	0	0	0	1	0	0	0	0	0	0	1	0	1	1	0	1	0	0	0	1	0	0	0	0	0	0	0	0	0	0	0	1	0	0	0	1	-1	0	0	0	0	0	1	0	1	1	0	0	0	0	0	0	0	0	0	0	0	0	0	0	0	1	0	0	-1	0	0	0	0	0	0	0	0	0	0	0	15448937	40	male	republican	high_school	single_living_with_partner	employee	white	Atheist / Agnostic	no	yes
33427067	0	0	0	1	0	0	0	0	0	0	1	-1	0	0	0	0	0	0	0	0	0	0	0	0	0	0	0	1	0	0	0	0	0	0	0	0	0	0	0	0	0	0	0	0	0	0	0	0	-1	1	1	1	0	0	0	0	0	0	0	0	0	0	1	0	0	0	0	0	0	0	1	0	0	0	0	0	0	0	0	0	0	0	0	0	0	0	0	0	0	0	0	0	0	0	0	1	0	0	1	0	0	0	0	0	0	0	0	0	0	0	0	0	0	0	0	0	0	0	0	0	0	0	0	0	0	0	0	0	0	0	0	0	0	
43918613	-1	1	1	-1	0	0	-1	0	-1	1	-1	-1	0	0	1	0	-1	0	0	0	0	0	0	0	0	0	1	0	0	0	0	1	0	0	1	0	1	0	0	0	1	1	0	0	0	0	0	-1	0	0	0	1	0	0	0	0	0	0	0	0	0	1	0	1	1	0	0	0	0	0	0	0	0	0	0	0	0	0	0	0	1	0	0	1	0	0	1	0	0	-1	-1	1	-1	-1	1	1	0	1	0	0	0	0	0	0	-1	0	1	0	0	0	0	0	0	0	0	0	0	1	0	1	1	0	0	0	0	0	0	1	0	0	0	0	0	
38671298	0	0	0	0	0	0	0	1	0	1	0	0	0	0	1	1	0	0	1	0	0	1	1	0	1	1	1	1	0	0	0	1	0	1	0	0	0	0	0	0	1	1	1	-1	0	0	0	0	-1	0	0	0	1	1	1	1	0	0	0	1	0	1	1	1	0	0	0	0	0	0	0	-1	0	-1	1	0	0	0	1	0	0	1	0	0	0	0	1	0	0	0	0	0	0	0	0	0	0	0	0	1	0	1	0	0	0	0	1	0	1	0	0	0	0	0	0	1	0	0	0	1	1	0	-1	0	0	1	0	1	0	0	0	0	0	
38806465	0	0	0	0	0	0	0	0	0	0	0	0	0	0	0	0	0	0	0	0	0	0	0	0	0	0	0	0	0	0	0	0	0	0	0	0	0	0	0	0	0	0	0	0	0	0	0	0	0	0	0	0	0	0	0	0	0	0	0	0	0	0	-1	1	0	0	0	0	0	0	0	0	0	0	0	0	0	-1	0	0	0	0	0	0	0	-1	0	0	0	0	0	-1	0	1	0	0	0	0	0	0	0	0	0	0	0	0	0	0	0	0	0	0	0	0	0	0	0	0	0	0	0	0	0	0	1	0	0	0	1	-1	-1	-1	1	
43987213	1	0	0	-1	0	1	0	0	0	0	0	-1	-1	1	0	0	0	0	0	0	0	0	0	0	0	1	0	0	0	-1	0	0	1	0	1	1	1	1	1	-1	0	1	1	-1	0	0	1	0	0	0	0	-1	0	0	0	0	-1	0	0	1	1	1	0	0	0	-1	0	1	0	0	-1	0	1	1	0	0	0	0	0	0	-1	0	1	0	1	-1	1	-1	0	0	0	0	0	0	1	0	0	1	0	0	1	0	0	0	0	1	0	0	0	-1	1	0	0	0	1	1	0	0	0	0	0	0	0	0	0	0	0	0	0	0	1	0	0	
36293563	0	-1	0	0	0	0	0	0	1	0	0	0	0	0	0	0	0	0	0	0	0	0	0	1	0	0	0	0	0	0	0	0	0	0	0	0	0	0	0	0	0	0	0	0	0	0	0	0	0	0	0	0	0	0	-1	0	0	1	0	0	0	0	0	0	1	-1	1	1	0	0	0	0	0	0	0	0	0	0	0	0	0	0	0	1	0	0	0	1	0	0	0	0	0	0	0	0	-1	1	1	1	0	0	0	0	0	0	0	0	1	-1	1	1	0	1	0	0	1	1	1	1	0	0	0	0	0	0	0	0	0	0	0	0	0	36293563	38	female	republican	master	married	employee	white	Protestant	no	yes
43913997	1	1	1	1	-1	1	-1	1	1	1	1	-1	0	0	0	1	1	0	0	0	0	0	0	1	0	1	0	0	1	0	0	0	0	1	0	1	1	0	0	0	1	1	0	0	0	0	0	-1	0	0	1	0	0	0	0	0	0	0	0	1	-1	1	1	1	1	0	0	0	0	0	0	1	0	0	0	0	0	0	0	0	1	0	0	0	0	0	1	0	0	-1	-1	-1	0	0	0	0	-1	0	0	0	0	0	0	1	0	0	0	0	0	0	0	0	-1	0	0	0	0	1	0	1	1	0	0	0	1	0	0	0	0	0	0	0	0	
38202325	0	-1	0	0	0	-1	0	0	0	0	0	0	0	0	1	0	0	0	-1	0	0	0	0	0	0	0	0	1	-1	0	-1	0	0	0	0	0	0	0	0	0	0	0	0	0	-1	-1	1	1	-1	0	1	0	0	0	1	0	0	-1	0	0	0	0	1	1	0	0	0	0	0	0	0	0	0	0	0	0	0	-1	0	-1	0	0	0	1	0	-1	1	0	0	0	0	-1	1	1	0	0	-1	-1	1	1	0	0	-1	0	0	1	0	0	0	-1	0	0	0	1	0	0	0	0	0	0	0	-1	-1	1	1	0	0	0	1	0	-1	-1	1	
43620110	-1	1	1	1	0	0	0	0	1	0	1	0	0	0	0	1	0	0	0	0	0	1	0	0	0	1	0	0	-1	0	0	0	0	0	1	0	0	0	0	0	0	0	0	0	-1	0	0	0	0	0	0	1	0	-1	0	1	0	0	1	0	0	0	0	0	0	0	0	0	0	0	0	0	0	0	1	0	0	0	-1	0	-1	-1	-1	0	-1	0	1	0	0	0	0	0	0	0	0	0	0	1	1	-1	0	0	0	0	1	0	0	0	1	0	0	0	0	0	0	0	0	0	0	1	0	0	0	0	0	1	0	0	0	0	0	0	0	
43857153	0	0	0	0	0	0	0	0	0	0	0	0	0	0	0	0	0	0	0	0	0	0	0	0	0	0	0	0	0	0	0	0	0	0	0	0	0	0	0	0	0	0	0	0	0	0	0	0	0	0	0	0	0	0	0	0	0	0	0	0	0	0	0	0	0	0	0	0	0	0	0	0	0	0	0	0	0	-1	0	0	0	0	0	0	0	0	0	0	0	0	0	0	0	0	0	0	0	0	0	0	0	0	0	0	0	0	0	1	0	0	0	-1	0	0	0	0	0	0	0	0	0	0	0	0	0	0	0	-1	0	0	0	0	0	
43498762	0	0	0	-1	0	0	0	0	0	0	0	0	1	1	0	0	0	0	0	0	0	0	0	0	0	0	0	0	0	0	0	0	0	1	0	0	1	0	0	0	1	0	1	0	0	0	1	0	0	0	0	0	0	0	0	0	1	0	0	0	0	0	0	0	0	-1	0	0	0	0	1	0	-1	1	0	1	0	0	0	0	0	0	0	0	1	1	1	1	0	0	-1	0	0	0	0	0	0	1	0	0	1	1	1	1	0	0	0	0	0	0	1	1	0	0	1	0	1	1	1	1	0	0	0	0	0	0	0	0	0	0	1	0	0	
38153196	0	0	0	0	0	0	0	1	0	0	0	0	0	1	1	0	0	0	1	0	0	0	1	0	0	0	0	0	0	0	-1	0	0	1	0	0	0	0	0	0	0	0	0	1	0	0	0	0	0	0	0	0	0	0	0	0	0	0	0	0	0	0	0	0	1	1	1	1	0	0	0	0	0	1	0	0	0	1	-1	0	0	0	0	1	0	0	0	0	0	0	-1	0	0	0	0	0	1	0	0	0	0	-1	0	0	0	0	0	0	0	0	0	0	0	0	0	0	1	0	1	1	0	-1	0	0	0	0	1	0	1	1	1	0	1	
43990834	-1	0	-1	0	1	0	0	1	-1	0	0	0	0	0	0	0	0	0	0	-1	1	1	1	-1	0	0	0	0	0	-1	0	1	0	0	0	0	0	0	-1	-1	0	0	0	1	0	-1	0	-1	0	0	0	0	0	1	-1	0	0	1	0	1	0	0	0	0	-1	0	1	-1	0	0	0	0	0	0	1	0	0	0	1	-1	0	0	0	0	0	0	0	0	1	0	0	0	0	0	0	0	0	1	0	0	0	0	1	0	0	0	0	0	0	0	-1	0	-1	-1	0	-1	0	-1	0	1	0	0	0	0	0	-1	0	0	0	0	0	-1	1	43990834	90	female	independent	bachelor	single_living_with_partner	unemployedseeking_employment	white	Jewish	no	no
43930419	0	0	0	0	0	1	0	0	0	0	0	-1	0	0	0	0	0	0	0	0	0	0	0	0	0	0	0	0	0	0	0	0	0	1	0	0	0	0	0	0	1	1	1	1	0	0	0	0	0	0	0	0	0	0	0	0	0	0	0	0	0	0	0	0	0	0	0	1	0	0	0	0	0	1	0	0	0	0	0	0	-1	0	0	0	0	0	0	0	0	0	0	0	0	0	0	0	0	0	0	0	0	0	0	0	0	0	0	0	0	0	0	0	0	0	0	1	0	0	0	0	0	0	0	0	0	0	0	0	0	0	0	0	0	
20623511	0	0	0	0	0	0	0	0	0	0	0	0	0	0	0	0	0	0	0	0	0	0	0	0	0	0	0	0	0	0	0	0	0	0	0	0	0	0	0	0	1	0	0	0	0	0	0	0	0	0	0	0	0	0	0	0	0	0	0	0	0	0	0	0	0	-1	0	0	0	0	0	0	0	0	0	0	0	0	0	0	0	0	0	0	0	0	0	0	0	0	0	0	0	0	0	0	0	1	0	0	1	1	1	1	0	0	0	0	0	0	0	0	0	0	1	0	0	0	0	0	0	0	0	0	0	0	0	0	0	0	0	0	0	20623511	40	female	none	vocational_secondary_certification	married	employee	white	Roman Catholic	yes	yes
36968345	0	-1	0	0	0	0	0	0	0	0	0	0	0	0	0	0	0	0	0	0	0	0	0	0	0	0	0	0	0	0	0	0	0	0	0	0	0	0	0	0	0	0	0	0	0	0	0	0	-1	0	0	0	0	0	0	0	0	0	0	0	0	0	0	0	0	0	-1	0	0	0	0	0	0	0	0	0	0	0	0	0	0	0	1	0	0	0	1	0	0	0	0	0	1	0	0	0	0	0	0	0	0	0	1	1	0	1	0	0	1	0	0	0	0	0	0	0	0	0	0	0	0	0	0	1	0	0	0	0	0	0	1	0	0	36968345	39	female	democrat	doc	married	other:parent	white	Atheist / Agnostic	yes	yes
43946798	0	0	0	0	0	0	1	0	0	0	0	0	0	0	1	0	1	1	0	-1	1	0	0	0	1	1	1	1	0	0	0	1	0	0	0	0	1	0	0	0	1	1	1	0	0	0	0	1	0	0	1	0	0	0	0	0	0	1	0	0	0	1	0	1	1	0	0	0	1	1	-1	1	0	0	0	0	1	1	0	0	1	0	0	0	0	0	1	0	1	0	0	1	0	0	0	0	0	0	0	0	0	0	0	0	0	0	-1	1	0	1	0	1	0	0	0	0	0	1	0	-1	1	1	-1	1	0	1	1	1	0	1	0	0	0	
20328071	0	-1	1	0	0	0	0	0	1	0	0	-1	0	0	0	0	1	0	0	0	0	0	0	1	1	0	0	0	1	0	0	0	1	0	0	0	0	0	0	1	0	0	0	0	-1	0	0	0	-1	0	0	-1	0	-1	0	1	0	0	-1	0	0	0	0	0	1	0	-1	0	0	0	0	0	1	1	-1	-1	0	0	-1	0	1	0	0	1	1	0	1	1	0	0	0	-1	1	0	0	0	0	-1	1	0	1	0	-1	1	1	1	1	1	-1	0	0	0	0	1	0	0	0	0	-1	0	0	0	0	1	0	0	0	0	0	0	-1	0	1	
43589420	0	0	0	0	0	0	0	0	0	0	0	0	0	0	0	0	0	0	0	0	0	0	0	0	0	0	0	0	0	0	0	0	0	0	0	0	0	0	0	0	0	0	0	0	0	0	0	0	0	0	0	0	0	0	0	0	0	0	0	0	0	0	0	0	0	0	0	0	0	0	0	0	0	0	0	0	0	0	0	0	0	0	0	0	0	0	0	0	0	0	0	0	0	0	0	0	0	0	0	0	0	0	0	0	-1	1	1	1	0	0	0	0	0	0	0	0	0	0	0	0	0	0	0	0	0	0	0	0	0	0	0	0	0	
43811627	0	0	0	1	-1	1	0	0	0	0	0	0	1	0	0	0	0	0	0	0	1	0	1	0	1	0	1	0	0	0	-1	0	0	0	0	0	1	1	1	1	1	0	1	0	0	0	1	0	1	0	0	1	0	0	-1	0	1	0	0	0	1	1	0	0	0	1	0	1	0	1	1	0	1	0	0	1	1	0	0	0	0	1	0	0	1	1	1	1	1	0	0	0	1	1	0	0	0	1	0	1	1	1	1	1	0	0	0	0	0	0	1	1	0	0	1	1	-1	0	1	0	0	-1	0	0	0	0	0	0	0	0	1	0	0	
43787047	0	0	0	0	0	0	0	0	1	0	0	0	0	0	0	0	0	0	0	0	0	0	0	0	0	0	0	0	0	0	0	0	0	0	0	0	0	0	0	0	0	0	0	0	0	0	0	0	0	0	0	0	0	1	0	1	0	0	0	0	0	0	0	0	0	0	0	0	0	0	0	0	0	0	0	0	0	0	1	0	1	0	0	0	1	0	0	0	0	0	0	0	0	0	0	0	0	0	0	0	0	0	0	0	0	0	0	0	0	0	0	0	0	0	0	0	0	0	0	0	0	0	0	0	0	0	0	0	0	0	0	0	0	43787047	22	female	democrat	bachelor	single_living_with_parents	student	asien	Atheist / Agnostic	yes	yes
37177227	0	0	0	0	0	0	0	0	0	0	0	0	0	0	0	0	0	0	0	0	0	0	0	0	0	0	0	0	1	0	0	0	0	0	0	0	0	0	0	0	0	0	0	0	0	0	0	0	0	0	0	0	0	0	0	0	0	0	0	0	1	1	-1	-1	1	0	0	0	0	0	0	0	0	0	0	0	0	0	0	0	0	0	0	1	0	0	0	0	0	-1	1	0	0	0	1	0	0	0	0	0	0	0	0	0	0	0	1	0	0	0	0	0	-1	-1	1	1	0	0	0	0	0	0	0	0	-1	0	0	0	0	0	0	0	0	37177227	32	male	democrat	master	married	employee	white	Roman Catholic	no	yes
43963742	0	0	0	0	0	0	0	0	0	0	0	0	0	0	0	0	0	0	0	0	0	0	0	0	0	0	0	0	0	1	0	0	0	0	0	0	0	0	0	0	0	0	0	0	0	0	0	0	0	0	0	0	0	0	0	0	0	-1	0	0	0	0	0	0	0	0	0	0	0	0	0	0	0	0	1	0	0	0	0	0	0	0	0	0	0	0	0	0	0	0	0	0	0	0	0	0	0	0	0	0	0	0	1	0	0	0	0	0	0	0	0	0	0	0	0	0	0	0	0	0	0	0	0	0	0	0	0	0	0	0	0	0	0	
43935069	0	-1	1	0	1	0	0	0	0	1	0	0	0	-1	0	0	0	-1	0	1	1	1	1	1	0	0	0	0	0	1	0	-1	0	0	0	1	-1	1	-1	-1	-1	0	0	1	0	1	0	0	0	0	0	0	1	0	0	0	1	1	1	1	0	0	0	0	-1	0	0	0	1	0	0	0	0	0	1	-1	1	1	1	0	0	0	1	0	0	0	0	0	-1	0	1	-1	0	1	0	1	0	0	0	0	0	1	1	0	-1	0	-1	1	0	0	1	1	0	0	-1	0	0	0	1	1	1	0	0	0	0	0	1	-1	0	0	0	-1	1	
20398835	0	0	1	0	0	0	0	0	0	0	0	0	0	0	0	0	0	0	0	0	0	0	0	0	0	0	0	0	1	0	0	0	0	0	0	0	0	0	0	0	0	0	0	0	0	0	0	0	0	0	0	0	0	0	0	0	0	0	0	0	0	0	0	0	0	0	0	0	0	0	0	0	0	0	0	0	0	0	1	0	0	0	1	0	0	0	0	0	0	-1	1	0	0	0	0	0	0	0	1	0	0	0	0	0	0	0	0	0	0	0	0	0	0	0	0	0	0	0	0	0	0	0	0	0	1	0	0	0	0	0	0	0	0	
43853132	-1	-1	1	0	0	0	0	0	0	0	0	1	1	1	0	1	1	0	0	0	-1	-1	-1	0	0	1	1	1	-1	-1	0	1	1	0	1	0	1	1	0	0	0	0	-1	1	-1	-1	-1	0	1	0	0	-1	-1	0	1	1	1	0	1	0	0	0	-1	0	-1	0	0	1	1	-1	-1	0	0	1	0	-1	-1	-1	0	1	1	0	-1	1	1	0	0	0	0	0	1	0	0	-1	1	0	0	-1	0	-1	0	1	0	0	0	0	0	1	1	-1	1	1	0	0	0	0	1	0	1	-1	-1	-1	-1	0	0	0	1	0	-1	-1	1	1	1	
43718472	0	0	0	0	0	0	0	0	0	0	0	0	0	0	1	0	0	0	0	0	0	0	0	0	1	1	1	1	0	0	0	1	0	0	0	0	0	0	0	0	0	0	0	0	0	0	0	0	0	0	0	0	0	0	0	0	0	0	0	0	0	1	0	1	0	0	0	0	0	0	0	0	0	0	0	0	0	0	0	0	0	0	0	0	0	0	0	0	0	0	0	0	0	0	0	0	0	0	0	0	0	0	0	0	0	0	1	0	0	0	0	0	0	0	0	0	0	0	0	0	1	0	0	0	0	0	0	1	0	0	0	0	0	
43605836	0	0	0	0	0	0	0	0	0	0	0	0	0	0	0	0	0	0	1	0	0	0	0	0	0	0	0	0	1	0	0	0	0	0	0	0	0	0	0	0	0	0	0	0	0	0	0	0	0	0	0	0	0	0	0	0	0	0	0	0	0	0	0	0	0	0	1	0	0	0	0	0	0	0	0	0	0	0	0	0	0	0	0	0	0	0	0	0	0	0	0	0	0	0	0	0	0	0	0	0	0	0	0	0	0	0	0	0	0	0	0	0	0	0	0	0	0	0	0	0	0	0	1	0	0	0	0	0	0	0	0	0	0	
15577915	0	0	0	0	0	1	-1	0	0	1	0	0	0	0	1	0	0	0	0	0	0	0	1	0	1	0	0	1	-1	0	0	0	0	0	0	0	1	0	0	0	1	0	0	0	1	1	1	-1	-1	0	1	0	0	0	0	0	0	0	0	0	0	0	0	0	1	0	0	0	0	0	0	1	0	1	0	0	0	0	0	-1	1	0	0	1	0	1	-1	0	0	0	-1	-1	0	0	0	0	0	0	0	0	0	0	0	0	0	0	0	0	1	-1	0	0	1	1	1	1	0	1	0	1	1	1	0	-1	1	0	0	0	-1	1	0	0	0	
41193378	0	0	0	1	0	0	0	1	0	0	0	0	0	0	0	0	1	0	-1	1	1	0	0	1	0	0	0	0	1	-1	-1	1	0	0	1	0	0	0	1	0	0	0	1	0	0	0	0	-1	0	0	0	0	0	0	0	0	-1	0	0	0	0	0	0	1	0	0	0	0	0	0	0	0	0	0	0	0	0	0	0	0	0	0	0	0	-1	0	0	1	0	0	0	0	1	-1	1	1	0	1	1	1	0	0	0	-1	0	0	0	0	1	-1	1	-1	0	0	0	0	-1	0	0	0	0	0	-1	0	0	0	0	0	0	0	0	0	0	
22653569	0	0	0	0	0	0	0	0	0	0	0	0	0	0	0	0	1	1	-1	1	0	0	0	0	0	0	0	0	0	0	0	0	0	0	0	0	0	0	0	0	0	0	0	0	0	0	0	0	0	0	0	0	0	0	0	0	0	0	0	0	0	0	0	0	0	0	0	0	0	0	0	0	0	0	0	0	0	0	0	0	1	1	1	1	0	0	0	0	0	0	0	0	0	0	0	0	0	0	0	0	0	0	0	0	0	0	0	0	0	0	0	0	0	0	0	0	0	0	0	0	0	0	0	0	0	0	0	0	0	0	0	0	0	
18212596	0	0	0	0	0	0	0	0	0	0	0	0	0	0	0	0	0	0	1	0	0	0	0	0	0	0	0	0	1	0	0	0	0	0	0	0	0	0	0	0	0	0	0	0	0	0	0	0	0	0	0	0	0	0	0	0	0	0	0	0	0	0	0	0	0	0	1	0	0	0	0	0	0	0	0	0	0	0	0	0	0	0	0	0	0	0	0	0	0	0	0	0	0	0	0	0	0	0	0	0	0	0	0	0	0	0	0	0	0	0	0	0	0	0	0	0	0	0	0	0	0	0	1	0	0	0	0	0	0	0	0	0	0	18212596	34	female	none	vocational_secondary_certification	other:Single living with children	unemployedseeking_employment	black_or_african_american	Atheist / Agnostic	no	yes
13095205	-1	0	0	-1	0	0	0	0	0	0	1	0	1	0	0	0	0	1	-1	1	1	1	-1	1	0	1	1	1	0	1	-1	0	1	1	1	1	0	-1	0	0	0	0	1	1	1	1	0	0	0	0	0	0	0	0	0	0	1	1	-1	1	0	0	1	0	1	0	1	1	0	0	0	1	0	1	0	1	0	1	-1	0	-1	1	0	1	1	0	0	1	0	0	-1	0	0	0	1	0	-1	1	1	1	0	1	0	1	0	0	0	1	1	-1	1	0	0	0	1	1	-1	1	1	1	0	0	1	0	0	0	1	0	1	1	1	0	1	
43932026	1	0	0	1	0	1	0	0	0	0	0	1	1	1	0	0	0	0	0	0	0	0	0	0	0	1	0	0	0	1	0	0	1	1	1	1	1	1	1	1	1	1	1	1	0	0	1	0	0	0	0	1	0	0	0	0	1	0	0	1	1	1	0	0	0	1	0	1	0	0	1	0	1	1	0	1	0	0	0	0	1	0	1	0	1	1	1	1	0	0	0	0	0	0	1	0	0	1	0	0	1	0	0	0	0	1	0	0	0	1	1	1	0	0	1	1	1	0	0	0	0	0	0	0	0	0	0	0	0	0	1	0	0	
43939704	0	0	0	1	1	1	1	1	0	1	0	1	1	0	0	-1	0	1	0	0	0	-1	1	1	0	1	0	1	0	1	0	0	0	0	1	1	0	1	0	0	0	0	0	0	0	0	1	0	-1	1	0	1	1	0	-1	1	-1	0	0	0	0	0	1	0	0	1	0	0	1	0	1	0	0	0	0	0	1	-1	1	1	0	-1	0	0	0	0	1	0	0	0	0	0	1	1	1	1	1	0	1	1	0	0	0	-1	0	0	0	1	1	0	0	0	1	1	1	0	0	0	0	-1	0	-1	0	0	0	-1	1	0	0	0	0	1	0	
43851130	0	0	0	0	0	0	0	0	0	0	0	0	0	0	1	0	0	0	-1	0	0	0	0	0	0	0	0	1	1	0	0	0	0	0	0	0	0	0	0	0	0	0	0	0	-1	1	1	1	-1	0	0	0	0	0	0	0	0	0	0	0	0	0	-1	1	0	0	1	0	0	0	0	0	0	0	0	0	0	1	0	-1	0	0	0	-1	0	1	0	0	0	0	0	1	0	1	0	0	0	0	0	0	0	0	0	0	0	0	0	0	0	1	0	0	0	0	0	0	0	0	0	0	0	1	1	1	1	0	0	0	1	1	1	-1	-1	43851130	25	male	democrat	bachelor	single_living_alone	employee	white	Roman Catholic	yes	yes
21088425	0	1	1	1	-1	0	-1	1	1	1	1	-1	1	1	1	1	1	1	1	1	1	1	0	1	0	1	0	1	1	1	-1	1	1	0	1	1	1	1	1	1	1	1	1	-1	1	1	1	0	-1	1	1	1	1	1	1	1	1	1	-1	1	0	0	1	1	1	0	1	1	1	1	-1	0	0	1	0	1	1	1	1	-1	1	1	1	1	1	0	1	1	0	-1	0	0	1	-1	1	1	-1	1	1	1	0	0	-1	1	1	0	-1	1	1	0	1	0	0	1	1	1	-1	1	1	1	1	1	1	0	0	1	1	0	0	0	0	0	0	21088425	56	female	democrat	high_school	single_living_alone	other:disabled	white	Protestant	no	yes
43102561	1	0	0	0	0	-1	0	0	0	0	0	-1	0	-1	0	1	0	0	0	0	0	0	0	0	0	0	0	0	0	-1	0	0	-1	1	1	1	-1	-1	1	1	1	1	1	-1	0	0	1	0	0	0	0	1	0	0	0	0	1	0	0	1	1	-1	0	0	0	1	0	1	0	0	0	0	1	-1	0	1	0	0	0	0	-1	0	1	0	0	-1	1	1	0	0	0	0	0	0	-1	0	0	-1	0	0	1	0	0	0	0	1	0	0	0	-1	-1	-1	0	0	1	1	-1	0	0	0	0	0	0	0	0	0	0	0	0	0	0	0	0	43102561	34	male	independent	master	married	selfemployed	hispanic_american	Protestant	yes	no
43780975	1	1	1	0	0	0	1	0	0	0	0	0	1	1	1	1	0	0	0	-1	1	1	-1	1	0	0	0	0	1	1	0	1	0	0	0	0	-1	0	1	0	-1	0	0	1	1	1	0	1	1	0	0	1	-1	0	-1	0	0	-1	1	1	0	0	0	0	0	0	1	1	1	1	0	0	0	0	1	0	1	0	0	0	0	-1	0	0	0	0	1	0	1	1	0	0	1	1	0	0	0	0	0	0	0	0	0	0	1	1	1	0	-1	1	1	1	1	0	0	0	0	-1	-1	-1	1	0	0	1	0	1	0	0	0	0	0	1	0	
6377879	0	0	0	0	-1	0	0	0	0	0	0	0	0	0	0	0	0	0	0	0	0	0	0	0	0	0	0	0	0	0	0	0	0	0	0	0	0	0	0	0	0	0	0	0	0	0	0	0	0	0	0	0	0	0	0	0	0	0	-1	0	0	0	0	0	0	0	0	0	0	0	0	0	0	0	0	0	0	0	0	-1	0	0	0	0	0	0	0	0	0	0	0	0	0	0	0	0	0	0	0	0	0	0	0	0	0	0	0	0	0	0	0	0	0	0	0	0	0	0	0	0	0	0	0	0	0	0	0	0	0	0	0	1	0	
43822436	0	0	0	1	-1	0	0	0	0	0	0	0	0	0	0	0	0	0	0	0	0	0	0	0	1	0	1	0	0	0	1	0	0	0	0	0	-1	0	0	0	1	0	1	0	0	0	0	0	0	0	0	0	0	0	-1	0	0	0	0	0	1	0	0	0	0	1	0	0	0	1	-1	0	1	0	0	-1	0	0	0	0	0	1	0	0	-1	0	0	0	0	0	0	0	1	0	0	0	0	1	0	-1	1	1	1	-1	0	0	0	0	0	0	1	0	0	0	1	0	-1	0	-1	0	0	-1	0	0	0	0	0	0	0	0	-1	0	0	43822436	19	female	independent	some_college	single_living_with_parents	student	white	Roman Catholic	yes	yes
21785776	0	0	0	1	0	0	0	1	0	0	0	0	1	0	0	0	1	1	-1	1	1	0	1	1	0	0	0	0	1	1	1	-1	0	0	1	1	0	1	1	0	0	0	1	0	0	-1	0	1	0	0	0	0	0	0	0	0	1	1	-1	1	0	0	0	1	0	0	0	0	0	0	0	-1	0	0	0	1	0	0	0	0	1	1	1	1	1	0	0	1	0	0	0	0	0	0	0	0	-1	0	0	0	0	0	0	-1	0	0	0	1	0	0	0	0	0	0	1	0	-1	0	0	0	0	0	-1	0	0	0	0	0	0	0	0	0	0	
42870640	0	0	0	0	0	0	0	0	0	0	0	0	0	0	0	0	0	1	0	1	1	0	0	0	0	0	0	0	0	0	-1	0	0	0	0	0	0	0	0	0	0	1	0	0	0	0	0	0	0	0	0	0	0	0	0	0	0	0	0	0	0	0	0	0	0	0	0	0	1	1	1	-1	0	0	0	0	0	0	0	0	0	0	0	0	0	-1	0	0	0	0	0	0	0	0	0	0	0	0	0	0	0	0	0	0	0	0	0	0	0	0	0	0	0	0	0	0	0	0	0	0	0	0	0	1	0	0	0	0	0	0	0	0	0	
