participant id	Health should be free for all unemployed people.	Health care must be accessible to low-income people.	Affordable Health Care Act is affordable.	Health coverage should be optional.	The middle class should have to pay higher taxes, because they will use more government funds for their healthcare.	The Obama care program should be revised.	Public health is a necessity.	Every one should be treated equally.	Our curent healthcare system is outrageous.	You should not be fined if you donâ€™t have insurance.	All people should have right to a safe life.	The Obama care program is too costly.	Unregulated health care markets are not beneficial to the american public, they create pricing gouges for certain life saving drugs, ie the epi pens.	Obama care is bad for the country.	Obamacare is of benefit to society.	People should have access to lifesaving medical opportunities.	Unemployed must revice free Health care.	Free health care is very necessary for certain social groups.	Individuals living in poverty deserve health care, and Obama Care helps to make it happen.	People shouldn't die because they can't afford the cure.	It is good that young adults can stay on their parentsâ€™ plans.	Obamacare should not exist.	Obama care should be encouraged.	We need a enlightenment pass on Obama care.	The pricing models of obama care are too expensive.	We should have lower prescription drug costs.	In its current form, the Affordable Care Act is not sustainable.	Access to preventative medicine reduces more expensive medical costs later.	Letting a person die for not having to pay for their medicine is a form of murder.	All healthcare should be free.	Healthcare professionals should not suffer with no health insurance and not be charged for it either.	Everyone should receive healthcare.	Healthcare professionals should not have to pay taxatoin of medicaid.	Healthcare should be available to all us citizens.	The wealthier you are, the more you should have to pay to help fellow Americans.	Health care should be universal in the United States.	Some regulations on healthcare and drug pricing is necessary to ensure access to both without economic disaster from price gouging.	Health insurance with obamacare is now more affordable for many people.	Healthcare should not be free for unemployed people.	Things to save people life should be offered freely to them.	Employment status should not be tied to access to health care.	People should not be taxed for being poor.	Once you give people free health care, you cannot take it back.	More screenings should be covered in obamacare.	Having access to health care makes the population more secure.	Life saving drugs should be afforable for everyone.	Every deserves a chance at life.	Preventative care is beneficial for the entire health care system.	Free market capitalism doesn't work for health care, because a person who is keeling over from a heart attack doesn't have time to select the best hospital with the most affordable cost.	Obama care should not be scrapped.	Obama care should and has end the dropping sick patients.	Health care should be accessible for everyone regardless of monetary status.	It is the humane thing to do to provide healthcare for those that cannot afford it.	Health Care should be self paid but subsidiate by the goverment.	Everyone should be provided basic health care.	By giving people free health care it can lead to them being lazy.	Affordable Health Care Act should not be replaced.	Our health care system is inefficient.	Heath care access is important in leveling the playing field between classes.	Health care should be more affordable.	People should pay to mantain good health.	Obacamacare provides healhtcare for all.	Health must be a right of all people.	With Obamacare people with pre-existing health conditions can no longer be denied coverage by insurance companies.	Obama care is a waste of money.	The poor should have a chance.	Subsidies for health insurance should be reduced at the top end of the spectrum.	Other countries with free healthcare have a cheaper system that works equally good.	Health care should be free for everyone.	Affordable Health Care Act should remain in the US.	All people should have access to medicines.	CHIP has expanded to cover up to 9 million children.	All americans should get the same health insurance that congress gets.	Government involvement is important for a good health care.	All citizens should benefits from obama care.	Government needs to keep people healthy.	No one should be deprived of health care.	Pre-existing conditions should be covered.	Obama care should subsidiate expensives medicines.	The Obama care program has to many loopholes.	There should be more competitive prices for health care.	Obama care makes many people pay higher premiums.	Drugs that help save lives should be accessible.	Medicines should regulate their price or be free in hospitals.	The premiums for the Affordable Care Act are too expensive.	A persons life should be more important than their capability to pay for it.	Health care should be offered to all with a doctor determining to end a patients care for negative reasonings.	We should get rid of the health insurance middle man.	Free health care is just another entitlement.	Everyone needs insurance.	Healthcare should be handled on the state level, not on the federal level.	Obama care is beneficial for blacks and all races other than white.	Global health should be our primary goal.	Medical treatments should be free for all the people.	There are now more private coverage options, and all major medical coverage options must provide minimum essential coverage.	Everyone should have access to cheap healthcare.	Obama Care should remain the law of the federal government, as it covers more indivdiuals.	Saving a life should be a top priority regardless of health care.	Universal health care is too slow.	The health care act is a very good system.	Medical care should be a human right.	Having health insurance lowers medical costs.	Healthcare should be free for all.	Health is wealth and should be encouraged.	The government must run the expenses of the sick.	Cancer treatment should be subsidized.	Healthcare should be free.	Because of obama care an increased number of americans have health insurance.	Every person has the right to access basic medical care.	Health care should be offered to anyone in need.	Obamacare must make sure that health concerns are treated with utmost priority.	All americans should have free basic medical care.	Government needs to make people healthy.	All people deserve access to health care.	With obamacare tens of millions of uninsured people have access to affordable, high-quality health insurance through Medicaid expansion, their employers, and the Health Insurance Marketplace.	People may rely on free health care to substitute there own role in maintaining unhealthy lifestyle choices.	Life should not be only for wealthy as wealthy people are no better than those less fortunate.	An unregulated market ensures cheap medicine.	Cheap medicine is accessible to those who need it.	No Time Limits on Care.	The affordable health care act causes an increase in health care costs.	Obama Care helps thousands of individuals get the care they deserve.	Health care should not punish people for pre-existing conditions.	A low cost medicine pogram help to improve Heatl care.	Everyone should have access to basic medical care.	Healthcare is the basis of living.	Health care should be guaranteed for all Americans.	People who are paying for healthcare suffer.	The country already has too much debt to even consider funding healthcare.	Us citizen health care should be free for unemployed poppulation.	Business should not determine how much a person should suffer for medicine.	Obama care should provide a measure for free health care.	Health insurance should be cheaper for people who are healthy for their age.	Affordable Health Care Act is good for the country.	Obama Care makes people use cheap medicine.	Health care results from our right to life.	Us citizens must be charged but on a mimimal level.	Healthcare is too expensive.	Affordable Health Care Act is good for all.	The law also includes spending. Upfront spending and more regulation are required to realize long-term cost-curbing measures.	Let the poor have a good healthcare.	Medical treatments should be only for people that can afford treatments.	Free health care leads to people not taking care of their health.	Obama care can do good in the world.	Taxes are going up as a result of the ACA.	With obamacare nobody has to die because they have no money.	Free market on drugs lets people raise the price.	Access to basic medical care will lower the total overall cost for everyone.	A benefit of unregulated health care is lower cost of medicine although it will not be available without health care.	The first step toward Universal Health Care is Obama Care, backed by the Affordable Care Act.	Obama care should be removed.	Health care should be free for all.	ObamaCareâ€™s many protections ensure that you canâ€™t be dropped from coverage when you get sick or make an honest mistake on your application.	Life saving drugs should be free for everyone.	participant id	age	gender	affiliation	education	family status	profession	race	religion	ties2overseas	US citizen
42703498	1	1	1	1	0	0	1	0	0	0	1	0	0	0	0	0	0	1	0	0	0	0	0	1	0	0	0	1	0	0	0	0	0	0	0	1	0	0	0	0	0	1	0	0	0	0	0	0	0	0	1	1	1	0	0	0	1	0	1	1	1	1	0	0	0	0	0	1	1	0	1	0	1	1	1	1	0	0	0	1	0	0	0	0	1	1	1	0	0	0	0	0	0	0	0	0	0	0	0	0	1	0	0	0	1	0	0	0	1	1	1	1	0	0	0	0	0	0	0	0	0	0	0	0	0	0	0	0	0	0	0	0	1	0	0	1	1	1	1	1	0	0	0	0	0	0	0	0	1	0	0	0	0	0	
22139728	0	1	1	0	1	0	0	1	0	0	1	1	0	0	0	1	0	0	1	1	0	1	0	0	1	1	1	1	1	0	1	0	1	1	1	1	1	0	0	1	0	0	0	0	1	1	0	0	0	0	0	0	0	0	0	1	0	0	0	1	0	0	1	1	0	0	1	0	1	1	1	1	0	1	0	0	0	0	0	0	1	0	0	1	0	0	1	1	0	0	0	0	0	1	0	1	0	1	1	1	0	0	0	0	0	0	1	0	1	0	0	0	0	1	0	0	1	1	1	0	0	0	0	0	0	0	0	0	0	1	0	0	1	1	1	1	0	1	0	0	1	0	1	1	0	1	0	0	1	1	1	1	1	0	22139728	32	female	democrat	master	single_living_alone	employee	black_or_african_american	other:Christian	yes	yes
43736722	0	0	0	0	0	0	0	0	0	0	0	0	0	1	0	0	0	0	0	0	1	1	1	1	0	0	0	0	1	1	-1	-1	0	0	0	0	0	0	0	0	0	0	0	0	0	0	0	0	0	0	0	0	0	0	0	0	0	0	0	0	0	0	0	0	0	0	0	0	0	0	0	0	0	0	0	0	0	0	0	0	0	0	0	0	0	0	0	0	0	0	0	0	0	0	0	0	0	-1	0	0	0	0	0	0	0	0	0	0	0	0	0	0	0	0	0	0	0	0	0	0	0	0	0	0	-1	0	0	0	0	0	0	0	1	-1	1	1	0	0	0	-1	0	0	0	0	0	0	0	0	0	0	0	0	0	0	43736722	22	female	independent	some_college	single_living_alone	employee	hispanic_american	other:Christian	yes	no
43860631	1	0	1	0	-1	0	0	0	-1	0	0	0	-1	-1	0	1	1	1	1	1	1	0	0	1	-1	0	1	1	0	1	1	1	1	1	-1	0	1	1	-1	1	0	0	0	1	0	0	1	1	1	0	-1	1	1	0	1	0	0	-1	0	0	-1	1	-1	1	-1	0	1	1	0	0	1	0	0	0	1	1	0	1	0	-1	1	-1	0	0	1	1	1	-1	1	1	1	1	0	1	1	0	1	1	-1	1	-1	1	0	1	1	1	1	1	0	0	0	0	1	0	0	1	1	-1	1	1	0	0	0	0	0	0	0	-1	0	0	1	1	0	1	-1	1	0	1	1	0	0	-1	0	0	-1	0	0	0	0	1	0	0	-1	-1	
5007431	0	0	0	0	0	1	0	0	0	0	0	0	0	0	0	0	0	0	0	0	0	0	0	-1	0	0	0	0	0	0	0	0	0	0	0	0	0	0	0	0	0	0	-1	0	1	1	0	0	0	0	0	0	0	0	0	0	-1	0	0	0	0	0	0	0	0	0	0	-1	0	1	0	1	0	0	0	0	0	0	0	0	1	1	1	-1	0	0	0	0	0	0	0	0	0	0	0	-1	0	0	0	0	0	0	0	0	0	0	0	0	-1	1	-1	-1	0	0	0	0	0	0	0	-1	0	1	1	1	0	0	0	0	0	0	0	0	0	0	0	0	0	0	0	1	1	-1	1	-1	0	0	1	0	0	0	0	0	0	0	
42468998	1	0	0	0	0	1	0	0	0	0	1	0	1	0	0	0	0	0	0	0	1	-1	0	0	0	0	0	0	0	0	0	0	0	0	0	0	0	0	-1	0	-1	1	1	0	0	1	0	0	0	0	0	0	0	0	0	1	0	0	0	0	-1	1	0	0	1	0	0	1	0	1	0	0	0	0	0	0	0	0	0	-1	0	0	1	0	0	0	0	0	0	0	0	0	0	1	0	0	1	0	0	1	0	1	0	0	0	0	0	0	0	0	1	0	0	0	0	0	0	0	0	-1	0	1	0	1	0	0	1	0	0	0	0	1	0	0	0	0	0	-1	0	1	0	-1	0	-1	0	0	1	0	0	0	-1	0	0	0	
27914150	0	0	-1	0	-1	0	0	1	0	0	0	0	0	0	0	0	0	0	1	1	0	-1	0	0	0	0	1	0	0	0	0	0	0	0	0	0	1	0	0	1	0	0	0	0	1	0	0	0	0	0	0	0	0	0	0	0	0	0	0	1	0	0	1	0	0	0	0	0	0	0	0	0	0	0	0	0	0	0	0	0	0	0	0	1	0	0	-1	0	0	0	0	0	0	0	0	1	0	0	0	-1	0	0	0	0	0	0	0	0	0	0	0	0	0	1	0	0	1	-1	0	0	0	0	0	0	0	0	0	0	0	1	0	0	0	0	-1	0	0	1	0	0	1	0	0	0	0	-1	0	0	-1	-1	-1	1	0	0	
43976334	1	1	1	0	1	1	0	1	1	0	1	1	0	1	0	1	1	0	1	1	1	0	1	1	1	1	1	0	0	1	-1	1	1	1	1	1	1	1	1	1	1	0	1	1	1	-1	1	0	1	1	1	1	1	0	1	1	1	0	1	1	1	1	-1	1	1	1	0	1	0	1	1	0	-1	0	-1	0	0	1	0	1	1	1	0	1	1	0	1	0	1	1	1	0	1	1	1	1	1	1	1	1	1	1	1	1	1	1	1	0	0	1	0	0	0	1	0	0	1	1	0	1	0	1	0	0	1	1	1	0	1	1	1	1	0	1	1	0	1	0	0	0	0	0	0	0	1	-1	0	1	0	1	1	1	1	1	
38548574	1	0	0	0	0	0	0	0	0	1	0	-1	0	0	1	1	0	0	0	0	0	0	0	0	0	0	0	0	0	0	0	1	0	0	0	0	0	0	0	0	0	1	0	0	0	0	0	0	0	1	0	0	0	0	0	0	0	0	0	0	0	0	0	0	0	0	0	0	0	0	0	0	0	1	0	0	0	0	0	0	0	0	0	0	0	0	0	0	0	0	0	0	0	0	0	0	0	0	0	0	0	0	0	0	1	1	1	1	1	0	0	0	0	0	1	-1	0	0	0	0	0	0	0	0	0	0	1	0	0	0	0	0	0	0	0	0	0	0	0	0	0	0	0	0	-1	0	0	0	0	0	0	0	0	1	
27748798	0	1	0	0	0	0	0	0	0	0	1	-1	0	0	0	0	0	0	0	0	0	0	0	0	0	0	0	0	0	0	0	0	0	0	-1	0	0	0	0	0	0	0	0	0	0	1	0	0	0	0	0	0	0	0	0	0	0	0	0	0	0	0	0	1	0	0	0	0	0	0	0	0	0	0	0	0	0	0	0	0	0	0	0	0	0	0	0	0	0	0	0	0	0	0	0	0	0	0	0	0	1	0	0	0	0	0	0	0	0	0	0	0	0	0	0	0	0	0	0	0	1	1	0	0	0	0	0	0	0	0	0	0	-1	0	0	0	0	0	1	0	0	0	-1	1	0	0	0	0	0	0	0	0	0	0	
1933319	0	0	0	0	0	0	1	0	0	0	0	0	0	0	0	0	0	0	0	0	1	1	-1	-1	0	0	0	0	-1	-1	-1	-1	0	0	0	0	0	0	0	0	0	0	0	0	0	0	0	0	0	0	0	0	0	0	0	0	0	0	0	0	0	0	0	0	0	0	0	0	0	0	0	0	0	0	0	0	0	0	0	0	0	0	1	0	0	0	0	0	0	0	0	0	0	0	0	0	0	0	0	0	0	0	0	0	0	0	0	1	0	0	0	0	0	0	0	0	0	0	0	0	0	0	0	1	-1	-1	-1	-1	0	0	0	0	0	0	0	0	0	0	0	0	0	0	0	0	0	0	0	0	0	0	0	0	0	0	1933319	37	male	independent	some_college	single_living_alone	employee	white	Protestant	yes	yes
39147083	0	0	0	0	0	0	0	0	0	0	0	0	0	-1	0	0	0	0	0	0	0	0	1	0	0	0	0	0	0	0	0	0	0	0	0	0	0	0	0	0	0	0	0	0	0	0	0	0	0	0	0	0	0	0	0	0	0	0	0	0	0	0	0	0	0	0	0	0	0	0	0	0	0	0	0	0	0	0	0	0	0	0	0	0	0	0	0	0	0	0	0	0	0	0	0	0	0	0	0	0	0	0	0	0	1	0	0	0	0	0	0	0	0	0	0	0	0	0	-1	0	0	0	0	0	0	0	0	0	0	0	0	0	0	1	0	0	1	0	0	0	0	0	0	0	0	0	0	0	0	0	-1	0	0	0	
43869373	0	0	0	0	0	0	0	1	0	-1	0	-1	0	0	1	0	1	0	0	0	0	-1	0	1	-1	1	0	0	-1	0	1	0	0	0	0	0	0	0	0	1	1	0	0	-1	0	0	0	0	0	0	0	1	0	-1	-1	0	0	0	0	0	-1	0	0	-1	0	0	0	0	1	1	0	0	0	0	1	0	-1	0	-1	0	0	0	0	0	0	0	0	0	1	0	0	0	1	0	0	0	0	0	0	0	0	0	0	-1	0	0	0	1	0	1	0	-1	-1	1	-1	1	0	-1	0	0	0	1	0	-1	0	1	0	0	0	0	0	1	1	0	0	1	0	0	0	0	-1	-1	0	0	1	1	0	0	1	-1	0	1	-1	0	43869373	23	male	independent	associate_degree	single_living_alone	employee	black_or_african_american	Roman Catholic	no	yes
43891892	0	1	0	0	0	-1	1	-1	0	1	0	0	0	-1	1	1	1	0	1	1	0	0	0	1	-1	1	-1	1	0	-1	0	1	-1	0	1	1	1	0	-1	1	0	0	-1	1	0	0	1	-1	1	1	0	-1	0	1	1	-1	1	0	1	-1	0	0	1	0	-1	1	-1	0	0	0	0	1	0	1	-1	0	0	1	1	0	0	0	1	1	0	1	1	0	-1	0	0	0	1	1	-1	-1	1	0	1	0	1	-1	0	1	0	0	1	-1	0	0	0	1	1	0	0	0	1	0	0	0	0	1	1	1	1	1	1	-1	0	1	-1	1	1	-1	1	1	0	0	1	0	1	0	0	1	0	1	1	1	0	1	0	1	1	1	43891892	25	male	none	bachelor	single_living_alone	student	white	Roman Catholic	no	yes
43837109	0	1	1	0	1	0	0	1	0	0	1	1	0	0	0	1	0	0	1	1	0	1	0	0	1	1	1	1	1	1	1	0	0	0	0	0	1	0	0	1	1	0	0	0	1	1	0	0	0	0	0	0	0	1	0	-1	0	0	0	1	0	0	1	1	0	0	1	0	1	1	1	1	0	1	0	0	0	0	1	0	1	0	0	1	0	0	1	1	0	0	0	0	0	1	0	1	0	1	1	1	0	0	0	0	0	0	1	0	1	0	0	0	1	1	1	1	1	1	1	0	0	0	0	0	0	0	0	1	0	1	0	0	1	1	1	1	0	1	0	0	1	0	1	1	0	1	0	0	1	1	1	1	1	1	
19302668	-1	0	1	0	0	1	0	1	0	1	0	-1	1	-1	1	0	-1	1	1	1	1	-1	1	-1	-1	1	0	1	1	0	1	0	0	1	0	1	1	0	1	1	-1	1	1	1	1	0	0	0	1	1	-1	1	1	1	1	1	0	1	0	0	1	1	1	0	-1	1	-1	1	0	1	1	0	1	0	1	0	1	1	1	-1	1	0	0	0	0	0	-1	-1	-1	0	-1	-1	1	1	0	0	1	1	0	0	0	0	0	1	-1	1	-1	1	0	1	0	-1	1	1	1	-1	0	1	-1	-1	0	1	0	1	1	1	1	0	1	0	1	-1	0	1	0	1	1	0	0	0	1	-1	0	0	1	1	0	1	1	1	-1	-1	0	0	19302668	44	female	democrat	high_school	married	employee	white	other:Christian	no	yes
20244740	0	0	0	-1	0	-1	1	0	0	0	-1	0	0	0	0	0	0	1	0	0	0	0	-1	0	0	0	0	1	-1	0	0	0	0	0	0	0	0	0	0	0	0	1	0	0	0	0	0	0	0	0	1	1	-1	0	0	0	1	0	1	1	-1	-1	0	1	0	0	0	0	0	0	0	0	0	0	0	1	0	0	0	0	0	0	0	0	1	-1	1	0	0	0	0	0	0	0	-1	1	0	0	0	0	0	0	0	0	-1	0	0	0	0	0	0	0	0	0	0	0	0	0	0	0	0	0	1	0	0	0	0	1	0	0	-1	0	0	0	0	1	0	0	0	0	1	-1	-1	1	0	0	1	0	0	0	0	0	0	0	
43676331	0	0	0	0	-1	0	0	0	1	0	0	0	0	0	0	0	0	0	0	1	0	0	0	1	0	0	0	0	0	0	0	1	0	0	0	0	0	0	0	1	0	0	0	1	0	0	1	1	1	0	0	0	0	0	0	0	1	1	1	1	0	0	0	0	0	0	0	0	0	0	0	0	0	0	0	0	0	0	0	0	0	0	0	0	0	0	0	1	1	0	0	0	0	1	0	0	0	0	0	0	0	0	0	0	0	0	0	0	0	0	0	0	0	0	0	0	0	0	0	0	0	0	0	0	0	0	0	0	0	0	0	0	0	0	0	0	0	0	0	0	0	0	0	0	0	0	0	0	0	0	0	0	1	-1	
33708599	0	1	1	0	-1	0	0	1	0	0	1	-1	0	-1	0	0	0	0	1	1	1	-1	1	-1	-1	1	-1	1	1	1	1	1	0	0	0	0	1	0	0	1	-1	0	0	0	1	1	0	0	0	0	0	0	0	0	0	0	0	0	1	1	0	0	1	1	-1	0	-1	0	1	1	1	1	0	0	0	0	0	0	-1	0	0	0	0	1	0	1	-1	0	0	0	0	0	1	1	1	1	0	1	0	-1	0	0	1	0	0	0	0	0	0	0	0	0	-1	1	1	-1	1	-1	0	0	0	0	0	0	1	1	1	-1	0	1	0	0	-1	-1	-1	1	0	1	0	1	1	0	-1	0	0	1	0	0	-1	1	-1	1	0	0	33708599	31	female	none	bachelor	single_living_with_partner	employee	white	other:Non religious	yes	yes
39021669	0	0	0	-1	0	-1	0	0	0	0	0	1	0	-1	0	0	0	0	0	0	1	-1	1	1	0	0	0	0	1	1	1	1	0	0	0	0	1	0	0	1	0	0	0	0	0	0	0	0	0	0	0	0	0	-1	0	0	0	0	0	0	-1	0	0	1	0	0	0	0	1	0	0	0	0	0	1	0	1	1	1	0	0	0	0	1	0	0	0	0	1	0	0	0	1	0	0	1	0	1	0	0	0	0	0	0	0	0	0	0	0	1	1	0	1	0	0	0	0	1	0	0	0	1	1	0	1	1	0	1	0	0	1	1	-1	0	0	1	0	0	0	-1	1	-1	-1	1	-1	0	-1	1	1	1	0	0	1	0	39021669	43	female	democrat	vocational_secondary_certification	single_living_with_partner	employee	other	Roman Catholic	yes	yes
34070076	0	0	0	0	0	0	0	1	0	0	1	0	0	0	0	0	-1	0	0	0	1	0	0	0	0	0	-1	0	0	0	0	0	0	1	0	0	1	1	0	0	1	0	0	-1	0	1	0	0	0	0	0	0	0	0	1	1	0	0	0	0	0	1	0	0	-1	0	0	1	0	0	0	0	0	0	0	0	0	1	0	1	0	-1	0	1	1	0	0	0	-1	1	1	0	1	0	0	0	0	0	0	1	0	-1	0	0	1	0	0	1	0	1	1	0	0	0	0	1	0	-1	0	0	0	0	0	0	0	0	0	1	0	0	0	1	0	0	1	0	1	1	1	0	0	-1	1	1	0	0	0	0	1	0	-1	0	1	0	34070076	30	male	none	bachelor	single_living_alone	employee	asien	Roman Catholic	yes	yes
43847840	0	0	0	-1	0	1	0	0	0	0	0	0	0	0	0	0	0	0	0	0	1	-1	1	1	0	0	0	0	1	-1	1	1	0	0	0	0	0	0	0	0	0	1	0	0	0	0	0	0	0	0	0	1	1	0	0	0	0	0	0	1	-1	0	0	1	0	0	0	0	1	0	0	0	1	1	1	-1	1	0	0	0	0	0	0	0	1	0	1	0	0	0	0	0	0	0	0	1	0	0	0	0	1	0	0	0	-1	0	0	0	0	0	0	0	0	0	0	0	0	0	0	0	0	0	1	0	1	1	1	-1	0	0	1	0	0	1	-1	-1	0	0	0	0	1	-1	-1	1	0	0	1	0	1	0	0	0	1	0	43847840	31	male	democrat	bachelor	single_living_alone	selfemployed	black_or_african_american	Roman Catholic	yes	yes
31888345	-1	0	0	0	0	0	0	0	0	0	0	0	0	0	0	0	0	-1	0	0	0	0	0	0	0	0	0	0	0	0	0	1	0	0	0	0	0	0	0	0	0	0	0	0	0	0	0	0	0	0	0	0	0	0	0	0	0	0	0	0	0	0	0	0	0	0	0	0	0	0	0	0	0	0	0	1	0	0	0	0	0	0	0	0	1	1	1	1	0	0	0	0	0	0	0	0	0	0	0	0	0	0	0	0	0	0	0	0	0	0	0	0	0	0	-1	0	0	0	0	0	0	0	0	0	0	0	0	0	0	0	0	0	0	0	0	-1	0	0	0	0	0	0	0	0	0	0	0	0	0	0	0	0	0	-1	31888345	23	female	republican	bachelor	single_living_with_parents	unemployedseeking_employment	asien	Atheist / Agnostic	yes	yes
43855522	-1	-1	1	0	-1	0	0	1	0	0	1	1	0	1	0	0	0	0	1	1	0	1	0	0	-1	1	1	1	0	-1	0	1	1	1	1	1	1	0	0	-1	1	0	0	0	1	1	0	0	0	0	0	0	0	1	0	0	0	0	0	-1	0	0	1	1	0	0	1	0	0	0	0	0	0	1	0	0	1	1	0	-1	0	0	0	1	0	0	1	0	0	0	0	0	0	0	0	1	0	1	0	1	0	0	0	0	1	1	1	1	1	0	0	0	1	0	1	-1	1	-1	0	0	0	0	0	0	-1	0	1	1	0	1	0	0	-1	0	1	0	0	-1	0	1	1	0	1	0	1	1	0	0	-1	1	1	1	0	0	43855522	26	male	democrat	bachelor	single_living_alone	employee	white	Roman Catholic	yes	yes
43943585	0	1	0	0	-1	0	0	0	0	0	1	1	0	0	0	0	0	0	-1	1	0	1	0	0	-1	1	1	1	0	0	0	0	0	0	0	0	0	0	0	0	0	0	0	0	-1	1	0	0	0	0	0	0	0	0	0	0	0	0	0	1	0	0	1	1	0	0	-1	0	0	0	0	0	0	0	0	0	0	0	0	0	0	0	0	0	0	0	-1	0	0	0	0	0	0	0	0	0	0	0	0	-1	0	0	0	0	0	0	0	0	0	0	0	0	0	0	0	0	0	0	0	0	0	0	0	0	0	0	0	0	0	0	0	0	1	0	0	0	0	1	0	0	0	0	-1	0	0	-1	0	0	-1	-1	1	1	0	0	43943585	27	female	independent	associate_degree	single_living_alone	civil_servant	white	Atheist / Agnostic	yes	no
30408589	1	0	-1	0	0	-1	1	1	0	1	-1	-1	0	0	-1	0	0	0	0	0	1	0	1	1	1	-1	1	0	0	1	-1	0	-1	-1	1	0	-1	-1	-1	-1	-1	-1	1	0	-1	-1	1	-1	0	1	1	0	0	0	1	-1	0	0	-1	1	1	0	-1	-1	1	1	-1	0	0	1	-1	1	1	0	-1	0	0	-1	0	1	-1	1	0	1	0	0	-1	0	1	-1	-1	0	-1	-1	1	1	-1	0	1	1	1	1	0	1	1	1	0	0	0	1	0	-1	-1	0	0	0	1	1	1	0	0	0	0	1	0	-1	-1	0	1	1	0	-1	0	1	1	0	1	0	0	0	0	1	0	0	1	1	0	-1	-1	0	-1	-1	-1	-1	
13763729	0	0	0	0	0	0	1	0	0	0	1	0	0	0	0	0	0	0	0	0	0	0	0	0	0	0	0	0	0	0	0	0	0	0	0	0	0	0	0	0	0	0	0	0	0	0	0	0	0	0	0	0	0	0	0	0	0	0	-1	0	0	-1	0	0	0	0	0	0	0	0	0	0	0	0	0	0	0	0	0	0	0	0	0	0	0	0	0	0	0	0	0	0	0	0	0	0	0	0	0	0	0	0	0	0	0	0	0	0	0	0	0	0	0	0	0	0	0	0	0	0	0	0	0	0	0	0	0	0	0	0	0	0	0	0	0	0	0	0	0	0	0	0	0	0	0	0	0	0	0	0	0	0	0	0	
15193250	0	0	0	0	-1	1	1	1	1	1	0	0	0	0	-1	0	1	0	-1	1	0	0	0	1	0	1	1	0	0	1	0	1	-1	0	0	1	0	-1	0	1	0	0	0	1	0	0	1	1	1	0	0	1	1	1	0	0	-1	1	1	1	0	0	0	0	0	0	1	1	0	0	0	-1	1	0	0	0	0	0	0	0	0	0	0	1	0	0	0	1	-1	1	0	0	0	1	0	1	0	0	0	0	0	-1	0	0	0	0	1	0	0	0	0	0	0	0	0	0	0	0	0	0	0	0	0	0	0	0	0	0	0	0	0	0	0	0	0	0	0	0	0	0	1	0	0	0	0	0	0	0	0	0	0	1	1	1	
43981010	0	0	0	1	0	0	0	0	0	0	0	0	0	0	0	0	0	0	0	0	0	0	0	1	0	0	0	0	0	0	0	0	0	0	0	1	0	0	0	0	0	0	0	0	0	0	0	0	0	0	0	0	0	0	0	0	-1	0	0	1	0	0	0	0	0	0	0	1	1	0	1	0	1	1	1	0	0	0	0	1	0	0	0	0	0	1	0	0	0	0	0	0	0	0	0	0	0	0	0	0	1	0	0	0	0	0	0	0	1	1	1	1	0	0	0	0	0	0	0	0	0	0	0	0	0	0	0	0	0	0	0	0	1	0	0	0	0	0	0	1	0	0	0	0	0	0	0	0	-1	0	0	0	0	0	
19638651	0	0	0	0	0	0	0	0	0	0	0	0	0	0	0	0	0	0	0	0	0	0	0	0	0	0	0	0	0	0	0	0	0	0	0	0	0	0	0	0	0	0	-1	0	0	0	0	0	0	0	0	0	0	0	0	0	0	0	0	0	0	0	0	0	0	0	0	0	0	0	0	1	0	-1	0	0	0	0	0	0	0	0	0	0	0	0	0	0	0	0	0	0	0	0	0	0	0	0	0	0	0	0	0	0	-1	-1	-1	1	1	0	0	0	0	0	0	0	0	0	0	-1	0	1	0	0	0	0	1	0	0	0	0	0	0	0	0	0	0	0	0	0	0	0	0	0	1	0	0	0	0	0	0	0	0	0	
11521789	0	1	0	0	0	0	0	0	0	0	1	0	0	0	0	0	0	0	0	0	1	0	0	0	0	0	0	0	0	0	0	0	-1	0	-1	0	0	0	1	0	0	1	1	0	-1	1	0	0	0	-1	0	0	0	0	0	0	0	0	0	0	0	0	0	0	1	0	1	1	0	-1	0	1	0	-1	0	0	0	1	0	0	0	1	1	0	0	0	0	0	0	0	0	0	0	0	0	0	-1	0	0	-1	1	0	0	0	0	0	0	0	0	0	-1	0	0	0	0	0	0	0	0	1	1	-1	0	1	0	0	1	0	1	0	0	1	0	0	0	0	0	1	-1	-1	0	-1	0	-1	0	0	1	0	0	-1	1	0	0	0	11521789	54	male	republican	some_college	other:Separated	employee	asien	Protestant	yes	yes
43699918	1	1	1	1	0	0	0	0	1	1	0	1	1	-1	0	1	0	-1	0	0	0	0	0	1	0	0	0	0	0	0	1	0	-1	0	1	1	0	0	0	0	0	0	0	0	0	0	0	-1	0	0	0	0	0	0	0	0	-1	1	1	1	0	0	0	0	1	0	0	1	1	0	1	0	1	1	1	0	0	0	1	1	0	0	0	0	1	1	1	1	0	0	0	1	1	1	1	-1	1	0	0	0	1	0	-1	0	1	0	0	0	1	1	1	1	0	0	0	0	0	0	1	0	0	0	0	0	0	0	0	0	0	0	0	0	1	1	0	0	1	1	1	1	0	0	0	0	1	1	-1	1	1	0	0	0	0	0	43699918	23	male	republican	some_college	single_living_with_partner	student	hispanic_american	Protestant	yes	yes
41841195	0	0	0	1	0	0	0	0	0	0	0	0	0	0	0	1	0	0	0	0	0	0	0	0	0	0	0	1	0	-1	0	0	-1	1	1	1	0	0	0	0	0	0	0	0	0	0	0	0	0	0	1	0	0	1	0	-1	1	0	0	0	0	0	1	0	0	0	0	0	0	0	1	0	0	1	0	0	1	1	1	-1	0	0	0	0	0	0	0	0	0	0	0	0	0	1	0	0	0	0	0	0	0	0	0	0	0	0	0	0	0	0	0	0	0	0	0	0	0	0	0	0	0	0	0	0	0	0	0	-1	0	0	0	0	0	0	0	1	0	0	0	0	0	0	0	1	0	0	0	0	0	0	0	0	0	1	41841195	32	female	independent	some_college	single_living_with_partner	other:homemaker	white	Atheist / Agnostic	no	yes
40668212	0	0	0	0	0	0	0	0	0	0	0	0	0	0	0	0	0	0	0	0	1	0	0	0	0	0	0	0	0	0	0	0	0	0	0	0	0	0	0	0	0	1	0	0	0	0	0	0	0	0	0	0	0	0	0	0	0	0	0	0	0	0	0	0	-1	0	0	0	0	0	0	0	0	0	0	0	0	0	0	0	0	0	0	0	0	0	0	0	0	0	0	0	0	0	0	0	-1	0	0	0	0	0	0	0	0	0	0	0	0	0	0	0	0	0	0	0	0	0	0	0	0	0	0	0	0	0	1	0	-1	0	0	0	0	0	0	0	0	1	0	1	0	0	0	0	0	0	0	0	0	0	0	0	0	0	
34689613	0	0	0	0	0	0	0	0	0	0	0	0	0	0	0	0	0	0	0	0	0	0	0	0	0	0	0	0	0	0	0	0	0	0	1	0	0	0	0	0	0	0	0	1	0	0	0	0	0	0	1	0	0	0	0	0	0	0	1	0	0	0	0	0	0	-1	0	0	0	0	0	0	0	0	0	0	1	0	0	0	0	0	0	0	0	0	0	0	1	1	0	1	0	0	0	0	0	0	0	0	0	0	1	0	0	0	0	0	0	0	0	1	0	0	-1	0	0	0	0	0	1	-1	1	1	0	0	0	0	0	0	0	0	0	-1	0	0	0	0	0	0	0	0	-1	0	0	0	1	-1	0	0	0	0	0	0	
40790579	0	1	1	0	1	1	1	1	0	1	1	-1	0	1	0	0	0	1	0	0	1	1	1	1	1	1	0	1	1	1	1	1	0	0	1	1	1	1	1	1	1	0	1	0	0	1	0	0	0	1	0	1	1	0	0	0	0	0	0	0	0	0	1	1	0	1	1	0	0	1	0	0	1	1	1	0	0	1	1	0	0	0	1	1	0	0	0	0	0	0	0	1	1	0	1	0	1	1	1	0	1	0	1	1	0	0	1	1	0	1	0	0	1	1	-1	-1	1	1	1	1	1	1	1	1	1	1	1	1	1	1	1	1	1	1	1	1	0	0	1	1	1	0	-1	1	0	0	0	1	0	1	0	0	0	0	40790579	29	male	democrat	bachelor	single_living_alone	employee	other	Muslim	no	no
43943676	1	0	0	0	0	0	0	0	0	0	0	0	0	-1	1	0	0	0	0	0	1	-1	1	1	0	1	0	1	1	1	-1	1	-1	1	0	0	-1	0	0	0	-1	0	-1	0	1	1	0	0	0	0	0	0	0	0	1	0	0	-1	0	0	-1	1	1	1	-1	1	-1	1	1	-1	0	1	0	0	0	0	1	1	1	0	-1	-1	1	0	0	0	0	-1	0	1	1	0	0	0	0	0	0	1	0	0	0	0	0	0	0	1	0	0	0	0	0	0	1	1	1	-1	0	0	0	1	0	1	0	1	0	0	0	0	0	1	0	0	-1	0	0	0	0	0	0	0	0	-1	0	0	0	0	-1	0	0	0	0	1	1	0	
43606269	1	1	1	1	0	1	0	0	0	1	0	1	0	0	0	1	0	0	0	0	0	0	0	1	0	0	0	0	0	0	0	0	0	0	0	1	0	0	0	0	0	0	0	0	0	0	0	0	0	1	0	0	0	0	0	0	1	0	1	1	0	0	0	0	1	0	0	1	1	0	1	0	1	1	1	1	0	0	0	1	1	1	1	1	0	1	0	0	0	0	0	0	1	1	1	1	0	0	0	0	1	0	1	0	0	0	0	0	1	1	1	1	0	0	0	0	0	0	0	0	0	0	1	0	0	0	0	0	0	0	0	0	1	0	0	0	1	1	1	1	1	1	1	1	0	0	1	0	1	0	0	0	0	0	
43869435	1	0	0	0	0	0	0	0	0	0	0	0	0	0	0	1	0	0	0	0	0	0	0	0	0	0	0	0	1	1	-1	1	1	1	-1	1	0	0	0	0	0	0	0	0	0	0	0	0	0	0	0	0	0	1	0	-1	0	0	0	0	0	0	1	0	0	0	0	0	1	1	0	-1	0	1	0	0	1	1	1	-1	-1	0	0	0	0	0	0	-1	0	0	0	0	0	1	0	0	0	1	1	0	0	0	0	0	-1	1	1	1	1	0	0	0	0	0	1	0	1	0	1	0	0	0	0	0	0	0	1	-1	0	1	0	0	0	1	0	1	0	0	0	0	0	0	0	-1	-1	1	0	0	0	0	0	1	1	1	
43967735	1	0	0	0	1	0	0	1	-1	1	1	-1	-1	-1	0	1	0	-1	0	0	1	0	-1	0	1	-1	-1	1	-1	1	-1	1	1	1	1	1	0	1	-1	1	-1	-1	0	1	1	-1	1	0	0	0	-1	1	-1	0	0	0	1	0	1	-1	0	0	-1	-1	1	-1	-1	0	1	1	1	1	1	0	1	0	0	-1	-1	-1	1	-1	0	1	0	0	-1	0	-1	-1	-1	1	1	1	0	1	-1	0	1	0	-1	0	1	-1	0	1	0	0	1	0	0	1	0	1	0	0	1	0	0	0	0	1	0	-1	0	1	1	1	-1	1	1	0	1	-1	-1	1	0	0	0	0	0	-1	1	0	0	0	0	0	0	1	0	1	0	-1	
43510526	0	0	0	1	0	1	0	0	0	0	0	0	-1	0	0	0	0	0	0	0	0	0	0	0	0	0	0	1	0	0	0	0	0	0	0	0	0	0	0	0	0	0	0	0	0	0	0	0	0	0	-1	0	0	0	0	0	1	0	0	0	-1	0	0	0	0	0	0	0	0	0	0	0	0	0	0	0	0	0	0	0	0	0	0	0	0	0	0	0	0	0	0	0	0	0	0	0	0	0	0	0	0	0	0	0	0	0	0	0	0	0	0	0	0	0	0	0	0	0	0	0	0	0	0	0	0	0	0	0	-1	0	0	0	0	0	0	0	0	0	0	0	0	0	0	0	0	0	0	0	0	0	0	0	0	0	43510526	30	female	none	bachelor	single_living_alone	retired	hispanic_american	Russian Orthodox	yes	no
43857136	0	0	0	0	0	0	0	0	0	0	0	0	0	0	0	0	0	0	0	0	0	0	0	0	0	0	0	0	0	0	0	0	1	0	0	0	0	0	0	0	1	1	1	1	0	0	0	0	0	0	0	0	0	0	1	0	0	0	0	0	0	0	0	0	0	0	0	0	0	0	0	0	0	0	0	0	0	0	0	0	0	0	1	0	0	0	0	0	0	0	0	0	0	0	0	0	0	0	0	0	0	0	0	0	0	0	0	0	0	0	0	1	0	1	0	0	0	0	0	0	-1	0	0	1	0	1	0	0	0	0	0	0	0	0	0	0	0	0	0	0	0	-1	0	0	0	1	0	0	1	1	0	0	0	0	
31613324	1	0	0	0	0	0	0	0	0	0	0	0	0	0	0	1	0	0	0	0	0	0	0	0	0	0	0	0	1	1	1	1	1	1	1	1	0	0	0	0	0	0	0	0	0	0	0	0	0	0	0	0	0	1	0	1	0	0	0	0	0	0	1	0	0	0	0	0	1	1	1	1	0	0	0	0	1	1	1	1	1	0	0	0	0	0	0	1	0	0	0	0	0	1	0	0	0	1	1	0	0	0	0	0	-1	1	0	1	1	0	0	0	0	0	1	0	1	0	-1	0	0	0	0	0	0	0	1	1	0	1	0	0	0	1	0	1	0	0	0	0	0	0	0	1	1	-1	0	0	0	0	0	1	1	1	
43650804	0	0	0	-1	0	0	1	0	0	0	1	0	0	0	0	0	0	0	0	1	0	0	0	0	0	0	0	0	1	1	0	0	0	1	0	0	0	0	0	0	0	-1	0	0	0	0	1	0	0	0	0	1	1	0	1	0	0	1	1	1	-1	1	1	1	0	0	0	0	0	0	0	0	0	0	0	0	0	0	0	0	1	0	0	0	-1	0	1	0	0	1	-1	0	0	0	0	0	1	1	-1	1	0	1	0	0	1	0	0	1	0	0	0	0	0	0	0	-1	0	-1	0	0	0	0	0	0	0	0	0	0	0	0	1	0	0	0	-1	0	1	1	1	0	0	-1	0	0	0	0	0	0	0	0	0	0	0	1	
43679467	0	-1	-1	0	0	0	1	1	0	0	1	1	0	1	0	0	0	0	-1	0	1	-1	1	1	0	-1	0	0	-1	1	1	1	0	0	1	0	-1	0	1	1	1	0	0	0	1	-1	0	0	0	-1	0	0	0	0	0	0	0	0	0	1	0	0	0	1	0	0	1	0	0	0	0	0	0	1	0	0	0	1	1	0	0	0	1	1	0	0	1	0	0	0	0	0	0	0	0	1	0	1	0	0	-1	0	0	0	0	0	0	-1	0	0	0	0	1	1	1	-1	1	1	0	0	1	1	0	1	0	1	1	1	0	0	0	0	1	1	1	-1	0	0	1	-1	1	0	1	1	0	0	0	0	1	1	1	-1	0	0	43679467	23	female	democrat	bachelor	single_living_with_parents	employee	white	Roman Catholic	yes	yes
23711512	0	0	0	0	0	0	1	0	0	0	1	0	0	0	0	0	0	0	0	0	0	0	1	0	0	0	0	0	0	0	0	0	0	0	0	0	0	0	0	0	0	0	0	0	0	0	0	0	0	0	0	0	0	0	0	0	0	0	1	0	0	-1	0	0	0	0	0	0	0	0	0	0	0	0	0	1	0	0	0	0	0	0	0	0	0	0	0	0	0	0	0	0	0	0	1	0	0	0	0	0	0	0	0	0	0	0	0	0	0	0	0	0	0	0	0	0	0	0	0	0	0	0	0	0	0	0	0	-1	0	0	0	0	0	0	0	0	0	0	0	0	0	0	0	0	0	0	0	0	0	0	0	0	0	0	23711512	33	female	independent	vocational_secondary_certification	single_living_alone	employee	white	Protestant	no	yes
18979155	0	0	0	0	0	0	0	0	0	1	0	1	0	0	0	1	0	0	0	0	0	0	0	0	0	0	0	0	0	0	0	0	0	0	0	0	0	0	0	0	0	0	0	0	0	0	0	0	0	-1	0	0	0	0	0	0	0	0	0	0	0	0	0	0	0	0	0	0	0	0	0	0	0	0	0	0	0	0	0	0	0	0	0	0	0	0	0	0	0	0	0	0	0	0	0	0	0	0	0	0	0	0	0	0	0	0	0	0	0	0	0	0	0	0	0	0	0	0	0	0	0	0	0	0	0	0	0	0	0	0	0	0	0	0	0	0	0	0	0	0	0	0	0	0	0	0	0	0	0	0	0	0	0	0	18979155	26	female	none	high_school	single_living_with_parents	unemployedseeking_employment	white	Atheist / Agnostic	no	yes
34081916	0	-1	-1	0	0	0	0	-1	0	0	-1	1	0	0	0	0	0	0	0	0	0	0	0	0	0	1	0	0	0	0	0	0	0	0	0	0	-1	0	0	-1	-1	0	0	0	0	1	0	0	0	0	0	0	0	0	0	0	0	0	0	0	0	0	0	1	0	0	-1	0	0	0	0	0	0	0	0	0	0	0	-1	0	0	0	0	-1	0	0	0	0	0	0	0	0	0	0	0	-1	0	0	0	0	0	0	0	0	0	0	0	0	0	0	0	0	-1	0	-1	1	-1	1	0	0	0	0	0	0	0	0	0	0	0	-1	0	0	1	0	-1	0	0	0	0	0	-1	0	1	0	0	0	0	0	0	0	0	0	0	0	
12366026	0	0	0	0	-1	0	0	0	1	0	1	-1	-1	-1	1	1	-1	0	0	0	0	0	0	-1	0	0	1	0	0	0	0	0	-1	0	0	0	0	0	1	0	0	1	0	0	-1	1	1	1	0	0	0	0	1	0	1	-1	1	1	-1	-1	0	1	0	0	0	0	0	1	0	0	0	1	0	0	0	0	0	0	0	1	1	0	0	0	0	0	0	0	0	1	0	0	0	0	0	1	0	0	1	0	0	1	0	1	0	1	1	0	0	0	0	0	0	0	0	0	0	0	0	0	0	0	0	0	0	0	0	0	0	0	0	0	0	0	0	0	0	0	0	0	0	0	0	1	1	0	0	0	0	0	0	-1	1	1	12366026	23	female	democrat	master	single_living_alone	employee	white	Atheist / Agnostic	yes	yes
43046630	0	0	0	0	0	0	0	0	0	0	0	0	0	0	0	0	0	0	0	1	0	0	0	0	0	0	0	0	0	1	0	0	0	0	0	0	0	0	0	0	0	0	0	0	0	0	0	0	0	0	0	0	0	0	-1	0	0	1	0	0	1	1	-1	1	0	0	0	0	0	0	0	0	0	0	0	0	0	0	0	0	1	0	0	0	0	0	0	0	0	0	1	0	0	0	0	0	1	1	1	1	0	0	0	0	0	0	0	0	0	0	0	0	0	0	0	0	0	0	0	0	0	0	0	0	0	0	0	0	0	0	0	0	0	0	0	0	0	0	0	0	0	0	0	0	0	0	0	0	0	0	0	0	0	1	
35849301	0	0	0	0	0	0	0	0	0	0	0	0	0	0	0	0	0	0	0	0	0	0	0	0	0	0	0	0	0	0	0	0	0	1	0	0	0	0	-1	0	0	0	0	0	0	0	0	0	0	-1	0	0	0	0	0	0	0	0	0	0	0	0	0	0	1	1	1	-1	0	0	0	0	0	1	0	0	0	1	0	0	0	0	0	0	0	0	0	0	0	0	0	0	0	0	0	0	0	0	0	0	0	1	0	0	0	0	0	0	0	0	0	0	0	0	0	0	0	0	0	0	0	0	0	0	0	0	0	0	0	0	0	0	0	0	0	0	0	1	0	0	0	-1	0	0	0	0	0	0	0	0	0	0	0	0	
43684066	1	0	0	0	0	0	0	1	0	1	1	0	0	0	1	0	1	0	1	1	1	-1	0	0	0	0	0	0	0	0	1	0	0	1	1	0	1	0	-1	0	0	1	-1	1	1	-1	0	1	-1	1	-1	1	0	0	1	-1	0	0	0	0	0	1	0	0	-1	1	-1	1	0	0	0	1	0	0	0	0	0	1	0	1	0	-1	0	1	0	0	0	0	0	0	1	0	1	1	0	0	1	0	0	1	0	1	0	0	1	-1	0	0	0	1	1	1	0	1	0	1	0	0	0	0	0	1	0	1	0	1	1	-1	-1	0	0	1	0	0	0	0	0	-1	0	1	0	-1	-1	1	0	1	0	0	1	0	-1	0	1	0	
43947238	0	0	0	0	0	0	0	0	0	0	0	0	0	0	0	0	0	0	0	0	0	0	0	0	0	0	0	0	0	0	0	0	1	0	0	0	0	0	0	0	0	0	0	0	0	0	0	0	0	1	0	0	0	0	0	0	0	0	0	0	0	0	0	0	0	0	0	0	1	0	0	0	0	0	0	0	0	0	0	0	0	0	0	0	0	0	0	0	0	0	0	0	0	0	1	0	0	0	0	0	1	0	0	0	0	0	0	0	0	0	0	0	0	0	0	0	0	0	0	0	0	0	0	0	0	0	0	0	0	0	1	0	1	0	0	0	0	0	0	0	0	0	0	0	0	0	0	0	1	0	0	0	0	0	
43797734	0	0	0	0	0	0	0	1	0	0	0	0	0	-1	0	0	0	0	0	0	1	0	0	0	0	0	0	0	0	0	0	0	0	1	0	0	-1	0	0	0	1	0	0	0	0	0	0	0	-1	0	0	0	0	0	1	-1	0	0	0	0	0	0	0	0	-1	0	0	0	0	0	0	0	0	0	0	0	0	1	0	0	0	0	0	0	0	0	0	0	0	0	1	1	1	0	0	0	1	0	0	0	0	0	0	0	1	0	0	0	0	1	1	0	0	0	0	0	0	0	1	0	0	0	0	0	0	0	0	0	0	0	-1	0	0	1	0	0	0	0	0	0	0	0	-1	0	0	0	0	0	0	0	0	0	0	0	
15004831	1	0	-1	0	0	1	0	1	0	1	1	1	1	1	0	1	0	1	0	1	1	1	-1	0	0	0	0	0	0	1	1	0	0	1	1	0	0	0	-1	1	1	0	0	0	1	1	0	1	0	-1	0	0	1	-1	1	-1	0	0	0	0	-1	-1	0	0	1	1	0	1	0	0	0	0	1	1	-1	1	1	0	1	1	0	1	0	1	0	0	-1	0	-1	0	-1	0	0	1	0	0	-1	1	1	-1	1	1	0	0	1	1	0	0	0	1	1	0	1	0	0	0	0	1	1	0	0	0	0	0	1	1	1	0	-1	0	0	1	0	-1	0	0	-1	0	0	0	0	0	-1	-1	1	0	0	0	1	0	1	0	-1	1	
43948769	1	1	0	0	0	0	1	0	0	0	1	0	0	0	0	1	0	1	0	0	0	0	1	1	0	0	0	1	1	0	1	0	0	0	-1	1	0	0	0	0	0	1	0	0	0	0	0	1	1	0	1	1	1	0	0	0	0	0	1	1	-1	1	0	1	0	1	0	1	1	0	0	0	0	0	0	1	0	0	0	-1	1	1	-1	1	1	1	1	0	0	0	0	1	0	0	0	0	1	0	0	1	1	0	0	0	1	1	0	0	1	1	1	1	0	0	0	0	0	0	1	0	0	0	0	0	0	0	0	0	0	0	0	0	0	0	0	1	1	1	-1	1	0	0	0	0	0	0	0	0	0	0	1	0	0	0	
43858972	0	1	1	0	1	0	0	1	0	0	1	1	0	1	0	0	0	0	1	1	0	1	0	0	1	1	1	1	1	0	1	0	0	0	0	0	1	0	0	1	1	0	0	0	1	1	0	0	0	0	0	0	0	0	0	0	0	0	0	1	0	0	1	1	0	0	1	0	1	1	1	1	0	0	0	0	0	0	1	0	1	0	0	1	0	0	1	1	0	0	0	0	0	0	0	1	0	1	1	1	0	0	0	0	0	0	1	0	1	0	0	0	1	1	1	1	1	1	1	0	0	0	0	0	1	0	0	0	0	1	0	0	1	1	1	0	0	1	0	1	1	0	1	0	0	1	0	0	1	1	1	1	1	0	
43836952	0	0	0	0	0	0	0	0	0	0	0	1	0	0	0	0	-1	0	0	0	0	0	0	0	1	0	0	0	-1	0	0	0	0	0	0	0	0	0	0	1	0	0	0	0	0	0	0	0	0	0	0	1	0	1	0	0	0	0	0	0	1	0	0	1	0	0	0	0	1	1	0	0	-1	0	1	0	1	0	1	0	0	0	0	0	0	0	0	0	1	0	0	0	1	0	0	0	0	0	0	0	0	0	0	1	0	0	0	0	0	-1	0	0	-1	0	0	0	0	1	0	0	0	1	0	0	0	1	0	0	0	0	0	-1	-1	0	0	1	0	0	0	0	0	0	0	0	-1	0	0	1	0	1	0	0	1	0	
29738307	0	0	0	0	0	0	0	0	0	0	0	0	0	0	0	0	0	0	0	0	0	0	0	0	0	0	0	0	0	0	0	0	0	0	0	0	0	0	0	0	0	0	0	0	0	0	0	0	0	0	0	0	0	0	0	0	0	0	0	0	0	0	0	0	0	0	0	0	1	0	0	0	0	0	0	0	0	0	0	0	0	0	0	0	0	0	0	0	0	0	0	0	0	0	0	0	0	0	0	0	1	0	0	0	0	0	0	0	0	0	0	0	0	0	0	0	0	0	0	0	0	0	0	0	0	0	0	0	0	0	0	0	1	0	0	0	0	0	0	0	0	0	0	0	0	0	0	0	1	0	0	0	0	0	29738307	21	female	democrat	some_college	single_living_with_parents	student	white	Atheist / Agnostic	yes	yes
30501721	-1	0	0	0	0	1	0	1	0	0	0	1	1	0	0	0	1	0	0	0	0	1	0	1	1	1	0	0	1	0	1	0	0	0	0	0	0	0	-1	1	1	0	1	0	1	0	0	0	0	0	0	1	0	1	0	-1	0	0	0	0	-1	0	0	-1	0	0	0	0	1	-1	0	0	1	0	1	0	1	0	1	0	0	1	0	0	0	0	0	0	-1	0	0	0	1	1	0	0	0	0	0	0	0	0	0	1	0	0	0	-1	0	1	0	0	1	0	-1	0	0	-1	0	0	0	-1	0	0	0	1	0	0	-1	0	0	1	-1	0	0	1	0	0	0	0	1	0	0	0	1	0	0	1	0	-1	0	1	-1	0	30501721	32	female	none	vocational_secondary_certification	single_living_with_partner	other:Homemaker	white	other:Christian/Southern Baptist	yes	yes
25955589	0	0	0	0	0	0	0	0	0	0	0	0	0	0	0	0	0	0	0	0	0	0	0	0	0	0	0	0	0	0	0	0	0	1	0	0	0	0	0	0	0	0	0	0	0	0	0	0	0	0	0	0	0	0	0	0	0	0	0	0	0	0	0	0	0	0	0	0	0	0	0	0	0	0	0	0	0	0	0	0	0	0	0	0	0	0	0	0	0	0	0	0	0	0	0	0	0	0	0	0	0	1	0	0	0	0	0	0	0	0	0	0	0	0	0	0	0	0	0	0	0	0	0	0	0	0	0	0	0	0	0	0	0	0	0	0	0	-1	0	0	0	-1	0	0	0	0	0	0	0	0	0	0	0	0	
43642386	0	1	1	0	0	0	0	1	0	1	0	-1	0	0	1	1	0	0	1	1	0	-1	0	0	-1	1	-1	1	1	0	0	0	0	0	0	0	1	1	1	1	0	0	1	0	1	0	0	0	0	1	0	0	1	0	0	0	0	0	0	1	0	0	1	0	0	1	0	0	-1	1	1	1	0	0	0	0	0	0	0	0	1	0	0	1	-1	0	1	1	0	0	0	0	0	0	0	1	0	1	0	1	1	1	0	1	0	0	-1	0	1	0	0	0	0	1	0	0	1	-1	0	0	0	0	1	0	0	0	0	0	-1	-1	0	0	0	1	-1	0	0	-1	0	0	1	0	0	0	0	1	0	0	1	1	-1	0	0	0	43642386	34	male	democrat	bachelor	married	selfemployed	hispanic_american	Protestant	yes	yes
10959404	0	0	0	0	0	0	0	0	0	0	1	0	0	0	0	0	0	0	0	0	0	0	0	0	0	0	0	0	0	0	0	0	0	0	0	0	0	0	0	0	0	0	0	0	0	1	0	0	0	0	0	0	0	0	0	0	0	0	0	0	0	0	0	0	0	0	0	1	0	0	0	0	0	0	0	0	0	0	0	0	0	-1	0	0	0	0	0	0	0	0	0	0	0	0	0	0	0	0	0	1	0	0	0	0	0	0	0	0	0	0	1	0	0	0	0	0	0	0	0	0	0	0	0	0	0	0	0	0	0	0	0	1	0	0	0	0	0	0	0	0	0	0	0	0	0	0	0	0	0	0	-1	0	0	0	
43641877	1	0	0	0	0	1	1	1	1	1	1	1	1	1	1	0	1	1	1	1	1	0	1	-1	1	1	-1	1	0	1	0	1	1	1	0	1	-1	-1	0	1	0	0	0	1	1	1	1	1	1	1	1	0	0	1	0	0	1	0	0	1	0	0	0	0	0	1	0	-1	0	0	1	1	0	0	1	0	0	1	1	1	0	1	0	1	0	-1	0	1	1	1	0	1	1	1	-1	1	0	1	1	0	0	0	1	0	0	1	1	0	0	0	0	0	1	0	0	0	1	1	1	0	0	0	0	0	1	0	1	0	1	1	1	1	0	0	-1	0	1	0	0	0	0	0	0	0	0	1	1	1	0	1	1	1	1	1	
43851278	-1	0	0	0	0	0	0	0	0	0	0	0	0	0	0	1	0	0	0	0	0	0	0	0	0	0	0	0	1	-1	1	1	1	1	1	1	0	0	0	0	0	0	0	0	0	0	0	0	0	0	0	0	0	1	0	1	0	0	0	0	0	0	1	0	0	0	0	0	1	1	0	1	0	1	0	0	1	-1	1	1	1	0	0	0	0	0	0	1	0	0	0	0	0	1	0	0	0	1	-1	0	0	0	0	0	1	1	-1	1	1	0	0	0	0	0	1	0	1	0	1	0	0	0	0	0	0	0	1	1	0	1	0	0	0	1	0	-1	0	0	0	0	0	0	0	1	-1	1	0	0	0	0	0	1	-1	1	43851278	25	male	democrat	bachelor	single_living_with_parents	employee	black_or_african_american	Protestant	yes	yes
39531214	0	0	0	0	0	0	0	1	0	0	0	0	0	0	0	0	1	0	0	0	0	1	0	1	1	1	0	0	0	0	1	0	1	0	1	0	0	0	0	0	0	0	1	-1	0	0	0	0	0	0	1	1	0	0	0	0	0	0	1	0	0	0	0	1	0	1	0	0	0	1	0	0	1	0	1	0	1	0	0	0	0	0	1	0	0	0	0	0	1	1	1	1	0	0	0	0	0	0	0	0	0	0	1	1	0	0	0	1	0	0	0	1	0	0	1	0	0	0	0	0	0	1	0	1	0	0	0	0	0	0	0	0	0	-1	0	0	0	0	0	0	1	0	1	0	0	0	1	1	0	1	0	1	0	0	
27947324	0	0	1	0	-1	0	0	1	-1	0	1	0	0	0	0	0	0	0	1	1	0	-1	0	0	-1	1	-1	1	0	0	0	0	1	1	-1	1	1	1	-1	1	1	0	1	0	1	1	0	0	1	0	0	0	0	0	0	0	0	-1	0	1	0	1	1	0	0	1	0	-1	0	0	0	0	0	0	0	0	0	1	1	-1	0	1	0	1	1	1	1	1	0	0	0	0	1	0	0	1	1	0	0	1	0	1	1	0	0	0	0	0	0	0	1	0	1	1	1	-1	1	-1	0	0	-1	0	1	0	0	1	0	-1	-1	1	0	1	0	0	-1	0	0	1	0	0	1	0	0	1	1	1	1	1	0	1	0	1	1	0	27947324	40	male	democrat	bachelor	married	employee	hispanic_american	Roman Catholic	yes	yes
8921119	0	0	0	-1	0	1	1	0	0	0	1	0	0	0	0	0	0	1	0	0	0	0	0	0	0	0	0	1	1	0	0	0	0	0	0	0	0	0	0	0	0	1	0	0	1	1	0	0	0	0	1	1	1	0	0	0	-1	0	1	1	-1	-1	0	1	0	0	0	0	0	1	0	1	0	0	0	1	0	0	0	0	-1	-1	1	1	1	1	1	0	0	0	0	0	0	0	0	1	0	0	0	0	0	0	0	0	1	0	0	0	0	0	0	0	0	0	0	0	0	0	0	0	0	0	1	1	0	0	0	0	0	0	1	0	0	0	0	1	0	0	0	0	1	-1	-1	1	0	0	1	0	0	0	0	0	0	0	
39513281	0	0	0	0	0	0	0	0	0	0	0	0	0	0	0	0	0	0	0	0	0	0	0	0	0	0	0	0	0	0	0	0	0	0	0	0	0	0	0	0	0	0	0	0	0	0	0	0	0	0	-1	0	0	0	0	0	0	0	0	0	0	0	0	0	0	0	0	0	0	0	0	0	0	0	0	0	0	0	0	0	0	0	0	0	0	0	0	0	0	0	0	0	0	0	0	0	0	0	0	0	0	0	0	0	0	0	0	0	0	0	0	0	0	0	0	0	0	0	0	0	0	0	1	0	0	0	0	0	0	0	0	0	0	0	0	0	0	0	0	0	0	0	-1	0	0	0	0	-1	0	0	0	0	0	0	
42864658	0	0	0	0	-1	0	0	0	0	0	0	0	0	0	0	0	0	0	0	1	0	-1	0	0	0	0	1	0	0	0	0	0	0	0	0	0	0	0	0	0	0	0	0	0	0	0	0	0	0	0	0	0	0	0	0	0	0	0	0	0	0	0	1	0	0	0	0	0	0	0	0	0	0	0	0	0	0	0	0	0	0	0	0	0	0	0	0	0	0	0	0	0	0	0	0	0	0	0	0	-1	0	0	0	0	0	0	0	0	0	0	0	0	0	0	0	0	0	0	0	0	0	0	0	0	0	0	0	0	0	0	0	0	0	0	0	0	0	1	0	0	0	0	0	0	0	1	0	0	0	0	0	0	0	0	42864658	38	male	democrat	some_college	married	employee	white	Protestant	yes	yes
35330747	-1	1	-1	1	0	0	0	0	0	0	0	0	0	0	0	0	-1	0	0	0	1	0	0	0	0	0	-1	0	0	0	0	0	0	1	0	1	0	1	0	0	0	0	0	1	0	0	1	0	0	0	0	0	0	0	0	0	0	0	1	1	0	0	0	0	0	0	0	1	1	0	1	0	-1	1	1	1	1	0	0	-1	1	-1	1	1	1	1	0	1	1	0	0	0	0	0	0	0	0	1	0	0	0	1	0	1	0	0	1	0	0	0	0	1	0	0	1	0	0	0	0	0	0	0	0	0	0	0	0	0	0	0	0	0	0	0	0	0	1	1	-1	-1	0	-1	0	0	0	0	0	0	0	0	0	0	0	0	35330747	22	female	none	some_college	single_living_with_parents	employee	white	Atheist / Agnostic	no	yes
33266010	0	1	0	0	0	0	1	0	0	1	0	0	0	0	0	0	0	0	0	0	1	1	1	1	0	0	0	0	1	1	-1	1	0	0	1	0	0	1	1	0	0	0	0	0	0	0	0	0	0	1	0	0	1	0	0	0	0	0	0	0	0	0	1	0	0	0	1	0	0	0	0	0	0	1	0	0	0	1	0	0	0	0	1	0	0	0	0	0	0	0	0	0	0	0	0	0	1	0	0	0	1	0	0	1	0	0	0	1	0	0	0	0	0	0	0	0	0	0	0	0	1	1	0	1	1	1	1	1	0	0	0	0	1	-1	-1	1	0	0	1	0	0	0	0	1	0	0	0	0	0	0	0	0	0	0	
43904063	0	0	0	0	0	0	0	0	0	0	0	0	0	-1	0	0	0	1	0	0	0	0	1	0	0	0	0	0	0	0	1	0	-1	0	1	0	0	0	0	0	0	0	0	0	0	0	0	1	-1	-1	0	0	0	0	0	0	0	0	0	0	0	0	0	0	0	0	0	0	0	0	0	0	0	0	0	0	0	0	0	0	0	0	0	0	0	0	0	0	0	0	0	1	0	0	-1	0	-1	0	0	0	0	0	0	0	-1	0	0	0	0	0	0	0	0	0	0	0	0	0	0	0	0	0	0	0	0	0	0	0	0	0	0	0	0	1	0	0	-1	0	0	0	0	0	0	0	0	0	0	0	0	0	-1	0	0	0	
37292698	1	0	0	0	0	0	1	0	0	0	1	0	0	0	0	0	0	0	0	0	0	0	-1	0	0	0	0	0	0	0	0	1	0	0	0	0	0	0	0	0	0	-1	0	0	0	0	0	0	0	0	0	1	1	0	0	0	0	0	1	1	-1	-1	0	0	0	0	0	0	0	0	0	0	0	0	0	1	1	1	-1	1	0	0	0	0	1	0	-1	0	0	0	0	0	0	0	-1	0	0	0	0	0	0	0	0	0	1	0	0	0	0	0	0	0	0	0	-1	0	0	0	0	0	0	0	0	0	0	0	0	1	0	0	0	0	0	0	0	0	0	0	0	0	0	0	0	0	0	0	0	0	0	0	0	0	0	1	
34093227	0	0	0	0	0	1	0	0	0	0	0	0	-1	0	0	0	0	1	0	0	0	0	1	0	0	0	0	0	0	0	0	0	0	0	0	0	0	0	0	0	0	0	0	0	0	0	0	0	0	0	0	0	0	0	0	0	0	0	0	0	1	0	0	0	0	0	0	0	0	0	0	0	0	0	0	1	0	0	0	0	0	0	0	0	0	1	0	0	0	0	0	0	0	0	1	0	0	0	0	0	0	0	0	0	0	0	0	0	0	0	0	0	0	0	0	0	0	0	0	0	0	0	0	0	0	0	0	-1	-1	0	0	0	0	0	0	1	0	0	0	0	0	0	0	0	0	0	0	0	0	0	0	0	0	0	
43834420	0	0	0	1	0	0	0	0	0	0	0	0	0	0	0	0	0	0	0	0	0	0	0	0	0	0	0	0	0	0	0	0	0	0	0	0	0	0	0	0	0	0	0	0	0	0	0	0	0	0	0	0	0	0	0	0	0	0	0	0	0	0	0	0	0	0	0	0	0	0	1	0	0	0	0	-1	0	0	0	0	0	0	0	0	0	1	0	0	0	0	0	0	0	0	0	0	0	0	0	0	0	0	0	0	0	0	0	0	0	0	0	0	0	0	0	0	0	0	0	0	0	0	0	0	0	0	0	0	0	0	0	0	0	0	0	0	0	0	0	0	0	0	0	0	0	0	0	0	0	0	0	0	0	0	
18666417	0	0	0	0	0	0	1	0	0	1	1	1	0	0	0	1	0	0	0	0	0	0	0	0	0	0	0	0	0	0	0	0	0	0	0	0	0	0	0	0	0	1	0	0	0	0	0	0	0	1	0	1	1	0	0	0	0	0	1	1	-1	1	0	0	0	0	0	0	0	0	0	0	0	0	0	0	0	0	0	0	0	0	0	0	1	0	-1	0	0	0	0	0	0	0	0	0	0	0	0	0	0	0	0	0	1	0	0	0	0	0	0	0	0	0	0	0	0	0	0	0	0	0	0	0	0	0	0	0	0	0	0	0	0	0	0	0	0	0	0	0	0	0	0	0	0	0	0	0	0	0	0	0	0	0	18666417	57	female	democrat	some_college	single_living_alone	retired	white	Roman Catholic	no	yes
43994669	0	0	0	0	0	1	-1	0	0	0	1	0	0	0	0	0	0	-1	0	0	0	0	1	0	0	0	0	1	1	0	0	0	0	1	0	0	0	0	0	0	0	1	0	0	0	0	0	0	0	0	1	-1	1	0	0	0	1	0	1	1	1	1	0	1	0	0	0	0	0	0	0	0	0	0	0	1	0	0	0	0	0	0	0	0	1	-1	1	0	0	0	0	0	0	0	1	1	0	0	0	0	0	-1	0	0	1	0	0	0	0	0	0	0	0	0	0	0	0	0	0	0	0	0	1	0	0	0	0	1	0	0	1	0	0	0	0	1	0	-1	0	0	1	0	-1	1	0	0	-1	0	0	0	0	0	0	0	43994669	24	male	none	associate_degree	single_living_with_partner	selfemployed	white	Atheist / Agnostic	yes	yes
43989034	1	0	0	0	0	1	0	1	0	0	0	0	-1	0	0	0	1	0	0	1	1	-1	0	1	-1	1	0	0	0	1	1	0	0	0	0	0	0	0	1	0	-1	0	-1	0	1	0	0	0	0	0	0	1	0	0	0	-1	0	0	0	0	1	1	0	1	-1	0	0	0	1	1	0	0	1	0	1	0	1	0	0	-1	0	-1	0	1	0	0	0	-1	0	0	0	0	0	1	0	0	1	1	-1	1	0	1	0	1	1	0	0	1	0	0	0	0	0	0	1	0	0	0	0	0	0	0	0	0	0	0	0	-1	1	0	0	0	1	0	0	0	0	0	0	0	1	0	0	1	0	0	0	1	-1	0	0	1	1	1	
43907115	0	0	0	0	0	0	0	0	0	0	0	0	0	0	0	0	0	0	0	0	0	0	-1	0	1	0	0	0	0	0	0	1	0	0	0	0	0	0	0	0	0	0	0	0	0	0	0	0	0	0	0	0	0	0	0	0	0	0	0	0	0	0	0	0	0	0	0	0	1	0	0	0	1	1	1	1	0	0	0	0	0	0	0	0	0	0	0	0	0	0	0	0	0	0	0	0	0	0	0	0	1	0	0	0	1	1	1	1	1	0	0	0	0	0	0	0	0	0	0	1	0	0	0	0	0	0	1	0	0	0	0	0	1	0	0	0	0	0	0	0	0	0	0	0	1	0	0	0	1	0	0	0	0	0	43907115	21	male	democrat	high_school	married	student	american_indian_or_alaska_native	Muslim	yes	yes
43942953	1	1	1	1	0	1	0	0	0	1	0	1	0	0	0	1	0	0	0	0	0	0	0	1	0	0	0	0	1	0	0	0	0	0	0	1	0	0	0	0	0	0	0	0	0	0	0	0	0	1	0	0	0	0	0	0	1	0	0	1	0	0	0	1	0	0	0	1	1	0	1	0	1	1	1	1	0	0	0	1	1	1	1	1	0	1	0	0	0	0	0	0	0	0	0	1	0	0	0	0	1	0	0	0	0	0	0	0	1	1	1	1	0	0	0	0	0	0	0	0	0	0	1	0	0	0	0	0	0	0	1	0	1	0	0	0	1	1	1	1	1	1	1	1	0	0	1	0	1	0	0	0	0	0	
38198526	1	1	1	-1	0	1	1	0	0	-1	0	0	0	0	0	0	0	0	0	0	0	0	0	0	0	0	0	0	1	0	0	0	0	0	1	0	0	1	-1	0	0	0	0	0	0	0	0	0	0	1	0	0	1	0	0	0	0	0	0	0	0	0	1	1	0	0	-1	0	1	0	1	0	0	1	0	1	0	1	0	0	1	-1	1	1	0	1	0	0	0	0	0	0	0	0	0	1	1	0	0	0	1	0	0	1	0	0	0	1	0	0	0	0	0	0	0	0	0	0	0	0	-1	1	1	1	0	1	0	0	0	0	1	0	1	0	0	0	1	1	1	1	1	-1	-1	1	0	0	1	0	-1	0	0	0	0	0	38198526	49	male	democrat	some_college	single_living_with_partner	selfemployed	white	Atheist / Agnostic	no	yes
43912740	0	0	0	0	0	0	0	0	0	0	0	0	0	0	0	0	0	0	0	0	0	0	0	0	0	0	0	0	0	0	0	0	0	0	0	0	0	0	0	0	0	0	0	0	0	0	1	0	0	0	0	0	0	0	0	0	0	0	0	0	0	0	0	0	0	0	0	0	0	0	0	0	0	0	0	0	0	0	0	0	0	0	0	0	0	0	0	0	0	1	0	0	0	0	0	0	0	0	0	0	0	0	0	0	0	0	0	-1	0	0	0	0	0	0	0	-1	0	1	0	0	0	0	0	0	0	0	0	0	0	0	0	0	0	0	1	0	1	0	-1	0	0	0	0	0	0	0	0	0	0	0	0	0	0	0	
29571331	1	0	0	0	0	-1	0	1	0	0	0	-1	1	0	0	0	1	0	0	0	1	-1	0	1	-1	1	0	0	1	0	-1	0	0	1	0	0	0	0	-1	1	1	0	-1	0	1	0	0	0	0	0	0	-1	0	-1	1	-1	0	0	0	0	0	0	0	1	-1	0	0	0	1	-1	0	0	0	0	1	0	1	0	1	0	0	-1	0	0	0	0	0	0	1	0	1	0	0	1	0	0	0	0	0	0	0	0	0	1	1	0	0	1	0	1	1	0	-1	0	1	0	0	-1	0	0	0	1	0	0	0	1	0	0	-1	0	0	0	1	0	0	-1	0	0	0	0	1	0	-1	0	1	0	0	1	0	0	0	1	-1	0	29571331	21	male	democrat	high_school	single_living_with_parents	unemployedseeking_employment	black_or_african_american	Roman Catholic	no	yes
43884123	1	1	1	-1	1	-1	0	-1	1	0	1	-1	0	1	0	-1	1	-1	1	0	0	0	0	-1	0	0	1	-1	0	1	0	0	1	0	1	0	0	0	-1	0	1	0	-1	-1	1	-1	1	0	1	0	0	-1	1	1	0	-1	0	1	1	1	0	1	0	0	-1	0	1	0	1	1	1	-1	1	0	1	1	0	0	1	1	1	-1	0	0	1	1	-1	-1	0	0	0	1	1	1	0	0	0	0	0	0	1	0	1	0	1	-1	1	1	1	0	1	1	1	0	0	0	0	0	0	0	-1	1	0	0	-1	1	1	0	0	1	-1	1	0	0	1	0	-1	1	1	-1	0	-1	0	-1	-1	0	-1	1	1	1	0	1	0	0	
13581319	0	0	0	0	0	0	0	1	1	1	1	1	0	0	0	0	1	0	0	0	1	1	0	1	1	1	0	0	0	0	-1	0	0	0	0	0	0	0	-1	0	0	1	1	0	1	1	1	1	0	0	1	1	0	0	0	0	0	0	1	0	0	0	0	-1	1	0	0	0	0	-1	0	0	1	0	-1	0	1	0	0	0	1	0	0	0	0	0	0	0	0	0	0	0	0	0	0	0	-1	0	0	0	0	0	0	1	0	1	0	1	0	0	0	1	0	0	-1	-1	0	0	0	0	0	0	1	0	0	0	1	0	-1	0	0	0	0	0	0	0	0	1	0	1	1	0	-1	0	0	0	0	1	0	0	0	1	0	0	
43984981	1	0	-1	0	0	0	0	0	0	0	0	0	0	-1	0	1	0	0	0	1	0	0	0	0	0	0	0	1	0	-1	0	0	1	0	0	0	0	0	0	0	0	0	0	0	0	0	0	0	0	1	1	0	1	0	1	0	0	1	0	0	1	1	1	1	1	1	-1	-1	0	0	1	0	0	0	0	0	0	1	0	1	1	0	0	0	0	0	-1	0	1	1	-1	-1	0	0	1	0	0	0	0	-1	1	0	-1	0	0	1	0	0	0	0	0	0	-1	0	0	0	1	-1	-1	1	1	1	1	1	1	0	1	0	0	0	1	0	0	0	0	0	1	0	0	0	0	0	0	0	0	0	1	0	0	0	1	0	0	-1	
40407716	0	0	0	0	0	0	0	0	0	0	0	0	0	0	0	0	0	0	0	0	0	0	0	0	1	1	1	-1	0	0	0	0	0	0	0	0	0	0	0	0	0	0	0	0	0	0	0	0	0	0	0	0	0	0	0	0	0	0	0	0	0	0	0	0	0	0	0	0	0	0	0	0	0	0	0	0	0	0	0	0	0	0	0	0	0	0	0	0	0	0	0	0	0	0	0	0	0	0	0	0	0	0	0	0	0	0	0	0	0	0	0	0	0	0	0	0	0	0	0	0	0	0	0	0	0	0	0	0	0	0	0	0	0	0	0	0	0	0	0	0	0	0	0	0	0	0	0	0	0	0	0	0	0	0	
34824899	0	0	0	0	-1	0	0	0	0	0	0	0	0	0	0	0	1	0	0	1	0	-1	0	0	0	0	1	0	0	0	0	0	0	0	0	0	0	1	0	0	0	0	0	1	0	0	1	0	0	0	0	0	0	0	0	0	0	0	0	0	0	0	1	0	0	0	0	0	0	0	0	0	0	0	0	0	0	0	0	0	0	0	0	0	1	0	0	0	-1	0	0	0	0	0	0	0	0	0	0	1	0	0	0	0	0	0	0	0	0	0	0	0	0	0	0	0	0	0	0	0	0	0	0	0	0	0	0	0	0	0	0	0	0	0	0	0	0	1	-1	0	0	0	0	0	0	1	0	0	0	0	0	0	0	0	34824899	41	female	independent	master	single_living_alone	employee	white	Protestant	no	yes
20170210	0	0	0	0	0	0	0	0	0	0	0	0	0	0	0	0	0	0	0	0	0	0	0	0	0	0	0	0	0	0	0	0	0	1	0	0	0	0	0	0	1	0	0	0	0	0	0	0	0	0	0	0	0	0	1	1	0	0	0	0	0	0	0	0	0	0	0	0	0	0	0	0	0	0	0	0	0	0	0	0	0	0	0	0	0	0	0	0	0	0	1	0	0	0	0	0	0	0	0	0	0	0	0	0	0	0	0	0	0	-1	-1	0	0	0	0	0	0	0	0	0	0	0	0	0	0	0	0	0	0	0	0	0	0	0	0	0	0	0	0	0	0	0	1	0	0	0	0	0	0	0	0	0	0	0	20170210	37	female	republican	bachelor	other:divorced living with kids	selfemployed	white	Protestant	yes	yes
43936844	0	1	0	0	-1	-1	0	0	0	1	1	-1	1	0	1	0	0	0	0	0	-1	0	0	0	0	0	0	0	0	0	0	0	0	0	0	0	0	0	-1	0	0	1	0	0	1	-1	1	1	-1	0	0	0	0	0	0	0	0	1	0	0	0	0	0	0	-1	0	0	0	0	0	0	0	0	0	0	0	0	0	1	0	1	0	0	0	1	1	1	-1	0	0	0	0	1	0	0	1	1	0	0	0	1	1	1	-1	0	1	0	0	0	0	0	1	0	0	0	1	0	0	0	0	0	0	1	0	0	0	1	0	1	0	0	0	0	0	0	0	0	1	0	-1	1	-1	-1	1	1	-1	1	1	0	0	0	0	0	0	
43936834	0	1	1	0	-1	0	0	1	-1	1	0	0	1	0	1	0	0	0	0	1	0	1	0	0	-1	1	0	1	0	0	0	0	0	0	0	0	0	1	-1	1	0	0	-1	0	1	-1	0	0	-1	0	-1	0	1	0	0	0	0	-1	0	0	0	0	1	0	0	1	0	0	0	-1	0	-1	0	0	0	0	0	0	1	0	0	0	-1	1	0	1	1	1	1	1	-1	-1	1	0	0	1	1	0	0	1	1	1	1	1	0	0	0	0	0	0	0	1	0	1	0	0	1	1	0	1	0	1	1	-1	0	1	0	0	-1	1	0	0	0	0	1	0	0	1	0	0	1	-1	0	0	-1	1	0	1	0	0	0	0	0	0	43936834	29	male	democrat	some_college	married	employee	hispanic_american	Roman Catholic	yes	no
12115558	0	1	-1	1	0	-1	1	0	1	1	1	-1	1	-1	1	1	1	1	0	0	0	0	1	0	0	0	0	1	1	1	0	0	-1	1	1	1	1	1	-1	1	0	1	0	1	0	0	1	1	1	1	1	1	1	-1	1	-1	1	0	1	1	1	1	0	0	0	1	1	0	0	1	1	0	1	0	0	1	0	0	0	-1	0	0	0	1	0	1	1	0	0	1	0	1	0	0	1	1	0	0	-1	0	1	1	0	0	1	0	0	1	0	1	0	0	0	1	0	0	0	-1	0	0	-1	1	0	0	1	0	0	-1	-1	1	1	1	0	1	-1	1	1	1	1	0	0	-1	0	1	0	0	0	0	0	0	-1	1	0	0	12115558	64	female	democrat	bachelor	married	retired	white	Roman Catholic	yes	yes
43866745	0	1	0	0	0	0	0	0	0	0	1	1	0	-1	0	0	0	0	0	0	0	0	0	0	0	1	0	0	0	0	0	0	0	0	0	0	0	0	0	0	1	0	1	0	1	1	0	0	0	0	0	0	0	0	0	0	0	0	0	0	0	0	0	1	0	0	-1	0	0	1	0	1	0	0	0	0	0	0	1	0	0	0	1	0	0	0	0	0	0	0	0	0	0	0	0	0	0	1	0	0	0	0	0	0	0	0	0	0	0	0	0	0	-1	1	1	-1	0	0	0	1	0	1	0	1	1	0	0	0	0	-1	0	0	1	0	0	0	0	0	0	1	0	-1	-1	0	0	0	1	0	0	0	0	0	0	0	43866745	43	female	none	associate_degree	married	employee	white	Protestant	yes	yes
43954811	0	0	0	0	0	0	0	0	0	0	0	0	0	0	0	0	0	0	0	0	0	0	0	0	0	0	0	0	0	0	0	0	0	0	0	0	0	0	0	0	0	0	0	0	0	0	0	0	0	0	-1	0	0	0	0	0	0	0	0	0	0	0	0	0	0	0	0	0	0	0	0	0	0	0	0	0	0	0	0	0	0	0	0	0	0	0	0	0	-1	1	1	1	0	0	0	0	0	0	0	0	0	0	1	0	0	0	0	0	0	0	0	0	0	0	0	0	0	0	0	0	-1	1	1	1	0	0	0	0	0	0	0	0	0	0	0	0	0	0	0	0	0	0	0	0	0	0	-1	0	0	0	0	0	0	0	
43806326	1	0	0	0	0	0	0	0	0	0	0	0	0	0	0	1	0	0	0	0	0	0	0	0	0	0	0	0	1	1	1	1	1	1	1	-1	0	0	0	0	0	0	0	0	0	0	0	0	0	0	0	0	0	1	0	1	0	0	0	0	0	0	1	0	0	0	0	0	-1	1	0	1	0	0	0	0	1	1	-1	1	-1	0	0	0	0	0	0	1	0	0	0	0	0	1	0	0	0	1	-1	0	0	0	0	0	1	1	0	1	0	0	0	0	0	0	1	0	1	0	1	0	0	0	0	0	0	0	1	1	0	-1	0	0	0	1	0	1	0	0	0	0	0	0	0	1	-1	1	0	0	0	0	0	1	1	1	43806326	26	male	democrat	bachelor	single_living_with_parents	employee	white	Protestant	yes	yes
43986037	0	0	0	0	0	0	0	1	0	0	0	0	0	0	0	0	0	0	1	0	1	0	0	0	0	0	0	0	0	0	0	0	0	0	0	0	1	0	0	0	0	0	0	0	1	0	0	0	0	0	0	0	0	0	0	0	0	0	0	1	0	0	0	0	1	0	0	0	0	0	0	0	0	0	0	0	0	1	0	0	1	1	1	1	0	0	-1	0	0	0	0	0	-1	0	0	0	0	0	0	0	0	0	0	0	1	0	0	0	0	0	1	0	0	0	0	0	0	0	0	0	0	0	0	0	0	0	0	0	0	0	0	0	0	0	0	0	0	0	0	0	0	0	0	0	0	0	0	0	-1	-1	1	-1	0	0	43986037	55	female	republican	some_college	married	selfemployed	white	Protestant	yes	yes
32055577	0	0	0	0	0	0	0	0	0	0	0	0	0	0	0	0	0	0	0	0	0	0	0	0	0	0	0	0	0	0	0	0	0	0	0	0	0	0	0	0	0	0	0	0	0	0	0	0	0	0	0	0	0	0	0	0	0	0	0	0	0	0	0	0	0	0	0	0	0	0	0	0	0	0	0	0	1	1	1	-1	0	0	0	0	0	0	0	0	0	0	0	0	0	0	0	0	0	0	0	0	0	0	0	0	0	0	0	0	0	0	0	0	0	0	0	0	0	0	0	0	0	0	0	0	0	0	0	0	0	0	0	0	0	0	0	0	0	0	0	0	0	0	0	0	0	0	0	0	0	0	0	0	0	0	
43498598	1	1	-1	0	0	0	1	-1	1	0	1	-1	1	1	0	0	1	1	0	1	-1	0	1	-1	1	-1	-1	1	0	0	0	1	0	-1	0	1	1	-1	1	1	1	1	0	1	1	1	1	0	0	1	1	-1	0	1	1	0	1	0	1	-1	1	0	-1	1	1	1	0	0	0	0	1	1	1	0	1	0	0	-1	0	-1	1	1	0	1	1	0	0	0	1	1	-1	0	0	1	-1	1	1	1	0	-1	0	1	1	-1	0	0	1	0	0	1	0	1	0	0	0	1	0	1	1	0	1	0	1	1	0	1	-1	0	0	-1	1	1	0	0	1	0	1	0	0	-1	1	0	0	0	1	-1	1	0	1	1	1	1	1	1	
37799090	0	0	0	-1	0	-1	0	0	0	0	0	0	0	0	0	0	1	0	0	0	0	0	1	0	0	0	-1	0	1	0	0	0	0	1	0	0	0	1	0	0	0	1	0	1	0	0	1	0	0	0	0	1	1	0	0	0	0	0	0	1	-1	0	0	1	0	0	0	0	0	0	0	0	0	0	0	1	0	0	0	0	0	0	0	0	-1	0	1	0	-1	1	0	0	0	0	1	1	0	0	0	0	0	1	0	0	1	0	0	1	0	0	0	0	0	0	0	-1	0	-1	0	0	0	0	1	0	0	0	0	-1	0	0	1	0	0	0	-1	0	-1	1	1	0	1	-1	-1	1	0	0	1	0	0	0	0	0	0	0	37799090	24	female	independent	high_school	single_living_with_partner	unemployedseeking_employment	white	Buddhist	no	yes
43861611	0	0	0	0	0	0	0	0	0	0	0	0	0	0	0	1	0	0	0	0	0	0	0	0	0	0	0	0	0	0	0	0	0	0	0	0	0	0	0	0	0	0	0	0	0	0	0	0	0	0	0	0	0	0	0	1	0	0	0	0	0	0	1	0	0	0	0	0	0	0	1	0	0	-1	0	0	0	0	0	0	0	0	0	0	0	0	0	0	0	0	0	0	0	-1	0	0	0	0	0	0	0	0	0	0	0	0	0	0	0	0	0	0	0	0	0	0	0	0	0	0	0	0	0	0	0	0	0	0	0	0	0	0	0	0	0	1	0	0	0	0	0	0	0	1	0	0	0	0	0	0	0	0	0	0	43861611	28	female	independent	bachelor	married	unemployedseeking_employment	white	Protestant	no	yes
43642991	0	0	0	0	0	0	0	0	0	1	0	1	0	0	0	1	0	0	0	0	0	0	0	0	0	0	0	0	0	0	0	0	0	0	0	0	0	0	0	0	0	0	0	0	0	0	0	0	0	1	0	0	0	0	0	0	0	0	0	0	0	0	0	0	0	0	0	0	0	0	0	0	0	0	0	0	0	0	0	0	0	0	0	0	0	0	0	0	0	0	0	0	0	0	0	0	0	0	0	0	0	0	0	0	0	0	0	0	0	0	0	0	0	0	0	0	0	0	0	0	0	0	0	0	0	0	0	0	0	0	0	0	0	0	0	0	0	0	0	0	0	0	0	0	0	0	0	0	0	0	0	0	0	0	
38858920	0	0	0	0	0	0	0	0	1	0	0	0	1	0	0	0	0	0	0	0	0	0	0	0	0	0	0	0	0	0	0	0	0	0	0	0	0	0	0	0	0	0	0	0	0	0	0	0	0	0	-1	0	0	0	0	0	0	0	0	0	0	0	0	0	0	0	0	0	0	0	0	0	0	0	0	0	0	0	0	0	0	0	0	0	0	0	0	0	1	1	1	-1	1	0	0	0	0	0	1	0	0	0	-1	0	0	0	0	0	1	0	0	1	0	0	0	0	0	0	-1	0	1	1	1	1	0	0	0	0	0	0	0	0	0	0	0	0	0	0	0	0	0	0	0	0	0	1	-1	0	0	0	0	0	0	0	38858920	41	female	republican	doc	single_living_alone	unemployedseeking_employment	white	Roman Catholic	yes	yes
34554100	1	0	0	0	0	1	0	1	0	0	0	-1	1	0	0	0	1	0	0	0	1	-1	0	1	-1	1	0	0	1	0	1	0	0	0	0	0	0	0	1	1	1	0	1	0	1	0	0	0	0	0	0	1	0	-1	0	-1	0	0	0	0	-1	0	0	1	-1	0	0	0	1	1	0	0	1	0	1	0	1	0	1	0	0	1	0	0	0	0	0	0	-1	0	0	0	0	1	0	0	0	0	0	0	0	0	0	1	1	0	0	1	0	1	0	0	-1	0	1	0	0	1	0	0	0	1	0	0	0	1	0	0	-1	0	0	0	1	0	0	1	0	0	0	0	1	0	0	0	-1	0	0	1	0	0	0	1	1	0	34554100	30	female	independent	high_school	single_living_with_partner	selfemployed	white	other:baptist	no	yes
43944033	0	0	-1	0	0	-1	0	0	0	0	0	0	0	0	0	0	1	1	0	0	0	0	0	0	0	0	1	0	0	0	0	0	0	0	0	1	0	1	0	0	0	0	0	1	0	0	1	0	0	0	1	0	0	0	0	0	0	0	1	0	0	0	0	0	0	0	0	0	0	1	0	0	1	0	0	0	1	0	0	0	0	0	0	0	-1	0	0	0	1	1	0	-1	0	0	1	0	0	0	-1	0	0	0	1	0	0	0	0	0	0	1	0	1	0	1	1	0	0	0	0	0	1	1	1	1	1	0	0	0	0	0	0	0	0	0	0	0	0	0	1	0	0	0	0	0	0	0	1	0	0	0	0	0	0	0	
43945372	0	0	0	0	0	0	0	0	0	0	0	0	0	0	0	0	-1	0	0	0	0	0	0	0	0	0	1	0	0	0	0	0	0	0	0	0	0	1	0	0	0	0	0	1	0	0	1	0	0	0	0	0	0	0	0	0	0	0	0	0	0	0	0	0	0	0	0	0	0	0	0	0	0	0	0	0	0	0	0	0	0	0	0	0	1	0	0	0	-1	0	0	0	0	0	0	0	0	0	0	0	0	0	0	0	0	0	0	0	0	0	0	0	0	0	0	0	0	0	0	0	0	0	0	0	0	0	0	0	0	0	0	0	0	0	0	0	0	0	-1	0	0	0	0	0	0	0	0	0	0	0	0	0	0	0	
43876255	0	0	0	0	0	0	0	0	0	0	0	0	0	0	0	0	0	0	0	0	0	0	0	0	0	0	0	0	0	0	0	0	0	0	0	0	0	0	0	0	0	0	0	0	0	0	1	0	0	0	0	0	0	0	0	0	0	0	0	0	0	0	0	0	0	0	0	0	0	0	0	0	0	0	0	0	0	0	0	0	0	0	0	0	0	0	0	0	0	1	0	0	0	0	0	0	0	0	0	0	0	0	0	0	0	0	0	-1	0	0	0	0	0	0	0	1	0	1	0	0	0	0	0	0	0	0	0	0	0	0	0	0	0	0	-1	0	-1	0	-1	0	0	0	0	0	0	0	0	0	0	0	0	0	0	0	43876255	27	male	independent	associate_degree	married	employee	white	Protestant	no	yes
43811734	1	0	0	0	0	-1	0	1	0	0	0	0	-1	0	0	0	1	0	0	0	1	-1	0	1	-1	1	0	0	0	0	1	0	0	1	0	0	0	0	-1	0	0	0	-1	0	1	0	0	0	0	0	0	1	0	0	1	-1	0	0	0	0	-1	0	0	1	-1	0	0	0	1	1	0	0	1	0	1	0	1	0	0	0	0	-1	0	0	0	0	0	0	0	0	1	0	0	1	0	0	0	0	0	0	0	0	0	1	1	0	0	1	0	1	1	0	0	0	1	0	0	0	0	0	0	0	0	0	0	0	0	0	-1	0	0	0	1	0	0	0	0	0	0	0	1	0	-1	0	0	0	0	1	0	0	0	1	1	0	
43393412	0	-1	0	0	1	0	0	0	-1	0	0	0	-1	0	1	0	0	0	0	0	0	0	0	0	1	0	0	0	0	0	0	0	0	0	0	0	1	1	-1	1	0	0	-1	0	0	0	0	0	1	0	0	0	0	0	0	0	0	1	0	0	0	0	1	0	0	1	0	0	0	0	0	0	0	0	0	0	0	0	1	0	0	0	0	0	1	1	-1	-1	0	0	0	0	-1	0	0	0	1	0	0	0	1	1	1	-1	0	0	0	0	0	0	0	1	0	0	0	0	1	0	0	0	-1	0	1	0	0	-1	0	0	1	0	0	0	0	0	0	0	0	0	0	0	-1	0	0	0	1	-1	-1	1	0	0	0	0	0	0	
43916681	0	1	0	1	1	0	0	0	1	1	0	1	1	0	1	1	0	0	0	0	0	0	0	-1	-1	0	0	0	0	0	0	0	0	0	0	1	1	1	-1	1	0	0	1	0	0	0	0	0	-1	-1	0	0	0	0	0	0	1	1	1	1	0	0	0	0	1	1	0	1	1	0	1	0	1	-1	-1	0	0	0	1	1	0	0	0	0	0	1	1	-1	0	0	0	0	1	1	1	1	0	0	0	0	0	-1	0	1	0	0	0	0	1	1	1	1	0	0	0	0	1	0	0	0	0	0	1	0	0	0	0	0	-1	0	0	0	1	0	0	0	0	0	0	1	1	0	0	0	1	1	-1	1	1	0	0	0	0	0	43916681	24	male	none	associate_degree	single_living_with_parents	student	hispanic_american	Roman Catholic	yes	yes
43859850	0	0	0	0	0	0	0	0	0	0	0	0	0	0	0	0	0	0	1	0	0	0	0	0	0	0	0	0	0	0	0	0	0	0	0	0	0	0	0	0	0	0	0	0	-1	0	0	0	0	0	0	0	0	0	0	0	0	0	0	1	0	0	0	0	0	0	0	0	-1	-1	-1	-1	0	0	0	0	0	0	0	0	0	0	0	0	0	0	1	0	0	0	0	0	0	0	0	0	0	0	0	0	0	0	0	0	0	0	0	0	0	0	0	0	0	0	0	0	0	0	0	0	0	0	0	0	0	0	0	0	0	0	0	0	0	0	0	0	0	0	0	0	0	0	0	0	0	0	0	0	-1	-1	1	-1	0	0	
6309240	0	0	0	0	0	0	0	0	0	0	0	0	0	0	0	0	0	0	0	0	0	0	0	0	0	0	0	0	0	0	0	0	0	0	0	0	0	0	0	0	0	0	0	0	0	0	0	0	0	0	0	1	1	0	0	0	0	0	0	0	1	0	0	0	0	0	0	0	0	0	0	0	0	0	0	0	0	0	0	0	0	0	0	0	1	0	0	0	0	0	0	0	0	0	0	0	0	0	0	0	0	0	0	0	0	0	0	0	0	0	0	0	0	0	0	0	0	0	0	0	0	0	0	0	0	0	0	0	0	0	0	0	0	0	0	0	0	0	0	0	0	0	0	0	0	0	0	0	0	0	0	0	0	0	6309240	50	female	republican	bachelor	single_living_with_parents	employee	asien	Roman Catholic	yes	yes
31349958	1	0	0	0	-1	1	1	-1	-1	0	1	0	1	1	-1	0	1	1	-1	-1	1	1	1	0	0	1	-1	1	1	1	1	0	-1	1	1	0	-1	0	1	0	0	1	1	-1	1	0	-1	-1	0	1	1	1	0	1	0	0	0	-1	0	0	0	0	0	0	1	-1	0	1	1	1	0	1	1	1	0	0	1	1	0	1	0	-1	0	0	0	0	-1	1	0	0	-1	0	1	0	1	0	0	1	0	1	-1	0	0	0	-1	0	1	1	1	-1	1	0	1	1	1	1	0	-1	1	0	1	-1	0	0	1	1	0	1	0	1	0	0	0	1	0	1	1	1	0	1	0	0	0	1	1	0	-1	-1	0	-1	0	1	1	1	31349958	37	female	republican	vocational_secondary_certification	single_living_alone	unemployedseeking_employment	white	Atheist / Agnostic	yes	yes
31585018	0	0	0	0	0	0	0	0	0	0	0	0	0	0	0	0	0	0	0	0	0	0	0	0	0	0	0	0	0	0	0	0	0	0	1	0	0	0	0	0	0	0	0	1	0	0	0	0	0	0	-1	0	0	0	0	0	0	0	0	0	0	0	0	0	0	1	0	0	0	0	0	0	0	0	0	0	0	0	0	0	0	0	0	0	0	0	0	0	-1	1	-1	-1	0	0	0	0	0	0	0	0	0	0	1	0	0	0	0	0	0	0	0	0	0	0	0	0	0	0	0	0	1	1	1	1	0	0	0	0	0	0	0	0	0	1	0	0	0	0	0	0	0	0	0	0	0	0	-1	0	0	0	0	0	0	0	31585018	30	female	democrat	associate_degree	married	unemployedseeking_employment	white	Atheist / Agnostic	no	yes
43912578	0	0	0	0	0	0	0	0	0	0	0	0	0	0	0	0	1	0	0	0	0	0	1	0	-1	0	-1	0	0	0	0	1	1	0	-1	0	0	1	0	0	0	0	0	1	0	0	1	0	0	0	1	0	0	0	0	0	0	0	1	0	0	0	0	0	0	1	0	0	0	0	0	0	0	0	0	0	-1	0	0	0	0	0	1	0	-1	0	0	0	1	1	1	1	0	0	0	0	0	0	0	0	0	0	1	0	0	0	0	0	0	0	0	1	0	0	-1	0	0	0	0	1	-1	1	1	1	0	0	0	0	0	0	0	0	0	1	0	0	0	0	1	0	0	0	-1	0	0	0	1	1	0	1	0	0	0	0	
43938234	0	0	0	0	0	0	0	1	0	0	0	0	0	0	0	0	1	0	0	0	1	0	0	1	1	0	0	0	0	0	0	0	0	0	0	0	0	0	0	0	0	-1	0	0	0	0	0	0	0	0	0	1	0	0	0	0	0	0	0	0	0	0	0	1	1	0	0	0	0	1	0	0	1	0	1	0	0	0	0	0	0	0	0	0	0	0	0	0	0	0	0	0	0	0	0	0	-1	0	0	0	0	0	0	1	0	0	0	0	0	0	0	0	0	0	0	0	0	0	0	0	0	0	0	0	0	0	1	0	-1	0	0	0	0	0	0	0	0	1	0	1	1	0	0	0	0	0	0	0	0	0	0	0	0	0	
43651516	0	0	0	0	0	0	1	0	0	0	0	0	0	0	0	0	0	0	0	0	1	-1	1	1	0	0	0	0	-1	1	-1	1	0	1	0	0	0	0	0	0	0	0	0	0	0	0	0	0	0	0	0	0	0	0	0	0	0	0	0	0	0	0	0	0	0	0	0	0	0	0	0	0	0	0	0	0	0	0	0	0	-1	-1	1	1	0	0	0	0	0	0	0	0	0	0	0	0	0	0	0	0	0	1	0	0	0	0	0	1	0	0	0	0	0	0	0	0	0	0	0	0	0	0	0	1	1	1	1	-1	0	0	0	0	1	1	-1	1	0	1	0	0	0	-1	0	0	0	0	0	0	0	0	0	0	0	0	
43959216	-1	0	0	0	0	0	0	0	0	0	0	0	0	0	0	-1	0	0	0	0	0	0	0	0	0	0	0	0	-1	1	-1	1	1	1	-1	-1	0	0	0	0	0	0	0	0	0	0	0	0	0	0	0	0	0	-1	0	1	0	0	0	0	0	0	1	0	0	0	0	0	1	1	1	1	0	1	0	0	-1	-1	1	1	-1	0	0	0	0	0	0	1	0	0	0	0	0	1	0	0	0	1	1	0	0	0	0	0	1	1	1	-1	0	0	0	0	0	0	-1	0	1	0	1	0	0	0	0	0	0	0	-1	-1	0	1	0	0	0	1	0	-1	0	0	0	0	0	0	0	1	1	1	0	0	0	0	0	1	-1	0	
39073124	0	0	0	0	0	0	0	0	0	0	0	0	0	0	0	1	0	0	0	0	0	0	0	0	0	0	0	0	0	0	0	0	0	0	0	0	0	0	0	0	0	0	0	0	0	0	0	0	0	0	0	0	0	0	0	1	0	0	0	0	0	0	1	0	0	0	0	0	0	0	1	0	0	-1	0	0	1	1	1	1	0	0	0	0	0	0	0	0	0	0	0	0	0	1	0	0	0	0	0	0	0	0	0	0	0	0	0	0	0	0	0	0	0	0	0	0	0	0	0	0	0	0	0	0	0	0	0	0	0	0	0	0	0	0	0	1	0	0	0	0	0	0	0	1	0	0	0	0	0	0	0	0	0	0	
41127744	-1	-1	1	0	0	0	1	0	0	0	1	0	0	0	0	0	0	-1	0	0	0	0	1	-1	0	0	0	1	0	0	0	0	0	0	0	1	0	0	0	0	0	0	0	0	0	0	0	0	0	0	1	1	1	0	0	0	1	0	1	1	-1	-1	0	0	0	0	0	-1	1	0	1	0	1	1	1	0	0	0	0	1	1	1	-1	-1	1	1	0	0	0	0	0	0	0	0	1	0	0	0	0	0	0	0	0	0	0	0	0	0	1	1	-1	-1	0	0	0	0	0	0	0	0	0	0	0	0	0	0	0	1	0	0	0	0	0	0	0	1	1	1	-1	0	0	0	0	0	0	0	0	0	0	0	0	0	0	0	
43842980	1	0	0	0	0	1	0	1	0	0	0	1	1	0	0	0	1	0	0	0	0	-1	0	1	1	1	0	0	1	0	1	0	0	0	0	0	0	0	1	1	1	0	1	0	1	0	0	0	1	0	0	1	0	1	0	1	0	0	0	0	0	0	0	1	0	0	0	0	1	1	0	0	1	0	1	0	1	0	1	0	0	1	0	0	0	0	0	0	1	0	0	1	0	1	0	0	1	0	0	0	0	0	0	1	0	0	0	1	0	1	0	0	1	0	1	0	0	1	0	0	0	1	0	0	0	1	0	0	1	0	1	0	1	0	0	1	0	0	0	0	1	0	0	0	1	0	0	1	0	0	0	1	1	0	
37305088	0	0	0	0	0	0	0	0	0	0	0	0	0	0	0	0	0	0	0	0	0	0	0	0	0	0	0	0	0	1	0	0	0	0	0	0	0	0	0	0	0	0	0	0	0	0	0	0	0	0	0	0	0	-1	0	0	0	0	0	0	0	0	0	0	0	0	0	0	0	0	0	0	0	0	0	0	0	0	0	0	0	0	0	0	0	0	0	0	0	0	0	0	0	0	0	0	0	0	0	0	0	0	0	0	0	0	0	0	0	0	0	0	0	0	0	0	0	0	0	0	0	0	0	0	0	0	0	1	0	0	0	0	0	0	0	0	0	0	0	0	0	0	0	0	0	0	0	0	0	0	0	0	0	1	
6363996	0	0	0	0	0	0	0	0	0	0	0	0	0	0	0	0	0	0	0	0	0	0	0	0	0	0	0	0	0	0	0	0	0	0	1	0	0	0	0	0	0	0	0	1	0	0	0	0	0	0	1	0	0	0	0	0	0	0	0	0	0	0	0	0	0	1	0	0	0	0	0	0	0	0	0	0	0	0	0	0	0	0	0	0	0	0	0	0	0	0	0	0	0	0	0	0	0	0	0	0	0	0	0	0	0	0	0	0	0	0	0	0	0	0	0	0	0	0	0	0	0	0	1	0	0	0	0	0	0	0	0	0	0	1	0	0	0	0	0	0	0	0	-1	0	0	0	0	1	0	0	0	0	0	0	
42013631	0	-1	-1	0	-1	0	0	-1	0	0	-1	1	0	1	0	-1	0	0	-1	-1	0	1	0	0	1	-1	1	-1	0	0	-1	0	0	0	0	0	-1	0	0	-1	-1	0	0	0	-1	-1	0	0	0	0	0	0	0	0	0	1	0	0	0	-1	0	0	-1	1	0	0	1	0	0	0	-1	0	0	-1	0	0	0	0	-1	0	0	0	0	-1	0	0	-1	0	0	0	0	0	0	-1	0	-1	0	-1	1	-1	0	0	0	0	0	0	0	0	-1	0	0	0	-1	-1	-1	1	-1	1	-1	0	0	0	0	0	-1	0	0	0	0	-1	0	0	1	0	1	-1	0	-1	0	1	-1	0	1	-1	0	-1	0	0	-1	-1	1	-1	-1	0	42013631	23	male	independent	some_college	single_living_alone	employee	white	Atheist / Agnostic	no	yes
8308030	1	0	0	-1	0	-1	0	1	0	0	1	0	1	0	0	0	0	0	0	0	1	-1	0	1	0	0	0	0	0	0	0	0	0	1	0	1	1	0	-1	0	1	0	0	0	1	1	0	0	0	0	0	0	0	0	1	-1	1	0	0	1	-1	1	0	0	-1	0	0	1	1	0	1	0	0	0	0	1	0	1	0	-1	0	-1	0	1	0	1	0	0	0	0	-1	0	1	1	0	0	0	0	0	1	0	1	0	0	1	0	0	0	1	1	1	1	0	0	0	0	0	0	0	0	0	0	0	0	0	0	0	1	-1	0	0	1	0	0	0	0	0	0	0	1	0	0	-1	1	0	0	0	0	-1	0	-1	0	1	0	
43861467	0	0	0	0	0	1	0	0	0	1	0	1	1	1	1	1	0	0	0	0	0	0	0	0	0	0	0	0	1	0	0	0	0	0	1	0	0	0	0	1	1	1	1	1	0	0	0	0	0	0	0	0	1	1	1	1	0	0	0	0	1	0	0	0	0	1	0	0	1	0	0	0	0	0	1	0	1	0	1	0	0	0	0	0	0	0	0	0	1	0	0	0	1	0	0	1	0	0	0	0	0	0	0	0	0	0	0	0	0	1	0	1	1	1	0	1	0	1	0	0	0	1	1	1	0	1	0	0	0	0	0	1	1	1	0	1	0	0	0	0	1	1	1	1	1	1	1	1	1	1	0	0	1	0	43861467	32	male	democrat	bachelor	single_living_with_parents	unemployedseeking_employment	black_or_african_american	Roman Catholic	yes	yes
39174418	0	1	0	0	0	0	0	0	0	0	1	1	0	0	0	0	0	0	0	0	0	0	0	0	0	0	0	0	0	0	0	0	0	0	0	0	0	0	0	0	0	0	0	0	0	1	0	0	0	0	0	0	0	0	0	0	0	0	0	0	0	0	0	1	0	0	1	0	0	0	0	0	0	0	0	0	0	0	0	0	0	0	0	0	0	0	0	0	0	0	0	0	0	0	0	0	0	0	0	0	0	0	0	0	0	0	0	0	0	0	0	0	0	0	0	0	0	0	0	0	0	0	0	0	0	0	0	0	0	0	0	0	-1	0	0	0	0	0	0	0	0	0	-1	0	0	0	0	0	0	0	0	0	0	0	
42768322	-1	1	1	0	0	0	0	0	0	0	0	0	0	0	0	0	0	1	0	0	0	0	0	0	0	0	0	1	0	0	0	0	0	0	0	0	0	0	0	0	0	0	0	0	0	0	0	0	0	0	-1	0	0	0	0	0	1	0	0	0	0	0	0	0	0	0	0	0	0	0	0	0	1	1	1	1	0	0	0	0	1	-1	1	1	0	1	0	0	0	0	0	0	0	0	0	0	0	0	0	0	0	0	0	0	0	0	0	0	0	0	0	0	0	0	0	0	0	0	0	0	0	0	0	0	0	0	0	0	0	0	0	0	0	0	0	1	-1	1	1	1	0	0	0	0	0	0	0	0	0	0	0	0	0	0	
43945424	0	0	0	0	0	0	0	0	0	0	0	0	0	-1	0	0	0	1	0	0	0	0	0	0	0	0	0	0	0	0	1	0	1	0	-1	0	0	0	0	0	0	0	0	0	0	0	0	1	-1	-1	0	0	0	0	0	0	0	0	0	0	0	0	0	0	0	0	0	0	0	0	0	0	0	0	0	0	0	0	0	0	0	0	0	0	0	0	0	0	0	0	0	-1	0	0	1	0	-1	0	0	0	0	0	0	0	-1	0	0	0	0	0	0	0	0	0	0	0	0	0	-1	0	0	0	0	0	0	0	0	0	0	0	0	0	0	-1	0	0	0	0	0	0	0	0	0	0	0	0	0	0	0	0	0	0	0	0	
29301997	0	0	0	0	0	0	0	0	0	0	0	0	0	0	0	0	0	0	0	0	0	0	0	0	0	0	0	0	0	0	0	0	0	0	0	0	0	0	0	0	0	0	0	0	0	0	0	0	0	0	0	0	0	0	0	0	0	0	0	0	0	0	0	0	0	0	0	0	0	0	0	0	0	-1	0	0	0	0	0	0	0	0	0	0	0	0	0	0	0	0	0	0	0	0	0	0	0	0	0	0	0	0	0	0	-1	1	-1	-1	1	0	0	0	0	0	0	0	0	0	0	0	0	0	0	0	0	0	1	0	0	0	0	0	0	0	0	0	0	0	0	0	0	0	0	0	1	0	0	0	0	0	0	0	0	0	
41545007	1	0	1	0	1	-1	1	1	0	0	0	0	1	-1	0	1	-1	1	1	1	1	-1	0	0	-1	1	-1	1	1	1	1	0	1	1	1	1	1	1	0	1	0	0	0	1	0	0	1	0	1	1	1	1	0	1	0	0	0	0	1	0	0	1	1	0	-1	1	1	1	0	0	1	1	0	0	1	0	1	1	0	-1	1	-1	1	1	0	0	0	1	-1	1	-1	1	0	0	0	1	1	1	-1	1	1	0	1	0	0	-1	1	1	1	0	0	1	1	1	1	-1	1	-1	0	1	-1	1	1	1	1	0	1	0	0	1	0	1	0	1	-1	0	-1	1	1	0	1	0	-1	0	0	1	1	1	0	1	-1	1	0	1	
43917255	0	0	0	0	0	0	0	0	0	1	0	0	0	0	0	0	1	0	0	0	0	0	0	0	1	0	0	0	0	0	0	0	-1	0	0	0	1	1	-1	1	0	0	-1	0	0	0	0	1	0	0	0	0	1	0	0	0	1	0	0	0	0	0	1	0	0	1	0	0	0	0	0	0	0	0	0	0	0	0	0	0	0	0	1	0	0	0	0	0	0	0	0	0	0	0	0	1	1	0	0	0	0	0	1	1	0	0	0	0	0	0	0	0	0	0	0	0	1	0	0	0	0	0	1	0	0	1	0	0	-1	0	0	0	0	0	0	0	0	0	0	0	1	0	0	0	0	0	0	0	0	1	0	0	0	0	43917255	30	female	democrat	bachelor	single_living_alone	employee	white	Atheist / Agnostic	yes	yes
43974080	1	0	0	0	0	1	0	0	0	0	0	0	1	0	0	0	0	0	0	0	0	-1	0	0	0	0	0	0	0	0	0	0	0	1	0	0	0	0	-1	0	-1	0	0	0	1	0	0	0	0	0	0	0	0	0	1	-1	0	0	0	0	1	0	0	0	0	0	0	0	0	0	0	0	0	0	0	0	0	0	0	0	0	1	0	0	0	0	0	0	0	0	1	0	0	1	0	0	0	0	0	0	0	0	0	0	0	0	0	0	0	1	1	0	0	0	0	0	0	0	0	0	0	0	0	0	0	0	0	0	1	0	0	0	0	0	0	0	0	0	0	0	0	0	1	0	0	0	0	0	0	0	0	0	0	0	
41192746	0	0	0	0	0	0	0	0	0	0	0	0	0	0	0	0	0	0	0	0	0	0	0	0	0	0	0	0	0	0	0	0	0	0	0	0	0	0	0	0	0	0	0	0	0	0	0	0	0	0	0	0	0	0	0	0	0	0	0	0	0	0	0	0	0	0	0	0	0	0	0	0	0	0	0	0	0	0	0	0	0	0	0	1	0	0	0	0	0	0	0	0	1	0	0	0	0	0	0	0	0	0	0	0	0	0	0	0	0	0	0	0	0	0	0	0	0	0	0	0	0	0	0	0	0	0	0	1	0	0	0	1	0	0	0	0	0	0	0	0	0	0	0	0	0	0	0	1	-1	-1	0	0	-1	0	
41986015	0	0	0	1	0	0	1	0	0	0	1	0	0	0	0	0	0	-1	0	0	0	0	1	0	0	0	0	1	1	0	0	0	0	0	0	0	0	0	0	0	0	1	0	0	0	0	0	0	0	0	-1	1	1	0	0	0	1	0	1	1	-1	1	0	1	0	0	0	0	0	0	0	0	0	0	0	1	0	0	0	0	0	0	0	0	1	1	1	0	0	0	0	0	0	0	-1	0	0	0	0	0	0	0	0	0	1	0	0	0	0	0	0	0	0	0	0	0	0	0	0	0	0	0	0	0	0	0	0	-1	0	0	1	0	0	0	0	1	0	0	0	0	0	0	0	0	0	0	0	0	0	0	0	0	0	0	41986015	62	female	none	bachelor	single_living_alone	retired	hispanic_american	Roman Catholic	yes	no
19838540	0	0	0	0	0	0	0	1	0	0	1	0	0	0	0	0	0	0	0	0	1	-1	1	1	0	0	0	0	1	1	1	1	0	1	0	0	1	0	0	0	1	1	0	0	1	1	0	0	0	0	0	0	0	0	1	-1	0	0	0	0	0	1	0	0	-1	0	0	1	0	1	0	1	0	0	0	0	0	1	0	1	0	1	1	1	0	0	0	0	0	0	-1	0	1	0	0	0	1	0	0	1	0	-1	0	0	1	0	0	0	0	1	1	0	0	0	0	0	0	0	0	0	0	0	0	1	0	0	1	1	1	0	0	1	0	0	0	0	0	1	0	1	0	-1	-1	1	0	0	-1	0	-1	0	-1	0	1	0	
6413571	0	0	0	0	0	0	0	0	0	0	0	0	0	1	0	0	0	0	0	0	0	0	0	0	0	1	0	0	0	0	0	0	0	0	0	0	0	0	0	0	1	0	0	0	0	0	0	0	0	0	0	0	0	0	0	0	0	0	0	0	0	0	0	0	0	0	0	0	0	0	0	0	0	0	0	0	0	0	1	0	0	0	0	0	0	0	0	0	0	0	0	0	0	0	0	0	0	1	0	0	0	0	0	0	0	0	0	0	0	0	0	0	-1	1	-1	-1	0	0	0	0	0	0	0	0	1	0	0	0	0	1	0	0	0	0	0	0	0	0	0	1	0	0	0	0	0	0	0	0	0	0	0	0	0	0	
41676062	0	0	0	1	0	0	0	0	0	0	0	0	0	0	0	0	0	0	0	0	0	0	-1	0	0	0	0	0	1	0	0	0	0	0	0	0	0	0	0	0	0	0	0	0	0	0	0	0	0	0	0	0	0	0	0	0	0	0	0	0	0	0	0	1	0	0	0	0	0	0	0	0	0	0	0	1	0	0	0	0	0	0	0	0	0	0	0	0	0	0	0	0	0	0	1	0	0	0	0	0	0	0	0	0	0	0	0	0	0	0	0	0	0	0	0	0	0	0	0	0	0	0	0	0	0	0	0	1	0	0	1	0	0	0	0	0	0	0	0	0	0	0	0	0	0	0	0	0	0	0	0	0	0	0	
39501628	1	0	1	-1	0	0	0	0	0	0	0	0	0	-1	0	1	1	1	1	1	-1	0	1	0	0	0	-1	1	0	1	0	0	0	1	0	0	0	1	0	0	0	0	0	1	0	0	1	0	1	0	0	0	1	0	0	0	1	0	1	0	0	-1	0	0	0	1	0	0	0	0	1	0	0	0	0	1	1	1	0	-1	0	-1	0	0	-1	0	1	1	1	1	0	1	0	0	-1	0	1	1	0	1	1	1	0	0	0	1	0	1	0	0	0	1	1	0	1	-1	1	1	1	-1	0	0	1	0	1	0	1	-1	0	0	1	0	0	0	1	0	-1	1	1	0	0	-1	-1	0	0	0	0	1	0	0	-1	0	0	-1	
43888123	0	0	0	0	0	0	0	1	0	0	0	0	0	0	0	0	0	0	0	0	0	-1	0	1	0	1	0	0	0	0	1	0	0	0	0	0	0	0	0	0	0	0	1	0	0	0	0	0	0	0	0	0	0	0	0	0	0	0	0	0	0	0	0	0	0	0	0	0	0	0	0	0	1	0	0	0	0	0	0	0	0	0	0	0	0	0	0	0	0	0	0	0	0	0	0	0	0	0	0	0	0	0	0	0	0	0	0	1	0	0	0	0	0	0	1	0	0	0	0	0	0	0	0	0	0	0	0	0	0	0	0	0	0	0	0	0	0	0	0	0	1	0	0	0	0	0	0	1	0	0	0	1	0	0	43888123	23	female	democrat	bachelor	single_living_with_partner	student	white	Protestant	no	yes
43932665	0	0	0	0	0	0	0	0	-1	0	0	0	0	0	0	0	0	0	0	0	0	0	0	0	0	0	0	0	0	0	0	0	0	0	0	0	0	0	0	0	0	0	0	0	0	0	0	0	-1	0	0	0	0	0	0	0	0	-1	1	0	0	0	0	0	-1	0	0	0	0	0	0	0	0	0	0	0	0	0	1	0	0	0	0	0	0	1	0	0	0	0	0	0	1	-1	-1	1	0	0	0	0	0	0	1	0	0	0	0	0	0	0	0	0	0	0	0	0	0	0	0	0	0	0	0	0	0	0	0	0	0	0	0	0	0	0	0	0	0	0	0	0	0	0	0	0	1	-1	-1	1	0	0	0	0	0	0	
22345789	0	0	0	0	0	0	1	0	1	0	0	-1	1	0	0	0	0	0	1	1	0	0	0	0	0	0	0	1	-1	0	0	1	0	1	0	0	1	1	0	1	1	0	0	0	0	0	1	1	1	0	0	0	0	-1	1	-1	0	0	1	0	1	0	0	0	0	0	0	0	0	0	0	0	0	0	1	0	1	1	1	0	0	0	1	-1	0	0	0	1	-1	1	1	0	1	-1	0	0	0	0	1	0	0	0	0	0	0	0	0	1	0	1	1	1	-1	0	1	0	0	-1	0	0	0	1	0	1	1	-1	1	0	0	0	0	-1	0	0	-1	1	0	0	0	0	0	0	-1	0	-1	0	0	0	1	1	0	0	-1	0	22345789	62	female	independent	associate_degree	single_living_alone	employee	white	other:Christian	no	yes
16854635	0	0	0	0	0	0	1	0	0	0	0	0	0	-1	0	0	0	0	0	0	1	-1	1	1	0	1	0	0	1	1	1	1	0	0	0	0	0	0	0	0	-1	0	0	0	0	0	0	0	0	0	0	0	0	0	0	0	0	0	0	0	0	0	0	0	0	0	0	0	0	0	0	0	0	0	0	0	0	0	1	0	0	0	1	0	0	0	0	0	0	0	0	0	0	0	0	0	0	1	0	0	0	0	0	0	0	0	0	1	0	0	0	0	-1	1	1	-1	0	0	0	0	0	0	0	1	1	1	1	-1	0	1	0	0	-1	1	-1	1	0	0	0	-1	0	0	0	0	0	0	0	0	0	0	0	0	0	0	
40107272	0	1	0	0	1	0	0	0	0	1	1	0	0	0	-1	0	0	0	0	0	1	0	0	0	1	0	0	0	0	0	0	0	-1	0	1	0	1	-1	-1	1	0	1	1	1	0	1	0	0	0	-1	0	0	1	0	0	0	0	0	0	0	0	-1	1	0	1	1	1	-1	0	0	0	0	0	1	0	0	0	1	0	-1	0	1	1	0	1	0	0	0	0	0	0	0	0	0	0	0	-1	0	0	-1	1	-1	1	-1	0	0	0	0	0	0	1	0	0	0	0	0	1	0	0	0	0	-1	1	0	0	1	1	0	-1	0	0	1	0	-1	0	0	0	1	-1	-1	1	0	0	-1	0	0	0	0	0	-1	1	0	0	0	
43942386	0	0	0	0	0	0	0	0	0	0	0	0	0	0	0	0	1	0	0	0	0	0	0	0	0	0	1	0	0	0	0	0	-1	0	1	0	0	1	0	0	0	0	0	0	0	0	1	0	0	0	0	0	0	0	0	0	0	0	1	0	0	0	0	0	0	1	0	0	0	0	0	0	0	0	0	0	1	0	0	0	0	0	1	0	1	0	0	0	1	1	1	1	0	0	0	0	0	0	0	0	0	0	1	0	0	0	0	-1	0	0	0	1	0	0	1	1	0	1	0	0	1	1	1	1	0	0	0	0	0	0	0	0	0	1	1	0	-1	0	1	0	0	0	-1	0	0	0	1	1	0	1	0	0	0	0	
20430407	0	0	0	0	-1	1	1	1	1	0	0	0	1	0	-1	0	1	1	-1	1	1	0	-1	1	1	1	0	1	0	0	0	1	1	1	0	1	1	-1	0	1	0	0	0	1	0	0	1	1	1	-1	0	0	0	0	1	0	-1	1	1	1	0	0	0	0	1	1	1	1	0	0	1	0	0	0	1	0	0	0	0	1	1	1	0	1	0	0	0	1	-1	1	1	-1	0	1	1	0	0	1	0	0	0	0	0	0	0	1	1	0	0	0	0	0	-1	0	0	0	1	-1	-1	1	0	0	0	0	1	0	1	1	0	0	1	1	0	0	1	0	1	0	0	0	0	0	0	0	0	0	0	0	-1	-1	1	1	1	1	
36276573	1	1	1	1	0	0	0	0	0	0	0	0	0	0	0	0	0	0	0	0	0	0	0	0	0	0	0	0	0	0	0	0	0	0	0	0	0	0	0	0	0	0	0	0	0	0	0	0	0	0	0	0	0	0	0	0	0	0	0	0	0	0	0	0	0	0	0	0	0	0	0	0	0	0	0	0	0	0	0	0	1	-1	1	1	0	0	0	0	0	0	0	0	0	0	0	0	0	0	0	0	0	0	0	0	0	0	0	0	0	0	0	0	0	0	0	0	0	0	0	0	0	0	0	0	0	0	0	0	0	0	0	0	0	0	0	0	-1	1	1	1	0	0	0	0	0	0	0	0	0	0	0	0	0	0	
18869867	0	0	0	0	0	0	0	0	0	0	0	0	0	0	0	0	0	0	0	0	0	0	0	0	0	0	0	0	0	0	0	0	0	0	0	0	0	0	0	0	0	0	0	0	0	0	0	0	0	0	0	0	0	0	0	0	0	0	-1	0	0	0	0	0	0	0	0	0	0	0	0	0	0	0	0	0	-1	0	0	0	0	0	0	0	0	0	0	0	0	0	0	0	0	0	0	0	0	0	0	0	0	0	0	0	0	0	0	0	0	0	0	-1	0	0	-1	0	0	0	0	0	0	0	0	0	0	0	0	0	0	0	0	0	0	0	0	0	0	0	0	0	0	0	0	0	0	0	0	0	0	0	0	0	0	0	18869867	67	female	republican	bachelor	single_living_alone	retired	white	Protestant	yes	yes
43941355	0	1	1	1	0	0	0	0	0	0	0	0	0	-1	0	1	0	0	0	0	0	0	0	0	0	0	0	0	0	1	1	1	-1	1	1	1	0	0	1	0	0	0	0	0	0	0	0	0	0	1	0	0	0	1	0	-1	0	0	1	0	0	0	1	0	-1	0	0	0	0	0	1	0	0	1	0	0	1	1	1	-1	0	0	0	0	0	1	0	0	0	0	0	0	1	1	1	1	0	0	0	0	0	0	-1	0	1	0	0	0	0	0	0	0	0	0	1	0	-1	0	1	0	0	0	0	0	0	0	0	1	0	-1	0	0	0	1	0	1	-1	1	1	1	0	0	0	1	0	0	0	0	0	0	0	0	1	1	43941355	21	male	republican	associate_degree	single_living_alone	civil_servant	white	Atheist / Agnostic	yes	yes
43875818	0	0	0	0	0	0	0	0	1	1	1	1	-1	-1	1	-1	0	0	0	0	0	0	0	0	0	0	0	0	0	0	0	0	0	0	0	0	0	0	1	0	0	0	0	0	-1	1	1	1	0	0	0	0	-1	-1	1	-1	0	0	0	0	0	0	0	0	0	0	0	0	0	0	0	0	0	0	0	0	0	0	0	0	1	0	0	0	0	0	0	0	0	0	0	0	0	0	0	0	0	0	0	0	0	0	0	0	0	1	0	0	0	0	0	0	0	0	0	1	0	0	0	0	0	0	0	0	0	0	0	0	0	0	0	0	0	0	0	0	0	0	0	0	0	0	0	0	0	0	0	0	0	0	0	0	0	0	
34557302	0	0	-1	0	0	1	1	1	1	-1	1	-1	1	-1	0	0	0	1	1	1	0	0	1	1	1	1	1	0	0	0	0	1	-1	0	-1	1	0	1	1	1	0	0	1	1	1	1	1	1	1	0	1	0	0	1	0	0	1	1	1	1	0	0	0	0	0	1	1	0	0	1	0	1	1	0	0	0	1	0	0	0	1	0	1	0	0	0	0	1	0	1	-1	1	0	1	1	0	0	1	1	0	0	0	-1	0	0	1	1	0	0	1	0	1	0	1	1	1	1	1	1	1	-1	1	1	1	1	0	0	0	0	0	0	0	1	1	1	1	0	0	0	1	0	-1	-1	0	1	0	1	1	0	1	0	0	1	1	34557302	36	female	independent	master	married	other:homemaker	white	Roman Catholic	yes	yes
43762146	1	1	1	1	0	0	0	0	1	1	0	-1	1	0	0	1	0	0	0	0	0	0	0	1	0	0	0	0	0	0	0	0	0	0	0	1	0	0	0	0	0	0	0	0	0	0	0	0	1	1	0	0	0	0	0	0	1	1	1	1	0	0	0	0	1	0	0	1	1	0	1	0	1	1	1	1	0	0	1	1	1	1	1	1	0	1	0	0	0	0	0	0	1	1	1	1	0	0	0	0	1	0	1	0	0	0	0	0	1	1	1	1	0	0	0	0	0	0	0	0	0	0	0	0	0	0	0	0	0	0	0	0	1	0	0	0	1	1	1	1	0	0	0	0	1	1	1	1	1	0	0	0	0	0	
40212251	1	1	-1	1	0	-1	0	0	0	0	0	0	0	0	0	0	1	0	0	0	0	0	0	1	0	0	1	0	1	0	0	0	0	0	0	1	0	1	0	0	0	1	0	1	0	0	1	0	0	0	0	1	1	0	0	0	1	0	0	1	-1	0	0	1	0	0	0	1	1	0	1	0	1	-1	1	-1	0	0	0	-1	-1	-1	1	1	-1	1	1	0	-1	1	0	0	0	0	0	1	0	0	0	0	0	0	0	0	1	0	0	-1	1	1	1	1	0	0	0	1	0	1	0	0	0	0	1	0	0	0	0	0	0	0	1	0	0	0	-1	0	1	1	1	0	1	-1	-1	1	0	0	1	0	0	0	0	0	0	0	
43961825	0	0	-1	0	0	0	0	0	0	0	0	0	0	-1	0	-1	0	-1	0	0	0	0	1	0	0	0	0	0	0	0	1	0	-1	0	1	0	0	0	0	0	0	0	0	0	0	0	0	-1	-1	-1	0	0	1	0	0	0	0	0	0	0	0	0	0	0	0	-1	0	0	0	0	0	0	0	0	0	0	0	0	0	0	0	0	0	0	0	0	-1	0	0	0	0	-1	0	0	1	0	-1	-1	-1	-1	1	0	0	0	1	-1	0	0	0	0	0	-1	0	0	0	0	0	0	0	0	0	0	0	-1	0	0	0	0	0	0	-1	0	0	1	0	0	-1	0	0	0	0	1	0	0	0	0	0	0	-1	0	1	0	0	0	43961825	25	female	democrat	vocational_secondary_certification	single_living_alone	employee	american_indian_or_alaska_native	Protestant	yes	yes
20512953	0	1	0	0	-1	0	0	0	1	-1	0	-1	1	0	1	1	0	0	0	0	0	0	0	0	-1	0	0	0	0	0	0	0	0	0	1	0	1	1	-1	1	0	0	1	0	0	0	0	0	1	1	0	0	1	0	0	0	0	1	1	0	0	0	1	0	-1	1	-1	0	0	0	0	0	0	1	0	0	0	1	1	0	0	0	0	0	-1	1	1	1	0	0	0	0	1	1	1	1	1	0	0	0	1	1	1	1	0	0	0	0	0	0	0	1	0	0	0	0	1	0	0	0	-1	1	1	0	0	1	0	0	-1	0	0	0	0	0	0	0	0	0	1	0	1	0	0	1	-1	1	1	1	0	0	0	0	0	0	20512953	38	female	democrat	bachelor	single_living_with_parents	employee	white	Atheist / Agnostic	yes	yes
43722521	0	1	0	0	-1	0	1	0	0	1	0	0	0	0	1	0	0	0	0	0	0	0	0	0	-1	0	0	0	0	0	0	0	0	0	-1	0	1	1	-1	1	0	0	1	0	0	0	0	0	0	1	0	0	1	0	0	0	0	0	0	0	0	0	1	0	0	1	1	0	0	0	0	0	0	1	0	0	0	1	0	0	0	0	1	0	1	0	0	0	0	0	0	0	1	0	0	0	1	0	0	0	1	1	-1	1	0	0	0	1	0	0	0	0	0	0	0	0	1	0	0	0	-1	1	1	1	0	1	0	0	-1	0	0	1	0	0	0	0	0	0	1	0	1	0	0	1	0	0	0	1	0	1	0	0	0	0	43722521	27	female	democrat	master	single_living_alone	employee	white	Atheist / Agnostic	yes	yes
15448937	0	0	0	1	0	0	1	0	0	0	1	0	0	0	0	0	0	1	0	0	0	0	0	0	0	0	0	1	0	0	0	0	0	0	0	0	0	0	0	0	0	1	0	0	0	0	0	0	0	0	-1	0	0	0	0	0	-1	0	1	1	0	-1	0	0	0	0	0	0	0	0	0	0	0	0	0	1	0	0	0	0	0	0	0	0	0	1	1	0	0	0	0	0	0	0	0	0	0	0	0	0	0	0	0	0	1	0	0	0	0	0	0	0	0	0	0	0	0	0	0	0	0	0	0	0	0	0	0	0	0	0	0	0	0	0	0	1	0	0	0	0	0	0	0	0	0	0	0	0	0	0	0	0	0	0	15448937	40	male	republican	high_school	single_living_with_partner	employee	white	Atheist / Agnostic	no	yes
33427067	0	0	0	0	0	0	0	0	0	0	0	0	0	0	0	0	0	0	1	0	0	0	0	0	0	0	1	0	0	0	0	0	0	0	0	0	0	0	0	0	0	0	0	0	0	0	0	0	0	0	0	0	0	-1	0	0	0	0	0	0	0	0	0	0	0	0	0	0	0	0	0	-1	0	0	0	0	0	0	0	0	0	0	0	0	0	0	0	0	0	1	0	0	0	0	0	0	0	0	1	0	0	0	0	0	0	0	0	0	0	0	0	0	0	0	0	0	0	0	0	0	0	0	0	0	0	0	0	0	0	0	0	0	0	0	0	0	0	0	0	0	0	0	0	0	1	0	0	0	0	0	0	0	0	0	
43918613	0	1	1	0	-1	0	0	1	0	1	0	-1	-1	0	1	1	0	0	1	1	0	-1	0	0	-1	0	-1	0	0	0	0	0	0	0	0	0	1	1	-1	1	0	0	-1	0	1	0	0	0	1	1	0	0	0	0	0	0	0	1	1	1	0	0	1	0	-1	1	0	0	0	0	0	0	0	0	0	0	0	0	1	0	0	0	0	1	-1	1	1	1	0	0	0	0	1	1	1	1	1	0	0	1	1	1	1	1	0	0	0	0	0	0	0	1	0	1	0	0	1	-1	0	0	-1	0	1	0	0	1	0	0	-1	1	0	0	0	0	-1	0	0	1	0	0	1	0	0	0	-1	1	-1	1	1	1	-1	1	0	0	
38671298	0	1	0	0	0	1	1	0	0	1	0	-1	0	0	0	1	0	0	0	0	0	0	0	0	0	0	0	0	0	0	0	0	-1	0	1	0	0	0	-1	0	0	0	0	0	1	0	0	0	0	1	0	0	0	0	0	-1	0	0	0	0	0	1	0	0	0	0	1	0	1	0	0	0	0	1	0	0	0	1	0	-1	0	-1	0	0	0	0	0	0	0	0	0	0	0	0	0	1	0	0	0	0	1	1	0	0	0	0	0	1	0	0	0	0	0	0	0	0	0	0	0	0	0	1	1	1	1	1	1	-1	0	0	0	0	1	1	1	1	0	0	1	0	1	-1	-1	1	0	0	1	0	1	1	0	0	0	0	
38806465	0	0	0	0	0	0	0	0	0	0	0	0	0	0	0	0	0	0	0	0	0	0	0	0	-1	1	-1	1	1	0	1	0	0	0	0	0	0	0	0	0	0	0	0	0	0	0	0	0	0	0	0	0	0	0	0	0	0	0	0	0	0	0	0	0	0	0	0	0	-1	1	1	1	0	0	0	0	0	0	0	0	1	0	0	0	0	0	0	1	0	0	0	0	0	0	0	0	0	1	-1	0	0	0	0	0	0	0	-1	0	1	0	0	0	0	0	0	0	1	0	-1	0	0	0	0	0	0	0	0	0	0	1	0	0	0	1	0	0	0	0	0	0	0	0	0	0	0	1	0	0	0	0	0	-1	1	0	
43987213	0	0	0	0	0	0	0	0	0	0	0	0	0	0	0	0	1	0	0	0	0	0	1	0	0	0	1	0	0	0	0	0	0	1	1	0	0	1	0	0	0	0	0	-1	0	0	1	0	0	0	-1	0	0	0	0	0	0	0	1	0	0	0	0	0	0	1	0	0	0	0	0	0	0	0	0	1	1	0	0	0	0	0	0	0	1	0	0	0	1	1	1	1	0	0	1	0	0	0	0	0	0	1	1	0	0	0	0	1	0	0	0	1	0	0	-1	1	0	1	0	0	1	1	1	1	0	0	0	-1	0	0	0	0	0	-1	-1	0	-1	1	1	0	0	-1	-1	0	0	0	1	1	0	0	0	0	0	0	
36293563	0	0	0	0	0	0	0	0	1	1	1	1	0	0	0	0	0	0	0	0	0	0	0	0	0	0	0	0	-1	0	0	0	0	0	0	0	1	0	1	0	1	1	-1	1	-1	1	1	1	0	0	0	0	0	0	1	0	0	0	0	0	1	0	0	0	0	0	0	0	0	0	0	0	0	0	0	0	0	1	0	0	1	0	0	0	0	0	0	0	0	0	0	0	-1	0	0	0	0	0	0	0	0	0	0	0	0	1	0	0	0	0	1	-1	0	1	0	1	0	0	0	0	0	1	0	1	0	1	0	0	0	0	0	0	0	0	0	-1	0	0	0	0	0	1	0	0	0	1	0	0	1	0	0	0	0	0	36293563	38	female	republican	master	married	employee	white	Protestant	no	yes
43913997	0	1	0	0	0	0	0	0	1	1	-1	1	1	0	0	0	0	0	0	0	0	0	0	0	0	1	0	0	0	0	0	0	0	0	0	0	0	-1	0	0	-1	0	0	0	0	1	0	0	-1	0	0	0	-1	0	0	0	0	1	-1	0	0	0	0	1	1	0	1	0	0	0	0	0	0	0	0	0	0	0	0	0	0	0	0	0	1	0	-1	1	0	0	0	0	-1	-1	-1	1	0	0	0	0	0	0	-1	1	0	0	0	0	0	0	0	-1	-1	1	-1	1	0	0	0	0	0	0	0	0	0	0	0	0	0	-1	0	0	-1	0	0	0	0	0	0	0	0	0	-1	0	1	-1	-1	-1	0	0	0	0	0	0	
38202325	1	0	0	0	0	0	0	0	0	0	0	0	0	0	0	1	1	1	0	0	0	-1	0	0	1	0	0	0	1	1	1	1	-1	1	-1	1	0	0	0	0	0	0	1	0	0	0	0	1	0	0	0	1	0	-1	0	-1	0	0	0	0	0	0	1	1	0	0	0	0	1	1	1	1	1	0	1	0	1	1	1	-1	-1	0	0	0	0	0	0	1	0	0	0	0	1	1	0	0	0	1	1	1	1	0	0	1	-1	1	1	1	1	0	0	1	0	0	1	0	1	0	-1	0	0	0	0	1	0	0	1	-1	0	1	0	1	0	1	0	1	0	0	0	0	0	-1	0	1	-1	1	0	1	1	1	0	1	1	1	
43620110	0	1	0	0	-1	0	1	1	1	0	0	0	1	0	1	0	0	0	0	0	-1	-1	-1	-1	0	0	0	0	1	-1	-1	1	0	1	0	0	0	0	0	0	1	0	0	0	0	0	0	0	0	0	0	0	0	0	1	1	0	0	0	0	0	0	0	0	1	0	0	0	0	0	0	0	0	0	0	0	0	0	0	0	0	0	1	0	-1	0	0	0	0	0	1	0	1	0	0	0	0	0	0	0	1	1	-1	1	-1	0	0	-1	0	1	1	1	0	0	0	0	0	0	0	0	0	0	0	1	1	1	1	-1	0	0	0	0	1	1	-1	1	0	0	0	0	0	0	1	0	0	0	0	0	0	0	0	0	0	0	
43498762	0	0	0	0	0	0	0	0	0	0	0	0	0	0	0	0	0	0	0	0	1	0	0	0	0	0	0	0	0	0	0	0	1	0	0	0	0	0	0	0	0	1	0	0	1	1	0	0	0	0	0	0	0	0	0	0	0	0	0	0	0	0	0	0	1	0	0	0	0	1	0	1	0	0	0	0	0	0	0	0	0	0	1	0	0	0	0	0	0	0	0	0	0	0	0	0	-1	0	0	0	0	0	0	0	0	0	0	0	0	0	0	0	0	0	0	0	0	0	0	0	-1	0	0	-1	0	0	-1	0	1	0	0	0	0	0	0	0	0	1	0	-1	0	-1	0	0	0	0	1	0	0	-1	0	0	0	0	
38153196	-1	0	0	0	0	0	0	0	0	0	1	0	0	0	0	0	0	0	0	0	1	0	0	0	0	0	0	0	0	-1	0	-1	-1	-1	-1	-1	1	0	0	0	0	-1	1	0	1	0	0	0	0	0	0	0	0	1	0	0	0	0	0	0	0	-1	0	0	1	0	0	-1	0	1	0	1	0	0	0	0	0	-1	0	1	0	1	1	-1	0	0	0	0	0	0	0	0	-1	0	0	0	-1	0	0	-1	0	-1	0	0	0	0	0	0	0	0	-1	0	0	0	-1	0	0	0	0	-1	0	-1	0	-1	0	0	-1	-1	1	0	0	-1	0	0	0	0	0	-1	0	1	0	1	0	-1	0	0	1	0	-1	0	1	0	-1	-1	
43990834	-1	0	1	0	0	1	0	-1	0	0	0	-1	-1	0	0	-1	0	1	0	0	1	0	-1	0	0	0	0	-1	0	0	-1	0	1	0	1	0	0	0	0	-1	0	0	0	0	0	0	0	1	-1	-1	0	0	-1	1	0	0	0	0	0	0	0	1	-1	1	-1	-1	0	0	0	0	0	0	0	0	1	0	1	1	-1	0	0	0	0	0	0	0	-1	0	-1	0	0	-1	0	0	1	0	-1	0	0	1	-1	0	0	0	0	-1	0	0	0	-1	0	0	-1	0	0	0	0	-1	0	0	0	0	0	0	0	-1	0	0	-1	0	0	0	0	-1	0	0	1	0	0	0	0	0	0	0	1	0	0	0	0	0	1	0	0	0	43990834	90	female	independent	bachelor	single_living_with_partner	unemployedseeking_employment	white	Jewish	no	no
43930419	0	0	0	0	0	0	0	0	0	0	0	0	0	0	0	0	1	0	0	0	0	0	0	0	0	0	-1	0	0	0	0	0	0	0	-1	0	0	1	0	0	0	0	1	1	0	0	1	0	0	0	1	0	0	0	0	0	0	0	0	0	0	0	0	0	0	1	0	0	0	0	0	1	0	0	0	0	0	0	0	0	0	0	0	0	-1	0	0	0	1	0	0	0	0	0	0	0	0	0	0	0	0	0	0	0	0	0	0	0	0	0	0	0	0	0	0	0	0	0	0	1	0	1	1	0	0	0	0	0	0	0	0	0	0	1	0	0	0	0	1	0	0	0	-1	0	0	0	0	1	0	0	0	0	0	0	
36968345	0	0	0	0	0	0	0	0	0	0	0	0	0	0	0	0	1	0	0	0	0	-1	0	0	1	0	0	0	0	0	0	0	0	0	0	0	0	0	0	0	0	0	1	0	0	0	0	0	0	0	0	1	0	0	0	0	0	0	0	0	0	0	0	1	0	0	0	0	0	1	0	0	1	0	1	0	0	0	0	0	0	0	0	0	0	0	0	0	0	0	0	0	0	0	0	0	0	0	0	0	0	0	0	1	0	0	0	0	0	0	0	0	0	0	0	0	0	0	0	0	0	0	0	0	0	0	0	0	0	0	0	0	0	0	0	0	0	0	0	0	0	0	0	0	0	0	0	1	0	0	0	1	0	0	36968345	39	female	democrat	doc	married	other:parent	white	Atheist / Agnostic	yes	yes
43946798	0	0	0	-1	0	0	0	0	0	1	0	1	0	0	0	1	0	0	0	0	0	0	0	-1	0	0	0	0	0	0	0	0	0	0	0	1	0	0	0	0	0	0	0	0	0	0	0	0	0	1	0	0	0	0	0	0	1	0	1	1	0	0	0	0	-1	0	0	1	1	0	1	0	1	1	1	1	0	0	0	1	0	0	0	0	1	1	1	-1	0	0	0	0	1	1	-1	1	0	0	0	0	1	0	1	0	0	0	0	0	1	1	1	1	0	0	0	0	0	0	0	0	0	0	0	0	0	0	0	0	0	0	0	0	1	0	0	0	0	0	0	1	0	0	0	0	0	0	0	0	-1	0	0	0	0	0	
20328071	1	0	0	0	0	1	0	1	0	0	0	1	-1	0	0	0	1	0	0	0	0	-1	0	1	1	1	0	0	1	0	1	0	0	1	0	0	0	0	-1	1	1	0	1	0	1	0	0	0	0	0	0	1	0	1	1	-1	0	0	0	0	0	0	0	1	0	0	0	0	1	1	0	0	1	0	1	0	1	0	1	0	0	-1	0	0	0	0	0	0	1	0	-1	0	0	1	0	0	0	0	0	0	0	0	0	1	0	0	0	1	0	1	1	0	1	0	-1	0	0	1	0	0	0	1	0	0	0	1	0	0	-1	0	0	0	1	0	0	1	0	0	0	0	1	0	-1	0	1	0	0	1	0	0	0	1	1	0	
43589420	0	0	0	0	0	0	0	1	0	0	0	0	0	0	0	0	0	0	0	0	0	0	0	-1	0	1	0	0	0	0	1	0	0	0	0	0	0	0	0	0	0	0	0	0	0	0	0	0	0	0	0	0	0	0	0	0	0	0	0	0	0	0	0	0	0	0	0	0	0	0	0	0	-1	0	0	0	0	0	0	0	0	0	0	0	0	0	0	0	0	0	0	0	0	0	0	0	0	0	0	0	0	0	0	0	0	0	0	-1	0	0	0	0	0	0	-1	0	0	0	0	0	0	0	0	0	0	0	0	0	0	0	0	0	0	0	0	0	0	0	0	0	1	0	0	0	0	0	0	0	0	0	0	0	0	0	
43811627	0	0	0	1	0	0	1	0	0	0	1	0	0	0	0	0	0	1	0	0	0	0	-1	0	0	0	0	1	1	0	0	0	0	1	0	0	0	0	0	0	0	1	0	0	0	0	1	0	0	0	-1	1	1	0	0	0	-1	0	-1	1	-1	-1	0	1	0	0	0	0	0	0	0	0	0	0	0	1	0	0	0	0	0	0	0	0	1	1	-1	0	0	1	0	0	0	0	1	0	0	0	0	0	0	-1	0	0	1	0	0	-1	0	0	0	0	0	0	0	-1	0	-1	0	0	0	0	0	0	0	0	0	1	0	0	1	0	0	0	-1	1	1	1	-1	0	0	-1	0	0	0	0	0	0	0	0	0	0	0	0	
43787047	0	0	0	0	0	0	0	1	0	0	0	0	0	0	0	0	0	0	0	0	1	0	0	0	0	0	0	0	0	0	0	0	0	1	0	0	1	0	0	0	1	0	0	0	0	0	0	0	0	0	0	0	0	0	1	-1	0	0	0	0	0	0	0	0	-1	0	0	0	0	0	0	0	0	0	0	0	0	1	0	0	0	0	0	0	0	0	0	0	0	0	-1	0	1	0	0	0	0	0	0	0	0	0	0	0	1	0	0	0	0	1	1	0	0	0	0	0	0	0	0	0	0	0	0	0	0	0	0	0	0	0	0	0	0	0	0	0	0	0	0	0	0	0	-1	0	0	0	0	0	0	0	0	0	0	0	43787047	22	female	democrat	bachelor	single_living_with_parents	student	asien	Atheist / Agnostic	yes	yes
37177227	0	1	-1	0	0	0	0	-1	0	0	1	1	0	-1	0	0	0	0	-1	0	0	0	0	0	0	-1	0	0	0	0	0	0	0	0	0	0	1	0	0	1	1	0	0	0	-1	-1	0	0	0	0	0	0	0	0	0	0	0	0	0	-1	0	0	0	-1	0	0	-1	0	0	0	0	0	0	0	0	0	0	0	-1	0	0	0	0	1	0	0	-1	0	0	0	0	0	0	0	0	1	0	1	0	0	0	0	0	0	0	0	0	0	0	0	0	0	-1	0	-1	1	-1	-1	0	0	0	0	0	0	1	0	0	0	0	1	0	0	0	1	0	-1	0	0	0	-1	1	0	1	0	0	0	0	0	1	-1	1	-1	0	0	37177227	32	male	democrat	master	married	employee	white	Roman Catholic	no	yes
43963742	0	0	0	0	0	0	0	0	0	0	0	0	0	0	0	0	0	0	0	0	0	0	0	0	0	0	0	0	0	0	0	0	0	0	0	0	0	0	0	0	0	0	0	0	0	0	0	0	0	0	0	0	0	0	-1	0	0	-1	0	0	-1	-1	-1	-1	0	0	0	0	0	0	0	0	0	0	0	0	0	0	0	0	-1	0	0	0	0	0	0	0	0	0	-1	0	0	0	0	0	0	0	0	0	0	0	0	0	0	0	0	0	0	0	0	0	0	0	0	0	0	0	0	0	0	0	0	0	0	0	0	0	0	0	0	0	0	0	0	0	0	0	0	0	0	0	0	0	0	0	0	0	0	0	0	0	0	0	
43935069	1	1	0	-1	-1	0	0	0	0	0	0	0	0	-1	0	0	0	1	0	-1	1	0	1	-1	0	0	0	1	0	1	1	0	1	1	1	0	-1	0	0	1	0	0	0	-1	0	0	0	1	-1	0	-1	1	1	0	0	0	-1	-1	-1	1	-1	-1	-1	-1	0	1	0	0	0	0	0	0	0	0	0	0	0	1	0	0	0	-1	0	0	0	0	1	-1	1	0	0	-1	0	0	1	0	-1	1	-1	1	0	0	0	0	0	1	0	0	0	0	0	0	1	0	0	0	1	-1	1	1	0	0	0	0	1	0	1	0	0	0	-1	0	0	0	0	0	0	1	-1	-1	0	0	0	0	0	0	0	0	0	0	1	0	-1	0	
20398835	-1	0	0	0	0	0	0	0	0	0	0	0	0	0	0	0	0	0	0	0	0	1	0	0	0	0	0	0	0	0	0	0	0	0	0	0	0	0	0	0	1	0	0	0	0	0	0	0	0	0	0	0	0	0	0	0	0	0	0	0	0	0	0	0	0	0	0	0	0	0	0	0	0	0	0	0	0	0	0	0	0	0	0	0	0	0	0	0	0	0	0	0	0	1	0	0	0	0	0	0	0	0	0	0	0	0	0	0	0	0	0	0	0	0	0	0	0	0	0	0	0	0	0	0	0	0	0	0	0	0	0	0	0	0	0	0	0	0	0	0	0	0	0	0	0	0	0	0	0	0	0	0	0	0	
43853132	0	0	-1	0	0	1	0	-1	0	0	-1	0	-1	-1	-1	1	-1	0	0	1	-1	0	-1	-1	-1	-1	-1	1	0	-1	-1	0	0	0	0	1	0	0	1	0	-1	0	-1	1	0	0	1	0	0	-1	1	0	-1	0	-1	1	-1	0	1	1	0	1	0	0	1	-1	1	0	0	-1	1	0	-1	0	0	0	1	-1	1	0	1	1	1	0	1	-1	1	-1	1	0	0	-1	0	-1	1	1	1	0	0	-1	0	-1	1	1	0	-1	1	1	0	1	0	0	0	1	1	1	0	0	-1	0	-1	1	1	1	0	0	1	-1	1	1	-1	-1	0	0	-1	0	-1	1	0	-1	1	1	0	1	0	1	1	1	0	1	1	1	1	1	
43718472	0	0	0	0	0	0	0	0	0	0	0	0	0	0	0	0	0	0	0	0	0	0	0	0	0	0	0	0	0	0	0	0	0	0	0	0	0	0	0	0	0	0	0	0	0	0	0	0	0	0	0	0	0	0	0	0	0	0	0	0	0	0	0	0	0	0	0	0	1	0	0	0	0	0	0	0	0	0	0	0	0	0	0	0	0	0	0	0	0	0	0	0	0	0	0	0	0	0	0	0	1	0	0	0	0	0	0	0	0	0	0	0	0	0	0	0	0	0	0	0	0	0	0	0	0	0	0	0	0	0	0	0	1	0	0	0	0	0	0	0	0	0	0	0	0	0	0	0	1	0	0	0	0	0	
43605836	0	0	0	0	0	0	0	0	0	0	0	0	0	0	0	0	0	0	0	0	0	0	0	0	0	0	0	0	0	0	0	0	0	0	0	0	0	0	0	0	0	0	0	0	0	0	0	0	0	0	0	0	0	0	0	0	0	0	0	0	0	0	0	0	0	0	0	0	0	0	0	0	0	1	0	0	0	0	0	0	0	0	0	0	0	0	0	0	0	0	0	0	0	0	0	0	0	0	0	0	0	0	0	0	1	1	1	1	1	0	0	0	0	0	0	0	0	0	0	0	0	0	0	0	0	0	1	0	0	0	0	0	0	0	0	0	0	0	0	0	0	0	0	0	1	0	0	0	0	0	0	0	0	0	
15577915	1	0	0	1	0	1	0	0	0	0	0	0	0	1	0	1	0	0	0	0	0	0	0	0	0	0	0	0	1	1	-1	1	-1	1	-1	1	0	0	0	0	0	0	0	0	0	0	0	0	0	0	0	0	0	1	0	-1	0	0	1	0	0	0	1	-1	1	0	0	0	0	0	1	0	0	-1	0	0	1	1	1	1	0	0	0	0	0	1	0	0	0	0	0	0	1	1	1	1	0	1	-1	0	0	0	1	0	0	0	0	0	1	0	0	0	0	0	-1	0	1	0	-1	0	0	0	1	0	1	0	0	1	0	1	1	0	0	0	0	1	0	0	0	1	1	-1	-1	-1	0	-1	1	0	0	0	0	0	-1	1	
41193378	0	0	-1	0	0	1	1	0	0	0	0	0	1	-1	1	1	0	-1	0	0	0	0	0	0	0	0	0	0	0	1	0	0	0	0	0	1	0	0	0	0	-1	1	1	1	0	0	0	0	0	0	0	1	1	1	1	-1	0	0	0	0	0	0	1	0	0	0	0	1	0	1	0	0	1	0	0	0	0	0	0	0	0	0	0	1	0	0	0	0	0	0	0	-1	0	0	-1	0	1	0	1	0	0	1	0	1	0	0	1	0	0	1	0	1	0	1	0	0	0	0	0	0	1	0	0	1	1	1	0	0	0	0	0	0	0	0	0	0	0	0	0	0	0	-1	0	0	0	1	0	0	-1	0	0	0	0	0	
43831115	0	0	0	0	0	0	0	0	0	0	0	0	0	0	0	0	0	0	0	0	0	0	0	0	0	0	0	0	0	0	0	0	0	0	0	0	0	0	0	0	0	0	0	0	0	0	0	0	0	0	0	0	0	0	0	0	0	0	0	0	0	0	0	0	0	0	0	0	0	0	0	0	0	0	0	0	0	0	0	0	0	0	0	0	-1	1	1	1	0	0	0	0	0	0	0	0	0	0	0	0	0	0	0	0	0	0	0	0	0	0	0	0	0	0	0	0	0	0	0	0	0	0	0	0	0	0	0	0	0	0	0	0	0	0	0	0	0	0	0	0	0	0	0	0	0	0	0	0	0	0	0	0	0	0	
28810858	0	0	0	0	0	0	0	0	0	0	0	0	0	0	0	0	0	0	0	0	0	0	0	0	0	0	0	0	0	0	0	0	0	0	0	0	0	0	-1	0	0	0	0	0	1	0	0	0	0	0	0	0	0	0	0	1	0	0	0	0	0	0	0	0	0	0	0	0	0	0	0	0	0	0	0	0	0	0	0	0	0	1	0	0	0	0	0	0	0	0	0	0	0	0	0	0	0	0	0	0	0	0	0	0	0	0	0	0	0	0	0	0	0	0	0	0	0	0	0	0	0	0	0	0	0	0	0	0	0	0	0	0	0	0	0	0	0	0	0	0	0	0	0	0	0	0	0	0	0	0	0	0	0	0	
18212596	0	0	0	0	0	0	0	0	0	0	0	0	0	0	0	0	0	0	0	0	0	0	0	0	0	0	0	0	0	0	0	0	0	0	0	0	0	0	0	0	0	0	0	0	0	0	0	0	0	0	0	0	0	0	0	0	0	0	0	0	0	0	0	0	0	0	0	0	0	0	0	0	0	1	0	0	0	0	0	0	0	0	0	0	0	0	0	0	0	0	0	0	0	0	0	0	0	0	0	0	0	0	0	0	1	1	1	1	1	0	0	0	0	0	0	0	0	0	0	0	0	0	0	0	0	0	1	0	0	0	0	0	0	0	0	0	0	0	0	0	0	0	0	0	1	0	0	0	0	0	0	0	0	0	18212596	34	female	none	vocational_secondary_certification	other:Single living with children	unemployedseeking_employment	black_or_african_american	Atheist / Agnostic	no	yes
13095205	0	0	1	0	0	-1	1	0	0	1	1	0	1	-1	1	1	1	1	0	0	1	0	0	0	0	0	0	0	0	1	0	0	-1	0	0	1	1	0	-1	0	1	1	1	1	1	1	0	1	0	1	0	1	1	-1	1	-1	1	0	0	0	0	1	0	0	-1	0	0	1	1	1	0	1	1	-1	0	0	1	1	0	-1	0	-1	1	1	0	0	0	0	0	0	0	1	1	0	1	1	1	0	-1	1	0	1	0	1	0	0	1	0	0	1	1	1	0	1	0	-1	0	0	0	1	-1	1	0	1	1	1	1	1	-1	1	1	1	-1	0	0	0	0	-1	0	-1	0	-1	0	1	0	1	1	0	1	1	-1	0	1	0	
43932026	0	0	0	0	0	0	0	0	0	0	0	0	0	0	0	0	1	0	0	0	0	0	0	0	0	0	1	0	0	0	0	0	0	1	1	0	0	1	0	0	0	0	0	1	0	0	1	0	0	0	1	0	0	0	0	0	0	0	1	0	0	0	0	0	0	1	0	0	0	0	0	0	0	0	0	0	1	0	0	0	0	0	0	0	1	0	0	0	1	1	1	1	0	0	0	0	0	0	0	0	0	1	1	0	0	0	0	1	0	0	0	1	0	0	1	1	0	1	0	0	1	1	1	1	0	0	0	0	0	0	0	0	0	1	1	0	1	1	1	0	0	1	1	0	0	0	1	1	0	0	0	0	0	0	
43939704	0	1	0	0	0	1	1	1	-1	1	0	0	1	0	1	0	1	0	1	1	1	-1	-1	0	0	1	1	1	1	1	1	1	1	0	-1	1	0	1	-1	1	0	0	0	1	0	0	1	1	1	1	0	0	1	-1	0	0	1	-1	1	1	0	0	0	0	0	0	0	1	0	0	0	1	0	1	1	0	0	1	0	0	0	0	1	0	0	0	0	1	1	1	0	0	0	1	0	1	0	0	1	0	1	1	0	1	0	0	1	1	0	0	0	0	1	0	0	0	0	0	0	0	1	1	0	1	1	1	1	-1	-1	1	1	1	1	1	0	1	0	0	1	0	0	0	0	1	1	0	0	0	0	1	0	1	1	1	
43851130	1	0	0	0	0	0	0	0	0	0	0	0	0	0	0	0	0	0	0	0	0	0	0	0	-1	1	1	1	1	-1	1	-1	1	1	1	-1	0	0	0	0	0	0	0	0	0	0	0	0	0	0	0	0	0	1	0	0	0	0	0	0	0	0	0	0	0	0	0	0	1	1	1	-1	0	-1	0	0	1	1	1	-1	-1	0	0	0	0	0	0	1	0	0	0	0	0	0	0	0	0	1	1	0	0	0	0	0	1	1	1	-1	0	0	0	0	0	0	1	0	1	0	1	0	0	0	0	0	0	0	-1	1	0	1	0	0	0	1	0	0	0	0	0	0	0	0	0	0	1	-1	0	0	0	0	0	1	-1	1	43851130	25	male	democrat	bachelor	single_living_alone	employee	white	Roman Catholic	yes	yes
21088425	1	1	0	0	-1	1	1	1	0	1	1	1	1	-1	1	1	1	1	1	1	1	-1	1	1	-1	1	-1	1	1	1	1	1	0	1	-1	1	1	1	-1	1	0	1	1	1	1	1	1	1	1	1	0	1	1	-1	1	-1	1	1	1	1	-1	1	1	1	-1	1	-1	1	0	1	1	1	1	1	1	0	0	1	0	1	1	1	1	1	-1	0	-1	-1	-1	1	-1	1	1	1	1	1	1	1	1	1	1	1	1	1	1	1	1	1	0	1	0	1	1	1	0	0	1	1	0	1	0	1	1	1	1	1	1	1	-1	1	1	1	1	1	-1	1	-1	0	1	1	1	-1	-1	1	1	0	1	1	0	1	-1	1	1	1	21088425	56	female	democrat	high_school	single_living_alone	other:disabled	white	Protestant	no	yes
43102561	0	0	0	0	0	0	0	0	0	0	0	0	0	0	0	0	1	0	0	0	0	0	0	0	0	0	-1	0	0	0	0	0	-1	1	1	0	0	1	0	0	0	0	0	1	0	0	1	0	0	0	0	0	0	0	0	0	0	0	1	0	0	0	0	0	0	1	0	0	0	0	0	0	0	0	0	0	1	0	0	0	0	0	1	0	-1	0	0	0	1	1	-1	1	0	0	0	0	0	0	0	0	0	1	1	0	0	0	0	1	0	0	0	1	0	0	1	1	0	-1	0	0	-1	1	1	1	0	0	0	0	0	0	0	0	0	1	1	0	-1	1	1	0	0	-1	-1	0	0	0	-1	1	0	1	0	0	0	0	43102561	34	male	independent	master	married	selfemployed	hispanic_american	Protestant	yes	no
43780975	0	0	1	0	0	0	0	0	0	0	0	0	0	1	0	1	-1	1	1	0	0	1	0	0	1	0	0	0	0	1	0	1	1	-1	0	0	-1	0	0	0	1	1	-1	1	0	0	0	0	1	1	-1	1	1	0	0	0	0	1	0	0	1	0	1	1	1	1	1	-1	0	0	0	0	0	0	0	0	0	0	0	0	1	0	0	0	0	0	-1	0	0	0	1	0	0	0	-1	0	-1	1	1	0	1	0	0	0	1	0	0	0	0	0	0	0	0	1	0	0	0	0	1	0	0	0	0	0	0	1	0	0	0	0	-1	0	0	-1	0	0	-1	0	0	0	0	0	0	0	0	-1	0	1	0	0	1	1	0	-1	
6377879	-1	0	0	0	0	0	0	0	0	0	0	0	0	1	0	0	0	0	0	0	0	0	0	0	0	0	0	1	0	0	0	0	0	0	0	0	0	0	0	0	0	0	0	0	0	0	0	0	0	0	0	0	0	0	0	0	0	0	0	0	0	0	0	0	0	0	0	0	0	0	0	0	0	0	0	0	0	1	0	0	0	0	0	0	0	0	0	0	0	0	0	-1	0	0	0	0	0	0	0	0	0	0	0	0	0	0	0	0	0	0	0	0	-1	0	0	0	0	0	0	0	0	0	0	0	1	0	1	0	0	0	0	0	0	0	0	0	0	0	0	0	0	0	0	0	0	0	0	0	0	0	0	0	0	0	
43822436	0	0	0	1	0	0	0	0	0	0	0	0	0	0	0	0	0	1	0	0	0	0	1	0	0	0	0	1	0	0	0	0	0	0	0	0	0	0	0	0	0	0	0	0	0	0	0	0	0	0	1	0	0	0	0	0	1	0	0	0	0	0	0	0	0	0	0	0	0	0	0	0	0	0	0	1	0	0	0	0	0	0	0	0	0	1	0	0	0	0	0	0	0	0	1	0	0	0	0	0	0	0	0	0	0	0	0	0	0	0	0	0	0	0	0	0	0	0	0	0	0	0	0	0	0	0	0	1	0	0	0	0	0	0	0	1	0	0	0	0	0	0	0	0	0	0	0	0	0	0	0	0	0	0	43822436	19	female	independent	some_college	single_living_with_parents	student	white	Roman Catholic	yes	yes
21785776	0	0	1	0	0	-1	1	0	0	0	0	0	1	-1	1	1	1	1	0	0	0	0	0	0	0	0	0	0	0	1	0	0	1	0	0	1	0	0	0	0	0	0	0	0	0	0	0	1	0	0	0	1	1	1	1	-1	1	0	0	0	0	0	0	0	0	0	0	1	0	1	0	0	1	0	0	0	0	0	0	0	0	0	0	1	0	0	0	0	0	1	0	-1	0	0	1	1	0	0	-1	0	0	1	0	1	0	0	1	0	0	1	0	0	0	1	0	0	0	0	0	0	0	0	0	0	1	0	0	0	-1	1	1	1	0	0	0	0	0	0	0	0	0	0	0	0	0	0	0	0	0	0	0	1	0	0	
42870640	0	0	0	0	0	0	0	0	0	0	0	0	0	0	0	0	0	0	0	0	0	0	0	-1	0	0	0	0	0	0	0	0	0	0	0	1	0	0	0	0	0	0	0	0	0	0	0	0	0	0	0	0	0	0	0	0	1	0	0	1	0	0	0	0	0	0	0	1	1	0	0	0	0	0	0	0	0	0	0	-1	0	0	0	0	0	0	0	0	0	0	0	0	0	0	0	0	0	0	0	0	0	0	0	0	0	0	0	0	1	1	1	1	0	0	0	0	0	0	0	0	0	0	0	0	0	0	0	0	0	0	0	0	0	0	0	0	0	0	0	1	0	0	0	0	0	0	0	0	0	0	0	0	0	0	
