participant id	Regime change in the Middle East leads to bigger problems.	Usa's engagement in middle east is not a public interest topic.	USA's interference in middle east politics resulted in an entire generation that has been turned against the West.	The U.S. should not accept any Muslim refugees.	The Us should try to protect themselve.	Troops should not be sent to the Middle East.	ISIS must be destroyed at all cost.	US Engagement in the middle east has also helped some people in the middle east.	Usa's intervention in middle east can bring a disaster.	The war with Iraq was pointless and very costly.	President Trump should not provide a timeline for troops but should not increase troops.	America should not engage with the middle east.	Sending troops is not helpful if we are not wanted there.	We cannot make any irrational decisions about US Engagement in the middle east.	Us should withdraw troops from middle east.	The war in the middle east wastes military resources.	The US should support humanitarian groups in the middle East.	The US should not interfere in the politics of the Middle East.	The U.S. should not favor Israel over Palestine.	USA had to protect their allies.	Americans should not send groud troops to the middle east.	Sending troops to the Middle East does not prevent terrorism.	Iraq posses no threat to United states.	USA interference in the middle east will only cause north koreea creating new measures of war.	US should stop engaging middle east conflict.	The USA should not send any military to Iraq.	The ongoing conflict in the Middle East justifies United States assistance.	There are many mixed feelings about US Engagement in the middle east.	The terrorists will attack united state as a consequence of interference.	US should support the middle east with more resources to prevent terrorism.	War in the Middle East creates more terrorism.	Unfortunately trying to help has caused disdain for the West.	US has to participate in the Middle East to monitor and prevent terrorism.	Inclusion with warring in other countries does turn our friends foe into ours.	As a political super power the USA should use it's power to protect itself and allies from the Middle East.	The US has to show strength in the Middle East to prevent terrorism.	Withholding funds to Palestinian National Authority prevents anti-Semitism.	US should leave Iraq.	It is our duty to spread Western ideals to the Middle East.	Aiding in trying to secure lives in Iraq is worth the cost of helping them.	US must stop aiding Israel to avoid conflict with other middle eastern countries.	America  should deal with the problems in their own country before interfering int he Middle East.	The war in Iraq was worth the costs.	The U.S. has interferred in issues unrelated to us and we have been informed that we are not wanted.	ISIS is a direct result of the US involvement in the Middle East.	US should not interfere Palestinian fight with Israel.	Because of engagement in the middle east US credibility is on the line.	The US should leave the middle east alone.	The US needs to let the Middle East solve its own problems.	US waste millions everyday in a struggling economy.	US interference in the middle East increases antisemitism and Islamic racism.	Eliminate as many weapons of mass destruction as possible.	USA has the right to bomb ISIS.	Usa's intervention in middle east should be discussed with the Country before act.	The US should prevent Rusia to support the syrian dictator.	US participation in the Middle East can open more diplomacy opportunities.	War in Middle East is too expensive for the US.	US interference in the middle east has hurt US economically.	Middle East should be left alone.	War in Iraq is not worth it.	Us engagement in the middle east is controversial in the world and brings a lot of hatred and anti US sentiment to the US.	The war in the Middle East is about oil.	The war in Iraq was a war for oil not bad intelligence.	The US should focus on what is good for the middle East not what is good for us.	Engaging in the Middle East only fuels terrorism.	The war in Iraq was not worth the financial burden placed on the US economy.	The United States is in a place of power to help resolve problems in the Middle East.	It is important to protect oil producers in the Middle East.	Middle Eastern people are the same as United States citizens.	The military should be sent home from the middle east.	USA is engaging in the middle east because they are alies with saudi arabia.	US interference in the middle East increases antisemitism.	Acceptance of differences in Middle Eastern cultures is paramount in resolving current conflict.	The u.s. should not 'take sides' in middle east conflicts.	Iraq was better off before the u.s. invaded and took down hussein.	It is needed to send more troops to syria.	Us engagement in the middle east will help keep terrorist cells from growing.	America's involvement in the Middle East has lead to increased terrorism.	War with Syria is imminent.	Stop spending money in other countries and spend it in our own.	America should not send ground troops to the middle east.	US cannot be in isolation.	Us engagement in the middle east will assist legitimate governments from being overrun by terrorist.	Before any compromise there must be a correct dialogue.	United States must seek more potential allies.	The U.S. should take an isolationist approach and not engage.	US should protect America against terrorism.	If Israel did not exist it would solve all of the problems in the Middle East.	The USA has the military force to intervene in the Middle East so they should use it.	We must show we are strong.	We must contain Iran.	The US needs to stay away from the Middle East.	The US shouldn't bother those people.	US Engagement in the middle east needs to be carefully addressed.	US interference in the middle East has done a lot to destabilize the region.	Terrorist are dominating the middle East since the war.	It is sensible to withhold funding from groups that go against our country's moral such as anti-semitism.	The war in Iraq is wasting money.	U.s. military engagement in the middle east is increasing the threat of terrorism.	US alies US capabilities to get trained against terrorists.	The american public will not support further military engagement in the middle east.	America should not send troops to the middle east.	American should stop the dispute in the middle east.	Those in the Middle East feel the US has butted in where it doesn't belong.	The US should try to keep themselves safe.	US has to take the lead in global leadership.	The US should not engage in further warfare in the Middle East.	They should fulfill their commitments to peace and harmony.	The USA should be concerned with terrorists entering the usa.	US is not the police of the world.	The US should always support Israel.	Us engagement in the middle east will help legitimate governments prevail.	ISIS operations should be reduce by a more powerful force.	Middle east countries should be allowed to determine their own future.	Forcing beliefs on established Middle East cultures will only cause negative reactions.	All Muslims should be regarded as terrorists.	The war in Iraq was not worth the cost of human life.	US needs to strengthen its allies in the Middle East.	The Iraq war has cost too many American lives.	Sending troops to the Middle East causes more problems than it solves.	The war is not helping anybody middle east nor america.	The US needs to take a hard stand on terrorism.	United States must avoid the least action that leads to war.	The US should pull out of the Middle East.	The war in Iraq was started under false pretenses.	The Iraq war is proof that the US should stay away from the Middle East.	The US should continue to conduct humanitarian efforts in the Middle East.	United States must prove to be a strong power.	Most of the US attacks in the Middle East harm civilians more than terrorists.	The US needs to show its support for Israel by moving its embassy to Jerusalem. It would make a big statement to the world .	The USA is doing more more harm than good in the middle east by harming innocent civilians.	United States should maximize.	We must spread democracy to the Middle East.	Reducing ISIS activity is a responsibility of the Us.	Terrorist groups must be stopped at all costs by the US and its allies combined.	If lives can be saved then our assistance in Iraq is warranted.	The US should worry about their problems first.	Not every middle eastern is a terrorist.	participant id	age	gender	affiliation	education	family status	profession	race	religion	ties2overseas	US citizen
42703498	0	1	0	1	0	1	0	0	0	1	1	0	0	1	0	0	0	1	0	0	1	1	1	1	0	1	0	1	1	0	0	0	0	0	1	0	0	0	0	0	0	0	0	0	0	0	0	0	1	1	1	1	1	1	1	1	0	1	0	0	0	0	0	0	1	0	0	0	0	0	0	1	0	1	0	0	0	1	1	0	1	1	1	1	0	1	0	0	0	1	0	0	1	0	0	0	1	1	1	1	0	1	1	0	0	1	0	0	0	0	0	0	0	1	0	0	1	0	0	0	0	1	1	0	0	1	0	0	0	0	0	0	0	1	0	0	1	1	
22139728	1	1	0	0	0	0	0	0	1	1	0	0	1	0	0	0	0	1	0	0	0	1	1	0	1	0	1	1	0	1	0	1	0	0	0	0	1	0	0	0	1	1	1	1	1	0	0	1	0	1	0	0	0	0	0	1	0	0	0	0	1	0	1	0	0	1	1	0	-1	1	0	0	0	0	0	1	0	0	0	0	0	0	0	1	0	0	0	0	1	0	1	0	0	0	1	0	0	0	0	1	0	0	0	1	0	0	1	1	1	0	0	0	1	0	0	0	1	0	1	0	1	0	0	0	1	1	0	0	0	0	1	0	1	0	1	0	0	0	22139728	32	female	democrat	master	single_living_alone	employee	black_or_african_american	other:Christian	yes	yes
42665614	0	0	0	0	0	0	0	0	0	0	0	0	0	0	0	0	0	0	0	0	0	0	0	0	0	0	0	0	0	0	1	0	0	0	0	0	0	0	0	0	0	0	0	0	0	0	0	0	0	0	0	0	0	0	0	0	0	0	0	0	0	0	0	0	0	0	0	0	0	0	0	1	0	0	0	1	0	0	0	0	0	0	0	0	0	0	0	0	0	0	0	0	0	0	0	0	0	0	0	0	0	0	0	0	0	0	0	0	0	0	0	0	0	1	0	0	0	0	0	0	0	0	0	0	0	0	0	0	0	0	0	0	0	0	0	0	0	0	42665614	21	female	other	some_college	single_living_alone	student	white	Protestant	yes	no
43736722	0	1	0	0	1	1	-1	1	0	0	-1	0	0	0	1	0	0	0	0	0	0	0	0	0	0	0	0	0	0	0	0	0	0	0	0	0	0	0	0	0	0	0	0	0	0	0	0	0	0	0	0	0	0	0	0	1	0	0	0	0	0	0	1	0	0	0	0	0	0	0	0	0	1	0	1	0	0	0	0	0	0	1	1	0	0	0	0	0	0	0	0	0	0	0	0	0	0	0	0	0	0	1	0	0	-1	1	0	0	0	0	0	0	0	0	0	0	0	0	0	1	0	0	0	0	0	0	0	-1	0	1	0	0	1	0	0	0	0	0	43736722	22	female	independent	some_college	single_living_alone	employee	hispanic_american	other:Christian	yes	no
43860631	1	1	1	1	1	0	1	0	1	0	1	1	0	0	0	0	0	1	1	1	0	0	0	0	1	-1	1	1	-1	0	-1	1	-1	0	0	1	1	-1	1	1	1	-1	0	0	0	0	0	1	1	1	-1	1	1	1	1	0	1	1	0	0	0	1	-1	1	0	1	1	0	1	0	0	-1	1	1	1	0	0	1	0	1	-1	0	1	0	1	-1	0	0	1	1	1	1	1	1	0	-1	1	-1	1	1	1	-1	1	0	1	1	-1	1	1	1	-1	1	1	1	1	-1	0	1	1	1	1	1	1	-1	0	0	1	0	1	1	-1	1	0	0	0	1	1	0	
5007431	0	0	-1	0	0	0	0	1	0	0	0	-1	0	0	-1	-1	0	0	0	0	0	0	0	0	0	0	0	1	0	0	0	0	0	1	1	0	-1	0	0	1	-1	0	0	0	0	0	0	0	0	0	-1	0	0	0	0	1	0	0	0	0	0	0	0	0	0	0	0	-1	0	0	1	0	0	0	0	0	0	0	0	0	0	0	0	0	0	0	0	0	1	0	0	0	0	0	-1	0	0	0	0	0	0	0	0	0	0	0	0	0	1	0	1	0	0	0	0	0	0	0	0	0	0	0	1	0	0	0	0	0	0	0	0	0	0	1	0	1	0	1	
39797332	0	0	0	0	0	0	0	0	0	0	0	0	0	0	0	0	0	0	0	0	0	0	0	0	0	0	0	0	0	0	0	0	0	0	0	0	0	1	0	0	0	0	-1	0	0	0	0	0	0	0	0	0	0	0	0	0	0	0	0	0	0	0	0	0	0	0	0	0	0	0	0	0	0	0	0	0	0	0	0	0	0	0	0	0	0	0	0	0	0	0	0	0	0	0	0	0	0	0	0	0	0	0	0	0	0	0	0	0	0	0	0	-1	0	0	0	0	0	0	0	0	0	-1	0	0	0	0	0	0	0	0	0	0	0	0	0	0	0	0	39797332	49	male	independent	master	married	employee	white	Atheist / Agnostic	yes	yes
42468998	0	0	-1	0	0	0	1	1	0	0	0	1	1	0	-1	0	1	-1	1	1	0	0	1	0	0	0	0	-1	0	0	-1	0	1	0	1	1	0	1	0	1	0	0	0	0	0	1	0	0	0	0	-1	0	-1	-1	0	1	0	0	0	0	-1	0	0	-1	-1	0	0	1	0	-1	0	0	1	1	0	0	1	-1	1	-1	0	1	0	1	0	0	0	0	0	0	0	-1	0	0	0	1	0	0	1	0	1	0	0	-1	1	0	0	0	1	0	1	-1	0	1	0	0	0	1	0	0	-1	0	0	0	1	-1	1	1	0	1	0	1	0	0	0	0	1	1	
27914150	0	0	0	0	0	0	0	-1	0	0	0	0	0	0	0	0	0	0	0	0	0	1	0	0	0	0	0	0	1	-1	1	1	0	0	0	0	-1	0	0	0	0	0	0	0	0	0	0	0	0	0	0	0	0	0	0	-1	0	0	0	0	0	1	0	0	0	0	0	0	0	1	-1	0	0	0	0	-1	0	0	0	0	0	0	0	0	0	0	0	0	0	0	0	0	0	0	0	0	0	0	0	0	0	0	0	0	0	0	0	0	0	0	0	0	0	0	0	0	1	0	0	0	1	0	0	0	0	0	0	0	0	0	0	0	0	0	1	0	0	0	
43976334	1	1	1	1	1	1	1	0	0	1	1	1	-1	1	0	0	1	-1	0	1	1	0	0	1	1	0	-1	0	0	1	0	0	1	1	1	1	1	1	0	1	0	1	0	1	1	1	0	0	0	1	1	0	-1	1	1	0	0	0	0	1	0	1	1	1	0	0	1	0	1	1	-1	1	1	1	1	1	0	0	1	0	1	0	1	0	0	1	0	1	1	1	0	1	-1	1	0	1	1	1	0	0	1	0	1	0	1	-1	1	1	1	1	1	1	0	1	1	1	1	0	0	1	1	1	1	1	0	1	1	1	1	1	1	1	0	0	1	1	1	0	
38548574	0	0	0	-1	0	1	0	0	0	0	0	0	0	0	0	0	0	0	1	0	0	0	0	-1	1	0	0	0	0	0	0	0	0	1	0	0	0	0	0	0	0	0	0	1	0	0	1	0	0	0	1	0	0	0	1	0	0	0	0	0	1	1	1	-1	0	0	0	0	0	0	0	0	0	0	0	0	0	0	0	0	0	0	0	0	1	0	0	0	0	0	0	0	0	0	0	0	0	0	0	0	0	0	0	0	0	0	0	0	0	0	0	0	0	0	0	0	0	0	0	0	0	0	0	0	0	0	0	0	0	0	0	0	0	0	0	0	0	0	
27748798	0	0	0	0	0	0	0	0	1	0	0	0	0	0	0	0	0	0	0	0	0	0	0	0	-1	0	0	0	0	0	0	1	0	0	0	0	0	0	0	0	0	0	0	0	0	0	0	0	0	0	0	-1	0	0	0	0	0	0	0	0	0	0	0	0	0	0	0	0	0	0	0	0	0	0	0	0	0	0	0	0	0	0	0	0	0	0	0	0	0	0	1	0	0	0	0	0	0	0	0	0	0	0	0	0	0	0	0	0	0	-1	0	0	0	0	0	0	0	0	0	0	0	0	0	-1	0	0	0	0	0	0	0	0	0	0	0	0	1	0	
1933319	0	-1	0	0	0	0	0	0	0	0	0	0	0	0	0	0	0	0	0	0	0	0	0	0	0	0	0	0	0	0	0	0	0	0	0	0	0	0	0	0	0	0	0	0	0	0	0	0	0	0	0	0	0	0	0	0	0	0	0	0	0	0	0	0	0	0	0	0	0	0	0	0	0	0	0	0	0	0	0	0	0	0	0	0	0	0	0	0	0	0	0	0	0	0	0	0	0	0	0	0	0	0	0	0	0	1	0	0	0	0	0	0	0	0	0	0	0	0	0	1	0	0	0	0	0	0	0	0	0	1	0	0	0	0	0	0	0	0	1933319	37	male	independent	some_college	single_living_alone	employee	white	Protestant	yes	yes
14070474	0	0	0	0	0	0	0	0	1	0	0	0	0	0	0	0	0	0	0	0	0	0	0	0	0	-1	0	0	0	0	-1	0	0	0	0	0	0	0	0	0	0	0	0	0	0	0	0	0	0	0	0	0	0	0	0	0	0	0	0	0	0	0	0	0	0	0	0	0	0	0	0	0	0	0	0	0	0	0	0	0	0	0	0	0	0	0	0	0	0	0	0	0	0	0	0	0	0	0	0	1	0	0	0	0	0	0	0	0	0	0	0	0	0	0	0	0	0	0	0	0	0	0	0	0	0	0	0	0	0	0	0	0	0	0	0	0	0	0	14070474	69	female	republican	bachelor	single_living_with_partner	employee	white	Protestant	no	yes
43869373	0	0	0	0	0	0	0	0	-1	1	1	1	-1	1	1	1	0	0	1	0	0	0	0	1	0	0	0	0	0	0	1	1	1	0	0	0	0	0	0	0	0	1	0	1	0	0	0	0	0	0	0	1	0	0	-1	0	1	0	0	0	0	0	0	0	0	0	0	0	0	0	0	1	-1	0	0	-1	-1	0	0	0	0	0	0	0	0	0	0	1	0	0	0	0	0	0	0	0	-1	0	0	0	0	0	0	0	0	0	0	0	0	-1	0	0	0	-1	0	0	0	0	0	0	0	0	0	1	0	0	1	0	0	0	0	0	0	-1	0	0	0	1	43869373	23	male	independent	associate_degree	single_living_alone	employee	black_or_african_american	Roman Catholic	no	yes
21467491	0	0	0	0	0	0	0	0	1	0	0	0	0	0	0	0	0	0	0	0	0	0	0	0	0	1	0	0	0	0	1	0	0	0	0	0	0	0	0	0	0	0	0	0	0	0	0	0	0	0	0	0	0	0	0	0	0	0	0	0	0	0	0	0	0	0	0	0	0	0	0	0	0	0	0	0	0	0	0	0	0	0	0	0	0	0	0	0	0	0	0	0	0	0	0	0	0	0	0	1	0	0	0	0	0	0	0	0	0	0	0	0	0	0	0	0	0	0	0	0	0	0	0	0	0	0	0	0	0	0	0	0	0	0	0	0	0	0	21467491	41	female	democrat	vocational_secondary_certification	single_living_with_partner	employee	other	other:baptist	no	yes
43891892	0	-1	0	1	1	0	1	0	1	0	0	0	-1	0	-1	1	-1	0	0	0	0	0	1	1	1	1	-1	1	-1	1	0	0	0	-1	1	-1	0	0	1	0	0	0	0	1	0	1	-1	1	0	0	0	-1	1	1	1	0	-1	-1	1	0	0	1	0	0	-1	-1	0	0	1	0	0	0	-1	1	-1	1	1	0	1	1	1	0	0	-1	0	0	0	-1	-1	1	0	0	-1	0	0	1	0	1	0	-1	-1	0	0	0	1	1	0	0	0	1	1	0	-1	0	0	1	0	1	0	1	1	1	1	-1	-1	1	0	0	1	1	0	1	1	0	1	1	1	1	43891892	25	male	none	bachelor	single_living_alone	student	white	Roman Catholic	no	yes
43837109	1	1	0	0	0	0	0	0	1	1	0	0	1	0	0	0	0	1	0	0	0	1	-1	0	1	0	0	1	0	1	0	1	0	0	0	0	1	0	0	0	0	1	0	1	-1	0	0	1	0	-1	0	0	0	0	0	1	0	0	0	0	0	0	-1	0	0	1	1	0	1	1	0	0	0	0	0	1	0	0	0	0	0	0	0	0	0	0	0	0	1	0	0	0	0	0	1	0	0	0	0	1	0	0	0	1	0	0	1	1	-1	0	0	0	1	0	0	0	1	0	1	0	1	0	0	0	0	0	0	0	0	0	0	0	1	0	1	0	0	0	
19302668	1	0	0	0	1	0	1	0	1	1	0	0	1	1	1	1	-1	0	0	0	1	0	0	1	1	0	0	0	0	0	1	1	-1	0	0	1	0	1	0	0	0	1	0	1	0	1	0	0	0	1	1	0	0	-1	1	0	1	1	1	1	1	0	1	0	1	0	-1	0	0	0	0	1	0	0	0	-1	0	0	0	0	0	0	0	0	0	1	0	-1	0	1	0	0	1	1	0	1	1	0	1	0	0	0	-1	0	1	-1	0	0	0	0	-1	-1	0	1	0	0	0	0	0	1	0	1	1	0	0	0	-1	0	1	1	-1	-1	0	-1	0	0	1	1	19302668	44	female	democrat	high_school	married	employee	white	other:Christian	no	yes
20244740	0	1	0	1	0	-1	0	-1	0	-1	1	0	0	1	0	1	0	-1	0	0	1	1	-1	1	0	-1	0	-1	0	0	0	0	0	1	-1	0	0	0	0	1	0	0	0	0	0	0	0	0	0	1	1	-1	1	1	-1	1	0	-1	1	0	0	0	0	0	-1	-1	0	-1	0	0	-1	1	0	-1	0	0	0	0	1	0	0	1	1	-1	1	0	0	0	-1	1	0	0	1	1	1	-1	1	-1	-1	-1	1	-1	1	1	0	0	0	0	0	-1	0	0	0	1	-1	0	0	0	1	0	0	1	0	0	0	0	0	0	0	0	-1	0	0	1	0	0	1	1	
43676331	0	0	0	0	0	0	0	0	0	0	0	0	-1	0	0	0	0	0	0	0	0	0	0	0	0	0	0	0	0	0	0	0	1	1	1	1	0	0	0	0	0	0	0	1	1	0	0	0	0	0	0	0	0	0	-1	0	0	-1	0	0	0	0	0	0	0	0	0	0	0	0	0	0	0	0	0	0	0	0	-1	0	0	0	0	0	0	0	0	0	-1	0	0	0	0	0	0	0	0	0	0	0	0	0	0	0	0	0	0	0	0	0	0	0	1	0	0	0	0	0	0	0	0	0	0	0	0	0	0	0	0	0	0	0	0	0	0	0	0	0	
33708599	0	1	0	0	1	1	-1	-1	1	0	-1	0	0	0	1	0	0	0	0	0	0	1	0	0	1	0	0	0	0	0	0	1	0	0	0	0	-1	0	0	0	0	0	0	0	0	0	1	0	0	0	0	0	1	0	0	-1	0	0	0	0	0	0	1	0	0	1	0	0	0	1	0	1	1	0	1	-1	0	0	0	1	0	1	-1	0	0	0	1	-1	0	0	-1	1	0	0	0	0	0	0	0	0	0	1	0	0	1	-1	0	0	0	1	0	0	0	0	0	0	1	0	0	1	1	0	0	1	0	0	0	-1	0	-1	0	-1	-1	0	0	0	0	1	33708599	31	female	none	bachelor	single_living_with_partner	employee	white	other:Non religious	yes	yes
39021669	0	-1	0	0	1	1	-1	1	0	0	1	0	1	0	1	0	0	0	0	0	0	0	0	0	0	0	0	0	0	0	0	0	0	0	0	0	0	0	0	0	-1	0	0	0	0	0	0	0	0	0	0	0	-1	0	0	-1	0	0	0	0	0	0	1	0	0	0	0	0	0	0	-1	0	1	0	-1	0	0	0	-1	1	0	1	-1	1	1	0	1	-1	0	0	0	1	0	0	-1	0	0	0	0	0	0	1	0	1	1	-1	0	0	0	1	0	0	0	0	1	0	0	0	0	1	0	0	0	0	1	-1	1	0	0	-1	1	0	-1	0	0	1	0	0	39021669	43	female	democrat	vocational_secondary_certification	single_living_with_partner	employee	other	Roman Catholic	yes	yes
34070076	0	0	1	0	0	0	1	0	1	0	0	0	1	0	0	0	0	1	-1	-1	0	0	0	0	0	1	0	0	0	0	1	1	0	0	0	1	0	0	1	0	-1	0	0	0	0	0	0	1	0	0	0	0	-1	0	0	0	1	0	0	0	0	0	0	0	0	0	1	1	0	0	0	0	0	1	1	0	1	1	-1	1	0	1	0	1	1	0	0	0	1	-1	1	1	1	1	0	1	1	0	0	-1	1	1	1	1	1	1	1	1	0	0	0	0	0	0	0	0	0	1	0	0	1	0	0	0	1	1	1	1	0	0	0	-1	0	0	0	0	0	0	34070076	30	male	none	bachelor	single_living_alone	employee	asien	Roman Catholic	yes	yes
43847840	0	0	0	0	1	-1	1	1	1	1	0	1	0	1	-1	0	0	0	0	0	-1	1	0	1	0	1	0	0	-1	0	0	1	0	0	1	0	0	0	0	0	0	0	0	0	0	0	0	0	1	0	0	1	1	1	1	1	1	-1	0	0	0	0	-1	0	-1	0	0	0	0	0	-1	0	0	0	-1	0	0	1	1	0	-1	1	0	0	1	1	0	0	0	0	0	0	0	0	0	0	1	1	0	0	0	-1	1	0	0	1	0	0	0	1	0	0	0	1	1	0	0	0	0	-1	0	0	1	1	0	0	0	1	0	-1	1	0	1	1	0	0	-1	1	43847840	31	male	democrat	bachelor	single_living_alone	selfemployed	black_or_african_american	Roman Catholic	yes	yes
31888345	0	0	0	0	0	0	0	0	-1	0	0	0	0	0	0	0	0	0	0	0	0	0	0	-1	1	0	0	0	0	0	0	0	1	0	0	0	0	0	0	0	0	0	0	0	0	0	1	0	0	0	0	0	0	0	0	0	1	1	-1	-1	0	0	0	0	1	1	0	0	-1	0	0	-1	0	0	0	0	0	0	0	0	0	0	0	0	1	0	1	0	0	0	0	0	0	0	0	0	0	0	0	0	0	0	0	0	0	0	0	0	0	0	0	0	0	0	0	0	0	0	0	0	0	0	0	1	-1	0	0	0	0	1	0	-1	1	0	0	0	0	1	31888345	23	female	republican	bachelor	single_living_with_parents	unemployedseeking_employment	asien	Atheist / Agnostic	yes	yes
43855522	0	0	0	0	1	0	0	0	-1	0	1	0	0	0	0	0	0	0	0	0	0	1	0	1	1	0	0	0	0	0	0	1	0	0	0	0	-1	0	0	0	0	1	0	0	0	0	1	0	0	0	0	0	1	0	0	1	0	0	0	0	0	0	0	0	0	0	0	0	0	1	0	0	1	0	0	1	0	0	0	-1	0	0	1	1	1	0	1	1	0	0	1	-1	0	0	0	0	0	0	0	0	0	1	0	0	-1	0	0	0	0	1	0	0	0	0	0	0	1	0	0	0	1	0	0	0	0	1	0	0	0	0	1	0	-1	1	1	1	0	0	43855522	26	male	democrat	bachelor	single_living_alone	employee	white	Roman Catholic	yes	yes
43943585	0	0	0	0	0	0	0	0	1	0	0	0	0	0	0	0	0	0	0	0	0	0	0	0	1	0	0	0	0	0	0	1	0	0	0	0	0	0	0	0	0	0	0	0	0	0	0	0	0	0	0	0	0	0	0	0	0	0	0	0	0	0	0	0	0	0	0	0	0	0	0	0	0	0	0	0	0	0	0	0	0	0	0	0	0	0	0	0	0	0	-1	0	0	0	0	0	0	0	0	0	0	0	0	0	0	0	0	0	0	0	0	0	0	0	0	0	0	0	0	0	0	0	0	0	0	0	0	0	0	0	0	0	0	0	0	0	0	0	43943585	27	female	independent	associate_degree	single_living_alone	civil_servant	white	Atheist / Agnostic	yes	no
30408589	-1	-1	0	1	1	-1	-1	0	0	-1	1	1	1	0	0	0	0	0	1	0	0	0	0	-1	-1	0	-1	0	0	-1	0	0	-1	-1	-1	0	-1	0	0	-1	0	0	0	-1	1	-1	0	0	0	-1	-1	0	1	-1	0	0	0	0	1	0	0	1	1	1	0	0	1	0	-1	1	0	0	-1	0	0	1	-1	0	-1	0	-1	0	-1	0	0	1	0	0	-1	1	0	0	-1	1	0	0	1	-1	0	0	1	0	0	0	-1	-1	-1	-1	0	-1	-1	1	0	-1	0	0	0	0	0	-1	-1	-1	0	1	0	1	-1	-1	1	1	1	-1	0	0	1	1	0	0	
13763729	0	0	0	-1	0	0	0	0	0	0	0	0	0	0	0	0	0	0	0	0	0	0	0	0	0	0	0	0	0	0	0	0	0	0	0	0	0	0	0	0	0	0	0	0	0	0	0	0	-1	-1	-1	1	0	0	0	0	0	0	0	0	0	0	0	0	0	0	0	0	0	0	0	0	0	0	0	0	0	0	0	0	-1	1	1	1	0	0	0	0	0	1	0	0	0	0	0	0	0	0	0	0	0	0	0	0	0	0	0	0	0	0	0	0	0	0	0	0	0	0	0	0	0	0	0	0	0	0	0	0	0	0	0	0	0	1	0	0	0	0	
15193250	0	0	0	0	0	0	0	0	0	1	0	0	1	1	1	1	0	0	0	0	0	0	0	0	0	0	0	0	0	0	0	0	0	0	1	0	0	0	-1	0	0	0	0	1	-1	0	0	0	0	0	0	1	1	1	1	0	0	1	0	1	0	1	0	-1	0	0	0	-1	0	1	0	0	0	0	0	0	0	0	1	0	1	0	0	0	0	0	0	-1	-1	0	0	0	0	0	0	-1	0	0	0	0	0	0	0	0	1	0	1	0	1	1	-1	-1	1	1	1	-1	0	0	0	0	0	0	1	0	0	0	0	1	0	0	0	0	0	0	1	1	0	0	
43981010	0	0	0	0	0	0	0	0	0	0	0	0	0	0	0	0	0	0	0	0	0	0	1	0	0	0	0	0	0	0	0	0	0	0	0	0	0	0	0	0	0	0	0	0	0	0	0	0	0	1	0	0	0	0	0	0	0	0	0	0	0	0	0	0	0	0	0	0	0	0	0	0	0	0	0	0	0	1	0	0	0	0	0	0	0	0	0	0	0	0	0	0	0	0	0	0	0	1	0	0	0	0	-1	0	0	1	0	0	0	0	0	0	0	0	0	0	1	0	0	0	0	0	0	0	0	1	0	0	0	0	0	0	0	0	0	0	0	0	
19638651	0	0	1	0	0	0	0	1	0	0	0	1	0	0	0	0	0	0	0	0	0	0	0	0	0	0	0	1	0	0	0	0	0	0	-1	0	0	0	0	0	0	0	0	0	0	0	0	0	0	0	1	0	0	0	0	-1	0	0	0	0	0	0	0	0	0	0	0	0	0	0	0	0	0	0	0	0	0	0	0	0	0	0	0	0	0	0	0	0	0	0	0	0	0	0	0	0	0	0	0	0	0	0	0	0	0	0	0	0	0	0	0	0	0	0	0	0	0	0	0	0	0	0	0	0	0	0	0	0	0	0	0	0	0	0	0	0	0	1	
11521789	0	0	1	0	0	0	1	1	0	0	0	1	1	0	1	0	1	1	1	1	0	0	-1	0	0	0	0	1	0	0	0	0	0	0	-1	1	-1	1	0	-1	0	0	1	0	0	1	0	0	0	0	1	0	0	1	0	1	0	0	0	0	0	0	0	1	0	0	0	0	0	1	0	0	0	1	0	0	-1	-1	-1	1	0	0	0	1	0	0	0	0	0	1	0	1	1	0	0	-1	0	0	0	1	1	0	0	1	1	0	0	0	1	0	-1	1	0	0	1	-1	0	1	0	0	-1	1	0	0	-1	1	1	1	1	-1	0	-1	0	0	0	0	0	1	11521789	54	male	republican	some_college	other:Separated	employee	asien	Protestant	yes	yes
43699918	0	0	0	1	0	-1	1	0	1	0	0	0	0	0	0	1	-1	0	0	0	0	0	1	-1	0	0	0	0	1	-1	0	0	1	1	0	0	0	0	0	0	0	0	0	0	0	0	1	0	0	1	-1	0	0	1	0	0	1	1	1	0	1	1	1	1	1	1	0	0	1	0	0	1	0	0	0	0	0	-1	0	1	0	0	0	0	0	0	1	0	0	0	0	0	0	0	0	0	0	-1	0	0	0	0	1	0	0	-1	0	0	0	0	0	0	0	0	0	0	1	-1	0	0	0	0	0	1	-1	1	0	0	0	-1	0	1	-1	0	0	0	0	1	43699918	23	male	republican	some_college	single_living_with_partner	student	hispanic_american	Protestant	yes	yes
41841195	0	0	0	0	0	0	0	0	0	0	0	0	0	0	0	0	0	0	0	0	0	0	0	0	0	0	0	0	0	0	0	0	0	0	0	0	0	0	0	0	0	1	0	0	0	0	0	0	0	0	0	0	0	0	0	0	0	0	0	0	0	0	0	0	0	0	0	0	0	0	0	0	0	0	0	0	0	0	0	0	0	0	0	-1	0	0	0	0	0	0	0	0	0	0	0	0	0	0	0	0	0	0	0	0	0	0	0	0	0	0	0	0	0	0	0	0	0	0	0	0	0	0	0	0	0	1	0	0	0	0	1	0	0	0	0	0	0	0	41841195	32	female	independent	some_college	single_living_with_partner	other:homemaker	white	Atheist / Agnostic	no	yes
42082009	0	0	0	0	0	0	0	1	0	0	0	0	0	0	0	1	0	0	0	0	0	0	0	0	0	0	0	0	0	0	0	0	0	1	0	0	0	0	0	0	0	0	0	0	0	0	0	0	0	0	0	0	0	0	0	0	0	0	0	0	0	0	0	0	0	0	0	-1	0	0	-1	0	0	0	0	0	0	0	0	0	0	0	0	0	0	0	0	0	-1	0	0	0	0	0	0	0	0	0	0	0	0	0	0	0	0	0	0	0	0	0	0	0	0	0	0	0	0	0	0	0	0	0	1	0	0	0	0	0	0	0	0	0	0	1	0	0	0	0	42082009	28	female	democrat	bachelor	single_living_with_partner	employee	white	Roman Catholic	yes	yes
34689613	0	0	0	0	0	0	0	0	0	0	0	-1	0	0	0	0	1	1	-1	-1	1	0	0	0	0	1	0	0	0	0	0	0	0	-1	0	0	0	0	0	-1	0	0	0	1	0	0	1	0	0	0	0	0	0	0	0	0	-1	0	0	0	0	0	0	0	1	1	-1	-1	1	-1	-1	1	0	0	1	0	-1	0	0	0	0	0	0	0	1	1	0	1	0	0	0	0	0	0	0	0	0	0	0	0	0	0	0	0	0	0	0	0	0	0	1	0	0	0	0	0	1	0	0	0	0	0	0	-1	0	0	0	0	0	0	0	0	0	0	0	0	0	0	
40790579	0	1	0	0	1	1	1	1	-1	1	1	0	0	0	1	0	0	0	0	1	1	0	0	0	0	1	1	1	0	0	0	1	0	0	1	0	0	1	1	0	0	0	1	0	1	1	1	1	0	0	0	1	1	0	0	1	0	0	0	0	0	0	1	0	0	0	0	0	1	1	0	0	1	1	1	0	1	0	0	1	0	1	1	1	0	0	1	1	0	1	1	1	1	0	0	0	0	1	0	1	1	1	0	0	1	1	0	0	0	1	0	1	1	1	1	1	0	0	0	1	0	1	0	0	0	0	0	1	1	1	0	0	1	0	0	0	0	0	40790579	29	male	democrat	bachelor	single_living_alone	employee	other	Muslim	no	no
43943676	0	0	-1	0	1	-1	-1	1	0	0	-1	-1	-1	0	0	0	0	0	0	0	-1	0	0	0	0	0	0	1	0	0	0	0	1	-1	1	1	1	0	0	1	0	0	0	0	0	1	0	0	0	0	-1	0	0	0	1	1	0	-1	-1	0	0	0	0	-1	0	0	0	0	0	0	0	0	0	0	0	0	0	0	-1	0	0	0	0	0	0	0	0	0	0	0	0	0	0	0	0	-1	0	0	0	0	0	0	-1	0	-1	1	0	1	1	0	-1	0	0	0	0	0	0	0	0	0	0	1	0	0	0	0	0	0	-1	1	-1	0	0	0	0	0	0	1	
43606269	0	0	0	1	0	1	0	1	0	0	0	0	0	0	1	1	0	0	0	0	0	0	1	0	0	0	0	0	0	0	0	0	0	1	0	0	0	0	0	0	1	0	0	0	0	0	1	0	0	1	1	0	0	0	0	0	0	0	0	0	1	1	1	1	0	1	0	1	0	0	1	-1	0	0	0	0	0	1	0	0	0	0	0	0	0	0	1	0	1	0	0	0	0	0	1	0	0	1	0	0	0	0	1	0	0	1	0	0	0	0	0	0	0	0	0	0	1	0	0	0	0	0	1	1	0	1	0	0	0	1	0	1	0	1	0	1	0	1	
43869435	0	1	0	0	0	0	0	0	0	1	0	0	1	0	0	0	0	1	0	0	0	-1	-1	1	1	0	0	1	0	1	0	0	0	0	0	0	0	0	0	0	1	1	-1	1	1	0	1	0	0	1	0	0	0	0	0	0	0	0	0	0	1	0	1	0	0	1	1	0	1	0	0	0	0	0	0	0	0	0	0	0	0	0	0	1	-1	0	0	0	-1	0	1	0	0	0	1	0	0	0	0	1	0	0	0	-1	0	0	1	1	1	0	0	0	-1	0	0	0	0	0	-1	0	1	0	0	0	1	1	0	0	0	0	1	0	0	-1	1	-1	0	0	
43967735	0	1	1	1	0	1	0	0	0	-1	-1	-1	1	1	0	-1	-1	-1	0	0	1	0	0	-1	0	0	1	0	1	1	0	0	-1	-1	0	0	1	0	0	-1	0	1	0	0	0	1	0	0	0	1	1	-1	1	1	1	0	0	0	0	1	-1	1	0	-1	0	0	1	0	1	-1	0	0	1	-1	0	-1	0	0	1	1	1	0	1	0	0	1	0	-1	-1	1	-1	-1	0	0	0	0	-1	-1	0	0	-1	0	0	0	-1	-1	-1	1	0	-1	0	0	0	1	0	-1	0	-1	0	0	-1	-1	0	1	0	-1	1	-1	1	1	0	-1	0	0	0	1	1	0	
43510526	0	0	0	0	0	0	0	0	0	0	0	0	0	0	0	0	0	0	0	0	0	0	0	0	0	0	0	0	0	0	0	0	0	0	0	0	0	0	0	0	0	0	0	0	0	0	0	0	0	0	0	0	0	0	0	0	0	0	0	0	0	0	0	0	0	0	0	0	0	0	0	0	0	0	0	0	0	0	0	0	0	0	0	1	0	0	0	0	0	1	0	0	0	0	0	0	0	0	0	-1	0	0	0	0	0	0	0	0	0	0	0	0	0	0	-1	0	0	0	0	0	0	0	0	0	0	0	0	0	0	0	0	0	0	0	0	0	0	0	43510526	30	female	none	bachelor	single_living_alone	retired	hispanic_american	Russian Orthodox	yes	no
31613324	1	1	0	0	0	0	0	0	0	1	0	0	-1	0	0	0	0	1	0	0	0	1	1	1	1	0	1	1	0	1	0	0	0	0	0	0	0	0	0	0	1	1	0	1	1	0	1	1	0	-1	0	0	0	0	0	0	0	0	0	0	1	0	1	0	0	1	-1	0	1	0	0	0	0	0	0	0	0	0	0	0	0	0	0	1	1	0	0	0	1	0	1	0	0	0	1	0	0	0	0	1	0	0	0	1	0	0	-1	1	1	0	0	0	1	0	0	0	0	0	1	0	1	0	0	0	1	1	0	0	0	0	1	0	1	-1	1	1	0	0	
43650804	0	-1	1	-1	0	0	0	0	1	1	-1	0	0	1	0	0	0	0	0	-1	1	1	1	-1	0	1	0	0	1	0	1	0	0	0	1	0	-1	1	-1	-1	1	0	0	0	0	0	0	0	1	1	1	1	-1	1	-1	1	1	-1	0	0	0	0	0	0	1	0	0	0	0	0	-1	0	0	0	0	0	0	1	-1	0	1	1	-1	1	1	0	0	0	0	-1	0	0	0	0	1	0	0	0	0	-1	0	1	0	1	1	-1	1	1	0	0	0	0	0	1	1	-1	0	1	0	0	0	0	1	0	0	0	0	0	0	0	1	0	0	-1	0	-1	0	1	
43679467	0	-1	0	0	0	1	1	1	1	0	1	0	0	0	1	0	0	0	0	0	0	1	0	0	-1	0	0	0	0	0	0	1	0	0	0	0	0	-1	0	0	0	0	1	0	0	0	0	0	0	0	0	0	-1	0	0	1	0	0	0	0	0	0	-1	0	0	0	0	0	0	-1	0	0	-1	-1	1	1	0	0	0	1	0	-1	1	-1	0	0	-1	-1	0	1	1	-1	1	0	0	0	0	0	0	1	1	0	0	0	1	1	0	0	0	-1	0	1	0	0	1	0	1	0	0	1	0	1	0	0	0	0	0	1	1	1	0	0	1	1	1	-1	0	0	43679467	23	female	democrat	bachelor	single_living_with_parents	employee	white	Roman Catholic	yes	yes
23711512	0	0	0	-1	0	0	0	0	1	0	0	0	0	0	0	0	0	0	0	0	0	0	0	0	0	1	0	0	0	0	1	0	0	0	0	0	0	0	0	-1	0	0	0	0	0	0	0	0	1	1	1	1	0	0	0	0	0	0	1	0	0	0	0	0	0	0	0	0	0	0	0	0	0	0	0	0	0	0	0	0	1	-1	-1	1	0	0	0	0	0	1	0	0	0	0	0	0	1	1	1	1	-1	1	-1	1	1	1	1	1	0	1	0	0	0	0	0	0	0	0	1	0	0	0	0	0	0	0	0	0	0	0	0	0	0	1	0	0	0	0	23711512	33	female	independent	vocational_secondary_certification	single_living_alone	employee	white	Protestant	no	yes
18979155	0	0	0	-1	0	1	0	0	0	0	0	0	0	0	0	0	0	0	0	0	0	0	0	0	0	0	0	0	0	0	0	0	0	1	0	0	0	0	0	0	0	0	0	0	0	0	0	0	0	0	-1	0	0	0	0	0	0	0	0	0	1	1	1	-1	0	0	0	0	0	0	0	1	0	0	0	0	0	0	0	0	0	0	0	0	0	0	1	0	0	0	0	0	0	0	0	0	0	0	0	0	0	0	0	0	0	0	0	0	0	0	0	0	0	0	0	0	0	0	0	0	0	0	0	-1	0	0	0	0	0	-1	0	0	0	0	0	0	0	0	18979155	26	female	none	high_school	single_living_with_parents	unemployedseeking_employment	white	Atheist / Agnostic	no	yes
34081916	0	0	0	0	0	0	0	0	1	0	0	0	0	0	0	0	0	0	0	0	0	1	0	0	1	0	0	0	0	0	0	1	0	0	0	0	0	0	0	0	0	0	0	0	0	0	0	0	0	0	0	0	0	0	0	0	0	0	0	0	0	0	0	0	0	0	0	0	0	1	0	0	0	0	0	-1	0	0	0	0	0	0	0	0	0	0	0	0	0	0	1	0	0	0	0	0	0	0	0	0	0	0	0	0	0	0	0	0	0	0	0	0	0	0	0	0	1	0	0	0	0	0	0	0	0	0	0	0	0	0	0	0	0	0	0	0	0	0	
12366026	0	0	0	0	0	0	0	0	0	1	0	0	1	1	0	0	0	0	1	0	0	0	0	1	0	0	0	0	0	1	1	0	1	1	0	1	0	0	-1	0	0	1	0	0	-1	0	0	0	0	0	0	-1	-1	0	0	0	0	1	0	1	0	0	0	-1	0	0	0	0	0	1	0	0	0	0	0	1	1	0	-1	0	1	1	0	0	0	0	0	-1	1	0	0	0	0	0	0	1	0	1	0	0	0	0	0	0	0	0	1	0	1	1	-1	-1	1	0	-1	0	0	0	0	0	0	0	0	0	0	1	1	0	0	0	0	0	0	0	1	1	0	0	12366026	23	female	democrat	master	single_living_alone	employee	white	Atheist / Agnostic	yes	yes
43046630	0	0	1	0	0	0	0	0	0	0	0	0	0	0	0	0	0	0	0	0	0	0	0	0	0	0	0	0	0	0	0	0	0	0	0	0	1	1	1	1	0	0	0	0	0	0	0	0	0	0	0	0	0	0	0	0	0	0	1	1	0	0	0	0	0	0	1	0	0	0	0	0	0	0	0	0	0	0	0	0	0	0	0	0	0	1	0	0	0	0	0	0	0	1	0	0	0	0	0	0	0	0	-1	0	0	0	0	0	0	0	0	0	0	0	0	1	0	0	0	0	0	0	0	0	0	0	1	0	0	0	1	0	0	0	0	1	0	0	
35849301	0	0	0	0	0	0	0	0	0	0	1	0	0	0	0	0	0	0	0	0	0	0	0	0	0	0	0	0	0	0	0	0	0	0	0	0	0	0	0	0	-1	0	0	0	0	0	0	0	0	0	1	0	0	0	0	0	1	0	0	0	0	0	0	0	0	0	0	0	0	0	0	0	0	-1	0	0	0	0	0	0	0	0	0	0	0	0	0	0	0	0	0	0	1	0	-1	-1	0	0	0	0	1	0	0	0	0	1	0	-1	0	0	0	0	0	0	0	0	1	-1	1	1	0	0	0	0	0	0	0	0	-1	0	0	0	-1	1	1	-1	0	0	
43684066	0	0	0	0	1	0	-1	1	0	0	1	-1	0	0	1	0	1	1	1	1	0	0	1	1	1	0	0	1	0	0	1	0	0	0	-1	-1	-1	1	0	0	0	1	0	1	0	0	0	0	0	0	-1	0	-1	1	1	1	0	0	0	0	1	0	1	-1	-1	0	0	1	0	-1	0	0	0	1	0	0	1	-1	-1	-1	0	1	0	0	0	0	0	0	0	0	0	1	1	0	0	0	1	0	1	0	-1	0	0	0	1	-1	0	0	0	0	0	1	0	1	0	-1	1	1	1	1	1	0	0	0	-1	1	1	-1	0	1	0	-1	0	0	0	0	0	1	
43947238	0	0	0	0	0	1	0	0	0	0	0	0	0	0	0	0	0	0	0	0	0	0	0	0	0	0	0	0	0	0	0	0	0	0	0	0	0	0	0	0	0	0	0	0	0	0	0	0	0	0	0	0	0	0	0	0	0	0	1	0	0	0	0	0	0	0	0	0	0	0	0	0	0	0	0	0	0	0	0	0	0	0	0	0	0	0	0	0	0	0	0	0	0	0	0	0	0	0	0	0	0	0	1	0	0	0	0	1	0	0	0	0	0	0	0	0	0	0	0	0	0	0	0	0	0	0	0	0	0	0	0	0	0	0	0	0	0	0	
43797734	0	0	0	0	0	0	0	0	0	0	0	0	0	0	0	0	0	0	0	0	0	0	0	0	0	0	0	0	0	0	0	0	0	0	0	0	0	0	0	0	0	0	0	0	0	0	0	0	0	0	0	0	0	0	0	0	0	0	0	0	0	0	0	0	0	0	0	0	0	0	0	0	0	0	0	0	0	0	0	0	0	0	0	0	0	0	0	0	0	0	0	0	0	0	0	0	0	0	0	0	0	0	0	0	0	0	0	0	0	0	0	0	0	0	0	0	-1	1	-1	-1	0	0	0	0	0	0	0	0	0	0	0	0	0	0	0	0	0	0	
15004831	1	-1	1	1	0	1	1	0	0	0	0	0	0	0	0	0	-1	1	0	0	1	0	-1	0	0	0	0	0	0	0	1	0	-1	1	0	-1	1	1	-1	-1	0	0	0	0	0	0	0	0	0	1	1	0	1	0	1	0	0	1	1	1	1	-1	-1	-1	1	0	1	0	0	0	0	0	-1	1	0	0	0	1	0	0	0	1	0	0	0	1	0	0	0	0	0	0	0	-1	0	0	0	1	1	0	1	0	1	0	0	0	0	0	0	0	0	-1	0	1	0	0	1	-1	1	1	1	-1	0	0	-1	1	0	-1	0	0	0	0	0	0	0	0	1	1	
43948769	-1	1	1	-1	0	1	1	1	0	1	1	0	0	1	1	1	0	1	0	0	1	1	-1	1	0	1	0	1	1	0	0	0	0	1	1	0	0	0	0	0	1	0	0	0	0	0	0	0	1	0	-1	1	-1	1	1	1	0	1	0	0	0	0	0	0	1	0	0	1	0	0	1	-1	0	1	0	0	0	-1	-1	0	1	1	-1	1	1	0	0	0	1	1	0	0	1	0	-1	0	1	1	1	1	0	1	0	0	0	-1	0	0	0	0	0	0	0	1	1	0	1	0	0	1	0	1	1	0	0	1	0	0	0	0	-1	0	0	0	0	1	1	1	
43858972	0	1	0	0	1	0	0	0	1	1	1	0	1	0	0	0	0	1	0	0	0	1	1	0	1	0	1	1	0	1	0	1	0	0	0	0	1	0	0	0	1	1	1	1	1	0	0	1	0	-1	0	0	1	0	0	1	0	0	0	0	1	0	1	0	0	1	1	0	1	1	0	0	1	0	0	1	0	0	0	1	0	0	1	0	0	0	1	1	1	0	1	1	0	0	1	0	0	0	0	1	0	1	0	1	1	0	-1	1	1	1	0	0	1	0	0	0	1	0	1	0	1	0	0	0	1	0	0	0	0	0	0	0	1	0	1	0	0	0	
43836952	0	0	0	0	0	0	0	0	0	0	0	0	0	0	0	0	1	-1	1	1	0	0	0	0	0	0	0	0	0	0	0	1	0	0	0	0	0	0	0	0	0	0	0	0	0	0	0	0	0	0	0	1	0	0	0	0	1	0	0	0	0	0	0	0	0	0	0	0	1	-1	1	1	0	0	1	0	1	0	0	0	0	0	0	0	0	0	0	0	0	0	0	0	0	0	0	0	-1	0	0	0	0	0	0	0	0	0	0	0	0	-1	0	0	0	0	0	0	1	0	0	0	0	0	0	-1	0	0	0	0	-1	0	0	0	0	1	0	0	-1	0	
30501721	0	0	0	0	0	0	0	0	1	1	1	1	1	1	1	1	1	0	0	0	0	0	0	0	0	0	0	0	0	0	-1	1	1	0	0	0	0	0	0	0	0	0	0	0	0	0	0	0	0	0	0	1	0	0	0	0	1	0	0	0	-1	0	0	0	-1	0	0	0	0	0	0	1	1	0	0	-1	0	0	0	0	0	0	0	0	0	0	0	0	0	0	0	0	0	0	0	0	1	0	-1	0	1	0	0	0	0	0	0	0	0	1	0	1	0	1	0	0	1	1	1	-1	0	0	0	1	0	0	1	0	0	0	0	0	0	-1	0	0	1	1	30501721	32	female	none	vocational_secondary_certification	single_living_with_partner	other:Homemaker	white	other:Christian/Southern Baptist	yes	yes
25955589	0	0	0	0	0	0	0	0	0	0	0	0	0	0	0	0	0	0	0	0	0	0	0	0	0	0	0	0	0	0	0	0	0	0	0	0	0	0	0	0	-1	0	0	0	0	0	0	0	0	0	0	0	0	0	0	0	1	0	0	0	0	0	0	0	0	0	0	0	0	0	0	0	0	0	0	0	0	0	0	0	0	0	0	0	0	0	0	0	0	0	0	0	-1	1	-1	-1	0	0	0	0	0	0	0	0	0	0	0	1	0	0	0	0	0	0	0	0	0	0	0	0	0	0	0	0	0	0	0	0	0	0	0	0	0	0	0	0	0	0	
43642386	1	-1	0	-1	0	1	1	0	0	1	0	0	0	0	0	1	0	-1	0	1	0	1	1	0	1	-1	-1	1	0	-1	0	0	0	1	0	0	1	0	-1	0	-1	0	-1	0	1	0	0	0	0	0	1	0	0	0	0	-1	0	0	0	0	1	1	1	-1	0	0	0	0	1	-1	0	0	1	-1	-1	-1	-1	0	0	0	0	0	-1	0	0	0	0	0	-1	0	1	1	0	1	1	0	0	0	0	0	0	0	0	1	0	0	0	1	1	0	0	0	1	0	0	0	1	1	1	0	1	0	0	0	1	0	0	0	0	0	0	0	-1	0	-1	0	1	0	43642386	34	male	democrat	bachelor	married	selfemployed	hispanic_american	Protestant	yes	yes
10959404	0	0	0	0	0	0	0	0	0	0	0	0	0	0	1	0	0	1	0	0	0	0	0	0	0	0	0	0	0	0	0	0	0	0	0	-1	0	0	0	0	1	0	0	0	0	0	0	0	0	0	0	0	0	0	0	0	0	0	0	0	0	0	0	0	0	0	0	0	0	0	0	0	0	1	0	0	0	0	0	0	0	0	0	0	0	0	0	0	0	0	0	0	0	0	1	0	1	1	1	-1	0	0	0	0	0	0	0	0	0	0	0	0	0	0	0	0	0	0	0	0	1	0	0	0	0	0	0	0	0	0	0	0	0	0	0	-1	0	0	
43641877	1	0	0	0	1	0	0	0	0	1	1	1	1	1	0	0	0	0	1	0	1	0	0	0	0	0	1	0	0	1	0	0	1	1	0	0	0	1	1	0	0	1	0	1	1	1	0	0	0	0	1	1	1	1	1	0	0	1	1	1	0	1	0	1	0	0	1	0	1	1	0	0	1	0	0	0	0	0	1	0	-1	0	0	0	0	1	0	1	1	1	0	0	0	1	0	1	1	1	0	0	1	0	1	0	1	1	1	0	1	1	1	1	1	1	1	1	0	0	0	1	1	1	1	1	0	0	1	1	1	1	1	1	0	0	1	1	0	0	
43584008	0	0	0	0	0	0	0	0	0	1	0	0	0	0	0	0	0	0	0	0	0	0	-1	0	0	0	1	0	0	0	0	0	0	0	0	0	0	0	0	0	-1	0	0	0	-1	0	0	0	0	0	0	0	0	0	0	0	0	0	0	0	0	0	0	0	0	0	0	0	1	0	0	0	0	0	0	0	0	0	0	0	0	0	0	0	0	0	0	0	-1	0	0	0	0	0	0	0	0	0	0	0	0	0	0	1	0	0	0	-1	0	0	0	0	-1	0	0	0	0	0	0	0	0	0	0	0	1	0	0	0	0	0	0	0	0	0	-1	0	0	0	43584008	29	female	democrat	master	single_living_with_partner	student	white	Atheist / Agnostic	yes	yes
43851278	0	-1	0	0	0	0	0	0	0	1	0	0	1	0	0	0	0	1	0	0	0	1	1	1	1	0	1	1	0	1	0	0	0	0	0	0	0	0	0	0	0	1	1	-1	1	0	1	1	0	-1	0	0	0	0	0	0	0	0	0	0	1	0	1	0	0	-1	1	0	1	0	0	0	0	0	0	0	0	0	0	0	0	0	0	1	1	0	0	0	1	0	1	0	0	0	1	0	0	0	0	-1	0	0	0	1	0	0	1	1	1	0	0	0	1	0	0	0	0	0	-1	0	1	0	0	0	1	1	0	0	0	0	1	0	1	-1	0	1	0	0	43851278	25	male	democrat	bachelor	single_living_with_parents	employee	black_or_african_american	Protestant	yes	yes
39531214	0	0	0	0	0	0	0	0	1	1	1	1	1	1	1	1	-1	-1	-1	-1	1	0	0	0	0	1	0	0	0	0	1	0	1	1	0	0	0	0	0	-1	0	0	0	-1	0	0	-1	0	0	0	0	0	0	0	0	0	1	0	0	0	0	0	0	0	1	1	-1	-1	-1	-1	-1	0	1	0	-1	1	-1	0	0	0	0	0	0	0	-1	1	1	-1	0	0	0	0	0	0	0	0	0	0	0	0	0	0	0	0	0	0	0	0	0	0	-1	0	0	1	0	0	-1	0	0	0	0	0	0	1	0	0	0	0	0	0	0	0	0	0	0	0	1	1	
27947324	0	0	0	0	0	0	0	0	1	0	0	0	1	0	0	0	0	1	0	1	0	1	0	-1	0	0	0	0	0	0	1	0	0	0	0	-1	1	0	-1	0	0	1	-1	0	-1	1	-1	1	0	0	0	0	-1	0	0	-1	0	0	0	0	0	0	0	0	1	0	0	0	0	1	0	0	0	1	0	-1	-1	0	1	0	0	1	0	1	0	0	0	0	0	0	0	0	0	0	0	0	0	0	0	0	0	0	0	1	0	0	0	0	0	0	0	0	0	0	0	0	1	0	0	0	1	0	0	0	1	1	1	-1	0	0	1	0	0	0	0	0	0	0	27947324	40	male	democrat	bachelor	married	employee	hispanic_american	Roman Catholic	yes	yes
8921119	0	-1	0	-1	0	0	0	1	0	1	-1	0	0	1	1	1	1	0	0	0	1	1	1	1	0	1	0	0	1	0	0	0	0	1	1	0	-1	0	0	1	-1	0	0	0	0	-1	0	0	-1	1	1	1	1	1	1	1	0	1	0	0	0	0	0	1	1	0	0	-1	0	1	-1	0	0	0	0	0	0	1	-1	0	1	1	1	1	1	-1	0	0	-1	1	0	0	0	0	1	-1	1	1	1	-1	0	1	0	0	1	0	0	0	1	0	-1	0	0	1	1	-1	0	0	0	0	0	0	1	0	0	0	0	0	0	-1	1	-1	0	1	0	1	0	1	
39513281	0	0	0	0	0	0	0	0	0	0	0	0	0	0	0	0	0	0	0	0	0	0	0	0	0	0	0	0	0	0	0	0	0	0	0	0	0	0	0	0	0	0	0	0	0	0	0	0	0	0	0	0	0	0	0	0	0	0	0	0	0	0	0	0	-1	-1	-1	1	0	0	0	0	0	0	0	0	0	0	0	0	0	0	0	0	0	0	0	0	0	0	0	0	0	0	0	0	0	0	0	0	0	0	0	0	0	0	0	0	0	0	0	0	0	0	0	0	0	0	0	0	0	0	0	0	0	0	0	0	0	0	0	0	0	0	0	0	0	0	
42864658	0	0	0	0	0	0	0	0	0	0	0	0	0	0	0	0	0	0	0	0	0	1	0	0	0	0	0	0	0	0	0	0	0	0	0	0	-1	0	0	0	0	0	0	0	0	0	0	0	0	0	0	0	0	0	0	1	0	0	0	0	0	0	0	0	0	0	0	0	0	0	0	0	0	0	0	0	0	0	0	0	0	0	0	0	0	0	0	0	0	0	0	0	0	0	0	0	0	0	0	0	0	0	0	0	0	0	0	0	0	0	0	0	0	0	0	0	0	0	0	0	-1	0	0	0	0	0	0	0	0	0	0	0	0	0	0	0	0	0	42864658	38	male	democrat	some_college	married	employee	white	Protestant	yes	yes
35330747	0	0	0	0	0	0	0	1	0	-1	0	0	0	0	-1	-1	-1	0	0	0	-1	0	-1	0	0	-1	0	0	1	-1	1	1	0	0	1	0	0	0	-1	-1	-1	0	0	0	0	0	-1	-1	0	1	0	0	0	-1	0	0	1	0	0	0	0	1	0	0	0	0	1	1	0	-1	0	0	0	0	1	0	0	1	0	1	0	0	0	0	1	-1	1	-1	0	-1	1	-1	-1	1	1	1	1	-1	0	0	0	0	-1	0	1	1	-1	1	0	0	-1	0	0	0	0	0	-1	0	0	0	0	0	1	0	0	-1	0	0	1	0	0	1	0	1	1	-1	0	0	35330747	22	female	none	some_college	single_living_with_parents	employee	white	Atheist / Agnostic	no	yes
33266010	0	-1	0	0	-1	-1	-1	-1	0	0	0	0	0	0	0	0	0	0	0	0	0	0	0	0	1	1	1	1	0	0	0	0	0	0	0	0	0	1	0	0	0	0	1	0	1	1	1	1	0	0	0	0	0	0	0	1	0	0	0	0	0	0	0	0	0	0	0	0	0	0	0	0	1	1	1	1	0	0	0	0	0	1	0	1	0	0	0	0	0	1	0	0	1	0	0	0	0	0	0	1	1	0	0	0	0	1	0	0	0	0	0	1	0	0	1	0	0	0	0	1	0	1	0	0	0	0	0	0	1	-1	0	0	-1	0	0	0	0	0	
43904063	0	0	0	0	0	1	0	0	0	0	0	0	0	0	0	0	0	0	0	0	0	0	0	0	1	0	0	0	0	0	0	0	0	0	0	0	0	0	0	0	0	0	0	0	0	1	0	0	0	0	0	0	0	0	0	0	0	0	1	0	0	0	-1	0	0	0	0	0	0	0	0	0	0	0	0	0	0	0	0	0	0	0	0	0	0	0	0	0	0	0	0	0	-1	0	0	0	0	0	0	0	0	0	-1	0	0	0	0	1	0	0	0	0	0	0	0	0	0	0	0	0	0	0	0	0	0	0	0	0	0	0	0	0	0	0	0	0	0	0	
37292698	0	0	0	1	0	0	0	0	0	0	0	0	0	0	0	0	0	0	0	0	0	0	0	-1	-1	0	0	1	0	0	0	1	0	0	0	0	0	0	0	1	0	0	0	0	0	0	-1	-1	1	1	-1	1	1	-1	1	1	0	1	-1	0	0	0	0	0	-1	1	-1	0	0	0	0	0	0	0	0	0	0	-1	0	0	1	1	1	1	1	1	0	0	0	1	0	0	0	0	0	0	1	1	-1	-1	0	0	0	0	0	0	0	0	0	1	0	0	0	0	0	0	0	0	1	0	0	1	1	0	0	0	0	0	0	0	0	1	0	1	0	0	0	0	
34093227	0	0	0	0	0	1	0	0	0	0	0	0	0	0	0	0	0	1	0	0	0	0	0	0	0	0	0	1	1	0	0	0	0	0	0	0	0	0	0	1	0	0	0	0	0	0	0	0	1	0	0	0	0	0	0	0	0	0	-1	0	0	0	0	0	0	0	0	0	0	0	0	1	0	1	0	0	0	1	0	0	0	0	0	0	0	0	0	0	0	0	0	0	1	0	0	0	0	0	1	0	0	0	0	0	0	0	0	0	0	1	0	0	0	0	0	0	0	0	1	0	0	1	0	0	0	0	0	0	0	0	0	0	0	0	0	0	1	0	
18666417	0	-1	0	-1	0	1	0	0	0	1	1	0	0	1	1	0	0	0	0	1	1	1	0	1	0	-1	0	0	-1	0	0	0	0	-1	1	0	0	1	0	0	0	0	0	0	0	0	0	0	1	1	0	1	1	1	1	1	0	1	0	0	1	-1	-1	-1	-1	0	0	0	0	0	0	0	0	0	0	0	0	-1	-1	0	1	1	1	1	0	1	0	0	0	1	0	-1	0	0	0	0	1	1	-1	1	0	1	0	0	0	0	0	0	0	0	0	0	0	1	0	-1	0	-1	0	0	0	0	1	0	0	0	0	0	0	0	0	0	0	-1	0	0	0	1	18666417	57	female	democrat	some_college	single_living_alone	retired	white	Roman Catholic	no	yes
43994669	0	1	0	1	0	-1	0	0	0	1	1	0	0	1	0	0	0	1	0	0	1	1	1	1	0	1	0	1	0	0	0	0	0	0	1	0	0	0	0	1	1	0	0	0	0	0	0	0	0	1	1	1	1	1	1	1	-1	1	1	0	0	0	0	0	1	1	0	0	0	0	1	1	0	1	0	0	0	1	-1	0	1	1	-1	1	1	0	0	0	0	1	0	0	1	1	0	1	1	1	1	1	1	-1	1	1	1	1	1	1	0	1	0	0	0	1	-1	0	0	0	1	0	0	-1	-1	0	0	0	0	0	0	0	1	0	0	1	0	0	1	-1	43994669	24	male	none	associate_degree	single_living_with_partner	selfemployed	white	Atheist / Agnostic	yes	yes
43989034	0	0	1	0	0	1	0	0	1	1	-1	1	1	1	1	1	-1	0	0	0	1	0	0	0	1	0	0	0	0	0	1	1	-1	0	0	1	0	0	0	0	0	0	0	0	0	1	0	0	0	0	0	1	-1	0	-1	0	1	0	1	0	1	0	-1	0	1	0	0	0	0	0	0	1	0	0	0	-1	0	0	0	0	0	1	0	0	0	0	0	0	0	0	0	0	1	0	0	0	-1	0	1	0	1	0	-1	0	0	0	0	1	0	1	0	-1	0	1	0	-1	-1	-1	1	1	0	1	0	1	0	0	-1	0	0	0	1	0	0	-1	0	1	1	0	
43907115	0	0	0	0	0	0	0	0	0	0	0	0	0	0	0	0	0	0	0	0	1	0	-1	0	0	0	1	0	0	0	0	0	0	0	0	0	0	0	0	0	0	0	0	0	0	1	0	0	0	0	0	0	0	0	0	0	0	0	0	0	0	0	0	0	0	0	0	0	-1	0	0	0	0	0	0	0	0	1	0	0	0	0	0	0	0	0	0	0	0	0	0	0	0	0	0	0	0	-1	0	0	0	0	1	0	0	0	0	0	0	0	0	0	0	0	0	0	0	0	0	0	0	0	0	0	0	0	0	0	0	0	0	0	-1	1	1	1	0	0	43907115	21	male	democrat	high_school	married	student	american_indian_or_alaska_native	Muslim	yes	yes
43942953	0	1	0	1	0	1	0	1	0	1	1	0	0	1	1	1	0	0	0	0	1	1	1	1	0	1	0	0	0	0	0	0	0	1	1	0	0	0	0	0	1	0	0	0	0	0	1	0	0	1	1	0	0	0	0	0	0	0	0	0	1	1	1	1	0	1	0	1	0	0	1	0	0	0	0	0	0	1	1	0	0	0	0	0	1	1	0	0	1	0	0	0	0	0	1	0	0	1	0	0	0	1	1	0	0	1	0	0	0	0	0	0	0	1	1	0	1	0	0	0	0	0	1	0	0	1	0	0	0	0	1	1	0	1	0	1	0	1	
38198526	0	0	0	0	0	0	0	1	0	0	0	0	0	0	1	1	0	0	0	0	0	0	0	0	-1	-1	1	1	0	0	0	0	0	1	0	0	0	1	0	0	1	0	-1	0	1	1	1	1	0	0	0	0	0	0	0	0	0	0	0	0	0	0	0	0	0	0	0	-1	0	0	1	0	1	0	1	-1	0	0	0	0	0	0	0	1	1	0	0	0	-1	-1	0	0	1	0	1	0	0	0	0	1	1	0	0	0	0	0	0	0	0	0	0	-1	0	0	1	0	0	0	0	0	0	1	1	0	0	0	0	0	-1	0	1	0	0	1	0	1	0	0	38198526	49	male	democrat	some_college	single_living_with_partner	selfemployed	white	Atheist / Agnostic	no	yes
43912740	0	0	0	0	0	0	0	0	0	0	0	0	0	0	0	0	0	0	0	1	0	0	0	0	0	0	0	0	0	0	0	0	0	0	0	0	0	0	0	0	0	0	0	0	0	0	0	0	0	0	0	0	0	0	0	0	0	0	0	0	0	0	0	0	0	0	0	0	0	0	0	0	0	0	0	0	0	0	0	0	0	0	0	0	-1	0	0	0	0	0	0	0	0	0	0	0	0	0	0	0	0	0	0	1	0	0	0	0	0	0	0	0	0	0	0	0	0	1	0	0	0	0	0	0	0	0	0	0	0	0	0	0	0	0	0	0	0	0	
29571331	0	0	0	0	0	0	0	0	-1	-1	-1	1	1	1	1	-1	-1	0	0	0	0	0	0	0	0	0	0	0	0	0	-1	1	-1	0	0	0	0	0	0	0	0	0	0	0	0	0	0	0	0	0	0	1	0	0	0	0	1	0	0	0	1	0	0	0	1	0	0	0	0	0	0	-1	-1	0	0	-1	0	0	0	0	0	0	0	0	0	0	0	0	0	0	0	0	0	0	0	0	1	0	1	0	1	0	0	0	0	0	0	0	0	1	0	-1	0	1	0	0	0	0	0	0	0	0	0	-1	0	0	-1	0	0	0	0	0	0	1	0	0	1	1	29571331	21	male	democrat	high_school	single_living_with_parents	unemployedseeking_employment	black_or_african_american	Roman Catholic	no	yes
43884123	0	0	0	-1	-1	0	1	0	1	1	-1	-1	1	1	-1	1	-1	0	1	1	0	0	-1	0	1	1	-1	1	1	1	1	0	0	-1	0	0	0	1	-1	0	0	1	0	-1	-1	0	-1	0	0	1	0	-1	0	1	1	0	1	0	1	1	0	-1	0	-1	-1	1	0	0	-1	1	0	0	1	-1	1	1	0	1	-1	0	-1	1	0	0	0	0	0	-1	0	0	0	1	0	0	0	1	0	0	0	0	0	0	0	0	0	-1	0	0	-1	1	0	1	0	0	1	1	1	1	0	0	-1	-1	1	1	0	0	1	1	0	0	0	1	1	0	-1	-1	0	1	
13581319	0	0	1	0	0	0	1	1	1	1	1	1	1	1	1	1	-1	0	1	1	1	0	-1	0	0	1	0	0	1	-1	0	1	0	1	0	0	-1	-1	0	-1	0	0	0	0	0	1	1	0	0	0	0	1	0	1	0	0	1	0	0	0	0	1	0	-1	1	1	1	0	0	1	-1	-1	0	0	0	-1	1	-1	-1	1	0	0	0	1	-1	1	1	-1	0	0	0	1	0	0	0	-1	1	1	0	0	0	0	0	1	1	0	0	0	0	1	-1	-1	0	1	0	-1	0	1	0	0	0	0	0	1	-1	1	-1	1	1	-1	0	-1	0	1	1	0	1	0	
43984981	-1	-1	-1	-1	0	0	1	0	0	0	-1	-1	0	0	0	0	0	0	-1	0	-1	0	0	0	0	0	0	0	0	0	0	0	1	0	0	1	-1	-1	-1	-1	0	0	0	1	0	0	0	0	0	1	-1	0	0	-1	-1	0	0	-1	0	0	0	0	0	0	0	0	0	0	0	0	0	0	1	0	0	0	0	0	0	0	0	0	0	0	0	0	1	0	0	1	0	0	0	0	0	1	0	0	0	0	-1	0	0	0	0	1	0	0	0	0	0	0	1	1	1	-1	0	0	0	-1	0	1	0	-1	0	0	0	0	-1	-1	-1	1	0	0	0	0	0	0	
32569659	0	0	0	0	1	0	0	0	0	0	0	0	0	0	-1	0	0	0	0	0	0	0	0	0	0	0	0	0	0	0	0	0	0	0	0	0	0	0	0	0	0	0	0	0	0	0	0	0	0	0	0	0	1	0	0	0	0	0	0	0	0	0	1	0	0	0	0	0	0	0	0	0	0	0	0	0	0	0	0	1	0	0	0	0	0	0	1	-1	0	0	0	-1	0	0	0	0	0	0	0	0	0	-1	0	0	0	0	0	0	0	-1	0	0	0	0	0	0	0	0	0	0	0	0	0	0	0	0	0	1	0	0	0	0	0	0	0	0	0	0	
34824899	0	0	0	0	0	0	0	0	0	0	0	0	0	0	0	0	0	0	0	0	0	0	0	0	0	0	0	0	0	0	0	0	0	0	0	0	0	0	-1	0	0	0	0	0	0	0	0	0	0	0	0	0	0	0	0	0	0	0	0	0	0	0	0	0	0	0	0	0	0	0	0	0	0	0	1	0	0	0	0	1	0	0	0	0	0	0	0	0	-1	1	-1	1	0	0	0	0	1	0	0	0	0	0	0	0	0	0	0	0	0	0	0	0	0	0	0	0	0	0	0	0	0	0	0	0	0	0	0	0	0	0	0	0	0	0	0	0	0	0	34824899	41	female	independent	master	single_living_alone	employee	white	Protestant	no	yes
43936844	0	0	0	-1	0	0	1	0	1	0	0	0	0	0	0	1	1	0	0	0	0	0	0	-1	0	0	0	0	-1	0	0	0	1	0	0	0	-1	0	0	0	0	0	0	0	1	0	0	0	0	0	0	0	0	1	0	0	1	1	-1	1	0	1	0	0	1	0	0	0	-1	1	0	0	0	0	0	-1	0	0	0	1	0	0	-1	0	0	0	0	0	0	0	0	1	0	1	0	0	0	1	0	0	0	0	0	0	0	0	1	0	1	0	0	-1	0	0	0	0	0	-1	0	0	1	1	-1	1	1	1	0	0	0	1	0	0	1	0	0	0	1	0	
43936834	0	0	0	-1	0	0	-1	0	1	0	0	1	0	0	0	1	1	1	1	0	0	1	0	1	1	1	1	1	-1	1	0	0	-1	0	0	0	-1	0	-1	-1	0	0	-1	1	-1	1	1	1	0	0	0	0	0	1	0	-1	-1	-1	-1	1	0	0	0	1	1	0	0	0	-1	1	1	1	-1	1	-1	-1	0	0	0	-1	0	0	-1	0	0	0	1	0	0	0	0	-1	0	1	0	0	0	0	0	0	0	0	0	0	1	0	0	0	1	0	1	0	0	0	0	0	1	1	0	0	1	0	0	1	-1	0	0	0	1	0	0	-1	1	0	0	0	1	0	43936834	29	male	democrat	some_college	married	employee	hispanic_american	Roman Catholic	yes	no
12115558	0	1	-1	-1	0	1	0	1	1	1	1	1	0	1	0	0	0	1	1	0	1	1	1	-1	0	1	0	1	-1	0	-1	1	0	0	1	-1	0	0	-1	1	1	1	-1	1	-1	1	-1	1	1	1	-1	1	0	1	-1	1	1	-1	1	0	0	0	0	0	0	1	-1	0	0	1	0	1	1	1	0	0	-1	-1	-1	0	1	1	1	1	1	-1	0	0	0	-1	0	0	1	1	1	-1	1	1	-1	1	0	1	-1	1	1	-1	1	-1	0	1	0	0	0	1	0	0	0	1	1	0	0	-1	1	0	0	0	0	1	1	0	0	-1	0	-1	-1	0	1	1	12115558	64	female	democrat	bachelor	married	retired	white	Roman Catholic	yes	yes
43689028	0	0	0	0	0	0	0	0	0	0	0	0	0	0	0	0	1	0	0	0	0	0	0	0	0	0	0	0	-1	0	0	0	0	0	0	0	0	0	0	0	0	0	0	0	0	0	0	0	0	0	0	0	0	1	0	0	0	0	0	0	0	0	0	0	0	0	0	0	0	0	0	0	0	0	0	0	0	0	0	1	0	0	0	0	0	0	0	0	0	0	0	0	0	0	0	0	0	0	0	0	0	0	0	0	0	0	0	0	0	0	0	0	0	0	0	0	0	0	0	0	0	0	0	0	0	0	0	0	0	0	0	0	0	0	0	0	0	0	
43866745	0	0	1	0	1	0	0	1	1	0	1	-1	0	0	1	0	0	0	0	0	0	0	0	0	1	0	0	1	0	0	0	1	0	0	1	0	1	0	0	1	0	0	0	0	0	0	0	0	0	0	1	0	1	0	0	-1	0	0	0	0	0	0	1	0	0	0	0	0	0	0	0	0	1	0	0	0	0	0	0	1	0	0	-1	0	0	0	1	-1	0	0	-1	1	0	0	0	0	0	0	0	0	0	1	0	0	1	0	0	0	1	1	-1	0	0	0	0	0	0	0	0	0	0	0	0	0	0	0	0	1	0	0	0	0	0	0	0	0	0	1	43866745	43	female	none	associate_degree	married	employee	white	Protestant	yes	yes
43954811	0	0	0	0	0	0	0	0	0	0	0	1	0	0	0	0	0	0	0	0	0	0	0	0	0	0	0	0	0	0	0	0	0	0	0	0	0	0	0	0	0	0	0	1	0	0	0	0	0	0	0	0	0	0	0	0	0	0	0	0	0	0	0	0	0	0	0	0	0	0	0	0	0	0	0	0	0	0	0	0	0	0	0	0	0	0	1	0	0	0	0	0	0	0	0	0	0	0	0	0	0	0	0	0	0	0	0	0	0	0	0	0	0	0	0	0	0	0	0	0	0	0	0	-1	0	0	0	0	0	0	0	0	0	0	0	0	0	0	
43992695	0	0	0	0	0	0	0	0	0	0	0	0	0	0	0	0	0	0	0	0	0	0	0	0	0	0	0	0	0	0	0	0	-1	0	0	0	0	0	0	0	0	0	0	0	0	0	0	0	0	0	0	0	0	0	0	0	1	1	1	1	0	0	0	0	0	0	0	0	1	0	0	0	0	0	0	0	0	0	0	0	0	0	0	0	0	0	0	0	0	0	0	0	0	0	0	0	0	0	0	0	0	0	0	0	0	0	0	0	0	0	0	0	0	0	0	0	0	0	0	0	0	0	0	0	0	0	0	0	0	0	0	0	1	0	0	0	0	0	
43806326	1	1	0	0	0	0	0	0	0	1	0	0	1	0	0	0	0	1	0	0	0	1	1	1	1	0	-1	1	0	1	0	0	0	0	0	0	0	0	0	0	1	1	1	-1	1	0	1	1	0	1	0	0	0	0	0	0	0	0	0	0	1	0	-1	0	0	1	-1	0	-1	0	0	0	0	0	0	0	0	0	0	0	0	0	0	1	1	0	0	0	1	0	1	0	0	0	1	0	0	0	0	1	0	0	0	1	0	0	1	-1	-1	0	0	0	1	0	0	0	0	0	1	0	-1	0	0	0	1	1	0	0	0	0	1	0	-1	1	1	1	0	0	43806326	26	male	democrat	bachelor	single_living_with_parents	employee	white	Protestant	yes	yes
43986037	0	0	0	0	0	0	0	0	0	0	0	0	0	0	0	0	0	0	0	0	0	-1	0	0	0	0	0	0	0	0	0	0	0	0	0	0	1	0	0	0	0	0	0	0	0	0	0	0	0	0	0	0	0	0	0	1	0	0	0	0	0	0	0	0	0	0	0	0	0	0	0	0	0	0	0	0	0	0	0	0	0	0	0	0	0	0	0	0	0	0	0	0	0	0	0	0	0	0	0	0	0	0	0	0	0	0	0	0	0	0	0	0	0	0	0	0	0	0	0	0	1	0	0	0	0	0	0	0	0	0	0	0	0	0	0	0	0	0	43986037	55	female	republican	some_college	married	selfemployed	white	Protestant	yes	yes
43498598	1	0	1	-1	0	0	0	0	0	1	1	1	1	0	0	1	1	0	0	0	1	0	0	1	0	0	-1	0	0	0	0	0	1	1	1	0	1	0	1	0	0	-1	1	1	-1	-1	0	0	0	0	1	0	1	1	0	0	0	1	-1	0	0	-1	0	-1	0	0	1	1	1	0	0	0	1	0	0	-1	1	0	-1	0	1	0	1	1	0	1	0	1	1	-1	0	0	0	0	0	1	-1	1	0	0	1	0	1	1	1	1	1	0	0	1	0	0	1	1	1	0	0	1	0	1	1	1	0	1	0	1	1	1	1	-1	-1	-1	0	0	-1	1	0	0	
37799090	0	-1	0	0	0	1	0	0	1	1	1	0	0	-1	0	0	0	1	0	-1	1	1	-1	1	0	1	0	0	1	0	1	1	0	0	1	0	0	0	-1	1	1	0	0	0	0	0	0	1	1	0	0	0	-1	1	-1	-1	1	1	1	0	0	0	0	0	1	1	-1	0	0	0	-1	1	0	1	1	0	0	1	-1	1	1	-1	0	0	1	1	0	0	-1	-1	-1	1	1	1	-1	1	1	0	1	-1	1	1	1	1	1	-1	1	1	0	1	0	0	0	1	1	0	0	1	1	0	0	0	1	0	0	0	0	0	0	0	1	-1	0	0	0	0	1	1	37799090	24	female	independent	high_school	single_living_with_partner	unemployedseeking_employment	white	Buddhist	no	yes
43861611	0	0	0	0	0	0	0	0	1	0	0	0	0	0	0	0	0	0	0	0	0	0	0	0	0	-1	0	0	0	0	-1	0	0	0	0	0	0	0	0	0	0	0	0	0	0	0	0	0	0	0	0	0	0	0	0	0	0	0	0	0	0	0	0	0	0	0	0	0	0	0	0	0	0	0	0	0	0	0	0	0	0	0	0	0	0	0	0	0	0	0	0	0	-1	1	-1	-1	0	0	0	1	0	0	0	0	1	1	-1	1	0	0	0	0	0	0	0	0	0	0	0	0	0	0	0	0	0	0	0	0	0	0	0	0	0	0	0	0	0	0	43861611	28	female	independent	bachelor	married	unemployedseeking_employment	white	Protestant	no	yes
43642991	0	0	0	1	0	1	0	0	0	0	0	0	0	0	0	0	0	0	0	0	0	0	0	0	0	0	0	0	0	0	0	0	0	1	0	0	0	0	0	0	0	0	0	0	0	0	0	0	0	0	1	0	0	0	0	0	0	0	0	0	1	1	1	1	0	0	0	0	0	0	0	0	0	0	0	0	0	0	0	0	0	0	0	0	0	0	0	0	0	0	0	0	0	0	0	0	0	0	0	0	0	0	0	0	0	0	0	0	0	0	0	0	0	0	0	0	0	0	0	0	0	0	0	0	0	0	0	0	0	0	0	0	0	0	0	0	0	0	
38858920	0	0	0	0	0	0	0	0	0	0	0	1	1	0	0	0	0	0	0	0	0	0	0	0	0	0	0	0	0	1	0	0	0	0	0	0	0	0	0	0	-1	1	1	1	0	0	0	1	0	0	0	0	0	0	0	0	0	0	0	0	0	0	0	0	0	-1	1	0	0	0	0	0	0	0	0	0	0	0	0	0	0	0	0	0	0	0	1	0	0	0	1	0	0	0	0	0	0	0	0	0	0	0	0	0	0	0	0	0	0	0	0	0	0	0	0	0	0	0	0	0	-1	0	0	1	-1	0	0	0	0	0	0	0	0	0	0	0	0	0	38858920	41	female	republican	doc	single_living_alone	unemployedseeking_employment	white	Roman Catholic	yes	yes
34554100	0	0	0	0	0	0	0	0	1	1	1	1	1	1	1	1	-1	0	0	0	0	0	0	0	0	0	0	0	0	0	1	1	-1	0	0	0	0	0	0	0	0	0	0	0	0	0	0	0	0	0	0	1	0	0	0	0	1	0	0	0	1	0	0	0	1	0	0	0	0	0	0	1	1	0	0	-1	0	0	0	0	0	0	0	0	0	0	0	0	0	0	0	0	0	0	0	0	1	0	1	0	-1	0	0	0	0	0	0	0	0	1	0	-1	0	1	0	0	1	1	1	1	0	0	0	1	0	0	-1	0	0	0	0	0	0	-1	0	0	1	1	34554100	30	female	independent	high_school	single_living_with_partner	selfemployed	white	other:baptist	no	yes
43944033	0	0	0	0	0	0	0	0	0	0	0	1	0	0	0	0	1	1	1	1	1	0	0	0	0	1	0	0	0	0	0	-1	0	1	0	0	0	0	1	-1	0	0	0	-1	0	0	1	-1	0	0	0	0	0	0	0	0	-1	0	0	0	0	0	0	0	0	0	-1	0	1	1	-1	-1	0	0	-1	0	1	0	0	1	0	0	0	0	1	-1	1	-1	-1	1	1	1	0	0	0	0	1	0	0	0	0	0	0	0	0	0	0	0	0	0	-1	0	0	0	0	0	1	0	0	0	0	0	0	-1	0	0	0	0	0	0	0	1	0	0	0	0	0	0	
43945372	0	0	0	0	0	0	0	0	0	0	0	0	0	0	0	0	0	0	0	0	0	0	0	0	0	0	0	0	0	0	0	0	0	0	0	0	0	0	-1	0	0	0	0	0	0	0	0	0	0	0	0	0	0	0	0	0	0	0	0	0	0	0	0	0	0	0	0	0	0	0	0	0	0	0	-1	0	0	0	0	1	0	0	0	0	0	0	0	0	-1	-1	-1	1	0	0	0	0	-1	0	0	0	0	0	0	0	0	0	0	0	0	0	0	0	0	0	0	0	0	0	0	0	0	0	0	0	0	0	0	0	0	0	0	0	0	0	0	0	0	0	
43876255	0	0	0	0	0	0	0	0	0	0	0	0	0	0	0	0	0	0	0	1	0	0	0	0	0	0	0	0	0	0	0	1	0	0	0	0	0	0	0	0	0	0	0	0	0	0	0	-1	0	0	0	0	0	0	0	0	0	0	0	0	0	0	0	0	0	0	1	0	0	0	0	0	0	0	0	0	0	0	0	0	0	0	0	0	1	0	0	0	0	0	0	0	0	0	0	0	0	0	0	0	0	0	0	1	0	0	0	0	0	0	0	0	0	0	0	0	0	1	0	0	0	0	0	0	0	0	0	0	0	0	0	1	0	0	0	0	0	0	43876255	27	male	independent	associate_degree	married	employee	white	Protestant	no	yes
30410452	0	0	0	0	0	0	0	0	0	0	0	0	0	0	0	0	0	0	0	0	0	0	0	0	0	0	0	0	0	0	0	0	0	0	0	0	0	0	0	0	0	0	0	0	0	0	0	0	0	0	0	0	0	0	0	0	0	0	0	0	0	0	0	0	0	0	0	0	0	0	0	0	0	0	0	0	0	0	0	0	0	0	0	0	0	0	0	0	0	0	0	0	0	0	0	0	0	0	0	0	0	0	0	0	0	0	0	0	0	0	0	0	0	0	0	0	0	0	0	0	0	0	0	0	0	0	0	0	0	0	0	0	-1	1	1	1	0	0	30410452	22	male	democrat	associate_degree	single_living_with_partner	employee	white	Atheist / Agnostic	no	yes
43811734	0	0	0	0	0	0	0	0	-1	1	-1	-1	1	1	-1	-1	1	0	0	0	0	0	0	0	0	0	0	0	0	0	-1	1	1	0	0	0	0	0	0	0	0	0	0	0	0	0	0	0	0	0	0	1	0	0	0	0	1	0	0	0	-1	0	0	0	-1	0	0	0	0	0	0	-1	1	0	0	1	0	0	0	0	0	0	0	0	0	0	0	0	0	0	0	0	0	0	0	0	1	0	-1	0	-1	0	0	0	0	0	0	0	0	1	0	1	0	-1	0	0	1	1	1	1	0	0	0	-1	0	0	1	0	0	0	0	0	0	-1	0	0	1	1	
43393412	0	0	0	1	0	0	-1	0	-1	0	0	0	0	0	0	0	-1	0	0	1	0	0	0	1	0	0	0	0	1	-1	0	0	1	0	0	0	0	0	1	0	0	0	1	0	0	-1	-1	1	0	0	0	0	0	1	0	0	1	-1	-1	0	0	0	0	0	1	0	0	0	1	0	0	0	0	0	0	0	-1	0	0	-1	0	0	1	0	0	0	0	0	0	0	0	1	0	1	0	0	0	0	0	0	0	0	0	0	0	0	0	0	0	0	0	0	0	0	0	0	0	1	0	0	0	0	0	0	-1	0	0	0	0	0	0	0	-1	0	0	0	1	0	
43916681	0	0	0	1	0	1	-1	0	1	0	0	0	0	0	0	1	1	0	0	1	0	0	1	1	0	0	0	0	1	-1	0	0	1	1	0	0	0	0	1	0	0	0	1	0	1	0	1	0	0	1	1	0	0	1	0	0	1	1	1	1	1	1	1	-1	-1	1	0	0	1	0	0	1	1	-1	-1	1	1	-1	0	-1	0	0	1	0	0	0	1	0	0	0	0	1	0	1	0	0	0	1	0	0	0	0	1	0	0	1	0	0	0	0	0	0	0	0	0	0	1	1	0	0	0	0	0	-1	1	1	0	0	0	1	0	1	-1	0	0	0	1	1	43916681	24	male	none	associate_degree	single_living_with_parents	student	hispanic_american	Roman Catholic	yes	yes
6309240	0	0	0	0	1	1	1	1	0	0	0	0	0	0	1	0	0	0	0	0	0	0	0	0	0	0	0	0	0	0	0	0	0	0	0	0	0	0	0	0	0	0	0	0	0	0	0	0	1	0	0	0	1	1	1	1	0	0	0	0	0	0	-1	0	1	0	0	0	0	0	0	0	0	0	-1	0	0	0	0	0	1	1	0	0	0	1	0	0	0	0	0	0	0	0	0	0	0	0	0	0	0	1	0	0	0	0	0	0	0	0	0	0	0	0	0	0	0	0	0	0	0	0	0	0	0	0	0	1	0	0	0	0	1	0	0	0	0	0	6309240	50	female	republican	bachelor	single_living_with_parents	employee	asien	Roman Catholic	yes	yes
31349958	0	1	-1	-1	1	1	1	0	0	1	0	1	1	0	0	0	-1	0	1	0	0	1	-1	1	0	0	0	1	0	0	0	0	1	0	0	0	-1	-1	1	-1	1	0	-1	1	1	0	0	0	0	1	0	1	0	1	-1	0	0	-1	0	1	1	-1	0	0	0	1	-1	0	0	1	0	0	-1	-1	0	1	-1	0	0	0	0	0	-1	1	1	1	0	0	-1	1	0	0	1	1	1	0	1	1	0	1	1	0	0	1	-1	0	1	0	-1	0	1	-1	1	1	-1	0	0	0	1	0	1	0	1	1	1	1	0	0	0	-1	0	0	-1	-1	0	0	0	0	31349958	37	female	republican	vocational_secondary_certification	single_living_alone	unemployedseeking_employment	white	Atheist / Agnostic	yes	yes
31585018	0	0	0	0	0	0	0	0	0	0	0	1	0	0	0	0	1	-1	-1	1	0	0	0	0	0	0	0	0	0	0	0	0	0	0	0	0	0	0	0	0	0	0	0	1	0	0	0	0	0	0	0	0	0	0	0	0	0	0	0	0	0	0	0	0	0	0	0	0	1	1	1	-1	0	0	-1	0	-1	0	0	0	0	0	0	1	0	0	1	0	0	-1	0	0	0	0	0	0	0	0	0	1	0	0	0	0	0	0	0	0	0	0	0	0	0	0	1	0	1	0	0	0	0	0	0	1	0	0	0	0	1	0	0	0	0	0	0	0	0	0	31585018	30	female	democrat	associate_degree	married	unemployedseeking_employment	white	Atheist / Agnostic	no	yes
43912578	0	0	0	0	0	0	0	1	0	0	0	1	0	0	0	0	-1	1	1	1	1	0	0	0	0	1	1	0	1	-1	1	1	0	1	0	0	0	0	-1	-1	0	0	0	1	0	1	-1	1	0	0	0	0	0	0	0	0	1	0	0	0	0	1	0	0	1	1	-1	-1	-1	1	-1	1	0	0	0	0	1	0	0	1	0	0	0	0	-1	1	1	-1	-1	-1	1	1	0	0	0	0	1	0	0	0	0	0	0	0	0	0	0	0	0	0	-1	0	0	0	0	0	1	0	0	0	0	0	0	1	0	0	0	0	1	0	0	-1	0	0	-1	0	0	0	
43938234	0	0	0	0	0	0	0	0	1	1	1	1	1	1	1	1	0	0	0	0	0	0	0	0	0	0	0	0	0	0	1	1	1	0	0	0	0	0	0	0	0	0	0	0	0	-1	0	0	0	0	0	0	0	1	0	0	1	0	0	0	0	0	0	-1	0	0	0	1	0	0	0	1	1	0	0	1	0	0	0	0	0	0	0	0	0	0	0	0	0	0	0	0	0	0	0	-1	1	0	0	0	0	0	0	0	-1	0	0	0	0	0	0	0	0	1	0	-1	0	0	0	0	0	0	0	0	0	0	0	0	0	0	0	-1	0	1	0	0	1	1	
43651516	0	1	0	0	1	-1	1	1	0	0	0	0	0	0	-1	-1	0	0	0	0	0	0	0	0	0	0	0	-1	1	0	0	0	0	-1	0	0	0	0	0	0	1	0	0	0	0	0	0	0	0	0	0	0	0	0	0	1	1	0	0	0	0	0	0	0	0	-1	0	-1	0	0	-1	0	0	0	1	0	0	1	0	0	1	1	0	0	0	0	0	0	1	0	0	0	0	0	-1	0	0	0	1	0	1	-1	1	-1	0	1	0	1	0	0	0	0	0	0	0	0	0	0	1	1	0	1	1	0	0	0	0	0	0	-1	0	0	-1	1	0	1	0	0	
43959216	-1	-1	0	0	0	0	0	0	0	1	0	0	-1	0	0	0	0	1	0	0	0	1	1	-1	1	0	0	1	0	-1	0	0	0	0	0	0	0	0	0	0	0	0	0	1	1	0	1	1	0	-1	0	0	0	0	0	0	0	0	0	0	1	0	-1	0	0	1	1	0	1	0	0	0	0	0	0	0	0	0	0	0	0	0	0	-1	1	0	0	0	1	0	1	0	0	0	1	0	0	0	0	1	0	0	0	-1	0	0	1	1	1	0	0	0	1	0	0	0	0	0	1	0	1	0	0	0	1	-1	0	0	0	0	1	0	1	-1	0	-1	0	0	
41127744	0	0	0	-1	0	-1	0	1	0	0	0	0	0	0	1	1	0	-1	0	0	0	0	1	0	0	0	0	-1	1	0	0	0	0	1	0	0	0	0	0	1	-1	0	0	0	0	0	0	0	0	0	1	1	-1	1	-1	1	0	0	1	0	0	0	0	0	1	0	0	-1	0	0	1	1	0	1	0	0	0	1	0	0	1	1	-1	1	0	-1	0	0	1	-1	0	0	1	0	1	0	1	1	-1	-1	0	0	1	0	0	-1	0	0	0	-1	0	0	0	0	0	0	1	0	-1	0	0	-1	1	0	0	1	0	0	0	0	0	0	0	1	0	1	1	0	
43842980	0	0	1	0	0	0	-1	0	1	1	1	1	1	1	1	1	1	0	1	0	0	0	0	0	0	0	0	0	0	0	1	1	1	0	0	0	1	0	0	0	0	0	0	0	0	0	0	0	0	0	0	1	0	0	0	0	1	0	0	0	1	0	0	0	1	0	0	1	0	1	0	1	1	0	0	-1	1	1	1	1	0	0	0	0	0	0	0	0	0	0	0	0	0	0	0	0	1	0	1	0	1	0	0	0	0	0	0	0	0	1	0	1	0	1	0	0	0	0	0	0	0	0	0	1	0	0	1	0	0	1	0	0	0	1	0	0	1	1	
6363996	0	0	0	0	0	0	0	0	0	0	0	0	0	0	0	0	0	0	0	0	0	0	0	0	0	0	0	0	0	0	0	0	0	0	0	0	0	0	0	0	0	0	0	0	0	0	0	0	0	0	0	0	0	0	0	0	0	0	0	0	0	0	0	0	1	1	-1	-1	0	0	0	0	0	0	0	0	0	0	0	0	0	0	0	0	0	0	0	0	0	0	0	0	0	0	0	0	0	0	0	0	0	0	0	0	0	0	0	0	0	0	0	0	0	0	0	0	0	0	0	0	0	0	0	0	0	0	0	0	0	0	0	0	0	0	0	0	0	0	
42013631	1	0	0	0	1	0	0	0	1	-1	1	0	-1	0	1	0	0	-1	0	0	0	0	-1	0	1	0	1	1	0	-1	0	1	0	0	0	0	1	0	0	0	1	1	0	1	1	0	0	-1	0	1	0	0	1	0	0	1	0	0	0	0	1	0	-1	0	0	1	1	0	-1	-1	0	0	-1	0	0	1	0	0	0	1	0	0	1	0	0	0	1	1	-1	0	1	-1	0	0	1	0	0	0	0	1	0	0	0	1	1	0	-1	1	0	1	0	0	1	0	0	0	-1	0	1	0	0	0	0	0	-1	0	0	1	0	0	0	0	-1	0	1	0	0	0	42013631	23	male	independent	some_college	single_living_alone	employee	white	Atheist / Agnostic	no	yes
8308030	0	0	0	0	0	0	0	0	0	0	0	0	1	0	1	0	1	1	0	1	0	0	1	0	0	0	0	0	0	0	1	0	0	0	0	-1	0	1	0	0	0	0	0	0	0	0	0	0	0	1	0	0	-1	0	0	0	0	0	0	0	1	0	0	1	1	0	0	0	0	0	0	0	0	1	0	0	0	0	-1	0	0	1	0	1	0	0	0	0	0	0	0	1	0	0	0	0	0	0	1	0	1	0	0	1	0	1	0	0	0	0	0	-1	0	1	0	-1	1	1	1	1	1	0	0	0	1	0	1	1	0	0	0	0	0	0	0	0	0	0	
43861467	0	0	0	0	0	0	0	0	0	0	0	0	0	0	0	0	0	0	1	0	0	0	0	1	0	0	0	0	0	0	1	0	0	0	0	0	0	0	0	0	0	1	0	1	0	0	0	0	0	0	0	1	0	0	1	0	0	0	0	0	0	0	0	0	0	0	0	0	0	0	0	1	0	0	0	1	1	0	0	0	0	0	0	0	0	0	0	1	0	0	0	0	0	0	0	0	0	0	0	0	0	0	0	0	0	0	0	0	0	1	0	0	0	1	0	0	0	0	0	0	0	0	0	1	0	0	1	0	0	0	0	0	0	0	0	0	1	0	43861467	32	male	democrat	bachelor	single_living_with_parents	unemployedseeking_employment	black_or_african_american	Roman Catholic	yes	yes
39174418	0	0	0	0	0	0	0	0	-1	0	0	0	0	0	0	0	0	0	0	0	0	0	0	0	-1	0	0	0	0	0	0	1	0	0	0	0	0	0	0	0	0	0	0	0	0	0	0	0	0	0	0	0	0	0	0	0	0	0	0	0	0	0	0	0	0	0	0	0	0	0	0	1	0	0	0	0	0	0	0	0	0	0	0	0	0	0	1	0	0	0	1	0	0	0	0	0	0	0	0	0	0	0	0	0	0	0	0	0	0	0	0	0	0	0	0	0	0	0	0	0	0	0	0	-1	0	0	0	0	0	1	0	0	0	0	0	0	0	0	
18386513	0	0	0	0	0	0	0	0	0	0	0	0	0	0	0	0	0	0	0	0	0	0	0	0	0	0	0	0	0	0	0	0	0	0	0	0	0	0	0	0	0	0	0	0	0	0	0	0	0	0	0	0	0	0	0	0	0	0	0	0	0	0	0	0	0	1	0	0	0	0	0	0	0	0	0	0	0	0	0	0	1	0	0	0	0	0	0	0	0	0	0	0	0	0	0	0	0	0	-1	0	-1	1	-1	-1	0	0	0	0	0	0	0	0	0	0	0	0	0	0	1	0	0	0	0	0	0	0	0	0	0	0	0	0	0	0	0	0	0	0	18386513	50	female	republican	high_school	married	selfemployed	white	other:Christian	yes	yes
39675153	0	0	0	0	0	0	0	0	0	0	0	0	0	0	0	0	0	0	0	0	0	0	0	0	0	0	0	0	0	0	0	0	0	0	0	0	0	0	0	0	0	0	0	0	0	0	1	0	0	0	0	0	0	0	0	0	0	0	0	0	0	0	0	0	0	1	0	0	0	0	0	0	0	0	0	0	0	0	0	0	0	0	0	0	0	0	0	0	0	0	0	0	0	0	0	0	0	0	0	0	0	0	0	0	0	0	0	0	0	0	0	0	0	0	0	0	0	0	0	0	0	0	0	0	0	0	0	0	0	0	0	-1	0	0	0	0	0	1	
42768322	0	0	0	0	0	-1	0	1	0	0	0	0	0	0	0	-1	0	-1	0	0	0	0	0	0	0	0	0	0	0	0	0	0	0	1	0	0	0	0	0	0	0	0	0	0	0	0	0	0	-1	0	0	0	0	0	0	0	0	0	0	0	0	0	0	0	0	0	0	-1	0	0	1	-1	0	-1	0	0	0	0	0	0	0	0	0	0	0	0	0	0	1	0	0	0	-1	0	0	0	-1	-1	-1	1	0	0	0	0	0	0	0	0	0	0	0	0	0	0	0	0	0	0	0	0	0	0	-1	0	0	0	0	0	0	0	0	0	0	1	0	0	-1	0	
43945424	0	0	0	0	0	1	0	0	0	0	0	0	0	0	0	0	0	0	0	0	0	0	0	0	0	0	0	0	0	0	0	0	0	0	0	0	0	0	0	0	0	0	0	0	0	0	0	0	0	0	0	0	0	0	0	0	0	0	-1	0	0	0	0	0	0	0	0	0	0	0	0	0	0	0	0	0	0	0	0	0	0	0	0	0	0	0	0	0	0	0	0	0	0	0	0	0	0	0	0	0	0	0	1	0	0	0	0	1	0	0	0	0	0	0	0	0	0	0	0	0	0	0	0	0	0	0	0	0	0	0	0	0	0	0	0	0	0	0	
41545007	1	0	1	-1	1	1	0	1	0	0	1	1	0	0	0	0	1	1	1	0	1	1	0	0	1	1	0	0	1	1	-1	-1	-1	1	0	-1	0	1	-1	0	0	1	0	1	0	1	1	0	0	0	1	1	-1	1	1	-1	1	0	1	1	1	1	1	-1	1	1	-1	1	1	1	1	1	1	0	1	-1	-1	0	0	0	0	0	0	0	1	1	1	1	0	1	-1	0	1	0	0	1	-1	0	0	0	1	0	-1	1	1	1	0	1	1	1	-1	-1	1	0	0	-1	1	1	0	1	1	1	1	1	0	0	0	0	1	-1	1	-1	0	0	1	0	0	0	
43917255	0	0	1	0	0	0	0	1	0	0	0	-1	0	0	0	0	0	0	0	1	0	0	0	0	-1	-1	1	1	0	0	0	0	0	0	1	0	0	0	-1	0	0	0	1	0	1	-1	1	-1	0	0	-1	0	0	0	0	-1	0	0	0	0	0	0	0	0	0	0	0	0	0	0	0	0	1	-1	-1	1	1	0	0	0	0	0	0	0	0	0	0	0	0	0	0	0	0	0	0	0	0	0	0	0	0	0	0	0	0	0	0	0	0	0	0	0	0	0	0	0	0	0	0	0	0	0	0	0	0	0	0	0	0	0	0	0	0	0	0	0	0	1	43917255	30	female	democrat	bachelor	single_living_alone	employee	white	Atheist / Agnostic	yes	yes
43974080	0	0	0	0	0	0	0	0	0	0	0	0	0	0	0	0	1	0	0	0	0	0	0	0	0	0	0	0	0	0	0	0	0	0	0	0	0	0	0	0	0	0	0	0	0	0	0	0	0	0	0	0	0	0	0	0	0	0	0	0	1	0	0	0	1	0	0	0	0	0	0	0	0	0	0	0	0	0	0	0	0	0	0	0	0	0	0	0	0	0	0	0	0	0	0	0	0	0	1	0	-1	0	0	0	0	0	0	0	0	0	0	-1	0	1	0	0	1	1	1	1	0	0	0	0	0	0	1	0	0	0	0	0	0	0	0	0	0	0	
41192746	0	0	0	0	0	0	0	0	0	0	0	0	0	0	0	0	0	0	0	0	0	0	0	0	0	0	0	0	0	0	1	0	0	0	0	0	0	0	0	0	0	0	0	0	0	0	0	0	0	0	0	0	0	0	0	0	0	0	0	0	0	0	0	0	0	0	0	0	0	0	0	1	0	0	0	-1	0	0	0	0	0	0	0	0	0	0	0	0	0	0	0	0	0	0	0	0	0	0	0	0	0	0	0	0	0	0	0	0	0	0	0	0	0	1	0	0	0	0	0	0	0	0	0	0	0	0	0	0	0	0	0	0	0	0	0	0	0	0	
41986015	0	-1	0	-1	0	1	0	0	0	1	1	0	0	1	0	0	0	1	0	0	1	1	-1	1	0	1	0	1	-1	0	0	0	0	0	1	0	0	0	0	1	0	0	0	0	0	0	0	0	1	-1	1	1	-1	1	-1	1	0	-1	-1	0	0	0	0	0	1	0	0	0	0	0	-1	-1	0	1	0	0	0	-1	-1	0	1	1	-1	1	-1	1	0	0	0	1	0	0	1	0	0	0	-1	1	-1	-1	0	1	0	0	0	0	0	0	0	1	0	0	0	1	1	0	0	0	1	0	0	1	1	0	0	0	0	0	0	0	1	0	0	-1	0	0	1	1	41986015	62	female	none	bachelor	single_living_alone	retired	hispanic_american	Roman Catholic	yes	no
19838540	0	0	1	0	0	0	1	1	0	0	0	-1	1	0	-1	0	1	1	1	1	0	0	1	0	0	0	0	1	0	0	-1	0	0	0	-1	1	0	-1	0	1	0	0	0	0	0	-1	0	0	0	0	-1	0	1	1	0	1	0	0	0	0	0	0	0	1	0	0	0	1	0	-1	0	0	0	1	0	0	1	-1	-1	1	0	1	0	1	0	0	0	0	0	0	0	-1	0	0	0	-1	0	0	0	0	0	0	0	1	1	0	0	0	1	0	-1	0	0	0	0	-1	-1	1	1	-1	-1	0	0	0	1	-1	1	1	0	-1	0	-1	0	0	0	0	0	1	
6413571	0	0	0	0	1	0	0	0	0	0	1	0	0	0	0	0	0	0	0	0	0	0	0	0	0	0	0	0	0	0	0	0	0	0	0	0	0	0	0	0	0	0	0	0	0	0	0	0	0	0	0	0	1	0	0	0	0	0	0	0	0	0	0	0	0	0	0	0	0	0	0	0	1	0	0	0	0	0	0	1	0	0	1	0	0	0	1	-1	0	0	0	-1	0	0	0	0	0	0	0	0	0	-1	0	0	1	0	0	0	0	1	0	0	0	0	0	0	0	0	0	0	0	0	0	0	0	0	0	0	0	0	0	0	0	0	0	0	0	0	
41676062	0	0	0	0	0	0	0	0	0	0	0	0	0	0	0	0	0	0	0	0	0	0	0	0	0	0	0	0	0	0	0	0	0	0	0	0	0	0	0	1	0	0	0	0	0	0	0	0	0	0	0	0	0	1	0	0	0	0	-1	0	0	0	0	0	0	0	0	1	0	0	-1	0	0	0	0	0	0	0	0	0	0	0	0	0	1	0	0	0	0	0	0	0	0	0	0	1	0	0	0	0	0	0	0	0	0	0	0	0	0	-1	0	0	0	0	1	-1	0	0	-1	0	0	0	0	0	0	0	0	0	0	0	1	0	0	0	0	0	0	0	
39501628	1	1	1	-1	0	1	1	1	1	0	0	0	0	0	0	0	0	1	0	1	1	0	0	0	0	1	0	1	1	1	1	1	0	1	0	1	-1	1	0	0	1	0	0	0	0	0	1	1	1	1	0	0	0	1	0	0	1	1	-1	0	0	1	0	0	1	1	0	1	0	0	-1	-1	1	1	1	0	0	1	0	1	1	0	0	0	1	1	1	-1	-1	0	-1	1	1	1	1	-1	-1	0	1	1	1	1	-1	1	1	1	1	1	0	1	-1	0	1	1	1	-1	0	1	1	1	0	1	0	0	0	0	0	0	0	-1	1	-1	0	0	1	0	1	0	
43888123	0	0	0	0	0	0	0	0	1	1	-1	1	1	1	-1	1	0	0	0	0	0	0	0	0	0	0	0	0	0	0	0	0	0	0	0	0	0	0	0	0	0	0	0	0	0	0	0	0	0	0	0	0	0	0	0	0	0	0	0	0	0	0	0	0	0	0	0	0	0	0	0	0	0	0	0	0	0	0	0	0	0	0	0	0	0	0	0	0	0	0	0	0	0	0	0	0	0	0	0	0	0	0	0	0	0	0	0	0	0	0	0	0	0	0	0	0	0	0	0	0	0	0	0	0	0	0	0	0	0	0	0	0	0	0	0	0	0	0	43888123	23	female	democrat	bachelor	single_living_with_partner	student	white	Protestant	no	yes
43932665	0	0	0	0	0	0	0	0	0	0	0	0	0	0	0	0	0	0	0	0	0	0	0	0	0	0	0	0	0	0	0	0	0	0	0	0	0	0	0	0	0	0	0	0	0	0	0	0	0	0	0	0	0	0	0	0	0	0	0	0	0	0	0	0	0	0	0	0	0	0	0	1	0	0	0	0	0	0	0	0	0	0	0	0	0	0	1	0	0	0	0	0	0	0	0	0	0	0	0	0	0	0	0	0	0	0	0	0	0	0	0	0	0	0	0	0	0	0	0	0	0	0	0	-1	0	0	0	0	0	1	0	0	0	0	0	0	0	0	
22345789	0	0	0	0	0	0	0	1	0	0	0	0	0	1	0	0	1	-1	-1	1	-1	0	0	0	0	1	0	0	1	1	1	1	-1	1	0	0	0	1	0	1	0	0	0	0	0	0	1	0	0	0	0	0	0	0	0	0	0	1	-1	1	0	1	0	0	0	0	-1	0	-1	-1	1	1	0	0	-1	0	1	0	0	0	-1	0	0	0	1	-1	1	-1	0	0	0	0	0	1	0	0	0	0	0	0	0	0	-1	0	0	0	0	0	0	0	1	0	0	0	1	0	0	1	1	-1	0	0	0	0	0	0	1	-1	-1	0	0	0	-1	0	1	0	0	0	22345789	62	female	independent	associate_degree	single_living_alone	employee	white	other:Christian	no	yes
16854635	0	1	1	0	1	0	1	0	0	0	-1	1	0	0	1	0	0	1	0	0	0	0	0	0	0	0	0	1	0	0	0	0	0	0	-1	0	0	1	0	0	0	-1	-1	0	0	0	0	0	1	0	1	0	-1	0	0	-1	0	0	0	0	0	0	-1	0	0	0	0	0	0	0	0	-1	1	1	-1	0	-1	0	0	1	0	1	1	0	0	0	1	-1	0	0	0	1	1	0	0	0	0	0	-1	0	0	1	0	0	1	1	0	0	0	1	0	-1	0	0	0	0	0	0	0	1	0	1	0	0	0	0	1	1	0	-1	0	0	1	0	0	0	1	1	
40107272	0	0	1	1	0	0	0	0	0	0	0	0	1	0	1	1	-1	1	1	1	0	0	-1	0	1	1	1	1	1	1	1	0	0	0	0	1	0	1	-1	0	0	0	-1	0	1	1	1	1	0	0	0	0	1	1	0	0	0	0	0	0	0	0	0	-1	0	0	0	1	-1	1	1	1	1	1	0	-1	0	1	1	1	0	1	1	1	0	0	0	0	0	1	0	1	1	1	0	0	0	0	0	1	-1	0	0	1	0	0	0	0	0	0	0	0	0	0	1	-1	1	1	0	0	1	0	0	0	1	1	-1	1	1	0	0	0	0	0	0	0	1	0	
43942386	0	0	1	0	0	0	1	1	1	0	0	1	1	0	0	0	0	1	1	-1	1	0	0	0	0	1	0	0	1	1	1	1	0	-1	0	0	-1	0	1	1	0	0	0	1	0	0	1	1	0	0	0	0	0	0	0	0	1	0	0	0	0	1	0	0	1	1	0	1	1	1	1	1	0	0	1	0	1	1	1	1	0	0	0	1	-1	1	1	-1	-1	-1	-1	-1	0	0	0	0	1	0	0	1	0	0	0	1	-1	-1	1	1	0	0	-1	0	0	0	0	0	1	-1	0	0	0	0	0	1	0	0	0	0	1	-1	0	-1	0	0	1	0	0	0	
20430407	-1	0	1	0	0	0	0	0	0	0	1	0	0	1	0	0	0	0	1	0	1	0	0	0	0	0	-1	0	0	0	0	0	1	1	1	1	0	0	0	0	0	0	0	1	-1	1	0	0	0	0	1	0	0	1	0	0	0	0	0	0	0	0	0	0	0	0	0	0	-1	0	0	0	1	0	0	0	0	0	0	0	0	0	0	0	0	0	0	0	-1	1	0	0	0	0	0	1	0	0	0	0	1	0	0	0	0	-1	-1	0	0	0	0	0	1	1	1	-1	0	0	0	1	0	0	0	0	0	0	0	1	0	0	1	0	0	0	1	1	0	0	
36276573	0	0	0	0	0	0	0	1	0	0	0	0	0	0	1	1	0	0	0	0	0	0	0	0	0	0	0	0	0	0	0	0	0	1	0	0	0	0	0	0	-1	0	0	0	0	0	0	0	0	0	0	0	0	0	0	0	0	0	0	0	0	0	0	0	0	0	0	-1	0	0	-1	0	0	0	0	0	0	0	0	0	0	0	0	0	0	0	0	0	-1	0	0	0	0	0	1	0	0	0	0	0	0	0	0	0	0	0	0	0	0	0	0	0	0	0	0	0	0	0	0	0	0	0	1	0	0	0	0	0	0	0	0	0	0	1	0	1	0	0	
18869867	0	0	0	0	0	0	0	1	0	0	0	0	0	0	0	0	0	0	0	0	-1	0	0	0	0	-1	0	0	-1	1	-1	1	0	-1	0	0	0	0	0	-1	0	0	0	0	0	0	-1	0	0	0	0	0	0	0	0	0	-1	0	0	0	0	1	0	0	0	0	0	0	0	0	1	0	0	0	0	0	0	0	0	0	0	0	0	0	1	-1	1	-1	0	0	0	0	0	0	0	0	0	0	0	0	0	0	0	0	0	0	0	0	0	0	1	0	0	0	0	0	0	0	0	0	0	0	0	0	0	0	0	0	-1	0	0	0	0	0	1	0	0	0	18869867	67	female	republican	bachelor	single_living_alone	retired	white	Protestant	yes	yes
43941355	1	0	0	0	0	0	0	0	0	0	0	0	0	0	0	0	0	0	0	0	0	1	0	1	1	0	-1	0	0	0	0	0	0	0	0	0	0	1	0	0	0	1	-1	0	0	1	1	1	0	-1	0	0	0	0	0	0	0	0	0	0	0	0	1	0	0	1	0	0	0	0	0	1	0	1	0	0	0	0	0	0	0	0	0	1	1	0	1	0	0	1	0	0	1	0	0	0	0	0	0	1	1	0	0	0	0	0	1	0	0	0	0	-1	0	0	1	0	0	0	0	0	0	1	0	1	0	1	0	0	1	1	1	1	1	-1	1	1	0	-1	43941355	21	male	republican	associate_degree	single_living_alone	civil_servant	white	Atheist / Agnostic	yes	yes
43875818	0	0	0	0	0	0	0	0	0	0	0	0	0	0	0	0	0	0	0	0	0	0	0	0	0	0	0	0	0	1	0	0	0	0	0	0	0	0	0	0	0	-1	0	0	0	0	0	0	0	0	0	0	0	0	0	0	0	0	0	0	0	1	0	0	0	0	0	0	0	0	0	0	0	0	0	0	-1	0	0	0	0	0	0	0	0	0	0	1	0	0	0	0	0	0	0	0	0	1	0	0	0	0	0	0	0	0	0	0	0	0	0	-1	0	0	0	0	0	0	0	0	0	0	0	0	0	0	-1	0	0	0	0	0	0	0	0	0	0	0	
34557302	0	0	1	0	1	1	1	1	0	0	-1	1	0	1	1	0	1	1	1	1	1	0	0	0	0	1	1	1	1	0	1	-1	0	-1	1	0	1	0	0	-1	0	0	0	1	1	1	1	0	0	0	-1	1	1	1	0	1	1	0	0	1	0	1	1	-1	1	1	1	0	0	1	-1	1	-1	0	1	0	-1	0	0	0	1	1	1	0	1	-1	1	-1	1	0	0	0	0	0	0	1	0	1	0	0	0	1	0	0	1	0	0	0	1	1	1	-1	1	1	1	0	1	0	0	0	1	1	1	1	0	0	0	1	1	0	0	-1	1	0	1	1	0	1	34557302	36	female	independent	master	married	other:homemaker	white	Roman Catholic	yes	yes
43762146	0	0	0	1	0	1	0	1	0	0	0	0	0	0	1	1	0	0	0	0	0	0	1	0	0	0	0	0	0	0	0	0	0	1	0	0	0	0	0	0	1	0	0	0	0	0	1	0	0	1	1	0	0	0	0	0	0	0	0	0	1	1	1	-1	0	1	0	1	0	0	1	1	0	0	0	0	0	1	0	0	0	0	0	0	0	0	1	0	1	0	0	0	0	0	1	0	0	1	0	0	0	0	1	0	0	1	0	0	0	0	0	0	0	0	0	0	1	0	0	0	0	0	1	1	0	1	0	0	0	1	0	1	0	1	0	1	0	1	
40212251	0	0	0	0	0	0	0	1	0	0	0	0	0	0	1	1	0	0	0	1	0	0	-1	0	0	0	0	0	1	0	0	1	0	1	0	0	0	0	1	0	1	0	0	0	0	0	0	-1	1	1	0	0	1	1	1	1	0	1	0	0	0	0	0	0	1	0	1	-1	0	0	1	0	0	0	-1	0	0	1	0	1	1	1	0	0	1	1	0	0	1	1	-1	1	0	0	1	0	1	1	0	0	0	0	-1	1	0	-1	0	0	0	0	0	0	0	0	1	0	1	1	0	0	0	0	0	0	0	1	0	0	0	0	1	1	0	1	0	-1	0	0	
43961825	1	1	-1	1	0	-1	1	0	0	0	0	0	0	0	0	0	0	0	0	0	0	0	0	0	1	0	0	0	0	0	0	0	0	0	0	0	0	0	0	0	0	-1	0	0	0	1	0	0	0	1	0	0	0	0	0	0	0	1	1	0	0	0	-1	0	0	0	0	0	0	0	0	0	0	0	0	0	-1	0	0	0	0	0	0	0	0	0	0	1	0	0	0	0	1	0	0	0	0	0	0	0	0	0	1	0	0	0	0	1	0	0	0	0	0	0	0	1	0	0	0	-1	0	0	0	0	0	0	-1	0	0	0	-1	0	0	0	0	-1	0	0	43961825	25	female	democrat	vocational_secondary_certification	single_living_alone	employee	american_indian_or_alaska_native	Protestant	yes	yes
20512953	0	0	0	-1	0	-1	1	0	1	0	0	0	0	0	0	1	1	0	0	1	0	0	0	1	-1	-1	1	1	1	1	0	0	1	1	0	0	0	1	-1	0	0	0	-1	0	1	-1	1	-1	0	0	1	0	0	1	0	0	1	1	-1	1	1	1	1	1	1	1	0	0	1	0	0	1	1	0	1	-1	-1	0	0	-1	0	0	-1	0	0	0	1	0	0	0	0	-1	-1	1	0	0	0	0	0	0	1	0	0	0	0	0	0	0	0	0	0	1	0	0	0	0	0	1	0	0	0	1	0	-1	1	0	0	0	-1	-1	0	-1	1	0	0	0	1	1	20512953	38	female	democrat	bachelor	single_living_with_parents	employee	white	Atheist / Agnostic	yes	yes
43722521	0	0	0	0	0	0	0	0	0	0	0	0	0	0	0	0	0	0	0	1	0	0	0	0	1	1	-1	1	0	0	0	0	0	0	0	0	0	1	-1	0	0	0	-1	0	1	1	1	1	0	0	0	0	0	0	0	0	0	0	0	0	0	0	0	0	0	0	0	0	0	0	0	0	1	1	1	-1	-1	0	0	0	0	0	-1	1	0	0	0	0	0	-1	0	1	-1	0	0	0	0	0	0	-1	-1	0	0	0	0	0	0	0	0	0	0	-1	0	0	1	0	0	0	0	0	0	-1	0	0	0	0	0	0	1	0	0	0	0	0	0	0	1	0	43722521	27	female	democrat	master	single_living_alone	employee	white	Atheist / Agnostic	yes	yes
15448937	0	0	0	1	0	0	0	0	0	0	0	0	0	0	0	0	0	0	0	0	0	0	0	0	0	0	0	0	1	0	0	0	0	0	0	0	0	0	0	0	0	0	0	0	0	0	0	0	1	1	1	1	0	0	0	0	0	1	0	0	0	0	0	0	0	0	0	0	0	0	0	0	0	0	0	0	0	0	0	0	1	1	1	1	0	0	0	0	0	1	0	0	0	0	0	0	1	1	1	1	0	0	0	0	0	0	0	0	0	0	0	0	0	0	0	0	0	0	0	0	0	0	1	0	0	0	0	0	0	0	0	0	0	1	0	0	0	0	15448937	40	male	republican	high_school	single_living_with_partner	employee	white	Atheist / Agnostic	no	yes
33427067	0	0	0	0	0	0	0	0	0	0	0	0	-1	1	0	0	0	0	0	0	0	0	0	0	0	0	0	0	0	0	0	0	1	1	1	1	0	0	0	0	0	0	0	0	0	0	0	0	0	0	0	0	0	0	1	0	0	1	0	0	0	0	0	0	0	0	0	0	0	0	0	0	0	0	0	0	0	0	-1	0	-1	0	0	0	0	0	0	0	0	0	0	0	0	0	0	0	0	0	0	0	0	0	0	0	0	0	0	0	0	0	0	0	0	0	1	0	0	0	0	0	0	0	0	0	0	0	0	1	0	0	0	0	0	0	0	0	0	0	
43918613	0	0	0	-1	0	1	1	0	1	0	0	0	0	0	0	1	1	0	0	-1	0	1	0	1	0	0	0	0	1	1	0	0	-1	1	0	0	-1	0	-1	0	0	0	-1	0	-1	1	1	1	0	0	1	0	0	1	0	-1	1	1	1	1	1	-1	1	1	1	1	0	0	1	1	0	1	1	1	-1	1	-1	0	0	-1	0	0	-1	0	0	0	1	0	0	0	0	1	0	1	0	0	0	0	0	0	0	0	0	0	0	0	0	0	0	0	0	0	0	0	0	0	1	-1	0	0	1	0	0	1	-1	0	0	0	0	1	0	-1	-1	0	0	0	-1	1	
38671298	0	-1	0	-1	1	1	1	1	0	1	1	0	0	1	0	0	1	0	0	0	1	-1	1	1	0	1	0	0	1	1	0	1	0	1	-1	-1	0	1	0	0	0	0	-1	0	0	0	0	0	0	0	1	0	1	0	0	1	0	0	0	0	1	-1	-1	-1	1	0	0	0	0	0	1	0	0	1	1	0	0	1	1	0	0	1	0	1	0	1	0	0	0	1	0	0	1	0	0	0	0	0	1	1	1	1	0	0	0	0	0	0	0	0	0	1	0	1	1	0	0	0	0	0	0	1	0	0	0	0	1	0	1	0	0	0	1	0	1	0	0	1	
39911407	0	0	0	0	0	0	0	0	0	0	0	0	0	0	-1	0	0	0	0	1	0	0	-1	0	0	0	0	0	0	0	0	0	0	0	0	0	0	-1	0	0	0	0	0	0	0	0	0	0	0	0	0	0	0	0	0	0	0	0	0	0	0	0	0	-1	0	0	0	0	0	0	0	0	0	0	0	0	0	0	0	0	0	0	0	0	0	0	0	0	0	0	0	-1	0	0	0	0	0	0	0	0	0	0	0	0	0	0	0	0	0	0	0	0	0	0	0	-1	0	-1	0	0	0	0	0	0	0	0	0	0	0	0	0	0	0	0	0	0	0	0	39911407	25	male	democrat	bachelor	single_living_with_parents	employee	white	Atheist / Agnostic	yes	yes
38806465	1	1	0	0	0	0	0	0	0	1	0	0	1	0	0	0	0	-1	0	0	0	1	-1	0	0	0	0	1	0	1	0	0	0	0	0	0	0	0	0	0	1	1	-1	1	1	0	0	1	0	1	0	0	0	0	0	0	0	0	0	0	1	0	1	0	0	1	1	0	1	0	0	1	0	0	0	0	0	0	0	0	0	0	0	0	0	0	1	0	-1	0	-1	0	0	0	1	0	0	0	0	1	0	0	0	1	0	0	1	1	1	0	0	0	-1	0	0	0	0	0	1	0	1	0	0	1	1	0	0	0	0	-1	0	0	-1	0	-1	0	0	0	
43987213	0	0	0	0	0	0	0	1	1	0	0	1	0	0	0	0	0	0	0	1	1	0	0	0	0	0	0	0	1	1	0	1	0	1	0	0	0	0	1	-1	1	0	0	1	0	0	1	1	0	0	0	0	0	0	0	0	1	0	1	0	0	1	0	0	1	1	1	1	0	0	1	0	0	0	-1	0	0	0	0	1	1	0	0	0	1	-1	1	-1	1	1	1	-1	1	1	0	-1	-1	0	1	1	1	1	1	0	1	1	1	1	0	1	1	0	0	0	0	0	0	1	1	0	0	0	0	1	0	0	0	0	1	0	0	1	0	0	1	0	0	0	
36293563	0	0	-1	0	0	0	1	0	0	0	0	0	0	0	0	0	0	0	-1	0	0	0	0	0	0	0	0	0	0	-1	0	0	0	0	0	0	0	0	0	0	0	0	0	0	0	0	0	0	0	0	0	0	0	-1	0	0	0	0	0	0	0	-1	0	0	0	0	0	1	0	0	0	0	0	0	0	0	-1	-1	-1	1	0	0	0	0	0	0	0	0	0	0	0	0	0	0	0	1	0	1	0	0	0	0	0	0	0	0	0	0	0	0	0	-1	0	0	0	-1	0	0	0	0	0	0	0	0	0	0	0	0	0	0	0	0	0	0	0	0	0	0	36293563	38	female	republican	master	married	employee	white	Protestant	no	yes
43913997	1	0	0	0	0	0	0	0	0	0	0	0	0	0	0	0	0	1	0	0	0	0	0	-1	1	1	-1	1	0	0	0	1	0	0	0	0	0	0	0	0	0	0	0	0	0	0	1	0	0	0	0	0	0	0	0	0	0	0	0	0	0	0	0	0	-1	1	0	0	0	0	0	0	0	0	0	0	0	0	0	0	0	0	0	0	0	0	0	0	0	0	1	0	0	0	0	0	0	0	0	0	0	0	0	0	0	0	0	0	0	0	0	0	0	0	0	0	0	0	0	0	0	0	0	0	-1	0	0	0	0	0	0	-1	-1	0	0	0	0	1	
38202325	1	-1	1	-1	0	1	0	0	0	1	0	0	1	0	0	0	1	-1	0	0	0	1	-1	-1	-1	0	-1	1	0	-1	0	0	-1	0	0	0	-1	0	0	0	-1	1	-1	1	-1	0	-1	1	0	1	0	0	0	0	0	0	0	0	-1	0	1	0	1	0	0	1	-1	0	-1	-1	0	0	1	0	0	0	0	0	-1	0	0	0	0	1	1	0	0	0	-1	0	1	0	0	0	1	0	0	0	0	1	0	0	1	1	0	0	1	1	1	0	0	0	1	0	0	0	0	0	1	0	1	0	0	0	0	-1	0	0	0	-1	1	0	0	1	1	1	1	1	
43620110	0	-1	0	1	0	0	1	0	0	0	0	0	0	0	0	1	-1	0	0	0	0	0	0	0	0	0	0	0	1	-1	0	0	-1	0	0	0	0	0	0	0	0	0	0	0	1	0	0	0	0	0	0	0	0	1	0	-1	1	1	1	1	0	0	0	0	0	0	0	0	1	0	0	0	0	0	-1	0	0	0	0	1	0	1	1	0	0	0	0	0	0	0	0	1	0	1	0	0	0	0	0	0	0	0	0	0	0	-1	0	0	0	0	0	0	0	0	0	0	1	-1	1	1	0	0	0	0	0	0	0	0	0	-1	0	0	0	0	0	0	1	0	
43498762	0	0	-1	0	0	0	1	0	0	0	0	0	0	0	0	0	0	0	-1	0	0	0	0	0	0	0	0	1	-1	0	0	0	0	0	0	0	1	0	0	-1	0	0	0	0	0	0	0	0	0	0	0	0	0	-1	0	0	0	0	0	0	0	0	0	0	0	1	0	1	0	0	0	0	0	0	0	0	-1	-1	-1	1	-1	0	0	0	0	0	0	0	0	0	0	0	-1	1	-1	1	0	0	-1	0	1	-1	-1	1	0	0	0	0	1	0	1	0	0	0	0	-1	0	0	-1	0	0	1	0	0	0	0	0	0	0	0	0	0	0	0	0	0	0	0	
38153196	0	0	1	0	0	0	1	1	0	0	0	1	1	0	1	0	1	1	-1	1	0	0	-1	1	1	0	0	1	0	0	1	0	0	0	-1	-1	-1	1	0	1	0	1	0	0	0	1	-1	0	0	0	1	0	-1	1	0	-1	0	0	0	0	0	0	0	-1	0	0	0	1	0	1	0	0	0	-1	0	0	-1	1	1	1	0	1	0	1	-1	0	0	0	0	0	0	1	0	0	0	1	0	0	0	0	0	0	0	1	1	0	0	0	1	0	1	0	0	0	0	-1	0	-1	0	0	1	0	0	0	1	1	-1	-1	0	1	1	1	-1	1	1	1	0	1	
43990834	-1	-1	1	1	0	1	-1	0	0	0	0	0	0	0	0	0	0	0	0	0	-1	0	0	0	-1	0	0	0	0	0	0	0	0	0	0	0	0	1	0	0	0	0	0	0	0	-1	0	0	0	-1	0	0	0	0	-1	0	0	-1	0	1	0	0	-1	0	0	0	1	0	0	0	0	0	-1	0	0	0	0	0	0	0	0	0	0	0	0	-1	0	0	0	0	0	0	1	-1	0	0	0	0	0	0	0	0	0	0	0	0	0	-1	0	0	0	0	0	0	0	0	0	0	0	-1	0	1	0	0	0	0	-1	0	-1	-1	-1	-1	0	0	0	0	-1	-1	43990834	90	female	independent	bachelor	single_living_with_partner	unemployedseeking_employment	white	Jewish	no	no
43930419	0	0	0	0	0	0	0	-1	0	0	0	0	0	0	0	0	0	0	0	0	0	0	0	0	0	0	0	0	1	-1	1	1	0	0	0	0	0	0	-1	0	0	0	0	0	0	0	0	0	0	0	0	0	0	0	0	0	0	0	0	0	0	1	0	0	1	1	1	-1	0	0	1	0	0	0	1	0	0	0	0	1	0	0	0	0	0	0	0	0	-1	-1	-1	1	0	0	0	0	1	0	0	0	0	0	0	0	0	0	0	0	0	0	0	0	0	0	0	0	0	0	0	0	0	0	0	0	0	0	0	0	0	0	0	0	0	0	-1	0	0	0	
36968345	0	0	0	0	0	0	0	0	0	0	0	0	0	0	0	0	0	0	0	0	0	0	0	0	0	0	0	0	0	0	0	1	0	0	0	0	0	0	0	0	0	0	0	0	0	0	0	0	0	0	0	1	0	0	0	0	1	0	0	0	0	0	0	0	0	0	0	0	0	0	0	0	0	0	0	0	0	0	0	0	0	0	0	0	0	0	0	0	0	0	0	0	0	0	0	0	1	0	0	0	0	0	0	0	0	0	0	0	0	-1	0	0	0	0	0	0	0	0	0	0	0	0	0	-1	0	0	0	0	0	0	0	0	0	1	0	0	1	0	36968345	39	female	democrat	doc	married	other:parent	white	Atheist / Agnostic	yes	yes
43946798	0	0	0	-1	0	1	0	0	1	0	0	0	0	0	0	0	0	0	0	0	0	0	-1	1	0	0	0	0	0	0	0	0	0	-1	0	0	0	0	0	0	0	0	0	0	0	0	1	0	0	1	-1	0	0	0	0	0	0	0	0	0	1	1	1	-1	1	-1	0	0	0	0	0	-1	0	0	0	0	0	1	0	0	0	0	0	0	0	0	1	0	0	0	0	0	0	0	0	0	0	1	0	0	0	0	1	0	0	1	0	0	0	0	0	0	0	0	0	0	1	0	0	0	0	0	0	1	-1	1	0	0	0	-1	0	-1	0	0	0	0	0	-1	
20328071	0	0	0	0	0	0	0	0	-1	1	-1	1	1	1	1	1	1	0	0	0	0	0	0	0	0	0	0	0	0	0	1	1	-1	0	0	0	0	0	0	0	0	0	0	0	0	0	0	0	0	0	0	1	0	0	0	0	1	0	0	0	1	0	0	0	1	0	0	0	0	0	0	1	1	0	0	-1	0	0	0	0	0	0	0	0	0	0	0	0	0	0	0	0	0	0	0	0	1	0	1	0	1	0	0	0	0	0	0	0	0	1	0	-1	0	1	0	0	1	-1	1	1	0	0	0	1	0	0	1	0	0	0	0	0	0	-1	0	0	0	1	
43589420	0	0	0	0	0	0	0	0	0	0	0	0	-1	-1	-1	-1	0	0	0	0	0	0	0	0	0	0	0	0	0	0	0	0	0	0	0	0	0	0	0	0	0	0	0	0	0	0	0	0	0	0	0	0	0	0	0	0	0	0	0	0	0	0	0	0	0	0	0	0	0	0	0	0	0	0	0	0	0	0	0	0	0	0	0	0	0	0	0	0	0	0	0	0	0	0	0	0	0	0	0	0	0	0	0	0	0	0	0	0	0	0	0	0	0	0	0	0	0	0	0	0	0	0	0	0	0	0	0	0	0	0	0	0	0	0	0	0	0	0	
43811627	0	-1	0	1	0	1	0	0	1	1	1	0	0	1	0	0	0	1	0	1	1	1	-1	1	0	1	0	1	1	0	1	0	0	0	1	0	0	0	0	-1	1	0	0	0	0	0	0	0	1	1	-1	1	1	1	1	-1	1	1	1	0	0	0	0	0	1	1	0	0	0	0	1	-1	0	1	0	0	0	1	1	0	1	0	-1	1	1	1	0	0	0	1	0	0	1	1	1	1	1	1	1	1	1	1	-1	1	1	1	1	1	0	1	0	0	0	1	1	0	0	1	1	0	0	1	-1	0	0	0	0	0	0	0	-1	0	0	1	0	0	1	1	
37177227	0	0	0	0	1	0	0	0	1	0	1	0	0	0	-1	0	0	0	0	0	0	0	0	0	-1	0	0	0	0	0	0	-1	0	0	0	0	1	0	0	0	0	0	0	0	0	0	0	0	0	0	0	0	-1	0	0	1	0	0	0	0	0	0	1	0	0	0	0	0	0	-1	0	0	-1	0	0	1	0	0	0	-1	0	0	1	0	0	0	1	1	0	0	1	1	0	0	0	0	0	0	0	0	0	0	0	0	1	0	0	0	0	1	0	0	0	0	0	0	-1	0	0	0	1	0	0	0	0	0	0	1	0	0	0	0	0	0	0	0	0	0	37177227	32	male	democrat	master	married	employee	white	Roman Catholic	no	yes
43935069	-1	0	1	0	1	0	1	0	0	1	0	1	0	1	0	0	0	0	-1	0	1	0	0	0	-1	0	0	0	0	0	0	0	1	0	1	0	-1	-1	0	-1	0	1	0	1	-1	-1	0	0	0	1	0	1	0	0	-1	0	0	1	-1	-1	0	0	1	1	0	0	1	0	0	1	0	0	0	0	0	0	0	0	0	0	0	0	0	0	0	-1	0	-1	-1	0	0	0	1	-1	0	0	-1	0	0	0	1	0	-1	0	1	0	1	0	1	1	0	1	1	0	0	1	0	0	0	0	0	1	1	0	0	0	1	1	-1	-1	0	-1	0	0	1	1	0	0	
20398835	0	0	0	0	1	0	0	0	0	0	0	0	0	0	-1	0	0	0	0	-1	0	0	-1	0	0	0	0	0	0	0	0	0	0	0	0	0	0	-1	0	0	0	0	0	0	0	0	0	0	0	0	0	0	1	0	0	0	0	0	0	0	0	0	0	-1	0	0	0	0	0	0	0	0	0	0	0	0	0	0	0	1	0	0	0	0	0	0	1	-1	0	0	0	0	0	0	0	0	0	0	0	0	0	1	0	0	0	0	0	0	0	1	0	0	0	0	0	-1	0	-1	0	0	0	0	0	0	0	0	0	0	0	0	0	0	0	0	0	0	0	0	
43853132	-1	0	0	0	0	0	1	-1	0	-1	0	1	-1	1	-1	0	-1	-1	0	0	1	0	1	1	1	1	-1	-1	0	-1	1	1	0	-1	0	1	1	1	0	-1	0	0	1	1	-1	1	0	0	0	0	-1	-1	0	1	0	1	0	0	1	0	0	0	0	-1	1	1	-1	0	-1	-1	0	0	1	1	0	1	0	-1	0	1	-1	-1	-1	-1	0	0	0	0	1	-1	0	-1	0	0	0	0	1	1	0	1	-1	0	0	-1	1	0	-1	0	0	-1	0	1	0	-1	0	-1	0	1	0	1	0	1	0	-1	-1	0	0	1	0	-1	0	-1	1	-1	-1	1	0	1	
15577915	1	-1	0	0	1	0	0	0	0	1	0	0	1	1	1	0	0	0	0	0	1	1	-1	1	1	1	-1	0	0	-1	0	0	0	0	1	0	0	0	0	0	1	1	-1	1	0	0	1	1	0	1	0	0	1	0	0	0	0	0	0	0	1	0	-1	0	0	1	-1	0	0	0	-1	0	1	0	0	0	0	-1	-1	1	0	0	-1	-1	0	1	1	-1	0	0	-1	1	0	0	1	0	0	0	0	1	0	1	0	0	1	0	1	0	0	1	0	0	0	1	1	0	0	0	1	0	1	0	0	0	1	1	0	1	0	0	0	0	0	0	0	0	0	1	
41193378	0	0	0	0	0	0	0	0	0	0	0	0	0	0	0	0	0	0	0	0	0	0	0	0	0	0	0	0	0	0	0	0	0	0	0	0	0	0	0	0	0	0	0	0	0	1	0	0	0	0	0	0	0	0	0	0	0	0	0	0	0	0	0	-1	0	0	0	0	0	0	0	0	0	0	0	1	0	0	0	0	0	0	0	0	0	0	0	0	0	0	0	0	0	0	0	0	0	0	0	0	0	0	0	0	1	0	-1	0	1	0	0	0	0	0	0	0	0	0	0	0	1	-1	-1	1	0	1	0	0	0	0	0	-1	0	0	0	0	0	0	
43831115	0	0	0	0	0	0	0	0	1	0	0	0	0	0	0	0	0	0	0	0	0	0	0	1	0	0	0	0	0	0	0	0	0	0	0	0	0	0	0	0	0	0	0	0	0	0	0	0	0	0	0	0	0	0	0	0	0	0	0	0	0	0	0	0	1	0	0	0	0	0	0	0	0	0	0	0	0	0	0	0	0	0	0	0	0	0	0	0	0	0	0	0	0	0	0	0	0	0	0	0	0	0	0	0	0	0	0	0	0	0	0	0	0	0	0	0	0	0	0	0	0	0	0	0	1	0	0	0	0	0	0	0	0	0	0	0	0	0	
28810858	0	0	0	0	0	0	0	0	0	0	0	0	0	0	0	0	1	0	0	0	0	0	0	0	0	0	0	0	0	0	0	0	0	0	0	0	0	0	0	0	0	0	0	0	0	0	0	0	0	0	0	0	0	0	0	0	0	0	0	0	1	0	0	0	1	0	0	0	0	0	0	0	0	0	0	0	0	0	0	0	0	0	0	0	0	0	0	0	0	0	0	0	0	0	0	0	0	0	1	0	1	0	0	0	0	0	0	0	0	0	0	-1	0	1	0	0	0	0	0	0	0	0	0	0	0	0	1	0	0	0	0	0	0	0	0	0	0	0	
13095205	0	0	1	0	1	0	1	-1	0	0	0	1	1	0	1	0	1	1	1	-1	0	0	-1	1	0	0	0	1	0	0	1	0	0	0	1	-1	1	1	0	-1	0	1	0	1	0	1	0	0	0	0	1	1	-1	1	-1	-1	0	0	0	0	0	0	0	-1	0	0	0	-1	0	1	0	0	0	1	0	-1	-1	1	-1	1	0	-1	-1	1	0	0	0	-1	0	0	0	1	0	0	0	1	0	1	0	0	0	0	0	1	1	0	1	0	1	0	-1	0	0	0	0	-1	0	-1	0	0	1	0	0	0	1	1	-1	1	0	-1	0	-1	0	0	0	0	0	1	
43932026	0	0	0	0	0	0	0	1	1	0	0	1	0	0	0	0	1	1	1	1	1	0	0	0	0	1	0	0	1	1	1	1	0	1	0	0	0	0	1	1	1	0	0	1	0	0	1	1	0	0	0	0	0	0	0	0	1	0	0	0	0	1	0	0	1	1	1	1	1	1	1	1	0	0	1	0	1	0	0	1	1	0	0	0	1	1	1	1	1	1	1	1	1	1	1	1	1	0	1	1	1	1	1	1	1	1	1	1	0	0	1	0	0	0	0	0	1	1	1	0	0	0	0	1	0	0	0	0	1	0	0	1	0	0	1	0	0	0	
43939704	0	-1	0	0	0	1	-1	-1	0	0	0	0	1	0	0	0	0	0	0	0	0	0	0	0	-1	-1	-1	-1	0	0	0	0	1	1	-1	-1	0	-1	0	0	0	0	-1	1	1	0	0	0	0	0	0	1	-1	0	-1	1	0	-1	0	1	0	1	0	1	0	0	0	0	0	0	0	0	1	1	-1	-1	0	0	-1	0	1	1	-1	1	0	0	0	1	1	1	0	0	1	0	0	1	0	1	0	-1	1	0	0	0	1	-1	1	0	1	1	1	0	0	0	1	0	0	0	0	1	0	1	1	0	0	1	0	-1	1	1	0	0	1	0	-1	1	0	0	
43851130	1	1	0	0	0	0	0	0	0	1	0	0	1	0	0	0	0	1	0	0	0	1	1	1	1	0	1	1	0	1	0	0	0	0	0	0	0	0	0	0	1	1	0	-1	1	0	-1	1	0	1	0	0	0	0	0	0	0	0	0	0	1	0	1	0	0	1	-1	0	1	0	0	0	0	0	0	0	0	0	0	0	0	0	0	1	1	0	0	0	1	0	1	0	0	0	-1	0	0	0	0	1	0	0	0	1	0	0	1	-1	-1	0	0	0	1	0	0	0	0	0	1	0	-1	0	0	0	0	1	0	0	0	0	1	0	0	1	0	1	0	0	43851130	25	male	democrat	bachelor	single_living_alone	employee	white	Roman Catholic	yes	yes
21088425	1	-1	1	1	1	-1	1	1	-1	-1	0	-1	1	1	-1	-1	1	0	-1	1	-1	0	0	-1	-1	-1	1	1	1	1	0	0	1	1	1	1	-1	-1	-1	1	0	1	1	1	-1	0	-1	-1	0	1	1	1	1	0	1	1	1	-1	-1	-1	0	1	1	-1	1	0	1	0	0	-1	0	1	1	0	-1	0	1	0	-1	1	-1	1	1	1	0	-1	1	-1	1	1	0	-1	-1	1	0	1	1	-1	0	1	-1	-1	1	0	1	1	-1	1	1	1	1	1	1	1	1	-1	0	1	0	-1	-1	1	1	-1	1	-1	1	1	0	0	-1	1	0	0	1	1	1	1	21088425	56	female	democrat	high_school	single_living_alone	other:disabled	white	Protestant	no	yes
43102561	0	0	0	0	0	0	0	1	1	0	0	1	0	0	0	0	1	-1	-1	1	1	0	0	0	0	0	0	0	-1	1	1	1	0	1	0	0	0	0	-1	-1	-1	0	0	1	0	0	1	-1	0	0	0	0	0	0	0	0	1	0	0	0	0	1	0	0	1	0	1	-1	1	1	-1	1	0	0	0	0	-1	0	0	1	-1	0	0	0	1	-1	1	-1	-1	-1	-1	1	1	1	-1	1	1	0	1	-1	0	0	0	1	1	-1	-1	0	0	0	1	0	0	0	0	0	1	1	1	0	0	0	0	1	0	0	0	0	1	0	0	-1	0	0	1	0	0	0	43102561	34	male	independent	master	married	selfemployed	hispanic_american	Protestant	yes	no
43780975	1	-1	0	1	1	0	1	0	0	0	-1	1	0	0	0	0	0	0	0	0	1	0	0	0	1	0	-1	0	0	0	0	0	1	0	0	0	1	0	-1	1	0	1	0	0	0	1	0	0	0	1	1	0	0	0	1	0	0	1	1	-1	0	0	1	0	0	0	1	0	-1	0	0	0	0	0	0	0	0	0	0	0	0	0	0	0	0	-1	0	0	0	0	0	0	1	1	0	1	1	0	0	0	0	0	-1	0	0	1	0	0	0	0	0	0	0	0	0	-1	1	1	1	1	0	1	0	0	0	0	1	0	0	0	1	0	0	0	0	1	0	0	
30721568	0	0	0	0	0	0	0	0	0	0	0	0	0	0	0	0	0	0	0	0	0	0	0	0	0	0	0	0	0	0	0	0	1	0	0	0	0	0	0	0	0	0	0	0	0	0	0	0	0	0	0	0	0	0	0	0	0	0	0	0	0	0	0	0	0	0	0	0	0	0	0	0	1	0	0	0	0	0	0	0	0	0	0	0	0	0	0	0	0	0	0	0	0	0	0	0	0	0	0	0	0	0	0	0	0	0	0	0	0	0	0	0	0	0	0	0	0	0	0	0	0	0	0	0	0	0	0	0	0	0	0	0	0	0	0	0	1	1	
6377879	-1	0	0	0	0	0	0	0	0	0	0	0	0	0	0	0	0	0	-1	0	0	0	0	0	0	0	0	0	0	0	0	0	0	0	0	0	0	0	0	0	0	0	0	0	0	0	0	0	0	0	0	0	0	0	0	0	0	0	0	0	0	0	0	0	0	0	0	0	0	0	0	0	0	0	0	0	0	0	0	0	0	0	0	0	0	0	0	0	0	0	0	0	0	0	0	0	0	0	0	0	-1	0	0	0	0	0	0	0	0	0	0	0	0	0	0	0	0	0	0	-1	0	0	0	0	0	0	0	0	-1	-1	-1	-1	0	0	0	0	0	0	
43608431	0	-1	0	0	0	0	0	0	0	0	0	0	0	0	0	0	0	0	0	0	0	0	0	0	0	0	0	0	0	0	0	0	0	0	0	0	0	0	0	0	0	0	0	0	0	0	0	0	0	0	0	0	0	0	0	0	0	0	0	0	0	0	0	0	0	0	0	0	0	0	0	0	0	0	0	0	0	0	0	0	0	0	0	0	0	0	0	0	0	0	0	0	0	0	0	0	0	0	0	0	0	0	0	0	0	-1	0	0	0	0	0	0	0	0	0	0	0	0	0	-1	0	0	0	0	0	0	0	0	0	1	0	0	0	0	0	0	0	0	
43822436	0	0	0	0	0	1	0	0	0	0	0	0	0	0	0	0	0	-1	0	0	0	0	0	0	0	0	0	1	-1	0	0	0	0	0	0	0	0	0	0	1	0	0	0	0	0	0	0	0	1	0	0	0	0	0	0	0	0	0	1	0	0	0	0	0	0	1	0	0	0	0	0	1	0	1	0	0	0	1	0	0	1	0	0	0	0	0	0	0	0	0	0	0	1	0	0	0	0	0	1	0	-1	1	-1	1	0	0	0	0	0	1	0	0	0	0	0	0	0	0	1	0	0	1	0	0	0	0	0	0	0	0	0	0	0	0	0	0	1	0	43822436	19	female	independent	some_college	single_living_with_parents	student	white	Roman Catholic	yes	yes
21785776	0	0	0	0	1	0	0	0	0	1	0	0	0	1	0	0	0	0	0	0	0	0	0	0	0	0	0	0	0	0	0	0	0	0	-1	0	0	0	-1	0	0	1	0	0	0	0	0	0	0	0	0	1	0	0	0	0	0	0	0	0	0	0	0	0	0	0	0	0	0	1	0	0	0	0	0	-1	-1	0	0	0	0	0	1	0	0	0	0	1	0	0	0	0	0	0	0	0	0	1	0	0	0	0	0	0	0	0	1	0	1	0	0	0	0	0	0	0	0	0	0	0	1	1	-1	1	0	1	1	1	0	0	0	0	0	0	-1	0	0	0	
42870640	0	0	0	0	0	0	0	0	0	0	0	0	0	0	1	0	0	0	0	0	0	0	1	0	0	0	0	0	0	0	0	0	0	0	0	0	0	0	0	0	-1	0	0	0	0	0	0	0	0	1	0	0	0	0	0	0	0	0	0	0	0	0	0	0	0	0	0	0	0	0	0	0	0	0	0	0	0	1	0	0	0	0	0	0	0	0	0	0	0	0	0	0	0	0	1	0	0	1	0	0	0	0	1	0	0	1	0	0	0	0	0	0	0	0	0	0	1	0	0	0	0	0	0	0	0	1	0	0	0	0	0	0	0	0	0	1	0	0	
