participant id	Immigration should be limited.	Some immigrants come seeking better education and they should not be deprived.	European countries are experiencing problems with refugee immigrants.	Come to the US through legal channels or don't come at all.	Immigrants should be treated better at the borders.	Inclusion should be facilitated for immigrants.	Immigrants are willing to do work that most Americans don't want to do, at a lower cost to the employer.	America should focus on its own citizens before other countries citizens.	Immigrants provide a valuable diversity.	All immigrants should have a detailed background check.	Legal immigration provides increased diversity.	Immigrants have a postivie impact on the economy.	US comprise of immigrant eversince.	People from other countries should fix the problems in their own country, rather than move to another country.	Elevate refugee immigration to the US; they deserve a safe haven.	Congress should immediately fund Trump's wall.	Work visas to skilled professionals should be temporary in nature.	Immigrants are needed to make up for aging populations.	Immigration takes opportunities away from those born in the usa.	Immigration shouldn't be more important than security.	Background checks must be performed on immigrants.	Immigrants helps boost US economy.	Immigrants should come into the US legally only.	Immigrants should be able to come to the USA for better opportunities.	Allowing people to becoming legal citizens should be first step in revising the immigration system.	Refugees should be helped.	The US must be responsible to their own citizens first.	All inmigrants should have the right to vote in the American elections.	Immigrants should be treated like citizens of the country.	The immigration program needs to be reformed.	Immigration must be regularized.	Immigration should be legal and orderly.	Immigrants have a right to be protected.	All immigrants should learn American English.	The US has the right to exclude of certain groups from entering.	Immigration is what made us what it is today.	Deporting these illegal immigrants can cost the government afortune so it is better to let them stay.	US immigration helps the economy.	Diversity is something that a lot of companies value.	Illegal immigration should not be allowed and be enforced.	Immigrants are more often criminals.	Immigrants take work no one else wants.	Most immigrants pay taxes.	Immigrants are good for US.	Immigration into the USA should be elevated.	Immigrant will stimulate the economy and enhance America's wealth.	Some immigrants possess important skills that our country needs.	Muslim immigrants can be dangerous.	Immigration increases terrorist activity.	Bans against immigration are really just fronts for prejudice.	Low cost workers come from Inmigration.	We are all migrants.	The United States is already fully populated, so immigration should be restricted.	We should stop foreigners taking advantage of us.	Illegal immigration should be banned.	Visas should only be issued to students and workers.	Immigrants create multiculturalism.	Immigrants who commit a serious crime should be permanently expelled.	Legal immigrants contribute to society.	We are all the descendants of immigrants.	People immigrating from other countries should be loyal to america if they are living here.	When a person immigrates to a new country they can assume new nationality with their new country.	Immigration should be controlled to prevent overcrowding in the USA.	Legal immigration has brought some great scientists to the United States.	Legal status would boost the economy.	Immigrants are known for working cheaper.	Immigrants bring positive things to the country.	Undocumented aliens contribute to a richer culture and biodiversity.	Only children who have one parent who is a US citizen should be granted citizenship.	A decrease in population due to aging and death can be regained from an immigrant population including refugees.	Undocumented aliens are willing to take all kinds of jobs.	US should hire skilled immigrants.	Inmigration have a positive impact in the rise of economy.	Immigrants visas should be constantly evaluated and revised.	Immigrants are bad for the US.	Allowing immigrants into the country makes for a more skilled labor force.	Immigrants must pass certain background checks including crime record.	Immigration provides cultural growth.	Not everyone must be elegible for Immigration.	Immigration built the US.	We need an immigration reform that focuses on enforcement and upholding the rule of law.	States must be responsible to their own citizens first.	Immigration does not change national identity of a country built on immigrants.	Immigration should be elevated because it brings the best brains to the economity.	Our country was founded o the principle of encouraging immigration.	Inmigration have a positive impact on diplomatic relationships.	All illegal immigrants should be deported back to their home country.	Immigrants are better workers tha US workers.	The government has to destinate some fund to help immigrants.	Immigrant will strengthen our national security.	Legal immigration should be promoted.	At times they help in the progress of the country.	States should focus on their own people first.	America should invite all people that need help.	Our national and economic security depend on requiring people who are living and working here illegally to come forward and get right with the law.	States should be in control of determining the allowance of immigrants into their domain and the care that may be necessary.	Illegal immigration is born from the difficulty of emigrating.	There are immigrants who make great collaborations with the country.	There should be a way that illegal immigrants can become legalized.	Increased diversity results in a better America.	Paths to legal immigration should be simplified.	The USA immigration is best best way to repair the economy.	Skilled migration workers are needed.	Legal immigration is important for low paying jobs that Americans do not want.	We must secure our borders.	States must be responsible for everyone present, not just citizens.	The government must set and enforce stricter rules about immigration.	Migrant workers contribute to our economy via business ventures and as employees.	Immigrants are what makes this country what it is.	Immigration makes US more attractive to tourists.	It's in the public interest to acknowledge that refugees cause harm.	Immigration has always been a part of america.	A person in need should not be denied help and life regardless of where they are from.	Immigrants are good for US economy.	Immigrants contribute to the work force when they come to the country the right way.	Illegal immigrants take jobs away from Americans.	A time limit must be approved for immigrants.	We need to limit the amount of refugees allowed.	Multiculturalism is desirable.	Migrants have a positive impact on the economy.	The U.S. is a melting pot of cultures.	As long as immigrants get to remain in the United States legally, they will have jumped ahead of those in their home countries who are attempting legal entry.	We should take hard measures to enforce immigration laws.	All immigrants should be legal.	Immigration changes national identity in a bad way.	The country must monitor the borders.	Legal immigration levels should remain the same.	High skilled migrants take jobs from US workers.	Immigrants have a positive impact in the economy.	Immigration needs to be done legally only.	participant id	age	gender	affiliation	education	family status	profession	race	religion	ties2overseas	US citizen
42703498	1	1	1	1	0	0	0	1	0	0	0	0	1	0	0	0	0	0	1	1	0	0	0	0	1	0	0	0	1	1	1	1	0	0	1	1	0	1	1	0	0	0	0	0	1	1	1	1	0	0	0	0	0	0	0	1	0	1	1	1	1	0	1	1	0	1	0	1	1	0	1	0	1	1	0	1	1	0	0	0	0	0	0	1	0	1	0	0	0	0	0	0	0	0	0	0	0	1	0	1	0	0	0	0	0	1	0	0	1	1	0	1	1	1	1	1	0	0	0	0	0	1	0	1	1	1	1	1	0	1	
22139728	0	0	0	1	0	1	1	0	0	0	0	0	1	1	1	1	0	0	1	0	0	0	1	0	1	0	0	1	0	0	0	0	0	1	0	0	0	1	1	1	0	1	1	0	1	1	0	0	1	1	1	1	0	0	0	0	0	0	0	0	1	0	0	0	0	0	0	0	0	0	0	1	1	1	0	0	1	1	1	1	0	1	1	0	1	1	1	1	1	0	0	0	0	0	0	0	1	0	0	0	1	0	0	0	0	0	0	1	0	0	1	0	0	0	0	0	0	0	0	0	1	1	1	1	0	1	0	1	0	0	22139728	32	female	democrat	master	single_living_alone	employee	black_or_african_american	other:Christian	yes	yes
42665614	0	0	0	0	0	0	0	0	0	0	0	0	0	0	0	0	0	0	0	0	0	0	0	0	0	0	0	0	0	0	0	0	0	0	0	0	0	0	0	0	0	0	0	0	0	0	0	0	0	0	0	0	-1	0	0	0	0	0	0	0	0	0	0	0	0	0	0	0	0	0	0	0	0	0	0	0	0	0	0	0	0	0	0	0	0	0	0	0	0	0	0	0	0	0	0	0	0	0	0	0	0	0	0	0	0	1	0	0	0	0	0	0	0	0	1	0	0	0	0	1	0	0	0	0	0	0	0	0	0	0	42665614	21	female	other	some_college	single_living_alone	student	white	Protestant	yes	no
43736722	0	0	0	0	0	0	0	0	0	0	0	0	0	0	0	0	0	0	0	0	0	0	0	0	0	0	0	0	0	0	0	0	0	0	0	0	0	0	0	0	0	0	0	0	0	0	0	0	0	0	0	0	0	0	0	0	-1	0	0	0	0	0	0	0	0	0	0	0	0	0	0	0	0	0	0	0	0	0	0	0	0	0	0	0	0	0	0	0	0	0	0	0	0	1	0	0	0	0	0	0	0	0	0	0	1	0	0	0	0	0	0	0	0	0	0	0	0	0	0	1	0	0	0	0	0	0	0	0	0	0	43736722	22	female	independent	some_college	single_living_alone	employee	hispanic_american	other:Christian	yes	no
43860631	0	0	-1	0	1	0	0	0	-1	1	1	0	0	0	0	-1	1	1	0	1	1	1	0	1	0	0	1	1	1	1	1	0	0	0	-1	1	1	0	0	0	1	0	0	1	0	0	0	0	-1	1	-1	1	1	1	0	0	1	1	1	-1	0	1	0	0	-1	1	1	1	0	1	1	-1	0	0	1	0	1	1	-1	1	1	0	0	1	1	0	-1	0	1	0	-1	1	-1	1	0	0	1	1	0	-1	0	-1	0	1	1	1	1	-1	-1	0	1	1	0	0	1	-1	0	-1	1	1	1	0	1	1	1	0	-1	1	1	1	
5007431	0	0	0	0	0	0	0	0	1	1	0	0	0	0	-1	0	0	0	0	0	0	0	0	0	0	0	0	0	0	0	0	0	0	0	0	0	-1	0	-1	0	-1	1	0	0	1	1	1	1	0	0	0	0	0	0	0	0	1	0	0	0	0	0	0	0	0	0	0	0	0	0	0	0	1	1	-1	1	0	0	0	0	0	0	0	0	0	0	0	0	0	0	0	0	0	-1	0	0	0	0	0	0	0	0	0	0	0	0	1	0	0	0	0	0	1	1	1	-1	0	0	0	0	0	0	0	0	0	0	0	0	0	0	
42468998	0	1	1	1	1	0	0	0	0	0	0	1	0	0	-1	1	0	-1	0	-1	0	1	0	1	1	0	0	0	1	0	-1	0	0	0	0	0	1	0	0	0	-1	1	0	0	0	0	0	0	0	0	0	-1	0	0	0	0	1	0	0	0	1	1	1	1	1	1	1	1	0	-1	1	0	1	0	0	0	0	1	0	0	1	0	0	0	0	1	0	-1	0	0	0	0	1	0	1	1	0	1	0	0	0	0	1	0	0	0	0	0	-1	0	0	0	0	0	0	0	0	0	0	0	1	0	0	0	0	0	0	0	1	0	
27914150	0	0	0	1	0	1	0	0	1	0	0	0	0	-1	0	0	0	0	0	0	0	0	1	0	0	0	0	0	0	0	0	0	0	0	0	0	0	0	0	0	0	1	0	0	0	1	0	0	0	0	0	1	0	0	0	0	1	0	0	0	0	0	0	0	0	0	0	0	0	0	0	1	1	0	0	0	0	0	0	0	0	1	1	0	0	0	0	0	0	0	0	0	0	0	0	0	0	0	0	0	0	0	0	0	0	0	0	1	0	0	-1	0	0	0	0	0	0	0	0	0	0	0	0	-1	0	0	0	0	0	0	
43976334	1	0	0	0	1	1	1	1	1	1	0	0	0	1	0	1	0	1	1	1	1	0	1	0	0	1	1	1	1	1	1	1	1	1	1	1	1	0	0	1	0	0	1	1	0	0	1	1	1	1	0	1	1	1	1	1	1	0	1	1	1	1	1	0	1	-1	1	1	1	0	1	1	0	0	1	1	1	1	-1	1	0	-1	1	1	1	1	1	-1	1	1	1	-1	0	1	0	0	0	1	0	1	1	1	1	1	1	1	1	1	0	0	1	1	-1	1	1	-1	1	1	1	1	1	1	1	0	1	0	1	1	1	1	
38548574	1	0	0	0	0	0	0	0	0	0	0	0	0	0	0	0	0	0	0	0	0	0	0	0	0	0	0	0	0	0	0	0	1	1	1	1	0	0	0	0	0	0	0	0	0	0	0	0	0	0	0	0	0	0	0	0	0	0	0	0	0	0	0	1	1	0	0	0	0	0	0	0	0	0	0	0	0	0	0	0	0	0	0	0	1	0	0	0	0	0	0	0	0	0	1	0	0	0	0	0	0	0	0	0	0	0	1	0	0	0	0	0	0	0	0	0	0	0	0	0	0	0	0	0	0	0	-1	0	1	0	
27748798	0	0	0	1	0	0	0	0	0	0	0	0	1	0	0	0	0	0	-1	0	0	0	0	0	0	0	0	-1	0	0	0	0	1	0	0	0	0	1	0	0	0	0	0	0	0	0	0	0	0	0	0	0	0	0	0	0	0	0	0	0	0	0	0	0	0	0	0	0	0	0	0	0	0	0	0	0	0	0	0	0	0	0	0	0	0	0	0	0	0	0	0	0	0	0	0	0	-1	0	0	0	-1	0	0	0	0	0	0	1	0	0	1	0	0	0	0	0	0	0	0	0	0	-1	0	0	0	0	0	0	0	0	
1933319	0	0	0	0	0	0	0	0	1	1	1	-1	0	0	0	1	0	0	0	0	0	0	0	0	0	0	0	0	0	0	0	0	0	0	0	0	0	0	0	0	0	0	0	1	0	0	0	0	0	0	0	0	0	0	0	0	0	0	0	0	0	0	0	0	0	0	0	0	1	0	0	0	0	0	0	0	0	0	0	0	0	0	0	0	0	0	0	0	0	0	0	0	0	0	0	0	0	0	0	0	-1	-1	0	0	0	0	0	0	0	0	0	0	0	0	0	0	0	1	0	-1	0	0	0	0	0	0	-1	0	0	0	1933319	37	male	independent	some_college	single_living_alone	employee	white	Protestant	yes	yes
39147083	0	0	0	0	0	0	0	0	0	1	0	0	0	0	0	0	0	0	0	0	0	0	0	0	0	0	0	0	0	0	0	0	0	0	0	0	0	0	0	0	0	0	0	0	0	0	0	0	0	0	0	0	0	0	0	0	0	1	0	0	0	0	0	0	0	0	0	1	0	0	0	0	0	0	0	0	0	0	0	0	0	0	0	0	0	0	0	1	0	0	0	0	0	0	0	0	1	1	1	1	0	0	0	0	0	0	0	0	0	0	0	0	0	0	0	0	0	0	0	0	0	0	0	0	0	0	0	0	0	0	
41966239	0	0	0	0	0	0	0	0	0	0	0	0	0	0	0	0	0	0	0	0	0	0	0	0	0	0	0	0	0	0	0	1	0	0	0	0	0	0	0	0	0	1	0	0	0	0	0	0	0	0	0	0	0	0	0	0	0	0	0	0	0	0	0	0	0	0	0	0	0	0	0	0	0	0	0	0	0	0	0	0	0	0	0	-1	0	0	0	0	0	0	0	0	0	0	0	0	0	0	0	0	0	0	0	1	0	0	0	0	0	0	0	0	0	0	0	0	0	0	0	0	0	0	0	0	0	0	0	0	0	0	
43869373	0	0	1	0	1	1	-1	1	0	0	-1	0	0	1	0	0	-1	0	0	0	-1	-1	0	0	0	0	-1	0	0	1	0	0	1	0	0	0	0	0	0	1	1	0	0	0	0	0	0	0	1	0	0	-1	0	0	0	0	0	0	0	0	0	0	0	0	-1	0	0	0	0	0	1	1	0	1	0	0	0	-1	-1	1	0	1	0	0	0	0	0	0	0	0	0	1	-1	1	1	-1	0	0	0	0	1	1	1	-1	0	1	0	1	0	-1	-1	-1	-1	-1	1	0	0	0	0	1	1	-1	0	0	-1	0	0	0	0	0	43869373	23	male	independent	associate_degree	single_living_alone	employee	black_or_african_american	Roman Catholic	no	yes
43891892	0	1	-1	0	0	1	0	0	0	1	1	1	0	0	0	1	-1	1	0	0	1	0	-1	0	1	0	1	-1	1	0	1	1	0	-1	1	-1	-1	-1	1	1	-1	1	1	0	0	0	1	0	0	-1	0	0	1	1	1	-1	0	0	1	-1	0	1	1	0	0	0	1	0	-1	-1	0	1	0	0	0	0	1	0	1	-1	0	1	1	0	-1	0	0	0	-1	-1	1	0	0	0	1	0	1	0	0	0	1	0	1	0	1	0	0	0	0	0	1	0	1	0	1	0	0	1	-1	1	0	1	-1	0	0	1	-1	1	1	1	43891892	25	male	none	bachelor	single_living_alone	student	white	Roman Catholic	no	yes
43837109	0	0	0	1	0	1	1	0	0	0	0	0	1	1	1	1	0	0	1	0	1	1	1	1	1	0	0	1	0	0	0	0	0	1	0	0	0	1	1	1	0	1	1	0	1	1	0	1	1	-1	-1	-1	0	0	0	0	0	0	0	0	-1	1	0	0	0	0	0	0	0	0	0	1	1	1	0	0	1	-1	-1	-1	0	1	1	0	1	-1	1	1	1	0	0	0	0	0	0	0	1	0	1	0	1	0	0	0	0	0	0	1	0	0	1	0	0	0	0	0	0	0	1	0	1	1	1	1	0	1	0	1	0	0	
19302668	1	0	1	1	0	0	0	0	0	0	1	1	0	0	0	-1	1	-1	1	1	1	1	1	0	0	0	1	-1	0	1	0	0	1	0	0	1	1	0	0	0	-1	0	0	1	0	0	0	0	1	0	0	1	1	1	-1	-1	1	1	1	1	0	0	0	0	1	0	0	0	-1	1	1	1	-1	1	-1	0	1	1	1	1	-1	1	0	0	1	-1	0	0	-1	1	1	1	1	-1	-1	1	0	0	0	0	0	0	0	1	1	0	1	1	0	1	-1	0	-1	0	1	0	0	0	0	1	1	1	1	0	-1	0	-1	1	1	0	19302668	44	female	democrat	high_school	married	employee	white	other:Christian	no	yes
20244740	1	-1	-1	-1	0	0	0	-1	1	0	0	0	0	0	1	0	0	0	0	0	-1	0	0	0	0	0	0	0	-1	-1	1	1	0	0	0	0	1	0	1	0	0	0	0	0	0	-1	0	0	0	0	1	0	0	1	0	-1	0	0	0	0	0	0	0	1	0	0	0	0	0	0	0	0	0	0	0	-1	0	0	0	0	0	0	0	1	0	0	0	0	0	0	0	0	0	0	0	0	0	0	0	0	0	0	0	0	0	0	-1	0	0	0	0	0	1	0	0	1	0	0	0	0	0	0	0	0	-1	-1	-1	1	0	0	
43676331	0	0	0	0	0	0	0	0	0	0	0	0	0	0	0	0	0	0	0	0	0	0	1	0	0	0	0	0	0	0	0	0	0	0	0	0	0	0	0	0	0	0	0	0	0	0	0	0	0	0	0	0	0	0	0	0	0	0	0	0	0	0	0	0	0	0	0	0	0	0	0	0	0	0	0	0	0	0	1	0	0	0	0	0	0	0	0	0	0	0	0	0	0	0	0	0	0	0	0	0	0	0	0	0	0	0	0	0	0	0	1	0	0	0	0	0	1	0	0	0	0	0	0	0	0	0	0	0	0	0	
33708599	0	0	0	1	0	1	1	0	0	0	0	0	-1	-1	1	0	0	0	-1	0	1	1	1	1	1	1	1	0	0	0	0	0	0	0	0	0	0	1	0	1	0	1	1	0	-1	1	1	-1	0	-1	0	0	0	-1	0	0	1	0	0	0	1	1	0	0	0	0	0	0	0	0	0	1	1	1	0	-1	1	1	1	1	0	1	1	0	0	0	0	0	-1	0	1	0	0	-1	0	-1	-1	0	1	0	-1	0	0	0	0	0	0	1	1	1	-1	1	0	0	0	0	0	0	1	1	0	0	0	1	0	1	0	0	0	0	33708599	31	female	none	bachelor	single_living_with_partner	employee	white	other:Non religious	yes	yes
39021669	0	1	0	0	-1	1	1	1	1	0	1	0	0	0	-1	-1	0	0	0	0	1	0	0	1	0	0	1	0	0	1	0	0	0	0	0	0	-1	0	1	1	-1	0	0	0	0	0	1	0	-1	-1	0	0	0	0	0	0	1	0	0	0	1	-1	1	1	1	0	0	0	0	0	0	1	1	1	-1	1	0	0	0	0	-1	0	0	0	0	0	0	0	0	0	-1	1	0	-1	0	0	0	0	0	1	0	0	1	0	1	1	1	0	1	0	0	1	1	0	0	0	0	0	0	1	1	0	0	0	-1	0	0	0	0	0	39021669	43	female	democrat	vocational_secondary_certification	single_living_with_partner	employee	other	Roman Catholic	yes	yes
34070076	0	1	1	0	-1	0	0	1	0	0	0	0	0	0	-1	-1	0	0	1	0	0	0	0	1	0	0	0	0	0	0	0	0	0	1	1	0	-1	0	0	0	0	0	0	0	0	0	1	0	0	0	0	0	0	0	0	0	0	0	0	0	1	1	1	1	0	0	0	0	0	0	0	0	0	0	0	0	0	0	0	0	1	0	0	0	0	0	1	-1	0	-1	0	1	0	0	0	0	0	1	0	1	-1	0	1	0	0	1	0	0	1	1	0	0	0	0	0	0	0	0	0	0	0	0	0	-1	0	0	0	0	0	0	34070076	30	male	none	bachelor	single_living_alone	employee	asien	Roman Catholic	yes	yes
43847840	1	1	-1	1	1	1	1	1	1	0	0	1	1	0	0	0	1	0	0	0	0	0	0	0	0	0	1	0	1	0	1	1	0	0	0	0	0	1	1	1	0	0	0	0	0	0	0	1	0	0	0	0	1	0	0	-1	-1	0	0	0	0	0	0	0	0	-1	0	0	-1	0	0	0	0	1	0	0	1	0	0	1	0	0	0	0	0	0	0	0	0	0	0	1	0	1	0	0	0	0	0	1	0	0	0	0	1	0	1	0	0	0	0	1	1	0	0	0	0	0	0	1	0	1	0	0	1	0	0	0	0	1	43847840	31	male	democrat	bachelor	single_living_alone	selfemployed	black_or_african_american	Roman Catholic	yes	yes
31888345	0	0	0	0	0	0	0	0	-1	0	0	0	0	0	0	0	0	0	0	0	0	0	0	0	0	0	0	0	0	0	0	0	1	1	1	1	0	0	1	0	0	0	0	0	0	0	1	0	0	0	0	0	0	1	0	0	0	0	0	0	0	0	0	0	0	0	0	0	0	0	0	0	0	0	0	0	0	0	0	0	0	0	0	0	0	0	0	0	0	0	0	0	0	0	0	1	0	0	0	0	0	0	0	0	1	0	1	0	1	1	1	1	-1	0	0	0	0	0	0	0	0	0	0	0	0	0	0	0	0	0	31888345	23	female	republican	bachelor	single_living_with_parents	unemployedseeking_employment	asien	Atheist / Agnostic	yes	yes
43855522	0	0	0	1	0	1	0	0	0	0	0	0	1	1	1	0	0	0	1	0	1	1	0	1	0	0	0	1	0	0	0	1	1	1	-1	1	0	-1	0	-1	0	0	1	0	1	1	0	-1	0	1	1	0	0	0	0	0	0	0	0	0	0	1	0	0	0	0	0	0	0	0	0	1	1	0	0	1	-1	1	1	1	0	-1	1	1	0	0	0	0	0	1	1	1	0	0	0	0	1	0	1	0	-1	0	0	1	0	0	0	0	0	0	1	0	0	0	0	0	0	0	1	0	0	0	0	1	0	0	0	0	0	0	43855522	26	male	democrat	bachelor	single_living_alone	employee	white	Roman Catholic	yes	yes
43943585	0	0	0	-1	0	1	1	0	0	0	0	0	1	-1	1	-1	0	0	-1	0	0	0	0	0	0	0	0	-1	0	0	0	0	0	0	0	0	0	1	0	1	0	1	1	0	-1	1	0	0	0	0	0	0	0	0	0	0	0	0	0	0	0	0	0	0	0	0	0	0	0	0	0	1	1	0	0	0	1	1	1	1	0	1	0	0	0	0	0	0	0	0	0	0	0	0	0	0	-1	0	0	0	-1	0	0	0	0	0	0	1	0	0	0	0	0	0	0	0	0	0	0	0	0	0	0	1	0	0	0	0	0	0	43943585	27	female	independent	associate_degree	single_living_alone	civil_servant	white	Atheist / Agnostic	yes	no
30408589	1	0	0	0	-1	1	-1	1	1	-1	0	0	0	-1	0	1	-1	0	-1	0	-1	0	0	0	0	1	1	1	-1	-1	-1	-1	1	1	1	-1	-1	0	0	1	1	0	0	-1	0	0	-1	1	0	1	0	1	0	1	0	-1	1	0	0	-1	-1	-1	1	0	0	-1	1	-1	0	-1	1	0	0	0	1	1	0	1	1	-1	-1	1	1	-1	1	-1	1	1	-1	0	1	-1	0	-1	-1	0	-1	-1	1	-1	1	1	-1	-1	1	1	1	-1	0	0	1	1	0	0	-1	-1	0	0	1	1	-1	1	0	0	-1	0	1	-1	0	-1	
13763729	0	0	0	0	0	0	0	-1	0	0	0	0	0	0	0	0	0	0	0	0	0	0	0	0	0	0	0	0	0	0	0	0	0	0	0	0	0	0	0	0	0	0	0	0	0	1	0	0	0	0	0	0	0	0	0	0	0	0	0	0	0	0	0	1	0	0	0	0	0	0	0	0	0	0	0	1	0	0	0	0	0	0	0	0	0	0	0	0	0	0	0	0	0	0	0	0	0	0	0	0	0	0	0	0	0	0	0	0	0	0	0	0	0	0	0	0	0	0	0	0	0	0	0	0	0	0	0	0	0	0	
15193250	0	0	0	0	1	0	0	0	0	0	0	0	0	0	0	0	0	0	0	0	1	0	1	0	0	0	0	0	0	0	1	0	0	1	0	0	0	0	0	0	0	0	0	1	0	0	0	0	0	0	0	0	0	0	0	-1	0	0	0	1	0	0	0	0	0	0	0	0	0	-1	0	0	0	0	0	0	0	0	1	0	0	1	0	0	0	0	0	-1	0	0	0	0	0	0	1	0	0	1	0	0	1	1	1	-1	0	0	0	0	0	0	-1	0	0	0	0	0	1	0	0	0	0	0	0	0	0	1	0	0	1	1	
34854490	0	0	0	0	0	0	0	0	0	0	0	0	0	0	0	0	0	0	0	0	0	0	0	0	0	0	0	0	0	0	0	0	1	0	0	0	0	0	0	0	0	0	0	0	0	0	0	0	0	0	0	0	0	0	0	0	0	0	0	0	0	0	0	0	0	0	0	0	0	0	0	0	0	0	0	0	0	0	0	0	0	0	0	0	0	0	0	0	0	0	0	0	0	0	0	0	0	0	0	0	0	0	0	0	0	0	0	1	0	0	-1	0	0	0	0	0	0	0	0	0	0	1	0	0	0	0	0	0	0	0	34854490	35	male	democrat	bachelor	single_living_with_parents	other:caregiver	asien	Atheist / Agnostic	yes	yes
43981010	0	0	0	0	0	0	0	0	0	0	0	0	1	0	0	0	0	0	0	1	0	0	0	0	0	0	0	0	0	0	1	0	0	0	0	0	0	-1	0	0	0	0	0	0	-1	-1	1	1	0	0	0	0	0	0	0	1	0	0	1	1	0	0	0	1	0	1	0	0	-1	0	0	0	0	1	0	0	1	0	0	0	0	0	0	0	0	-1	0	0	0	0	0	0	0	0	0	0	0	1	0	-1	0	0	0	0	0	0	0	0	0	-1	0	1	1	-1	-1	1	0	0	0	0	0	1	0	0	0	1	0	0	0	1	
19638651	0	0	0	0	0	0	0	0	0	0	0	0	0	0	0	0	0	0	0	0	0	0	0	0	0	0	0	0	0	0	0	0	0	0	0	0	0	0	0	0	-1	1	0	0	0	0	0	0	0	0	0	0	0	0	0	0	1	0	0	0	0	0	0	0	0	0	0	0	0	0	0	0	0	0	0	0	0	0	0	0	0	0	0	0	0	0	0	0	0	0	0	0	0	-1	0	0	0	0	0	0	0	0	0	0	0	0	0	0	0	0	0	0	0	0	0	0	0	0	0	0	0	0	0	0	0	0	0	0	0	0	
11521789	0	0	1	0	1	0	0	0	0	0	0	1	0	0	0	-1	0	-1	0	0	0	0	0	1	1	-1	0	0	1	0	-1	0	0	0	0	0	-1	0	0	0	-1	1	0	0	0	0	0	0	0	0	0	0	0	0	0	1	1	0	0	1	1	1	1	1	1	1	1	-1	0	-1	0	0	0	0	-1	0	0	0	0	0	0	1	0	0	0	0	0	-1	0	0	1	0	1	-1	0	0	0	1	0	0	0	0	1	0	0	0	0	0	1	0	0	0	0	1	0	0	1	0	0	0	0	0	0	0	0	1	0	0	1	0	11521789	54	male	republican	some_college	other:Separated	employee	asien	Protestant	yes	yes
43699918	1	1	0	0	0	0	0	0	0	0	0	0	1	0	0	0	0	0	-1	1	0	0	0	0	1	1	1	-1	0	0	1	1	0	0	1	-1	0	0	1	0	1	1	-1	1	1	1	1	0	0	0	0	0	0	1	0	1	1	1	1	1	1	0	1	1	1	0	0	1	1	1	1	0	1	1	0	0	1	0	0	0	1	1	1	1	1	1	0	0	0	0	1	0	0	0	-1	0	0	1	0	1	0	1	0	0	1	1	-1	0	-1	0	1	1	1	1	1	-1	0	0	-1	0	0	1	0	1	0	-1	1	0	1	-1	43699918	23	male	republican	some_college	single_living_with_partner	student	hispanic_american	Protestant	yes	yes
41841195	0	0	0	0	0	0	0	0	0	0	0	0	0	0	0	0	0	0	0	0	0	0	0	0	0	0	0	0	0	0	0	0	0	0	0	0	0	0	0	0	0	0	0	0	0	0	0	0	0	0	0	0	0	0	0	0	0	0	0	0	0	0	0	0	0	0	0	0	0	0	0	0	0	0	0	0	0	0	0	0	0	0	0	0	0	0	0	0	0	0	0	0	0	0	0	0	0	0	0	0	0	0	0	0	0	0	0	0	0	0	0	0	0	0	0	0	0	0	0	0	0	0	0	0	-1	1	1	-1	0	0	41841195	32	female	independent	some_college	single_living_with_partner	other:homemaker	white	Atheist / Agnostic	no	yes
42082009	0	0	0	0	0	0	0	0	0	1	0	0	0	0	1	0	0	0	0	0	0	0	0	0	0	0	0	0	0	0	0	0	0	0	0	0	-1	0	0	0	0	0	0	0	0	0	0	0	0	0	0	0	0	0	0	0	0	0	0	0	0	0	0	0	0	0	0	0	0	0	0	0	0	0	0	0	0	0	0	0	0	0	0	0	0	0	0	0	0	0	0	0	0	0	0	0	0	0	0	0	0	0	0	0	0	0	0	0	0	0	0	0	0	0	0	-1	0	0	0	0	0	0	0	0	0	0	0	0	0	0	42082009	28	female	democrat	bachelor	single_living_with_partner	employee	white	Roman Catholic	yes	yes
34689613	0	0	0	0	0	0	0	0	0	0	0	0	0	0	0	0	0	0	0	0	0	0	0	0	0	0	0	0	0	0	0	0	0	0	0	0	0	0	0	0	0	0	0	0	0	0	0	0	0	0	1	0	0	0	0	0	0	0	0	0	0	0	0	0	0	0	-1	0	0	0	0	0	0	0	-1	0	0	0	0	0	0	0	0	0	0	0	0	0	-1	0	0	0	0	0	0	1	0	0	0	0	0	0	0	1	0	0	0	0	0	0	0	0	0	0	0	0	0	0	0	0	0	0	0	0	0	0	0	0	0	0	
40790579	0	1	1	1	0	1	0	0	1	1	1	1	1	0	1	1	0	0	-1	1	1	1	1	1	0	1	0	-1	1	0	0	0	1	0	0	0	1	1	1	1	0	0	0	1	0	0	0	1	0	1	0	0	0	0	0	1	1	0	0	1	0	1	0	0	0	0	0	0	1	0	0	1	0	0	0	1	0	0	0	1	1	1	1	1	0	0	0	0	0	1	1	0	1	1	0	0	-1	0	1	0	1	1	0	0	1	0	0	1	0	0	0	0	0	1	0	0	1	1	1	1	0	0	0	0	0	1	1	0	0	0	40790579	29	male	democrat	bachelor	single_living_alone	employee	other	Muslim	no	no
43943676	-1	0	0	0	1	1	1	1	0	0	0	0	0	0	0	0	-1	1	-1	-1	0	1	1	0	0	0	1	0	1	1	-1	0	0	0	0	1	-1	0	0	-1	-1	1	0	1	0	0	0	0	0	1	0	0	0	0	0	0	1	1	0	0	0	0	-1	0	1	1	1	0	0	0	0	0	0	0	0	0	1	0	0	0	1	0	0	0	1	0	1	0	1	1	1	1	1	1	0	0	0	0	1	0	0	0	0	0	0	0	0	0	0	0	0	1	0	0	1	0	0	0	0	0	0	0	0	0	-1	0	1	0	1	0	
43606269	1	0	0	0	0	0	0	0	1	1	0	0	1	0	1	0	0	0	1	1	0	0	0	0	1	1	1	1	0	0	1	0	0	0	1	1	1	1	1	0	0	0	0	0	1	1	1	1	0	0	0	0	0	1	0	1	0	1	1	1	1	0	1	1	1	1	0	1	1	0	1	0	1	1	1	1	1	0	0	0	0	0	0	1	1	1	0	0	0	0	0	0	0	0	1	1	0	1	0	1	0	0	0	0	1	1	1	0	1	1	1	1	1	1	1	1	0	0	0	0	0	1	0	1	0	1	1	0	1	1	
43869435	0	0	0	0	0	0	1	0	0	0	0	0	1	-1	1	1	0	0	0	0	0	0	0	0	1	0	0	0	0	0	0	1	1	1	-1	-1	0	0	1	0	0	1	-1	0	0	-1	0	0	-1	-1	1	-1	0	0	0	0	0	0	0	0	1	0	0	0	0	0	0	0	0	0	0	0	0	1	0	0	0	0	-1	0	0	0	0	-1	-1	-1	-1	-1	1	-1	0	1	0	0	0	0	0	0	0	0	0	0	0	1	0	0	0	0	0	0	0	0	0	0	0	0	0	0	-1	0	1	1	1	-1	0	1	0	1	0	0	
43967735	1	1	0	0	0	1	0	0	1	0	-1	0	0	0	0	1	1	0	-1	0	0	-1	1	0	0	1	1	1	0	1	1	1	1	-1	-1	-1	1	0	0	0	1	1	-1	-1	0	0	1	-1	0	-1	0	0	0	-1	-1	0	0	-1	1	1	1	-1	1	0	1	1	-1	-1	0	0	1	-1	0	0	-1	-1	0	1	-1	1	0	1	-1	-1	1	-1	1	0	0	-1	0	1	-1	0	-1	-1	0	1	0	1	0	1	-1	-1	0	-1	1	-1	0	0	-1	1	0	1	-1	-1	0	0	1	-1	-1	1	0	0	0	0	-1	-1	-1	0	
43510526	0	0	1	0	0	0	0	0	0	0	0	0	0	0	0	0	0	0	0	0	0	0	0	0	0	1	0	0	0	0	0	0	0	0	0	0	0	0	0	0	0	0	0	0	0	0	0	0	0	0	0	0	0	0	0	0	0	0	0	0	0	0	0	0	0	0	0	0	0	0	0	0	0	0	0	0	0	0	0	0	0	0	0	0	0	0	0	0	0	0	0	0	1	0	0	0	0	0	0	0	0	0	0	0	0	0	0	0	0	0	0	0	0	0	0	0	-1	0	0	0	0	0	0	0	-1	1	-1	1	0	0	43510526	30	female	none	bachelor	single_living_alone	retired	hispanic_american	Russian Orthodox	yes	no
43857136	0	0	0	0	0	0	0	0	0	0	0	0	0	0	0	0	0	0	0	0	0	0	0	1	0	0	0	0	0	0	0	0	0	0	0	0	0	0	0	0	0	0	0	0	0	0	0	0	0	0	0	0	0	0	0	0	0	0	0	0	0	0	0	0	0	0	0	0	0	0	0	0	0	0	-1	0	0	0	0	0	0	0	0	0	0	0	0	0	0	0	1	0	0	0	0	0	0	0	0	0	0	0	0	0	0	0	0	0	0	0	0	0	0	1	0	0	0	0	0	0	0	0	0	0	0	0	0	0	0	0	
31613324	0	0	0	0	0	0	1	0	0	0	0	0	1	0	1	1	0	0	0	0	0	0	0	0	1	0	0	0	0	0	0	1	1	1	1	1	0	0	1	0	0	1	-1	0	0	1	0	0	1	1	1	1	0	0	0	0	0	0	0	0	1	0	0	0	0	0	0	0	0	0	0	0	0	1	0	0	0	0	1	0	0	0	0	-1	1	1	0	1	1	1	0	1	0	0	0	0	0	0	0	0	0	0	0	-1	0	0	0	0	0	0	0	0	0	0	0	0	0	0	1	0	1	1	1	-1	0	1	0	1	0	0	
43650804	-1	1	-1	-1	1	0	0	-1	0	0	1	0	0	0	0	0	0	0	0	0	0	0	0	0	0	0	0	0	1	1	1	1	0	-1	0	0	0	0	0	0	0	0	0	0	0	1	0	0	0	1	0	0	0	0	0	0	0	0	0	0	0	0	0	1	1	-1	1	1	-1	0	0	0	0	0	0	1	1	0	0	1	-1	0	0	0	0	0	-1	0	0	0	0	0	-1	0	0	0	0	0	1	0	0	0	0	0	-1	1	-1	1	1	0	0	1	0	0	1	0	-1	0	0	0	0	0	0	1	0	0	-1	0	0	0	
43679467	0	0	1	-1	0	1	-1	0	-1	1	1	1	1	1	1	1	0	0	-1	0	1	-1	1	1	0	1	0	-1	0	0	0	1	1	0	0	0	0	1	0	0	0	1	1	1	0	-1	0	1	0	1	-1	0	0	0	0	0	1	0	0	0	0	-1	0	0	0	0	0	0	1	0	0	1	-1	0	0	1	0	0	1	0	0	1	0	-1	0	0	0	0	0	1	-1	1	-1	1	0	0	1	0	1	0	0	1	0	1	-1	0	0	-1	0	0	0	0	0	0	0	0	1	1	1	1	0	0	0	1	0	0	-1	0	0	0	43679467	23	female	democrat	bachelor	single_living_with_parents	employee	white	Roman Catholic	yes	yes
23711512	0	0	0	0	0	0	0	1	0	0	0	0	0	0	0	0	0	0	0	0	0	0	0	0	0	0	0	0	0	0	0	0	0	0	0	0	0	0	0	0	0	0	0	0	0	1	0	0	0	0	0	0	0	0	0	0	0	0	0	0	0	0	0	1	0	0	0	0	0	0	0	0	0	0	0	1	0	0	0	0	0	0	0	0	0	0	0	0	0	0	0	0	0	0	0	0	0	0	0	0	0	0	0	0	0	0	0	0	0	0	0	0	0	0	0	0	0	0	0	0	0	0	0	0	0	0	0	0	0	0	23711512	33	female	independent	vocational_secondary_certification	single_living_alone	employee	white	Protestant	no	yes
18979155	-1	0	0	0	0	0	0	0	0	0	0	0	0	0	0	0	0	0	0	0	0	0	0	0	0	0	0	0	0	0	0	0	0	0	0	0	0	0	0	0	0	0	0	0	0	0	1	0	0	0	0	0	0	1	0	0	0	0	0	0	0	0	0	1	-1	0	0	0	0	0	0	0	0	0	0	0	0	0	0	0	0	0	0	0	1	0	0	0	0	0	0	0	0	0	1	1	0	0	0	0	0	0	0	0	-1	0	-1	0	0	0	0	0	0	0	0	0	0	0	0	0	0	0	0	0	0	0	1	0	1	0	18979155	26	female	none	high_school	single_living_with_parents	unemployedseeking_employment	white	Atheist / Agnostic	no	yes
12366026	0	0	0	0	1	0	0	-1	1	0	1	0	0	1	0	0	-1	0	0	0	1	1	-1	0	0	1	0	-1	0	0	1	-1	0	1	-1	0	0	0	0	1	0	0	0	1	0	0	1	0	0	0	0	0	-1	1	1	0	0	0	1	1	-1	0	1	0	0	0	0	0	0	0	-1	0	0	0	0	1	1	1	1	0	0	0	1	0	1	1	0	0	0	0	0	0	1	0	1	0	0	1	1	1	1	1	1	1	1	0	1	0	0	0	1	0	0	1	0	0	-1	1	0	0	0	1	1	0	1	0	0	0	1	0	12366026	23	female	democrat	master	single_living_alone	employee	white	Atheist / Agnostic	yes	yes
43046630	1	0	0	0	0	0	0	0	0	0	1	0	0	0	0	1	0	0	0	0	0	0	0	0	0	0	-1	0	1	1	0	0	0	0	0	0	0	0	0	0	0	0	0	0	0	0	0	0	0	1	0	0	0	0	0	0	0	0	0	0	0	0	0	0	1	1	1	-1	1	1	-1	1	0	0	0	0	1	0	0	1	1	0	0	0	0	0	1	0	0	0	0	0	-1	0	0	0	0	0	1	0	0	0	0	0	1	1	-1	1	0	0	0	-1	0	0	-1	0	1	0	0	0	0	0	0	0	1	0	1	0	1	0	
35849301	0	0	0	0	0	0	1	0	0	0	0	0	0	0	0	0	0	0	0	0	0	0	0	0	0	0	0	0	0	0	0	0	1	0	0	0	0	0	0	0	0	0	-1	0	0	0	0	0	0	0	1	0	0	0	0	0	0	0	0	0	0	0	0	0	0	0	0	0	0	0	0	0	0	0	0	0	0	0	1	0	0	0	0	0	0	0	0	0	0	-1	0	1	0	0	0	0	0	0	0	0	0	0	0	0	0	0	0	0	0	0	0	0	0	0	0	0	0	0	-1	0	0	0	0	0	0	0	0	0	0	0	
43684066	0	1	0	0	1	0	0	1	0	0	1	1	0	-1	1	0	0	-1	0	0	0	0	0	1	1	0	0	1	1	0	1	1	0	0	0	1	-1	0	0	0	-1	1	0	0	0	0	1	0	0	0	0	0	1	0	1	0	1	1	0	0	1	-1	1	1	1	1	1	-1	0	1	0	0	0	0	0	1	0	1	0	0	1	0	1	0	0	0	1	1	0	0	0	1	0	1	1	0	0	1	1	1	1	-1	1	1	0	1	0	0	0	1	0	0	0	1	0	0	0	0	0	0	1	0	0	0	0	0	0	-1	1	0	
43947238	0	0	0	0	0	0	0	0	0	0	0	0	1	0	0	0	0	0	0	0	0	0	0	0	0	0	0	0	0	0	0	0	0	0	0	0	0	0	0	0	0	0	0	0	0	0	0	1	0	0	0	0	0	0	0	0	0	0	0	0	0	0	0	0	0	0	0	0	1	0	0	0	0	0	0	0	0	0	0	0	0	0	0	0	0	0	0	0	0	0	0	0	0	0	0	0	1	1	1	1	0	0	0	0	0	0	0	0	0	0	0	0	0	0	0	0	0	0	0	0	0	0	0	0	0	0	0	0	0	0	
43797734	0	0	0	0	0	0	0	0	0	0	0	0	0	0	0	0	0	0	0	0	0	0	0	0	0	0	0	0	0	0	0	0	0	0	0	0	0	0	0	0	-1	0	0	0	0	0	0	0	-1	0	0	1	1	1	-1	1	1	1	1	1	0	0	0	0	0	0	0	0	0	0	0	0	0	0	0	0	0	0	0	0	0	0	0	0	0	0	-1	0	0	0	0	0	0	0	0	0	0	1	0	0	1	0	0	0	0	0	0	0	0	1	0	0	0	0	0	0	0	0	0	0	0	0	0	0	0	0	0	0	0	0	
15004831	1	-1	1	-1	0	0	0	0	0	0	1	-1	0	0	-1	1	0	0	0	1	1	-1	-1	-1	0	0	1	0	0	1	0	0	0	0	0	0	0	-1	0	0	0	0	0	-1	0	0	-1	0	0	0	0	1	0	0	0	1	0	0	0	0	1	-1	1	0	-1	1	0	0	-1	-1	0	-1	-1	0	1	0	1	-1	0	0	1	0	0	0	-1	-1	1	0	-1	-1	-1	-1	1	-1	1	-1	0	-1	0	-1	-1	0	0	-1	0	-1	1	0	0	-1	0	1	0	0	0	0	0	0	0	0	1	1	1	0	1	0	-1	0	-1	1	
43948769	-1	1	-1	-1	0	0	0	1	0	0	0	0	0	0	1	0	0	0	-1	0	0	0	0	0	1	0	0	0	1	1	-1	1	0	0	-1	-1	1	1	1	0	1	0	0	0	1	1	1	-1	1	0	0	1	-1	-1	-1	-1	1	0	0	0	1	0	-1	1	0	1	0	0	0	1	-1	0	1	-1	-1	1	0	0	0	0	0	0	0	1	0	1	0	-1	0	0	0	0	0	0	0	0	0	1	0	0	0	0	0	1	0	1	0	0	-1	-1	0	0	1	1	1	-1	0	0	0	0	0	0	1	1	1	1	1	-1	0	0	
43858972	0	0	0	1	0	1	1	0	0	0	0	0	1	1	1	1	0	0	1	0	1	1	1	1	1	0	0	1	0	0	0	0	0	1	0	0	0	1	1	1	0	1	1	0	1	1	0	1	1	1	1	1	0	0	0	0	0	0	0	0	1	1	0	0	0	0	0	0	0	0	0	1	1	1	0	1	1	1	1	1	0	1	1	0	1	1	1	1	1	0	1	0	0	0	0	0	1	0	1	0	1	0	0	0	0	0	0	1	0	0	1	0	0	0	0	0	0	0	1	0	1	1	1	1	0	1	0	1	0	0	
43836952	0	0	0	0	1	-1	1	1	0	0	1	1	0	0	0	0	0	0	0	0	-1	0	0	0	0	0	1	0	0	1	0	0	1	0	0	0	0	0	0	-1	-1	0	0	0	-1	0	0	0	1	0	1	0	0	0	0	0	0	0	0	0	0	0	0	0	1	0	0	0	0	0	0	1	0	1	0	0	0	-1	1	0	0	1	0	0	0	0	0	0	1	0	0	-1	0	0	0	0	0	0	0	0	0	0	0	1	0	0	0	1	0	1	1	1	1	0	0	0	0	0	0	0	1	-1	0	0	1	0	0	0	0	0	
29738307	0	0	0	0	0	0	0	0	0	0	0	0	1	0	0	0	0	0	0	0	0	0	0	0	0	0	0	0	0	0	0	0	0	0	0	0	0	0	0	0	0	0	0	0	0	0	0	1	0	0	0	0	0	0	0	0	0	0	0	0	0	0	0	0	0	0	0	0	-1	0	0	0	0	0	0	0	0	0	0	0	0	0	0	0	0	0	0	0	0	0	0	0	0	0	0	0	0	0	0	1	0	0	0	0	0	0	0	0	0	0	0	0	0	0	0	0	0	0	0	0	0	0	0	0	0	0	0	0	0	0	29738307	21	female	democrat	some_college	single_living_with_parents	student	white	Atheist / Agnostic	yes	yes
30501721	0	0	-1	1	1	1	1	1	0	0	1	1	0	0	0	0	1	0	0	1	1	1	0	0	0	0	1	0	0	1	0	0	1	0	0	0	0	0	0	1	-1	0	0	0	0	0	0	0	-1	0	0	1	-1	0	0	0	0	0	0	0	0	0	0	0	1	0	0	0	0	0	1	1	-1	1	0	0	0	1	1	1	1	1	0	0	0	1	0	0	0	0	0	1	1	-1	1	-1	0	0	0	0	0	0	0	0	0	1	0	1	0	1	1	1	1	0	1	0	0	0	0	1	1	-1	0	0	-1	0	0	0	0	0	30501721	32	female	none	vocational_secondary_certification	single_living_with_partner	other:Homemaker	white	other:Christian/Southern Baptist	yes	yes
43642386	1	1	0	0	0	0	1	0	0	0	0	0	0	1	0	0	-1	0	0	0	0	0	1	0	1	0	0	0	0	0	0	1	0	1	0	1	0	0	0	1	-1	1	-1	1	-1	1	0	0	-1	1	1	1	0	0	1	1	0	0	0	1	1	0	0	1	1	0	1	0	0	0	0	1	1	1	0	0	1	1	1	1	0	1	0	0	1	1	-1	-1	1	0	0	0	0	0	1	1	1	0	0	0	0	-1	0	0	0	0	1	1	0	0	-1	0	1	0	1	0	0	0	0	0	1	-1	-1	-1	0	1	-1	-1	1	0	43642386	34	male	democrat	bachelor	married	selfemployed	hispanic_american	Protestant	yes	yes
10959404	0	1	0	0	0	0	0	0	0	0	0	0	0	0	1	0	0	0	0	0	0	0	0	1	0	0	0	0	0	0	0	0	0	0	0	0	0	0	0	0	0	0	0	0	0	0	0	0	0	0	0	0	0	0	0	0	0	0	0	0	0	0	0	0	0	0	0	0	0	0	0	0	1	1	-1	1	0	0	0	0	-1	0	0	0	0	0	0	0	0	0	0	0	0	0	0	0	0	0	0	0	0	0	0	0	0	0	0	0	0	0	0	0	0	0	0	0	0	0	0	0	0	0	0	0	0	0	0	0	0	0	
43641877	0	0	0	0	0	0	0	0	1	0	1	0	0	0	0	1	1	0	1	1	1	1	1	0	1	0	0	0	0	0	1	1	0	1	0	1	1	0	0	1	0	0	0	1	0	0	0	0	0	0	0	0	1	0	0	0	0	1	0	1	1	0	0	0	1	0	1	0	1	1	1	-1	0	0	0	0	-1	0	1	0	0	0	1	0	-1	-1	0	0	0	0	1	0	1	0	0	0	1	0	0	0	0	0	0	0	0	0	1	0	0	0	1	1	0	0	0	0	1	1	1	1	1	0	1	0	1	0	0	1	1	1	
43584008	0	0	0	0	0	0	0	0	0	0	0	0	0	0	0	0	0	0	0	0	0	0	0	0	1	0	0	0	0	0	0	0	0	-1	0	0	0	0	0	0	0	0	0	0	0	1	0	0	0	0	0	0	0	0	0	0	0	0	0	0	0	0	0	0	0	0	0	0	0	0	0	0	0	0	0	0	0	0	0	0	0	0	0	0	0	0	0	0	0	0	0	0	0	0	0	0	0	0	0	0	0	0	0	0	0	0	0	0	0	0	0	0	0	0	0	0	0	0	0	0	0	0	0	0	0	0	0	-1	0	0	43584008	29	female	democrat	master	single_living_with_partner	student	white	Atheist / Agnostic	yes	yes
43851278	0	0	0	0	0	0	1	0	0	0	0	0	1	1	1	1	0	0	0	0	0	0	0	0	1	0	0	0	0	0	0	1	0	1	1	1	0	0	1	0	0	1	1	0	0	1	0	0	1	1	0	1	0	0	0	0	0	0	0	0	1	0	0	0	0	0	0	0	0	0	0	0	0	-1	0	0	0	0	1	0	0	0	0	1	1	1	0	1	1	-1	0	1	0	0	0	0	0	0	0	0	0	0	0	1	0	0	0	0	0	0	0	0	0	0	0	0	0	0	1	0	1	1	-1	1	0	1	0	1	0	0	43851278	25	male	democrat	bachelor	single_living_with_parents	employee	black_or_african_american	Protestant	yes	yes
25358609	0	0	0	0	0	0	0	0	0	0	0	0	0	0	0	0	0	0	0	0	1	1	1	1	0	0	0	0	0	0	0	0	0	0	0	0	0	0	0	0	0	0	0	0	0	0	0	-1	0	0	0	0	0	0	0	0	0	0	0	0	0	1	0	0	0	0	0	0	0	0	0	0	0	0	0	0	0	0	0	0	0	0	0	0	0	0	0	0	0	0	0	0	0	0	0	0	0	0	1	0	0	0	0	0	0	0	0	0	0	0	0	0	0	0	0	0	0	0	1	0	0	0	0	0	0	0	0	0	0	0	25358609	47	female	democrat	bachelor	single_living_alone	unemployedseeking_employment	asien	Buddhist	yes	yes
39531214	0	0	1	1	0	0	0	0	0	0	0	-1	0	0	0	0	1	0	0	-1	0	1	0	-1	0	0	0	0	0	1	0	0	0	0	0	0	0	0	0	0	0	0	0	0	-1	0	0	0	0	0	-1	1	1	0	0	0	0	0	0	0	0	0	0	0	0	0	-1	0	0	0	1	0	-1	0	-1	0	0	0	1	1	1	1	0	0	0	-1	0	0	1	0	-1	0	1	1	1	1	0	0	0	0	0	0	0	-1	0	1	0	0	0	1	0	0	0	-1	1	0	0	0	0	1	-1	0	0	0	0	0	0	0	0	0	
27947324	0	1	0	-1	0	1	1	0	0	0	0	0	1	1	1	-1	0	0	-1	0	0	0	-1	1	0	0	-1	1	0	0	0	0	0	0	0	0	1	1	1	-1	0	-1	1	0	1	1	-1	0	0	0	0	0	0	0	0	0	0	0	0	0	1	1	-1	1	0	0	0	0	0	1	0	1	1	0	0	0	1	1	1	1	1	1	1	0	0	0	0	0	0	0	1	1	0	0	0	0	1	0	0	1	1	0	1	0	0	-1	0	1	1	0	-1	0	0	0	0	0	0	0	1	0	0	0	0	1	0	0	0	0	0	0	27947324	40	male	democrat	bachelor	married	employee	hispanic_american	Roman Catholic	yes	yes
8921119	-1	1	-1	-1	1	0	0	1	1	1	0	1	0	0	1	0	0	1	0	0	0	0	0	0	1	0	0	0	1	1	1	1	0	0	0	0	1	0	-1	0	0	0	0	0	0	1	0	0	0	0	0	0	0	0	0	0	0	0	0	0	0	0	1	1	1	1	1	1	0	1	0	0	1	1	-1	1	0	0	0	0	0	0	0	0	0	0	0	1	0	0	0	0	0	0	0	0	0	1	0	0	0	0	1	0	0	0	-1	0	0	0	0	0	1	0	0	-1	0	0	0	0	0	0	0	0	-1	1	1	-1	1	0	
39513281	0	0	0	0	0	0	0	0	0	0	0	0	0	0	0	0	0	0	0	0	0	0	0	0	0	0	0	0	0	0	0	0	0	0	0	0	0	0	0	0	0	0	0	0	-1	0	0	0	0	0	0	0	0	0	0	0	0	0	0	0	0	0	0	0	0	0	-1	0	0	0	0	0	0	0	1	0	0	0	0	0	0	0	0	0	0	0	0	0	0	0	0	0	0	0	0	1	0	0	0	0	0	0	0	0	0	0	0	0	0	0	0	0	0	0	0	0	0	0	0	0	0	0	0	0	0	0	0	0	0	0	
42864658	0	0	0	0	0	0	0	0	0	0	0	0	0	0	0	0	0	0	0	0	0	0	-1	0	0	0	0	0	0	0	0	0	0	0	0	0	0	0	0	0	0	0	0	0	0	0	0	0	0	0	0	0	0	0	0	0	0	0	0	0	0	0	0	0	0	0	0	0	0	0	0	0	0	0	0	0	0	0	0	0	0	0	1	0	0	0	0	0	0	0	0	0	0	0	0	0	0	0	0	0	0	0	0	0	0	0	0	1	0	0	-1	0	0	0	0	0	0	0	0	0	0	0	0	0	0	0	0	0	0	0	42864658	38	male	democrat	some_college	married	employee	white	Protestant	yes	yes
35330747	0	0	-1	1	0	0	0	1	-1	1	0	0	-1	0	-1	0	0	0	1	1	0	0	0	-1	-1	0	0	0	0	0	1	0	0	0	1	1	-1	-1	1	0	0	0	0	0	0	0	0	0	0	0	0	-1	0	0	0	1	1	1	1	1	1	1	1	-1	0	1	0	1	0	0	1	0	-1	1	1	-1	1	0	0	0	0	0	0	-1	0	-1	0	-1	0	-1	0	0	0	0	0	0	0	1	0	1	0	0	0	0	0	-1	1	0	-1	1	0	-1	1	0	0	1	0	0	0	0	0	-1	0	-1	0	1	0	0	0	1	35330747	22	female	none	some_college	single_living_with_parents	employee	white	Atheist / Agnostic	no	yes
33266010	0	0	1	0	0	0	0	0	1	1	1	1	0	0	0	1	1	0	0	0	0	0	0	0	0	1	0	0	0	0	0	0	0	0	0	0	1	1	1	1	0	0	1	1	0	0	0	0	0	1	0	0	0	0	1	1	-1	0	0	1	0	0	0	0	0	0	1	0	1	0	0	0	0	0	0	0	0	0	0	0	0	1	1	0	0	0	0	0	1	0	0	0	1	1	0	0	0	0	0	0	1	1	0	0	-1	0	0	0	0	0	0	0	0	0	0	0	1	1	0	0	0	0	0	0	0	1	1	1	0	0	
43904063	0	0	0	0	0	0	0	0	0	1	0	0	0	-1	0	0	0	0	0	0	0	-1	-1	0	0	0	0	0	0	0	0	0	0	0	0	0	0	0	0	0	-1	0	0	-1	0	0	0	0	-1	0	0	-1	-1	-1	1	-1	-1	-1	-1	-1	0	0	0	0	0	0	0	1	0	0	0	0	0	0	0	0	0	0	0	0	0	0	0	0	-1	0	0	1	0	0	0	0	0	1	1	0	1	-1	1	1	0	0	0	0	0	0	0	0	0	0	0	0	0	1	0	0	0	0	0	0	0	0	0	0	0	0	0	0	0	0	
37292698	1	1	1	1	0	0	0	1	0	1	0	0	0	0	0	0	0	0	0	0	1	0	0	1	0	0	0	0	-1	1	1	1	1	1	1	1	0	0	0	0	0	0	0	0	0	-1	0	0	0	0	-1	0	0	1	0	-1	0	0	0	0	0	0	0	1	0	0	0	0	0	0	0	0	0	0	0	-1	0	0	0	0	0	0	0	-1	0	0	0	-1	0	-1	0	0	0	0	0	0	0	0	0	0	0	0	0	0	0	0	0	0	0	0	0	0	0	0	0	1	0	0	0	0	0	0	0	0	0	0	0	0	0	0	
34093227	1	0	0	0	0	0	0	0	0	1	0	0	0	0	0	0	0	0	0	0	-1	0	0	0	0	0	0	0	0	0	0	0	0	0	0	0	0	0	0	0	0	0	0	0	0	0	0	0	0	0	-1	0	0	1	0	1	0	0	0	0	0	0	0	0	0	0	0	0	0	0	0	0	0	0	0	0	0	0	0	0	0	0	0	-1	0	0	0	0	0	0	0	0	0	0	0	0	0	0	0	0	0	0	0	0	0	0	0	0	0	0	0	0	0	0	0	1	0	0	0	0	0	0	0	0	0	0	0	0	0	0	
43834420	0	0	0	0	0	0	0	0	0	0	0	0	1	0	0	0	0	0	0	1	0	0	0	0	0	0	0	0	0	0	0	0	0	0	0	0	0	0	0	0	0	0	0	0	0	0	0	0	0	0	0	0	0	0	0	0	0	0	0	0	0	0	0	1	0	0	0	0	0	0	0	0	0	0	0	0	0	0	0	0	0	0	0	0	0	0	0	0	0	0	0	0	0	0	0	0	0	0	0	0	0	0	0	0	0	0	0	0	0	0	0	0	0	0	0	0	0	0	0	0	0	0	0	0	0	1	0	0	0	0	
18666417	-1	1	1	-1	0	0	0	1	0	0	0	0	0	0	0	0	0	0	0	0	0	0	0	0	0	0	0	0	1	1	-1	-1	0	0	0	0	0	0	0	0	0	0	0	0	0	1	0	0	0	0	0	0	0	0	0	0	0	0	0	0	0	0	0	1	1	0	0	0	0	0	0	0	0	0	0	1	0	0	0	0	0	0	0	0	1	0	0	0	0	0	0	0	0	0	-1	0	1	1	1	1	0	0	0	0	0	0	-1	0	0	0	0	0	0	0	0	0	0	0	0	0	0	0	0	0	0	0	-1	0	1	0	18666417	57	female	democrat	some_college	single_living_alone	retired	white	Roman Catholic	no	yes
43994669	1	-1	1	-1	0	0	0	-1	0	1	0	0	0	0	0	0	0	0	0	0	1	0	0	0	0	0	0	0	1	1	1	1	0	0	0	0	0	0	0	0	0	0	0	0	0	1	0	0	0	0	1	0	0	1	0	-1	0	0	0	0	0	0	0	1	0	0	0	0	0	0	0	0	0	0	0	1	0	0	0	0	0	0	0	1	0	0	0	0	0	0	0	0	0	0	0	0	0	0	0	0	0	0	0	0	0	0	0	0	0	0	0	0	0	0	0	1	0	0	0	0	0	0	0	0	1	-1	1	1	0	0	43994669	24	male	none	associate_degree	single_living_with_partner	selfemployed	white	Atheist / Agnostic	yes	yes
43989034	0	0	0	1	1	1	1	1	0	0	1	1	0	0	0	0	1	0	0	1	0	1	1	0	0	0	1	0	-1	1	0	0	1	0	0	0	0	0	0	-1	0	0	0	1	0	0	1	0	0	1	0	0	-1	0	0	0	0	0	0	0	0	0	0	0	1	1	1	1	-1	0	0	0	1	1	0	0	0	1	1	0	1	1	0	0	-1	-1	0	0	-1	-1	-1	1	0	-1	0	0	0	1	1	1	1	0	0	0	0	1	0	1	0	1	-1	1	1	0	1	0	1	0	0	1	1	-1	0	0	-1	0	0	0	0	0	
43907115	0	0	0	0	0	0	1	0	0	0	0	0	-1	0	0	0	0	0	0	0	0	0	0	0	0	0	0	0	0	0	0	1	1	0	0	0	0	1	0	0	0	1	1	0	0	0	0	-1	0	0	1	0	0	0	0	-1	0	0	0	0	0	0	0	0	0	1	0	0	-1	0	0	0	0	0	0	0	1	0	-1	0	0	0	0	1	0	0	0	0	0	1	0	1	0	0	0	0	0	0	0	1	0	0	0	-1	0	0	0	0	0	0	0	1	0	0	0	0	-1	-1	1	1	0	-1	0	0	0	0	0	0	0	1	43907115	21	male	democrat	high_school	married	student	american_indian_or_alaska_native	Muslim	yes	yes
43942953	1	0	0	0	0	0	0	0	1	1	0	0	1	0	1	0	0	0	1	1	0	0	0	0	1	0	0	0	0	0	1	0	0	0	1	1	1	1	1	0	0	0	0	0	1	1	1	1	0	0	0	0	0	0	0	1	0	1	1	1	1	0	1	1	1	1	0	1	1	0	1	0	1	1	1	1	1	0	0	0	0	0	0	1	1	1	0	0	0	0	0	0	0	0	1	0	0	1	0	1	0	0	0	0	0	1	1	0	1	1	1	1	1	1	1	1	0	0	0	0	0	1	0	1	0	1	1	0	1	1	
38198526	0	0	1	0	0	0	0	0	1	1	1	1	-1	0	1	-1	1	0	-1	1	0	0	0	0	0	1	0	0	0	0	0	0	0	0	1	1	1	1	1	1	0	0	1	1	0	0	0	1	0	1	0	0	0	0	1	-1	0	1	0	1	0	0	1	1	0	0	1	1	-1	0	1	0	1	1	-1	1	0	0	0	0	0	1	1	1	0	0	0	0	1	0	0	0	-1	0	0	0	0	0	0	1	1	-1	0	0	0	1	-1	0	1	0	0	0	1	0	0	-1	-1	-1	0	1	0	0	0	0	0	1	1	-1	0	0	38198526	49	male	democrat	some_college	single_living_with_partner	selfemployed	white	Atheist / Agnostic	no	yes
43912740	0	0	0	0	1	0	0	0	0	0	0	0	0	0	0	0	0	0	0	0	0	0	0	0	0	0	0	0	0	0	0	0	0	-1	0	0	0	0	0	0	0	0	0	0	0	0	0	0	0	0	0	0	0	0	0	0	0	0	0	0	0	0	0	0	0	0	0	0	0	0	0	0	0	0	0	0	0	0	0	0	0	0	0	0	0	0	0	0	0	0	0	0	0	0	0	0	0	0	0	0	0	0	0	0	0	0	0	0	1	0	0	0	0	0	0	0	0	0	0	0	0	0	0	1	0	0	0	0	0	0	
29571331	0	0	1	1	1	-1	1	-1	0	0	1	0	0	0	0	0	1	0	0	1	-1	1	0	0	0	0	-1	0	0	1	0	0	1	0	0	0	0	0	0	1	0	0	0	0	0	0	0	0	0	0	0	-1	-1	0	0	0	0	0	0	0	0	0	0	0	0	0	0	0	0	0	1	0	-1	1	0	0	0	0	-1	1	-1	1	0	0	0	-1	-1	0	0	0	0	1	-1	1	1	1	0	1	0	0	1	0	0	0	0	1	0	-1	0	1	-1	1	1	0	1	0	0	0	0	1	0	1	0	0	-1	0	0	0	0	0	29571331	21	male	democrat	high_school	single_living_with_parents	unemployedseeking_employment	black_or_african_american	Roman Catholic	no	yes
43884123	0	1	0	0	-1	-1	1	-1	0	1	0	1	1	-1	-1	1	0	0	1	1	1	1	0	1	1	0	1	-1	1	1	1	0	-1	-1	1	0	0	1	1	1	-1	1	0	0	1	-1	1	-1	1	1	0	0	0	1	1	-1	0	1	1	1	1	-1	1	1	1	1	1	1	1	-1	0	-1	1	-1	0	1	-1	-1	0	1	0	1	0	0	-1	-1	1	0	1	-1	1	0	1	0	0	1	0	1	1	0	1	0	0	1	1	1	1	0	-1	0	1	1	1	0	0	0	0	0	1	1	0	-1	0	1	1	1	-1	1	1	0	
13581319	0	0	0	1	1	0	0	0	1	0	1	1	0	0	0	-1	-1	-1	0	0	0	0	0	0	1	0	0	0	1	1	1	1	1	0	0	0	-1	0	0	0	0	0	0	0	-1	0	0	0	0	0	0	1	-1	0	0	0	1	0	0	0	-1	1	0	1	1	1	1	-1	0	-1	0	0	0	-1	-1	0	0	1	1	1	0	1	1	0	0	0	0	-1	0	0	0	1	0	0	0	1	0	1	0	0	0	0	0	0	0	-1	0	1	1	1	-1	0	1	0	1	0	0	0	0	1	0	1	0	0	0	0	0	0	1	0	
43984981	1	0	0	0	0	0	0	0	0	0	1	0	0	0	0	0	1	-1	1	1	0	0	0	0	0	0	0	0	0	0	0	0	0	0	0	0	0	0	0	0	0	0	0	0	0	0	0	0	0	0	0	0	0	0	0	0	0	0	0	0	0	0	0	0	1	0	1	0	0	-1	0	0	0	0	-1	0	1	0	0	0	0	0	0	0	0	0	0	0	0	0	0	0	1	0	0	0	-1	1	1	1	0	0	0	-1	1	-1	1	1	0	0	0	1	0	0	0	0	0	0	0	0	0	0	1	0	0	0	-1	0	0	0	
32569659	0	0	0	0	0	0	0	0	0	0	0	0	0	0	-1	0	0	0	0	0	0	0	0	0	0	0	0	0	0	0	0	0	0	0	0	0	0	0	0	0	0	0	0	0	0	0	0	0	0	-1	0	0	0	0	0	0	0	0	0	0	0	0	0	0	0	0	0	0	0	0	0	0	0	0	0	1	0	0	0	0	0	0	0	0	0	0	0	0	0	0	1	0	0	0	0	0	0	0	0	0	0	0	0	0	0	0	0	0	0	0	0	0	0	0	0	0	0	0	0	0	0	0	0	0	0	0	0	0	0	0	
40407716	0	0	0	0	0	0	1	0	0	0	0	0	0	0	0	0	0	0	0	0	0	0	0	0	0	0	0	0	0	0	0	0	0	0	0	0	0	0	0	1	0	0	1	0	1	0	0	0	0	0	0	0	0	0	0	0	0	0	0	0	0	0	0	0	0	0	0	0	0	0	0	0	0	0	0	0	1	1	1	1	0	0	0	0	0	0	0	0	0	0	0	0	0	0	0	0	0	0	0	0	0	0	0	0	0	0	0	0	0	0	0	0	0	0	0	0	0	0	0	0	0	0	0	0	0	0	0	0	0	0	
43936844	0	1	0	0	0	0	0	0	0	0	0	1	0	0	0	0	1	-1	0	0	0	0	0	0	1	0	1	0	0	0	0	1	0	0	1	-1	0	0	0	1	-1	1	1	1	0	0	0	0	0	0	0	0	0	0	0	0	0	0	0	1	1	0	1	0	0	0	0	0	0	-1	1	0	0	0	0	0	0	0	0	0	0	0	0	0	0	-1	0	0	0	0	1	0	0	0	0	1	1	0	0	0	0	-1	1	0	0	0	1	0	0	0	0	0	1	0	1	0	0	-1	1	0	0	1	0	0	-1	0	0	0	0	1	
43936834	0	1	0	0	0	1	1	0	0	0	0	0	1	-1	1	-1	1	0	0	0	0	0	1	0	0	0	1	0	1	0	-1	1	0	0	0	-1	-1	1	1	1	-1	1	-1	1	1	0	0	0	0	1	0	0	0	0	1	0	0	0	0	0	0	0	1	0	1	1	1	-1	0	1	0	1	0	0	0	0	1	1	1	-1	0	0	1	0	0	0	0	0	1	0	1	0	0	0	0	1	1	0	0	0	0	1	0	0	0	0	0	1	0	0	-1	0	1	0	1	0	0	0	1	0	0	0	0	0	0	0	0	1	1	0	43936834	29	male	democrat	some_college	married	employee	hispanic_american	Roman Catholic	yes	no
12115558	-1	1	1	-1	1	1	0	-1	0	1	1	0	0	0	0	0	0	-1	-1	-1	1	0	0	1	0	0	0	0	1	1	-1	1	1	-1	-1	0	0	0	0	0	-1	1	0	0	0	1	0	0	0	0	1	0	-1	-1	0	-1	1	0	1	0	0	0	0	1	0	0	0	0	0	0	0	1	0	0	0	1	0	0	0	1	0	0	1	1	0	0	0	-1	0	1	0	0	0	1	-1	0	0	0	0	0	1	-1	1	1	-1	0	0	1	1	0	-1	0	0	1	0	-1	0	-1	0	0	0	-1	0	1	-1	-1	-1	-1	1	-1	12115558	64	female	democrat	bachelor	married	retired	white	Roman Catholic	yes	yes
43866745	0	0	0	1	0	0	0	0	0	0	0	0	-1	0	-1	0	0	0	-1	0	1	1	1	1	0	0	0	1	0	0	0	0	0	0	0	0	0	1	0	0	-1	1	0	0	0	0	0	1	0	1	0	0	0	0	0	0	1	0	0	0	0	1	0	0	0	0	0	0	0	0	0	0	0	0	0	1	0	0	0	0	0	0	0	0	0	0	0	0	0	0	1	0	0	1	0	0	1	0	1	0	1	0	0	0	0	0	0	1	0	0	0	0	0	0	0	0	0	0	1	0	0	0	0	0	0	0	0	0	0	0	43866745	43	female	none	associate_degree	married	employee	white	Protestant	yes	yes
43847796	0	0	0	0	0	0	0	0	0	0	0	0	0	0	0	0	0	0	0	0	0	0	0	0	1	0	0	0	0	0	0	0	0	0	0	0	0	0	0	0	0	0	0	0	0	0	0	0	0	0	0	0	0	0	0	0	0	0	0	0	1	0	0	0	0	1	0	0	0	0	0	0	0	0	0	0	0	0	0	0	0	0	0	0	0	0	0	0	0	0	0	0	0	0	0	0	0	0	0	0	0	0	0	0	0	0	0	0	0	0	0	0	0	0	0	0	0	0	0	0	0	0	0	-1	0	0	0	0	0	0	
43806326	0	0	0	0	0	0	1	0	0	0	0	0	1	1	1	-1	0	0	0	0	0	0	0	0	-1	0	0	0	0	0	0	1	1	1	1	-1	0	0	1	0	0	1	1	0	0	1	0	0	1	1	0	1	0	0	0	0	0	0	0	0	1	0	0	0	0	0	0	0	0	0	0	0	0	-1	0	0	0	0	1	0	0	0	0	1	-1	1	0	1	1	-1	0	1	0	0	0	0	0	0	0	0	0	0	0	1	0	0	0	0	0	0	0	0	0	0	0	0	0	0	1	0	1	1	-1	1	0	1	0	1	0	0	43806326	26	male	democrat	bachelor	single_living_with_parents	employee	white	Protestant	yes	yes
43986037	0	0	0	0	0	1	0	0	0	0	0	0	0	1	0	0	0	0	0	0	0	0	1	0	0	0	0	0	0	0	0	0	0	0	0	0	0	0	0	0	0	-1	0	0	0	-1	0	0	0	0	0	0	0	0	0	0	0	0	0	0	0	0	0	0	0	0	0	0	0	0	0	1	1	0	0	0	0	0	0	0	0	1	1	0	0	0	1	0	0	0	0	0	0	0	0	0	0	-1	0	0	1	0	0	0	0	0	0	-1	0	-1	1	0	0	0	0	0	0	0	0	0	0	0	0	1	0	0	0	0	0	0	43986037	55	female	republican	some_college	married	selfemployed	white	Protestant	yes	yes
43498598	1	-1	0	0	1	-1	-1	1	-1	0	0	0	0	1	0	1	1	1	1	0	1	1	0	1	0	0	-1	-1	1	-1	1	0	1	-1	1	1	1	0	0	1	0	0	0	1	0	0	1	1	0	-1	0	0	-1	0	1	0	0	1	0	1	1	1	1	0	1	1	1	-1	1	1	0	-1	0	0	1	1	0	1	-1	-1	1	1	0	-1	-1	1	-1	0	1	1	0	-1	1	1	1	1	1	0	-1	0	1	1	0	-1	1	1	0	-1	1	0	1	1	1	0	-1	1	1	0	1	-1	1	-1	0	0	0	0	1	1	1	0	
37799090	-1	1	0	-1	1	0	0	-1	1	1	0	0	0	0	0	0	0	0	-1	0	1	0	0	1	0	0	0	0	0	0	0	0	0	1	-1	0	0	0	1	0	0	0	0	0	0	0	0	0	0	0	-1	0	0	-1	0	-1	0	0	0	0	0	1	0	0	0	0	0	0	0	0	0	0	0	0	0	0	0	0	0	0	0	0	0	1	0	0	0	-1	0	1	0	0	0	0	0	0	0	0	0	0	0	0	0	0	0	0	-1	0	1	0	0	0	1	0	0	-1	0	0	0	0	0	0	0	1	0	0	0	0	0	0	37799090	24	female	independent	high_school	single_living_with_partner	unemployedseeking_employment	white	Buddhist	no	yes
43642991	1	0	0	0	0	0	0	0	0	0	0	0	0	0	0	0	0	0	0	0	0	0	0	0	0	0	0	0	0	0	0	0	0	0	0	0	0	0	0	0	0	0	0	0	0	0	0	0	0	0	0	0	0	0	0	0	0	0	0	0	0	0	0	1	1	0	0	0	0	0	0	0	0	0	0	0	0	0	0	0	0	0	0	0	1	0	0	0	0	0	0	0	0	0	1	0	0	0	0	0	0	0	0	0	0	0	1	0	0	0	0	0	0	0	0	0	0	0	0	0	0	0	0	0	0	0	1	0	1	0	
38858920	0	0	0	0	0	0	0	0	0	0	0	0	0	-1	0	0	0	0	0	0	0	0	0	0	0	0	0	0	0	0	0	0	0	0	0	0	0	0	1	0	0	0	0	0	1	0	0	0	-1	0	1	0	0	0	0	0	0	0	0	0	0	0	0	0	0	0	0	0	0	0	0	0	0	0	0	0	0	0	0	0	0	0	0	0	0	0	1	0	1	0	0	0	0	0	0	0	0	0	0	0	0	0	0	1	0	0	0	0	0	0	0	0	0	0	0	0	0	0	0	0	0	0	0	0	0	0	0	0	0	0	38858920	41	female	republican	doc	single_living_alone	unemployedseeking_employment	white	Roman Catholic	yes	yes
34554100	0	0	1	1	1	-1	-1	1	0	0	1	-1	0	0	0	0	1	0	0	1	1	-1	0	0	0	0	1	0	0	1	0	0	1	0	0	0	0	0	0	1	0	0	0	0	0	0	0	0	0	0	0	1	1	0	0	0	0	0	0	0	0	0	0	0	0	0	0	0	0	0	1	0	-1	1	0	0	0	1	1	-1	1	1	0	0	0	1	1	0	0	0	0	-1	1	-1	1	-1	0	1	0	0	1	0	0	0	0	-1	0	-1	0	-1	1	1	1	0	1	0	0	0	0	1	1	-1	0	0	-1	0	0	0	0	0	34554100	30	female	independent	high_school	single_living_with_partner	selfemployed	white	other:baptist	no	yes
43944033	0	0	1	0	0	1	0	1	0	0	0	0	0	0	0	0	0	0	-1	1	0	0	0	1	0	0	0	0	0	0	0	0	1	0	-1	0	0	0	0	0	0	0	0	0	1	0	0	0	0	0	1	0	0	0	0	0	0	0	0	0	0	1	0	0	0	0	0	0	0	0	0	0	0	0	0	0	0	0	0	0	0	0	0	0	0	0	0	1	1	1	0	0	0	0	0	0	0	0	0	0	0	0	0	-1	0	0	0	0	0	0	0	0	0	1	0	0	0	0	0	0	0	0	0	0	0	0	0	0	0	0	
43876255	0	0	1	0	-1	0	0	1	0	0	0	0	0	0	0	0	0	0	1	0	0	0	0	1	0	0	0	0	0	0	0	0	0	-1	1	0	0	0	0	0	0	0	0	0	0	0	0	0	0	0	0	0	0	0	0	0	0	0	0	0	0	1	0	0	0	0	0	0	0	0	0	0	0	0	0	0	0	0	0	0	0	0	0	0	0	0	0	-1	0	-1	0	0	0	0	0	0	0	0	0	0	0	0	0	0	0	0	0	0	1	0	0	0	0	0	0	0	0	0	0	0	0	0	0	1	0	0	0	0	0	0	43876255	27	male	independent	associate_degree	married	employee	white	Protestant	no	yes
30410452	0	0	0	0	0	0	1	0	0	0	0	0	0	0	0	0	0	0	0	0	0	0	0	0	0	0	0	0	0	0	0	1	1	0	0	0	0	0	0	0	0	1	1	0	0	0	0	0	0	0	-1	0	0	0	0	0	0	0	0	0	0	0	0	0	0	0	0	0	0	0	0	0	0	0	0	0	0	0	1	0	0	0	0	1	0	0	0	0	0	1	0	1	0	0	0	0	0	0	0	0	0	0	0	1	0	0	0	0	0	0	0	0	0	0	0	0	0	0	1	0	0	0	0	0	0	0	0	0	0	0	30410452	22	male	democrat	associate_degree	single_living_with_partner	employee	white	Atheist / Agnostic	no	yes
43811734	0	0	-1	-1	1	1	1	1	0	0	0	1	0	0	0	0	-1	0	0	-1	0	1	0	0	0	0	1	0	0	-1	0	0	1	0	0	0	0	0	0	1	0	0	0	0	0	0	0	0	0	0	0	1	-1	0	0	0	0	0	0	0	0	0	0	0	0	0	0	0	0	0	1	0	1	1	0	0	0	1	1	-1	1	-1	0	0	0	1	-1	0	0	0	0	1	-1	1	1	-1	0	1	0	0	-1	0	0	0	0	1	0	1	0	1	-1	1	1	0	1	0	0	0	0	1	1	1	0	0	-1	0	0	0	0	0	
43393412	0	1	0	0	0	1	0	0	0	0	0	0	0	0	0	0	0	0	0	0	0	0	0	0	0	0	1	0	0	0	0	1	0	0	0	1	1	1	-1	-1	1	-1	-1	1	0	0	0	0	0	0	0	0	0	0	0	0	0	0	0	0	0	0	0	0	0	0	0	0	0	-1	0	-1	0	0	0	0	0	0	0	-1	0	0	0	0	0	0	0	0	0	0	-1	0	0	0	0	1	1	0	0	0	0	-1	0	0	0	0	0	0	0	0	0	0	1	0	-1	0	0	0	1	0	0	0	0	0	0	0	0	0	0	0	
43916681	1	0	0	0	0	1	0	0	0	0	0	0	1	0	0	0	1	0	0	1	0	0	0	0	1	1	0	1	0	0	1	-1	0	0	0	1	0	1	0	0	1	1	1	-1	-1	1	1	1	0	1	0	0	0	-1	1	-1	0	0	-1	1	0	0	0	1	1	1	1	0	-1	-1	0	1	0	1	0	0	1	0	0	-1	0	0	-1	0	-1	1	0	0	1	0	-1	0	0	0	1	0	-1	-1	0	0	0	1	0	0	1	0	-1	0	1	1	-1	0	0	1	0	1	0	0	-1	0	0	-1	0	0	0	1	1	1	-1	-1	43916681	24	male	none	associate_degree	single_living_with_parents	student	hispanic_american	Roman Catholic	yes	yes
43859850	0	0	0	-1	0	1	0	0	0	0	0	0	-1	-1	0	0	0	0	-1	0	0	0	0	0	0	0	0	-1	0	0	0	0	0	0	0	0	0	-1	0	0	0	-1	0	0	0	-1	0	0	0	0	0	0	0	0	0	0	0	0	0	0	-1	0	0	0	0	0	0	0	0	0	0	1	1	-1	0	0	0	0	0	0	0	1	0	0	0	0	0	0	1	0	0	0	0	0	0	0	1	0	0	0	-1	0	0	0	0	0	0	-1	0	0	0	0	0	0	0	0	0	0	0	0	0	0	0	1	0	-1	0	0	0	0	
6309240	0	0	0	0	0	0	0	0	0	0	0	0	0	0	0	0	0	0	0	0	0	0	0	0	0	0	0	0	0	0	0	0	0	0	0	0	0	0	0	0	0	0	0	0	0	0	0	0	0	0	0	0	0	0	0	0	1	0	0	0	0	0	0	0	0	0	0	0	0	0	0	0	0	0	0	0	0	0	0	0	0	0	0	0	0	0	0	0	0	0	0	0	0	-1	0	0	0	0	0	0	0	0	0	0	1	0	0	0	0	0	0	0	0	0	0	0	0	0	0	1	0	0	0	0	0	0	0	0	0	0	6309240	50	female	republican	bachelor	single_living_with_parents	employee	asien	Roman Catholic	yes	yes
31349958	0	0	0	0	1	-1	1	0	0	-1	0	0	1	1	-1	-1	1	1	0	1	0	0	1	0	1	1	1	0	1	-1	0	0	0	1	0	0	0	1	0	0	1	0	-1	1	-1	-1	1	-1	0	0	1	0	-1	1	0	1	1	-1	0	1	1	-1	1	0	1	0	0	0	1	0	0	0	0	1	-1	1	1	-1	0	-1	-1	1	1	1	-1	0	-1	0	0	0	-1	0	0	-1	1	0	1	0	1	0	0	0	0	-1	1	1	0	-1	-1	1	1	-1	0	1	0	1	1	0	1	1	1	1	1	-1	1	-1	0	1	-1	1	31349958	37	female	republican	vocational_secondary_certification	single_living_alone	unemployedseeking_employment	white	Atheist / Agnostic	yes	yes
31585018	0	0	-1	0	0	0	0	0	0	0	0	0	0	0	0	0	0	0	0	0	0	0	0	0	0	1	0	0	0	0	0	0	0	0	0	0	0	0	0	0	0	0	0	0	1	0	0	0	0	0	1	0	0	0	0	0	0	0	0	0	0	0	0	0	0	0	0	0	0	0	0	0	0	0	0	0	0	0	0	0	0	0	0	0	0	0	0	0	1	0	0	0	-1	0	0	0	0	0	0	0	0	0	0	1	0	0	0	0	0	0	0	0	0	0	0	0	1	0	0	0	0	0	0	0	0	0	0	0	0	0	31585018	30	female	democrat	associate_degree	married	unemployedseeking_employment	white	Atheist / Agnostic	no	yes
43912578	0	0	1	1	0	0	0	1	-1	0	0	0	0	0	0	0	1	0	-1	0	0	0	0	1	0	1	0	0	0	0	0	0	0	0	-1	0	0	0	0	1	0	0	0	0	1	0	0	0	0	0	1	-1	0	0	0	0	1	0	0	-1	-1	1	0	0	0	0	1	0	0	0	1	0	0	0	-1	0	0	0	0	0	0	0	0	0	0	-1	0	-1	-1	1	-1	0	0	0	0	1	-1	0	0	0	0	0	0	1	0	0	1	0	0	0	0	0	0	1	0	0	1	1	1	1	0	0	0	0	-1	0	0	0	0	1	
43938234	0	0	1	1	1	0	0	0	0	0	0	1	0	0	0	0	1	-1	0	-1	0	1	0	0	1	0	0	0	1	1	-1	0	0	0	0	0	0	0	0	0	0	0	0	0	0	0	0	0	0	0	0	1	1	0	0	0	0	0	0	0	0	0	1	0	1	1	1	-1	0	1	1	0	1	1	0	0	0	1	1	1	1	1	0	0	0	-1	0	-1	0	0	0	1	1	1	1	1	0	1	0	0	0	0	1	0	0	1	0	0	0	1	0	0	1	0	1	0	0	0	0	1	1	0	0	0	0	0	0	0	1	0	
43651516	0	0	0	0	0	0	0	0	1	1	1	1	0	0	1	1	0	0	0	0	0	0	0	0	0	0	0	0	0	0	0	0	0	0	0	0	-1	0	0	0	0	0	0	1	0	0	0	0	0	0	0	0	0	0	0	0	1	0	0	0	0	0	0	0	0	0	0	0	-1	0	0	0	1	1	-1	-1	0	0	0	0	0	0	0	0	0	0	0	0	0	0	0	0	0	-1	0	0	0	0	0	0	1	1	0	0	1	0	0	0	0	0	0	0	0	0	0	-1	0	-1	0	1	0	0	0	0	0	0	1	0	0	0	
43959216	0	0	0	0	0	0	1	0	0	0	0	0	1	1	-1	-1	0	0	0	0	0	0	0	0	1	0	0	0	0	0	0	-1	1	-1	-1	1	0	0	1	0	0	1	-1	0	0	-1	0	0	0	1	0	1	0	0	0	0	0	0	0	0	1	0	0	0	0	0	0	0	0	0	0	0	0	1	0	0	0	0	-1	0	0	0	0	-1	1	-1	1	1	1	-1	0	1	0	0	0	0	0	0	0	0	0	0	0	1	0	0	0	0	0	0	0	0	0	0	0	0	0	0	1	0	1	1	1	1	0	1	0	1	0	0	
41127744	0	0	0	0	0	0	0	-1	0	-1	0	0	1	0	1	0	0	0	1	1	0	0	0	0	-1	0	0	0	0	0	1	0	0	0	1	1	-1	-1	-1	0	0	0	0	0	1	-1	1	-1	0	0	0	0	0	0	0	1	0	1	1	1	1	0	-1	1	0	1	0	1	0	0	-1	0	1	1	-1	1	1	0	0	0	0	0	0	-1	0	-1	0	0	0	0	0	0	0	0	0	0	0	1	0	1	0	0	0	0	0	1	0	0	1	1	0	1	1	1	-1	0	0	0	0	0	0	1	0	1	1	1	-1	1	0	1	
43842980	0	0	1	1	1	1	1	1	0	0	1	1	0	0	0	0	1	1	0	1	1	1	0	0	1	0	1	0	0	1	0	0	0	0	0	0	0	0	0	1	-1	0	0	0	0	0	0	0	-1	0	0	1	0	1	1	-1	1	-1	1	1	0	0	0	0	0	0	0	0	0	0	1	0	1	1	0	0	0	1	1	1	1	1	0	0	0	1	0	0	0	0	0	1	1	1	1	1	0	0	0	0	0	0	1	0	0	1	0	0	0	1	0	1	1	0	1	0	0	0	0	1	0	0	0	0	1	0	0	0	0	0	
6363996	0	0	0	0	0	0	0	0	0	0	0	0	0	0	0	0	0	0	0	0	0	0	0	0	0	0	0	0	0	0	0	0	0	0	0	0	0	0	0	0	0	0	0	0	1	0	0	0	0	0	0	0	0	0	0	0	0	0	0	0	0	0	0	0	0	0	1	0	0	0	0	0	0	0	-1	0	0	0	0	0	0	0	0	0	0	0	0	0	0	0	0	0	0	0	0	-1	0	0	0	0	0	0	0	0	0	0	0	0	0	0	0	0	0	0	0	0	0	0	0	0	0	0	0	0	0	0	0	0	0	0	
42013631	0	0	0	1	0	-1	-1	0	0	0	0	0	-1	1	-1	0	0	0	1	0	1	-1	1	-1	-1	0	0	-1	0	0	0	0	0	1	0	0	0	-1	1	1	0	-1	-1	0	-1	-1	0	1	1	-1	1	-1	0	0	0	0	0	0	0	0	0	-1	0	0	0	0	0	0	0	0	0	-1	-1	0	0	-1	1	-1	1	-1	0	1	-1	0	-1	-1	1	-1	0	0	-1	0	0	0	0	0	-1	0	-1	0	-1	0	0	0	0	0	0	-1	0	0	1	0	0	0	0	0	0	0	-1	0	-1	1	1	-1	0	0	0	1	0	0	42013631	23	male	independent	some_college	single_living_alone	employee	white	Atheist / Agnostic	no	yes
8308030	0	1	0	-1	0	0	0	0	0	0	0	0	1	0	1	-1	0	0	0	0	0	0	0	1	0	0	0	0	0	0	1	0	0	0	0	0	1	1	0	0	0	0	0	0	-1	1	1	-1	0	0	0	0	0	0	0	0	0	0	1	1	1	1	-1	1	0	0	0	0	0	0	0	0	0	-1	0	0	0	1	0	0	-1	0	0	0	0	1	-1	0	0	0	0	1	0	0	0	0	0	1	0	1	1	0	1	0	0	1	0	0	1	1	0	0	1	1	1	-1	0	0	0	0	1	0	0	0	0	1	0	0	0	0	
43861467	0	0	0	0	1	1	1	1	1	0	1	0	0	1	0	0	0	1	0	0	1	1	0	0	0	0	1	1	0	1	0	0	1	0	0	0	0	0	1	1	1	0	0	0	-1	0	1	1	1	0	1	0	1	1	0	0	0	0	-1	0	0	0	0	0	1	0	0	0	0	0	0	1	0	0	0	1	0	1	0	0	1	1	1	1	0	0	0	0	1	0	0	0	0	0	1	0	0	0	1	0	1	1	1	1	1	1	-1	1	0	0	1	1	1	1	1	1	0	0	0	1	1	1	1	0	1	0	0	0	0	0	43861467	32	male	democrat	bachelor	single_living_with_parents	unemployedseeking_employment	black_or_african_american	Roman Catholic	yes	yes
39174418	0	0	0	0	0	0	0	0	0	0	0	0	0	0	0	0	0	0	0	0	0	0	0	0	0	0	0	0	0	0	0	0	0	0	0	0	0	0	0	0	0	0	0	0	0	0	1	0	0	0	0	0	0	1	0	0	0	0	0	0	0	0	0	0	0	0	0	0	0	0	0	0	0	0	0	0	0	0	0	0	0	0	0	0	0	0	0	0	0	0	0	0	0	0	0	-1	0	0	0	0	0	0	0	0	-1	0	0	0	0	0	0	0	0	0	0	0	0	0	0	0	0	0	0	0	0	0	0	0	0	0	
39675153	0	0	0	0	0	0	0	0	0	0	0	0	0	0	0	0	0	0	0	0	0	0	0	0	0	0	0	0	0	0	0	0	0	0	0	0	0	0	0	0	0	0	0	0	0	0	0	0	0	0	0	0	0	0	0	0	0	0	0	0	0	0	0	0	0	0	0	0	0	0	0	0	0	0	0	0	0	0	0	0	0	0	0	0	0	0	0	0	0	0	0	0	0	0	0	0	0	0	0	0	0	0	0	0	0	0	0	0	1	1	1	1	0	0	0	0	0	0	0	0	0	0	0	0	0	0	0	0	0	0	
42768322	0	0	0	0	0	0	0	0	1	1	0	0	0	0	-1	0	0	0	-1	0	0	0	0	0	0	0	0	0	0	0	0	0	0	0	1	1	-1	0	1	0	0	0	0	0	0	0	0	0	0	0	0	0	0	0	0	0	0	1	0	0	0	0	1	0	0	1	0	-1	0	0	1	0	1	0	0	0	1	0	0	0	0	0	0	-1	0	0	0	0	0	0	0	0	0	0	0	0	0	0	0	0	0	0	0	0	0	1	1	0	-1	0	0	0	1	0	0	-1	0	0	0	0	0	1	0	0	-1	1	1	-1	0	1	
43945424	0	0	0	0	0	0	0	0	0	1	0	0	0	0	0	0	0	0	0	0	0	0	0	0	0	0	0	0	0	0	0	0	0	0	0	0	0	0	0	0	-1	0	0	0	0	0	0	0	1	0	0	-1	1	-1	1	1	1	0	1	1	0	0	0	0	0	0	0	-1	0	0	0	0	0	0	0	0	0	0	0	0	0	0	0	0	0	0	0	-1	0	0	0	0	0	0	0	0	-1	-1	1	-1	0	0	0	0	0	0	0	0	0	0	0	0	0	0	0	0	0	0	0	0	0	0	0	0	0	0	0	0	0	0	
41545007	0	0	1	-1	1	0	1	1	1	0	1	0	1	-1	1	-1	-1	1	-1	-1	-1	1	-1	1	0	1	0	1	1	1	-1	0	0	0	-1	1	1	0	0	-1	0	0	1	1	1	0	0	0	0	1	1	1	0	0	1	0	1	-1	0	0	0	1	-1	0	1	1	1	1	-1	0	0	0	0	0	-1	0	1	1	-1	1	-1	0	-1	0	1	0	-1	0	1	1	1	1	0	1	0	-1	1	1	1	1	0	0	0	1	0	0	0	1	1	0	-1	1	0	1	1	0	-1	0	0	0	1	1	0	1	0	0	0	-1	0	0	
15016371	0	0	0	0	0	0	0	0	0	0	0	0	0	-1	0	0	0	0	0	0	0	-1	0	0	0	0	0	0	0	0	0	0	0	0	0	0	0	0	0	0	0	0	0	0	0	0	0	0	0	0	0	0	0	0	0	0	0	0	0	0	0	0	0	0	0	0	0	0	0	0	0	0	0	0	0	0	0	0	0	0	0	0	0	0	0	0	0	0	0	0	0	0	0	0	1	0	0	0	0	0	0	0	0	0	0	0	0	0	0	0	0	0	0	-1	0	0	0	0	0	0	0	0	0	0	0	0	0	0	0	0	15016371	56	female	republican	bachelor	married	selfemployed	white	Roman Catholic	yes	yes
43917255	0	1	0	0	0	1	0	0	0	0	0	0	0	0	0	0	1	0	0	0	0	0	0	1	0	0	0	0	0	0	0	0	0	0	0	0	1	1	1	1	-1	1	1	0	0	0	0	0	0	1	0	0	0	0	1	-1	1	0	0	1	0	0	0	0	0	0	1	0	0	0	0	1	0	0	-1	0	0	0	0	1	0	-1	1	0	0	0	0	0	1	0	1	0	0	1	-1	0	0	0	0	0	0	0	1	0	0	0	0	0	0	0	0	0	0	1	0	0	0	0	0	0	0	0	0	0	0	1	0	-1	1	1	43917255	30	female	democrat	bachelor	single_living_alone	employee	white	Atheist / Agnostic	yes	yes
43974080	0	0	0	1	0	0	0	0	0	0	0	0	0	0	0	0	0	0	0	1	0	-1	0	0	0	0	0	0	0	0	0	0	0	0	0	0	0	0	0	0	0	0	0	0	0	0	0	0	0	0	0	0	0	0	0	0	0	0	0	0	0	0	0	0	0	0	0	0	0	0	0	0	-1	0	0	0	0	1	0	0	1	0	0	0	0	-1	0	0	0	0	0	0	0	0	0	0	0	0	0	0	0	0	0	0	0	0	0	0	0	0	0	0	0	0	0	0	0	0	0	0	1	0	0	0	0	0	0	0	0	0	
41192746	0	0	0	0	0	0	0	0	0	0	0	0	0	0	0	0	0	0	0	0	0	0	0	0	0	0	0	0	0	0	0	0	0	0	0	0	0	0	0	0	-1	0	0	0	0	0	1	0	-1	0	0	0	-1	0	0	0	0	0	0	0	0	0	0	0	-1	0	0	0	0	0	0	1	0	0	0	0	0	0	0	0	0	0	0	0	0	0	0	0	0	0	0	1	0	0	0	0	0	0	0	1	0	0	0	0	0	1	0	0	0	0	0	0	0	0	1	0	0	0	0	1	0	0	0	0	0	0	0	0	0	0	
41986015	-1	1	-1	-1	0	0	0	1	0	0	0	0	0	0	0	0	0	0	0	0	0	0	0	0	0	0	0	0	1	1	1	1	0	0	0	0	0	0	0	0	0	0	0	0	0	-1	0	0	0	0	0	0	0	0	0	0	0	0	0	0	0	0	0	1	0	0	0	0	0	0	0	0	0	0	0	1	0	0	0	0	0	0	0	0	0	0	0	0	0	0	0	0	0	0	0	0	0	0	0	0	0	0	0	0	0	0	0	0	0	0	0	0	0	0	0	0	0	0	0	0	0	0	0	0	-1	1	1	-1	0	0	41986015	62	female	none	bachelor	single_living_alone	retired	hispanic_american	Roman Catholic	yes	no
19838540	0	1	0	0	1	0	0	-1	0	0	0	1	0	0	1	-1	0	1	0	0	0	0	0	1	1	0	0	1	1	0	1	0	0	0	0	0	1	0	0	0	-1	1	0	0	0	0	1	0	0	0	0	0	0	0	0	0	1	0	0	0	1	1	1	1	1	1	1	1	0	1	0	0	0	0	0	1	0	1	0	0	-1	0	0	0	0	0	-1	-1	0	0	0	1	0	1	0	0	0	1	1	1	1	1	1	0	0	1	0	0	1	1	0	0	0	0	0	0	0	0	0	0	0	0	0	0	0	0	0	0	1	0	
6413571	0	0	0	0	0	0	0	0	0	0	0	0	0	0	-1	0	0	0	0	0	1	-1	1	1	0	0	0	0	0	0	0	0	0	0	0	0	0	0	0	0	0	0	0	0	0	0	0	1	0	-1	0	0	0	0	0	0	0	0	0	0	0	1	0	0	0	0	0	0	0	0	0	0	0	0	0	-1	0	0	0	0	0	0	0	0	0	0	0	0	0	0	1	0	0	0	0	0	0	0	1	0	0	0	0	0	0	0	0	0	0	0	0	0	0	0	0	0	0	0	1	0	0	0	0	0	0	0	0	0	0	0	
41676062	0	0	0	0	1	0	0	0	0	0	0	0	0	0	0	0	0	0	0	0	0	0	0	0	0	0	0	0	0	0	0	0	0	0	0	0	0	0	0	0	0	0	0	0	0	0	0	0	0	0	0	0	0	0	0	0	0	0	0	0	0	0	0	0	0	0	0	0	0	1	0	0	0	0	0	0	0	0	0	0	0	0	0	0	0	0	0	-1	0	0	0	0	0	0	0	0	0	1	0	0	0	0	0	0	0	0	0	0	0	0	0	0	0	0	0	0	0	0	0	0	0	0	0	0	0	0	0	0	0	0	
39501628	1	0	1	1	1	0	0	1	1	1	1	0	0	0	0	0	-1	1	-1	1	1	0	0	1	0	0	0	-1	1	0	0	0	0	1	1	0	0	0	0	0	-1	0	0	0	-1	0	0	0	-1	0	1	-1	-1	1	1	-1	1	0	1	0	0	-1	0	0	1	1	0	0	-1	1	0	0	0	0	-1	0	0	0	0	1	1	0	0	-1	0	0	1	-1	0	-1	0	0	0	0	0	1	0	0	0	0	0	0	0	1	0	0	0	0	-1	0	0	1	0	0	1	-1	1	0	0	0	1	0	-1	-1	-1	1	1	0	0	0	
43888123	0	0	0	0	0	0	0	0	0	0	0	0	0	0	0	0	1	0	0	0	0	0	0	0	0	0	0	0	0	1	0	0	0	0	0	0	0	0	0	0	0	0	0	0	0	0	0	0	0	0	0	0	-1	0	0	0	0	0	0	0	0	0	0	0	0	0	0	0	0	0	0	0	0	0	0	0	0	0	0	1	0	0	0	0	0	0	0	0	0	0	0	0	0	0	0	0	0	0	0	0	0	0	0	0	0	0	0	0	0	0	0	0	0	0	0	0	0	0	0	0	0	0	0	0	0	0	0	0	0	0	43888123	23	female	democrat	bachelor	single_living_with_partner	student	white	Protestant	no	yes
43932665	0	0	0	0	0	0	0	0	0	0	0	0	0	0	0	0	0	0	0	0	0	0	0	0	1	1	1	-1	0	0	0	0	0	0	0	0	0	0	0	0	0	0	0	0	0	0	1	0	0	0	0	0	0	1	0	0	0	0	0	0	0	0	0	0	0	0	0	0	0	1	0	0	0	0	0	0	0	0	0	0	0	0	0	0	0	0	0	0	0	0	1	0	0	0	0	1	0	0	0	0	0	0	0	0	-1	0	0	0	0	0	0	0	0	0	0	0	0	0	1	0	0	0	0	0	0	0	0	0	0	0	
22345789	0	1	0	-1	0	0	0	0	1	1	1	1	0	0	1	-1	0	-1	0	0	1	0	0	1	0	0	1	0	-1	1	1	1	0	0	0	0	0	0	0	0	0	0	0	1	0	0	1	0	0	0	0	-1	0	0	1	0	1	0	0	0	0	0	0	0	0	0	0	0	-1	1	1	1	0	0	0	0	1	0	0	0	1	0	0	0	1	0	0	0	0	0	0	1	-1	0	0	0	0	0	0	1	1	-1	0	0	0	-1	0	0	0	0	0	0	0	0	0	0	0	-1	0	1	1	0	-1	0	-1	0	-1	0	1	1	22345789	62	female	independent	associate_degree	single_living_alone	employee	white	other:Christian	no	yes
16854635	0	0	0	0	0	0	0	0	1	1	1	1	0	0	1	-1	0	0	0	0	1	1	1	1	0	0	0	0	0	0	0	0	0	0	0	0	0	0	0	0	-1	1	0	1	0	0	0	-1	0	1	0	0	0	0	0	0	1	0	0	0	0	1	0	0	0	0	0	0	-1	0	0	0	0	0	0	1	0	0	0	0	0	0	0	0	0	0	0	0	0	0	1	0	0	0	0	0	0	0	1	0	1	0	1	1	1	0	0	0	0	0	0	0	0	0	0	0	0	1	1	1	0	0	0	0	0	0	1	0	0	0	
40107272	0	1	1	0	0	-1	0	0	0	0	0	0	0	0	0	-1	1	0	0	0	0	0	0	1	0	-1	0	0	0	0	0	1	0	0	0	1	-1	1	1	-1	-1	1	1	1	0	0	0	0	0	1	0	0	0	0	1	1	0	0	0	-1	1	-1	1	1	0	0	1	0	0	0	0	1	0	0	-1	0	0	0	0	1	0	1	1	0	0	0	0	0	1	0	1	0	1	0	0	1	1	0	0	0	0	1	1	0	0	0	0	0	1	0	0	0	1	1	1	0	1	0	0	0	0	0	0	0	0	1	0	-1	0	0	
43942386	0	0	1	1	1	0	0	1	1	0	0	0	0	0	0	1	0	0	1	0	0	0	0	1	0	0	0	0	0	0	0	0	0	-1	-1	0	-1	0	0	0	0	0	0	0	1	0	0	0	0	0	1	1	0	0	0	0	1	0	0	0	0	-1	0	0	0	0	1	0	0	0	0	0	0	0	0	0	0	0	0	0	0	0	0	0	0	0	0	-1	1	-1	1	0	0	0	0	1	0	0	0	0	0	0	1	1	0	0	0	0	1	0	0	0	0	1	0	0	0	0	0	0	0	0	0	1	0	0	0	0	0	0	
20430407	1	0	0	0	1	0	1	0	0	0	0	0	0	0	0	0	0	0	0	0	0	1	0	0	0	0	0	-1	0	0	0	0	0	0	0	1	-1	0	0	0	0	0	0	0	0	0	1	1	0	0	0	0	0	0	1	0	0	1	0	0	0	0	0	0	0	1	0	0	1	0	0	0	0	0	0	1	1	0	0	1	0	0	0	0	0	0	0	0	0	0	0	1	1	0	0	0	0	0	0	1	0	0	0	0	1	-1	1	1	0	0	0	0	0	0	0	1	1	1	1	1	1	0	1	0	0	0	1	1	0	0	
36276573	0	0	0	0	0	0	0	0	1	-1	0	0	0	0	1	0	0	0	-1	0	0	0	0	0	0	0	0	0	0	0	0	0	0	0	-1	1	1	0	1	0	0	0	0	0	0	0	0	0	0	0	0	0	0	0	0	0	0	-1	0	0	0	0	1	0	0	0	0	-1	0	0	1	0	1	-1	-1	1	0	0	0	0	0	0	0	1	0	0	0	0	0	0	0	0	0	0	0	0	0	0	0	0	0	0	0	0	0	1	-1	0	1	0	0	0	1	0	0	-1	0	0	0	0	0	0	0	0	0	0	0	0	0	0	
18869867	0	0	0	1	0	0	0	0	1	0	0	0	0	0	0	0	0	0	0	0	0	0	0	0	0	0	0	0	0	0	0	0	0	0	0	0	0	0	0	0	0	0	0	0	0	0	0	0	0	0	0	1	0	0	0	0	1	0	0	0	0	0	0	0	0	0	0	0	0	0	0	0	0	0	0	0	0	0	0	0	0	0	0	0	0	0	0	0	0	0	0	0	0	0	0	0	0	0	0	0	0	0	0	0	0	0	0	0	0	0	0	0	0	0	0	0	0	0	0	0	0	0	0	0	0	0	0	0	0	0	18869867	67	female	republican	bachelor	single_living_alone	retired	white	Protestant	yes	yes
43941355	0	0	1	0	0	0	1	0	0	0	0	0	0	0	0	0	0	0	1	0	0	0	0	0	-1	-1	1	-1	0	0	0	-1	-1	1	1	-1	0	0	1	0	0	1	-1	0	0	0	1	0	0	0	1	0	0	1	0	0	0	1	0	0	1	0	1	0	0	1	0	-1	0	0	1	0	-1	0	0	0	0	0	1	0	0	0	0	-1	0	0	0	0	0	-1	0	1	1	0	0	1	0	0	0	0	0	0	0	1	1	1	0	0	-1	-1	1	1	0	0	0	0	-1	0	-1	0	0	0	0	-1	0	0	0	0	0	0	43941355	21	male	republican	associate_degree	single_living_alone	civil_servant	white	Atheist / Agnostic	yes	yes
43875818	0	0	0	0	1	0	1	-1	0	0	1	0	0	0	0	0	0	1	0	0	0	0	0	0	0	0	0	-1	0	0	0	1	0	0	0	0	0	0	0	0	0	0	0	0	0	0	1	1	0	0	0	0	-1	-1	0	0	0	0	-1	0	0	0	0	0	0	0	0	0	0	0	0	0	0	0	0	-1	0	-1	0	0	-1	1	1	1	0	0	0	0	0	0	0	0	0	0	0	0	0	0	1	0	1	0	-1	1	-1	0	0	0	0	0	0	0	0	0	0	1	0	0	0	0	0	0	1	0	0	0	0	0	0	0	
34557302	0	0	0	1	1	-1	0	0	1	0	0	0	0	0	0	0	0	-1	0	1	1	0	1	1	0	0	0	0	1	0	1	0	1	1	0	0	0	0	0	0	-1	1	0	1	1	0	0	0	0	0	-1	1	0	0	1	0	1	0	0	0	0	0	1	0	1	1	1	-1	0	-1	0	0	0	0	-1	0	1	0	1	0	0	0	0	0	1	0	0	-1	-1	0	1	0	1	1	0	-1	0	1	0	0	0	0	0	1	1	0	0	0	0	0	1	0	0	1	0	0	1	1	1	1	0	0	1	0	0	0	0	0	1	1	34557302	36	female	independent	master	married	other:homemaker	white	Roman Catholic	yes	yes
43762146	1	0	0	0	0	0	0	0	0	1	0	0	1	0	1	0	0	0	1	1	0	0	0	0	1	1	1	1	0	0	1	0	0	0	1	1	1	1	1	0	0	0	0	0	1	1	1	1	0	0	0	0	0	1	0	1	0	1	1	1	1	0	1	1	1	1	0	1	1	-1	1	0	1	1	1	1	1	0	0	0	0	0	0	1	1	1	0	0	0	0	1	0	0	0	1	1	0	1	0	1	0	0	0	0	1	1	1	0	1	1	1	1	1	1	1	1	0	0	1	0	0	1	0	1	0	1	1	0	1	1	
40212251	1	1	1	1	1	0	0	-1	0	1	0	0	-1	0	1	0	0	0	-1	-1	0	0	0	1	1	0	0	0	1	1	1	1	0	1	-1	1	1	1	1	0	0	0	0	0	1	1	1	-1	0	0	0	0	0	0	0	-1	0	-1	1	1	1	1	1	1	0	1	0	1	0	0	1	0	1	0	-1	1	1	0	0	0	0	0	0	1	0	1	0	1	0	1	0	0	0	0	0	0	0	1	0	1	0	0	0	0	0	1	0	0	1	-1	0	1	1	1	1	0	0	0	0	0	0	1	0	1	0	1	0	0	0	1	
43961825	0	0	0	0	0	0	0	0	0	-1	0	0	0	0	0	0	0	0	0	0	0	0	0	0	0	0	0	0	1	1	0	0	0	0	0	0	0	0	0	0	1	0	0	0	0	0	0	0	-1	-1	0	1	-1	1	1	1	1	-1	1	-1	0	0	0	0	0	-1	0	0	1	-1	0	0	0	0	-1	0	0	0	0	1	1	0	0	0	0	0	-1	-1	-1	-1	-1	1	0	0	0	0	-1	1	1	-1	0	0	0	-1	1	1	1	1	0	0	0	0	0	0	1	0	-1	0	0	0	0	0	-1	0	0	0	0	0	0	0	43961825	25	female	democrat	vocational_secondary_certification	single_living_alone	employee	american_indian_or_alaska_native	Protestant	yes	yes
20512953	-1	1	0	0	0	1	0	0	0	0	0	0	0	0	0	0	-1	0	0	0	0	0	0	0	1	1	-1	1	0	0	0	1	0	0	0	1	1	1	1	-1	-1	1	1	1	0	0	1	0	0	1	0	0	0	-1	-1	-1	0	0	0	1	0	0	0	1	1	0	1	0	0	1	0	1	0	0	0	0	0	0	0	1	0	-1	1	0	1	0	0	0	1	0	1	0	0	0	-1	0	1	0	0	0	0	1	0	0	-1	0	-1	0	1	1	-1	1	1	0	1	0	0	0	1	0	0	0	0	0	0	-1	-1	-1	1	0	20512953	38	female	democrat	bachelor	single_living_with_parents	employee	white	Atheist / Agnostic	yes	yes
43722521	0	1	1	0	0	1	0	0	1	1	1	1	0	0	0	-1	1	0	0	0	0	0	0	0	0	1	0	0	0	0	0	0	0	0	0	1	1	1	1	-1	-1	0	1	1	0	0	0	0	-1	1	0	0	0	0	-1	1	0	0	0	1	0	0	0	0	1	0	1	0	-1	0	0	1	0	0	0	0	0	0	0	1	0	-1	1	0	0	0	0	0	-1	0	0	0	-1	0	0	0	1	0	0	0	1	-1	0	0	0	0	0	0	0	0	0	0	1	0	1	0	-1	-1	0	1	0	0	0	0	0	1	1	-1	0	0	43722521	27	female	democrat	master	single_living_alone	employee	white	Atheist / Agnostic	yes	yes
15448937	1	1	1	1	0	0	0	1	0	0	0	0	0	0	0	0	0	0	0	0	0	0	0	0	0	0	0	0	1	1	1	1	0	0	0	0	0	0	0	0	0	0	0	0	0	-1	0	0	0	0	0	0	0	0	0	0	0	0	0	0	0	0	0	1	0	0	0	0	0	0	0	0	0	0	0	1	0	0	0	0	0	0	0	0	0	0	0	0	0	0	0	0	0	0	0	0	0	0	0	0	0	0	0	0	0	0	0	0	0	0	0	0	0	0	0	0	0	0	0	0	0	0	0	0	1	1	1	1	0	0	15448937	40	male	republican	high_school	single_living_with_partner	employee	white	Atheist / Agnostic	no	yes
33427067	0	0	0	0	0	0	0	0	1	0	0	0	0	0	0	0	0	1	0	0	0	0	0	0	0	0	0	0	0	0	0	0	0	0	0	0	0	0	0	0	0	0	0	0	0	0	0	0	0	0	0	0	0	0	1	0	0	0	0	0	0	0	0	0	0	0	0	0	0	0	0	0	0	0	0	0	1	0	0	0	0	0	0	0	1	0	0	0	0	0	0	0	1	0	0	0	0	0	0	0	0	0	0	0	0	0	0	0	0	0	0	0	0	0	0	0	0	0	0	0	0	0	-1	0	0	0	0	0	0	1	
43918613	-1	1	0	-1	0	1	0	0	0	0	0	0	-1	-1	0	0	-1	0	-1	0	0	0	-1	0	1	1	-1	1	0	0	0	1	0	0	0	1	1	1	1	-1	-1	1	1	1	0	1	1	0	0	1	0	0	0	-1	-1	0	0	0	0	0	0	0	0	1	1	0	1	0	0	1	0	1	1	0	0	0	0	0	0	1	0	-1	1	0	1	0	0	0	1	0	1	0	0	0	1	1	1	0	0	0	1	1	0	0	-1	0	-1	1	1	1	-1	1	1	0	1	0	0	0	1	0	0	0	0	1	0	0	-1	-1	1	0	
38671298	-1	0	1	1	0	0	0	0	1	1	1	1	1	0	0	-1	0	0	0	0	0	0	0	1	0	1	0	0	0	0	0	0	0	0	0	0	0	0	0	0	0	0	0	1	0	0	0	1	0	0	0	1	0	0	0	0	1	0	0	0	0	0	0	1	-1	0	0	0	-1	0	0	0	0	0	-1	0	0	0	0	0	0	0	0	0	1	0	0	0	0	0	1	0	1	1	1	0	0	0	0	1	1	1	0	0	-1	0	-1	0	0	0	0	0	0	1	0	0	1	1	0	1	0	0	0	0	0	0	1	0	1	0	
38806465	0	0	0	0	0	0	1	0	0	0	0	0	1	-1	1	-1	0	0	0	0	0	0	0	0	1	0	0	0	0	0	0	0	0	-1	0	0	0	0	1	1	0	0	1	0	1	1	1	0	-1	0	0	0	0	-1	0	0	0	0	0	0	-1	0	0	0	0	0	0	0	0	0	0	0	0	1	0	0	1	1	1	1	0	0	0	0	1	1	-1	-1	1	0	0	0	0	0	0	-1	0	0	0	0	0	0	0	0	1	0	0	0	0	0	0	0	0	0	0	0	0	0	0	0	0	0	0	0	0	1	0	-1	0	0	
43987213	1	0	1	1	1	0	0	1	1	1	0	0	0	0	0	0	0	0	1	0	1	0	0	-1	0	0	0	0	0	0	0	0	0	-1	1	0	0	0	0	0	0	0	0	0	1	0	0	0	0	0	1	-1	0	1	0	-1	1	0	0	0	0	-1	0	0	0	0	1	0	0	0	0	0	0	0	-1	0	0	0	0	0	0	0	0	-1	0	0	0	-1	1	-1	0	0	0	0	0	1	0	0	0	0	0	0	0	-1	0	0	0	0	-1	0	0	0	0	0	0	1	0	0	0	0	0	0	0	1	0	0	0	0	0	0	
36293563	0	0	0	0	1	0	0	0	0	0	0	1	0	0	0	0	0	-1	0	0	0	0	0	0	1	0	0	0	0	0	0	0	0	0	0	0	0	0	0	0	0	0	0	0	0	0	0	0	0	0	0	0	0	0	0	0	0	0	0	0	0	0	0	0	0	0	0	0	0	-1	0	0	0	0	0	0	0	0	0	0	0	0	0	0	0	0	0	-1	0	0	0	0	0	0	0	0	0	1	0	0	0	0	1	0	0	0	0	0	0	0	0	0	0	0	0	0	0	0	0	0	0	0	0	0	0	0	0	0	0	0	36293563	38	female	republican	master	married	employee	white	Protestant	no	yes
43913997	0	0	0	0	0	0	0	0	0	0	0	0	0	0	0	0	0	0	0	0	1	1	1	1	-1	-1	1	-1	0	0	0	0	0	0	0	0	0	0	0	0	0	0	0	0	0	0	0	1	0	0	0	0	0	0	0	-1	0	0	0	1	0	1	0	0	0	0	0	0	0	-1	0	0	0	0	0	0	0	0	0	0	0	1	0	0	0	0	0	0	0	0	1	0	0	0	0	0	0	0	-1	0	0	0	0	0	0	0	0	0	1	-1	1	1	0	0	0	0	0	0	0	0	0	0	0	0	0	1	0	0	0	0	
38202325	0	1	-1	0	0	0	1	0	0	1	0	1	1	1	1	-1	0	0	0	0	0	0	0	1	1	0	0	0	0	0	0	1	1	-1	-1	1	-1	0	1	0	-1	1	1	0	0	1	0	0	-1	1	1	1	0	0	0	0	1	1	1	1	1	0	0	0	1	0	0	1	0	0	1	1	0	1	0	0	0	1	1	0	-1	1	0	-1	1	1	-1	0	1	1	0	1	1	-1	1	1	0	0	0	0	0	0	1	1	0	0	0	0	1	1	0	0	0	0	0	0	0	0	1	0	1	1	1	-1	0	1	0	1	0	0	
43620110	0	1	0	0	0	0	0	0	1	1	1	1	0	0	0	-1	0	0	0	0	0	0	0	0	0	0	0	0	0	0	0	-1	0	0	0	-1	0	0	0	0	-1	1	1	1	0	0	0	0	0	0	0	0	0	0	0	0	1	0	0	0	0	0	0	0	0	0	0	0	-1	0	0	0	0	0	0	0	0	0	0	0	0	0	0	0	0	0	-1	0	0	0	0	0	0	-1	0	1	-1	1	0	0	-1	-1	0	0	1	0	0	0	0	-1	0	0	1	0	1	0	0	1	0	1	0	0	0	0	0	0	-1	0	0	0	
43857153	0	0	0	0	0	0	0	0	0	0	0	0	0	0	0	0	0	0	0	0	0	0	0	0	-1	0	0	0	0	0	0	0	0	0	0	0	0	0	0	0	0	0	0	0	0	0	0	0	0	0	0	0	0	0	0	0	0	0	0	0	-1	0	0	0	0	1	0	0	0	0	0	0	0	0	0	0	0	0	0	0	0	0	0	0	0	0	0	0	0	0	0	0	0	0	0	0	0	0	0	0	0	0	0	0	0	0	0	0	0	0	0	0	0	0	0	0	0	0	0	0	0	0	0	-1	0	0	0	0	0	0	
43498762	1	0	0	0	-1	0	0	0	0	1	0	0	0	0	0	0	0	0	0	0	1	0	0	1	0	0	0	0	0	0	0	0	0	0	0	0	0	0	0	0	0	0	0	0	0	0	0	0	0	0	-1	0	0	1	0	-1	0	1	0	0	0	0	0	0	0	0	0	-1	0	-1	0	0	0	0	-1	0	0	0	0	0	0	0	0	-1	0	0	0	-1	0	0	1	0	0	0	0	0	0	1	0	0	0	0	0	0	0	0	0	0	0	0	0	0	0	1	0	1	0	0	0	0	0	0	0	0	0	0	0	0	0	0	
38153196	0	1	0	0	1	0	-1	0	0	0	0	1	0	0	-1	-1	0	-1	0	0	0	0	0	1	1	0	0	0	1	0	1	0	1	1	1	-1	1	0	0	0	1	1	1	0	0	0	1	0	0	0	1	0	0	0	0	0	1	0	0	0	1	1	1	1	1	1	1	-1	0	-1	0	0	0	0	0	0	0	0	1	0	1	0	0	0	0	0	0	-1	0	-1	0	1	0	-1	0	0	0	1	0	1	0	0	1	0	0	-1	0	0	-1	0	0	0	0	0	0	0	0	0	1	0	0	0	0	0	0	0	0	0	1	0	
43990834	0	0	1	0	0	0	-1	1	0	1	-1	-1	0	0	0	1	1	-1	-1	1	1	-1	-1	0	-1	0	-1	0	0	1	0	0	0	0	0	0	0	0	0	0	1	0	0	-1	0	0	0	-1	1	0	0	0	-1	-1	-1	-1	-1	0	1	1	0	0	0	0	0	0	0	-1	-1	1	0	1	-1	0	1	0	0	-1	0	0	-1	0	0	0	1	-1	1	1	-1	1	1	1	1	0	1	1	-1	0	0	-1	-1	-1	-1	1	0	0	0	0	0	1	0	0	0	0	0	-1	0	0	0	0	1	0	0	0	1	0	0	0	-1	0	43990834	90	female	independent	bachelor	single_living_with_partner	unemployedseeking_employment	white	Jewish	no	no
43930419	0	0	0	1	0	0	0	0	-1	0	0	0	0	0	0	0	0	0	0	0	0	0	0	0	0	0	0	0	0	0	0	0	0	0	0	0	0	0	0	0	0	0	0	0	-1	0	0	0	0	0	0	-1	0	0	0	0	-1	0	0	0	0	0	0	0	0	0	-1	0	0	0	0	0	0	0	1	0	0	0	0	0	0	0	0	0	0	0	0	0	0	0	0	0	0	0	0	1	0	0	0	0	0	0	0	0	0	0	0	0	0	0	0	0	0	0	0	0	0	0	0	0	0	0	0	0	0	0	0	0	0	0	
20623511	1	0	0	0	0	0	0	0	0	1	0	0	0	0	0	0	0	0	0	0	1	0	0	0	0	0	0	0	0	0	0	0	0	0	0	0	0	0	0	0	0	0	0	0	0	0	0	0	0	0	-1	0	0	1	0	-1	0	0	0	0	0	0	0	0	0	0	0	0	0	0	0	0	0	0	0	0	0	0	0	0	0	0	0	-1	0	0	0	0	0	0	0	0	0	0	0	0	0	0	0	0	0	0	0	0	0	0	0	0	0	0	0	0	0	0	0	1	0	0	0	0	0	0	0	0	0	0	0	0	0	0	20623511	40	female	none	vocational_secondary_certification	married	employee	white	Roman Catholic	yes	yes
36968345	0	0	0	0	0	0	0	0	0	0	0	1	0	0	0	0	0	0	0	0	0	0	0	0	0	0	0	0	0	0	0	0	1	0	0	0	0	0	0	0	0	0	0	0	0	0	0	0	0	0	0	0	0	0	0	0	0	0	0	0	0	0	0	0	0	0	0	0	0	0	0	0	0	-1	0	0	0	1	1	0	0	1	0	0	0	0	0	0	0	0	0	1	0	0	0	0	0	0	0	0	0	0	0	0	0	0	0	1	0	1	-1	0	1	0	0	0	0	0	0	0	0	1	0	0	0	0	0	0	0	0	36968345	39	female	democrat	doc	married	other:parent	white	Atheist / Agnostic	yes	yes
43946798	1	0	0	0	0	0	0	0	0	0	0	0	1	0	0	0	0	0	0	-1	0	0	0	0	1	1	1	-1	0	0	1	0	0	0	0	0	0	0	0	0	0	0	0	0	-1	-1	1	-1	0	0	0	0	0	1	0	-1	0	0	1	1	1	0	0	1	-1	1	0	0	-1	0	0	0	0	1	0	0	1	0	0	0	0	0	0	0	1	1	0	0	0	0	0	0	0	0	1	-1	0	1	0	1	0	0	0	0	1	0	1	0	1	1	-1	0	1	-1	1	1	0	0	0	0	0	1	0	1	0	1	-1	0	1	1	
20328071	0	0	-1	-1	1	1	1	1	0	0	1	1	0	0	0	0	-1	0	0	1	1	1	0	0	0	0	1	0	0	1	0	0	1	0	0	0	0	0	0	1	0	0	0	0	0	0	0	0	0	0	0	1	-1	0	0	0	0	0	0	0	0	0	0	0	0	0	0	0	0	0	1	0	1	-1	0	0	0	1	-1	1	-1	-1	0	0	0	1	0	0	0	0	0	1	1	1	-1	-1	0	0	0	0	0	0	0	0	0	1	0	1	0	1	-1	1	1	0	1	0	0	0	0	1	0	1	0	0	1	0	0	0	0	0	
43811627	0	-1	1	1	-1	0	0	1	0	1	0	0	0	0	0	0	0	0	0	0	1	0	0	0	0	0	0	0	-1	1	1	1	0	1	0	0	0	0	0	0	0	0	0	0	0	-1	0	0	0	0	-1	0	0	1	0	1	0	0	0	0	0	0	0	1	0	0	0	0	0	0	0	0	0	0	0	-1	0	0	0	0	0	0	0	-1	0	0	0	0	0	0	0	0	0	0	0	0	0	0	0	0	0	0	0	0	0	0	0	0	-1	0	0	0	0	0	0	1	0	0	0	0	0	0	0	1	1	1	-1	1	0	0	
43787047	0	0	0	0	0	0	0	0	0	0	0	0	0	0	0	0	0	0	0	0	0	0	0	0	0	0	0	0	0	0	0	0	0	0	0	0	0	0	0	0	0	0	0	0	0	0	0	0	0	0	0	0	0	0	0	0	0	0	0	0	0	0	0	0	0	0	0	0	0	0	0	0	0	0	0	0	0	0	0	0	0	0	0	0	0	0	1	0	0	0	0	0	0	0	0	0	0	1	0	0	1	0	0	0	0	0	0	0	0	1	0	0	0	0	0	0	0	0	0	0	0	0	0	0	0	0	0	0	0	0	43787047	22	female	democrat	bachelor	single_living_with_parents	student	asien	Atheist / Agnostic	yes	yes
37177227	0	0	0	-1	0	1	0	0	0	0	0	0	1	-1	1	0	0	0	1	0	1	-1	1	1	0	0	0	-1	0	0	0	0	0	0	0	0	0	-1	0	0	0	-1	0	0	0	-1	0	-1	0	1	0	0	0	0	0	0	0	0	0	0	0	-1	0	0	0	0	0	0	0	0	0	1	1	0	0	1	0	0	0	0	0	1	-1	0	0	0	0	0	0	0	-1	0	0	0	0	0	1	0	1	0	-1	0	0	0	0	0	0	-1	0	0	1	0	0	0	0	0	0	0	1	0	0	0	0	1	0	0	0	0	0	0	37177227	32	male	democrat	master	married	employee	white	Roman Catholic	no	yes
43963742	-1	0	0	0	0	0	0	0	0	0	0	0	0	0	0	0	0	0	0	0	0	0	0	0	0	0	0	0	0	0	0	0	0	0	0	0	0	0	0	0	0	0	0	0	0	0	0	0	0	0	0	0	0	0	0	0	0	0	0	0	0	0	0	0	0	0	0	0	0	0	0	0	0	0	0	0	-1	0	0	0	0	0	0	0	0	0	0	0	0	0	0	0	-1	0	0	0	0	0	0	0	0	0	0	0	-1	-1	-1	-1	0	0	0	0	0	0	0	0	0	0	0	0	0	0	0	0	0	0	-1	0	0	0	
43935069	1	0	0	0	0	0	0	0	0	1	1	0	0	0	0	-1	-1	1	-1	-1	0	-1	1	0	1	0	1	0	-1	1	0	0	0	0	1	0	-1	0	1	0	0	0	0	1	0	0	0	0	0	1	0	0	0	0	0	0	0	1	0	0	1	0	1	0	-1	1	-1	0	1	0	0	1	-1	0	-1	0	1	0	1	1	1	0	0	-1	1	0	1	1	1	1	1	1	1	1	0	0	0	0	1	0	0	0	0	1	0	-1	0	0	-1	0	-1	1	0	0	-1	0	0	0	0	0	0	0	1	1	-1	0	1	0	-1	0	
20398835	0	0	0	0	0	0	0	0	0	0	0	0	0	0	-1	0	0	0	0	0	1	1	1	1	0	0	0	0	0	0	0	0	0	0	0	0	0	0	0	0	0	0	0	0	0	0	0	1	0	-1	0	0	0	0	0	0	0	0	0	0	0	-1	0	0	0	0	0	0	0	0	0	0	0	0	0	1	0	0	0	0	0	0	0	0	0	0	0	0	0	0	1	0	0	0	0	0	0	0	1	0	0	0	0	0	0	0	0	0	0	0	0	0	0	0	0	0	0	0	1	0	0	0	0	0	0	0	0	0	0	0	
43853132	0	0	-1	0	0	1	1	-1	-1	0	1	1	0	-1	1	1	1	0	0	-1	-1	1	-1	-1	1	0	0	0	0	-1	0	1	1	1	1	0	-1	0	0	-1	1	-1	1	0	1	0	0	-1	1	0	0	0	1	-1	1	0	1	0	1	1	0	0	1	1	0	1	0	-1	0	-1	1	-1	0	1	0	1	1	1	-1	1	0	1	-1	-1	1	1	0	1	0	1	-1	-1	0	-1	0	1	-1	-1	-1	1	0	1	1	0	1	1	-1	0	-1	0	-1	0	1	0	0	-1	0	-1	1	1	1	-1	0	0	-1	0	0	-1	0	0	
43718472	0	0	0	0	0	0	0	0	0	0	0	0	-1	0	0	0	0	0	0	0	0	0	0	0	0	0	0	0	0	0	0	0	0	0	0	0	0	0	0	0	0	0	0	0	0	0	0	-1	0	0	0	0	0	0	0	0	0	0	0	0	0	0	0	0	0	0	0	0	-1	0	0	0	0	0	0	0	0	0	0	0	0	0	0	0	0	0	0	0	0	0	0	0	0	0	0	0	0	0	0	1	0	0	0	0	0	0	0	0	0	0	0	0	0	0	0	0	0	0	0	0	0	0	0	0	0	0	0	0	0	0	
43605836	0	0	0	0	0	0	0	0	0	0	0	0	0	0	0	0	0	0	0	0	0	0	0	0	0	0	0	0	0	0	0	1	0	0	0	0	0	0	0	0	0	1	0	0	0	0	0	0	0	0	0	0	0	0	0	0	0	0	0	0	0	0	0	0	0	0	0	0	0	0	0	0	0	0	0	0	0	0	0	0	0	0	0	1	0	0	0	0	0	0	0	0	0	0	0	0	0	0	0	0	0	0	0	1	0	0	0	0	0	0	0	0	0	0	0	0	0	0	0	0	0	0	0	0	0	0	0	0	0	0	
15577915	0	0	0	0	0	0	0	0	1	0	0	0	0	1	1	0	0	0	0	0	1	1	1	1	1	1	1	-1	0	0	0	0	1	1	1	1	0	0	1	0	0	0	0	0	0	0	0	-1	-1	1	1	1	0	0	0	0	0	0	0	0	0	-1	0	0	0	0	0	0	0	0	0	0	0	0	0	1	0	0	0	0	0	0	0	0	1	-1	1	-1	0	0	1	0	0	0	0	0	0	0	-1	0	0	0	0	0	0	0	-1	0	0	0	0	0	1	0	0	0	0	0	1	0	1	1	1	1	0	0	0	0	0	0	
41193378	0	0	0	0	0	1	0	0	0	0	0	0	0	1	0	0	-1	1	0	1	0	1	0	0	0	1	0	0	1	0	1	0	1	0	1	0	1	1	-1	0	-1	0	0	0	0	0	0	0	-1	0	0	0	0	1	0	0	0	0	1	1	1	0	1	0	1	1	1	-1	0	0	1	1	0	0	0	0	0	0	0	0	0	0	0	0	0	1	0	0	0	0	0	0	0	0	-1	0	-1	0	0	0	1	1	1	1	1	0	1	0	0	0	0	0	0	-1	0	0	0	1	0	0	0	-1	0	0	-1	0	0	0	1	1	
22653569	0	0	0	0	0	0	1	0	0	0	0	0	0	0	0	0	0	0	0	0	0	0	0	0	0	0	0	0	0	0	0	0	0	0	0	0	0	0	0	0	0	0	0	0	0	0	0	1	0	0	0	0	0	0	0	0	0	0	0	0	0	0	0	0	0	0	0	0	0	0	0	0	0	0	0	0	0	0	0	0	1	1	1	-1	0	0	0	0	0	0	0	0	0	0	0	0	0	0	0	0	0	0	0	0	0	0	0	0	0	0	0	0	0	0	0	-1	0	0	0	0	0	0	1	0	0	0	0	0	0	0	
18212596	0	0	0	0	0	0	0	0	0	0	0	0	0	0	0	0	0	0	0	0	0	0	0	0	0	0	0	0	0	0	0	1	0	0	0	0	0	0	0	0	0	1	0	0	0	0	0	0	1	1	1	-1	0	0	0	0	0	0	0	0	0	0	0	0	0	0	0	0	0	0	0	0	0	0	0	0	0	0	0	0	0	0	0	-1	0	0	0	0	0	0	0	0	0	0	0	0	0	0	0	0	0	0	0	1	0	0	0	0	0	0	0	0	0	0	0	0	0	0	0	0	1	-1	1	-1	0	0	0	0	0	0	18212596	34	female	none	vocational_secondary_certification	other:Single living with children	unemployedseeking_employment	black_or_african_american	Atheist / Agnostic	no	yes
13095205	0	1	0	0	1	1	1	1	0	0	1	1	0	-1	-1	1	1	0	0	-1	0	1	0	0	1	1	1	1	1	0	1	1	1	0	-1	0	-1	0	0	1	-1	1	0	0	-1	0	1	-1	0	0	1	0	-1	1	0	0	1	0	1	1	1	1	0	1	1	1	1	-1	0	1	1	0	0	0	-1	1	0	-1	0	0	1	1	1	-1	0	1	0	-1	1	1	1	1	0	-1	1	0	-1	1	1	1	0	-1	1	1	1	1	1	0	1	0	0	1	0	1	0	-1	0	0	0	0	0	1	1	0	-1	0	0	0	1	1	
43932026	1	0	1	1	1	0	0	1	1	1	0	0	0	0	0	0	0	0	1	0	1	0	0	1	0	0	0	0	0	0	0	0	0	1	1	0	0	0	0	0	0	0	0	0	1	0	0	0	0	0	1	-1	0	1	0	1	1	0	0	0	0	1	0	0	0	0	1	0	0	0	0	0	0	0	1	0	0	0	0	0	0	0	0	1	0	0	0	1	1	1	0	0	0	0	0	1	0	0	0	0	0	0	0	1	0	0	0	0	1	0	0	0	0	0	0	1	0	0	0	0	0	0	0	1	0	0	0	0	0	0	
43939704	0	0	1	0	0	0	0	0	1	1	1	1	0	0	0	-1	1	1	0	0	1	0	1	0	0	1	0	0	1	0	1	0	0	1	0	0	0	0	0	0	0	0	1	1	0	0	0	0	0	-1	0	0	0	0	1	-1	1	0	0	1	0	1	0	0	0	0	1	0	-1	0	0	0	0	0	0	0	-1	0	1	0	0	1	1	0	1	0	0	0	1	1	0	0	1	-1	1	0	0	0	0	0	1	1	-1	0	-1	0	0	0	0	0	1	0	0	0	0	0	0	0	0	1	0	0	-1	0	0	1	-1	-1	1	1	
43851130	0	0	0	0	0	0	1	0	0	0	0	0	1	1	1	-1	0	0	0	0	0	0	0	0	-1	0	0	0	0	0	0	1	1	1	1	1	0	0	1	-1	0	-1	1	0	1	1	0	0	1	1	1	-1	0	0	0	0	0	0	0	0	1	0	0	0	0	0	0	0	0	0	0	0	0	-1	0	0	-1	1	0	1	0	0	0	-1	1	1	0	-1	1	1	0	-1	0	0	0	0	0	0	0	0	0	0	0	1	0	0	0	0	0	0	0	0	0	0	0	0	0	0	1	0	1	1	1	-1	0	1	0	1	0	0	43851130	25	male	democrat	bachelor	single_living_alone	employee	white	Roman Catholic	yes	yes
21088425	1	-1	1	0	1	0	1	1	0	1	1	-1	0	0	-1	0	1	-1	1	0	1	-1	1	0	-1	1	1	-1	1	1	1	1	1	1	1	1	-1	-1	1	1	-1	1	-1	0	0	0	1	1	1	-1	0	1	1	1	1	0	1	1	1	0	1	1	1	0	0	1	0	-1	0	-1	1	1	0	0	-1	0	1	1	1	1	1	1	-1	-1	1	-1	1	-1	0	-1	-1	-1	1	0	1	1	1	1	0	-1	-1	-1	1	1	1	-1	1	1	0	0	1	1	1	-1	0	1	1	1	-1	-1	1	1	1	0	0	1	0	1	0	1	21088425	56	female	democrat	high_school	single_living_alone	other:disabled	white	Protestant	no	yes
43102561	1	0	1	1	1	0	0	1	1	1	0	0	0	0	0	0	0	0	-1	0	1	0	0	1	0	0	0	0	0	0	0	0	0	1	1	0	0	0	0	0	0	0	0	0	0	0	0	0	0	0	1	-1	0	-1	0	-1	1	0	0	0	0	1	0	0	0	0	1	0	0	0	0	0	0	0	-1	0	0	0	0	0	0	0	0	-1	0	0	0	-1	1	-1	1	0	0	0	0	1	0	0	0	0	0	0	0	1	0	0	0	0	1	0	0	0	0	1	0	-1	0	0	0	0	0	0	0	1	0	0	0	0	0	0	43102561	34	male	independent	master	married	selfemployed	hispanic_american	Protestant	yes	no
43780975	1	0	0	1	0	0	0	0	0	1	1	0	0	0	0	1	0	0	0	1	0	1	-1	0	0	0	-1	-1	1	1	0	0	0	0	0	1	1	0	0	0	1	0	0	1	0	0	0	0	-1	1	0	1	-1	1	1	1	0	1	1	0	0	0	0	0	1	1	-1	1	1	0	1	1	0	0	1	0	1	1	0	1	-1	0	0	0	1	0	1	1	1	-1	1	-1	-1	1	0	0	0	0	1	0	0	0	0	1	-1	1	1	1	0	0	0	1	0	0	-1	0	0	1	1	1	1	0	1	0	1	0	1	-1	1	0	
30721568	0	0	1	0	0	0	0	0	0	0	0	-1	0	0	0	0	0	0	0	0	0	0	0	0	0	0	0	0	0	0	0	0	0	0	0	0	0	0	0	0	0	0	0	0	0	0	0	0	0	0	0	-1	0	0	0	0	0	0	0	0	0	0	0	0	0	0	0	0	0	0	1	0	0	0	0	0	0	0	0	0	0	0	0	0	0	0	0	0	0	0	0	0	1	-1	1	-1	0	0	0	0	0	0	0	0	0	0	0	0	0	0	0	0	0	0	0	0	0	0	0	0	0	0	0	0	0	0	0	0	0	0	
6377879	0	0	0	0	0	0	0	0	0	0	0	0	0	0	0	0	1	-1	1	1	0	0	0	0	0	0	0	0	0	0	0	0	0	0	0	0	0	0	0	0	0	0	0	0	0	0	0	0	0	0	0	0	0	0	0	0	0	0	0	0	0	0	0	0	0	0	0	0	0	0	0	0	0	0	0	0	0	0	0	0	0	0	0	0	0	0	0	0	0	0	0	0	0	0	0	0	0	0	0	0	0	0	0	0	0	0	0	0	0	0	0	0	0	0	0	0	0	0	0	0	0	0	0	0	0	0	0	0	0	0	
43822436	-1	0	0	0	0	0	0	0	0	-1	0	0	0	0	0	0	0	0	0	0	1	0	0	0	0	0	0	0	0	0	0	0	0	0	0	0	0	0	0	0	0	0	0	0	0	0	0	0	0	0	1	0	0	-1	0	-1	0	0	0	0	0	0	0	0	0	0	0	0	0	0	0	0	0	0	0	0	0	0	0	0	0	0	0	1	0	0	0	0	0	0	0	0	0	0	0	0	0	0	0	0	0	0	0	0	0	0	0	0	0	0	0	0	0	0	0	-1	0	0	0	0	0	0	0	0	-1	-1	1	-1	0	0	43822436	19	female	independent	some_college	single_living_with_parents	student	white	Roman Catholic	yes	yes
21785776	0	0	0	0	0	1	1	0	0	0	1	0	0	-1	0	0	-1	-1	0	-1	0	1	0	0	0	1	0	0	1	0	0	1	1	0	-1	0	0	0	0	-1	0	0	0	0	0	0	0	-1	0	0	0	0	-1	-1	0	0	0	0	1	1	1	1	-1	0	0	0	0	0	0	0	1	0	0	0	0	0	0	0	0	0	-1	1	1	-1	0	1	0	0	0	-1	0	0	0	0	-1	0	1	0	0	0	1	1	1	1	-1	0	-1	0	0	0	0	0	0	1	0	-1	0	-1	0	0	0	-1	-1	0	-1	0	0	0	1	0	
42870640	0	0	0	0	0	0	0	0	0	0	0	0	0	0	0	0	0	0	0	0	0	0	0	0	0	0	0	0	0	0	1	0	0	0	0	0	0	1	0	0	0	0	0	0	1	1	1	-1	0	0	0	0	0	0	0	-1	0	0	1	1	0	0	0	0	0	0	0	0	0	0	0	0	1	-1	-1	1	0	0	0	0	0	0	0	0	0	1	0	0	0	0	0	0	0	0	0	0	0	1	0	1	0	0	0	0	0	0	0	0	0	1	0	1	1	1	-1	-1	0	0	0	0	0	0	0	0	0	0	0	0	0	0	
