participant id	A vegetarian diet is healthy and beneficial over a meat based diet.	Animals only must die for eating.	Meat is a good source of nutrients.	Being a vegan saves animals lives.	Humans have been natural carnivores for ages as is displayed through evolution such as that humans have canine teeth and the capability of eating and properly consuming meat.	It is possible to kill animals in a manner that is humane.	Living a vegan lifestyle makes you look good.	Eating plants reduce animal extinction.	If people want to be vegan - let them.	Many celebrities are vegan.	Animal protection should be maximized.	There are many vegan options for protein.	Vegan lifestyle cuts out dairy completley.	These are other lifestyles and life choices that do have more benefits including the ability to grow a lot of one's own food safely and organically.	Humans are meant to be vegan.	Vegetarianism is healthier.	Using cows for dairy production is cruel.	Farming also contributes to air and water pollution.	Vegans are at reduced risk of serious illness.	Eating meat is essential to human development.	Vegan lifestyle is the healthiest.	Being a vegetarian is healthier for you.	Enough protein can be found in vegetarian sources.	Most vegans and vegetarians are healthier then those who eat meat.	Vegetarians face unrealistic expectations.	Meat provides the nutrients required for good health.	Eating meat is also good for humans body.	It is immoral to eat vegetable only.	Eating animals reduces deforestation.	Eaiting meat is not healthy.	Vegan lifestyle results in a short of essential vitamins and minerals.	A persons food choice should be there own right to decide.	Milk and Chees are good for people.	Lack of essential vitamins and minerals.	The vegan diet has many health benefits.	People living the vegan are much healthier lifestyle.	A vegan or vegetarian diet lacks nutrition only found in meat.	People can choose a nutrition plan that is suitable for them.	Meat consumption contributes to air and water pollution.	Avoid discriminating against non-vegetarians and vice versa.	The consumption or not of meat must be right of each person.	Vegan lifestyles are good for the environment.	Some animals are here on earth to eat them.	A vegan lifestyle is healthier.	People should be free to eat whatever they want.	Humans do not need meat to survive.	Human teeth have developed to eat meat.	Vegan is a good cancer prevention.	There are just as many animals killed in the dairy and egg industries as the meat industry.	Killing animals is a sin.	Vitamins and pills are not safe substitutes for meat.	Vegetarian and vegan lifestyles help to regulate blood pressure.	A persons diet should be there choice and the individual freedoms of choosing one food should not be shamed.	People should be able to make their own choices on what they eat.	Most slaughter houses are over crowded and do not properly care for animals.	Vegan is the healthier lifestyle.	Meat can cause diseases.	Carnivorous diets are unhealthy.	We have the right to choose what to eat.	It is immoral to kill animals.	Killing animals is against Gods law.	Vegetarian should be encouraged.	Eating meat leads to cardiovascular disease.	No studies prove that a vegetarian lifestyle is healthier.	It is good that more people are starting to go Vegan.	Animals used in meat production are mistreated.	Meat production is bad for the environment.	Vegetarianism is healthier than veganism.	Not eating animals can lead to having more pets.	Veganism is like a religion.	Having more vegetarian options in stores helps boost the economy by creating another group of consumers.	Animals have feelings and it is cruel to eat them.	Being a vegetarian is a good way to care for animals.	There are too many people who take Vegetarian & Vegan Lifestyle to the extreme.	The decision of a person to be or not to be vegetarian must be respected.	There is more protein in plants than animals.	Eating plant can relieve animal extinction.	I like cows, so I don't eat them.	Eating meat has been an essential part of human evolution.	Vegans should not put down non vegans or vice versa.	If people want to eat meat then let them.	Creating a nutrition plan is left for the person.	Meat is needed to grow.	Meat is bad for humans.	Humans are made to eat meat.	Vegan lifestyle should be adopted.	It would not be practical to meet the world's food needs with a purely plant-based diet.	It's immoral to kill animals.	Vegetarians, such as 7th Day Adventists, are healthy people.	Vegetarianism is healthier than other diet plans.	Cows milk should be for calves only.	Humans have evolved to eat meat.	Meat offers important nutrients.	Meat is as healthy as vegetables.	Vegetarians are healthier.	Eating animals is part of the natural life cycle.	People should be free to choose their own nutrition plan.	Tofu is not a healthy substitute for animal protein.	Human beings are biological omnivores.	There are other sources of B-12 than meat.	Vegetarianism is becoming more popular.	Beef can cause heart attack.	Real leather makes a statement about the woman who carries it (purse).	Vegetarism and veganism has interferences with existing medical conditions.	Being vegetarian is healthy lifestyle.	Is immoral to kill animals.	We should consume meat more conscious.	There are certain nutrients, such as Zinc, Iron, and Protein, that are most efficiently consumed by eating meat.	People have the right to choose he kind of meal they want to eat.	Vegetarian lifestyles reduce risk of the No. 1 killer â€“ Heart Disease.	People should just eat vegetables.	A health plan leads to a healthy life.	Being vegan is healthy.	Veganism is not healthy.	People should eat less meat.	Meat consumption should be limited.	All people should be free to choose between vegan or vegetarian lifestyle.	Eating animal can reduce deforestation.	Vegetarianism will result in more animals than the earth can support.	Killing animals for food is part of being a person.	There are better ways than being vegetarian and vegan to have a healthy lifestyle.	God said that is ok to kill animals for human's consumtion.	Meat production pollutes our environment.	A vegan diet promotes weight loss.	Freedom to chose your nutrition.	Vegans are healthier than omnivores.	There should be more vegetarian options available to increase diversity.	Killing animals is harmful.	participant id	age	gender	affiliation	education	family status	profession	race	religion	ties2overseas	US citizen
42703498	0	1	1	0	1	0	0	0	0	0	0	0	1	1	1	1	1	1	1	1	0	0	0	0	0	0	0	0	0	0	0	0	0	1	0	0	0	0	1	0	0	0	0	0	1	0	0	1	1	1	0	1	0	0	0	0	0	0	0	0	0	0	0	1	0	1	1	0	0	1	1	0	0	0	0	0	0	0	1	0	0	0	1	0	0	1	0	0	0	0	1	1	0	0	0	1	1	0	1	0	0	0	1	0	0	0	0	0	0	0	0	0	0	0	0	1	0	0	0	0	0	1	0	0	0	1	1	0	
22139728	0	0	0	1	0	0	0	1	1	0	0	0	0	0	1	0	0	0	1	0	0	1	1	1	0	1	0	1	0	1	0	0	1	1	0	0	0	0	0	0	0	0	0	0	1	1	0	0	0	0	0	0	1	0	0	1	1	0	0	0	0	0	0	0	0	0	1	0	1	0	1	0	0	1	1	1	1	0	0	1	0	0	0	1	1	1	1	1	1	1	1	1	1	1	1	1	1	1	1	1	1	0	0	1	1	1	0	0	0	0	0	0	0	0	0	0	0	1	0	0	0	1	1	1	0	0	0	1	22139728	32	female	democrat	master	single_living_alone	employee	black_or_african_american	other:Christian	yes	yes
43736722	0	0	0	0	0	0	0	0	0	0	0	0	0	0	0	0	0	0	0	0	0	0	0	0	0	0	0	0	0	0	0	1	0	1	0	0	0	1	0	0	0	0	1	0	1	1	1	-1	0	1	0	0	0	0	0	0	0	0	0	0	0	0	0	0	0	0	0	0	0	0	0	0	0	0	0	0	0	0	0	0	0	0	0	0	0	0	0	0	0	0	0	1	0	0	0	0	0	1	0	0	0	0	0	0	0	0	0	0	0	0	-1	0	-1	1	0	1	-1	0	1	0	0	0	0	0	0	0	1	0	43736722	22	female	independent	some_college	single_living_alone	employee	hispanic_american	other:Christian	yes	no
43860631	1	1	0	1	1	0	1	-1	1	1	0	1	-1	1	0	1	1	1	-1	0	-1	1	1	0	0	0	0	-1	0	0	1	0	0	0	0	1	1	1	-1	1	1	0	0	0	1	1	1	1	1	-1	1	1	1	1	0	1	0	0	0	0	-1	1	0	-1	1	1	-1	1	-1	0	1	1	1	1	0	-1	1	-1	1	1	0	1	0	0	0	-1	1	0	1	0	-1	1	1	1	1	0	0	1	0	0	0	0	0	1	0	0	0	1	0	1	-1	1	1	0	-1	-1	0	1	-1	0	1	1	-1	0	1	0	0	0	
5007431	0	0	0	0	0	1	0	0	1	0	0	0	1	0	0	0	0	1	0	0	0	0	0	0	-1	0	1	0	-1	0	0	0	0	0	1	-1	0	0	0	0	0	0	1	-1	0	0	0	-1	0	0	0	0	0	0	0	0	0	0	0	0	0	0	0	0	0	0	0	0	0	0	1	0	1	-1	1	-1	0	-1	1	0	0	0	1	0	0	0	0	0	1	1	0	1	0	0	0	0	0	0	0	1	0	0	0	0	0	0	0	0	1	0	0	0	0	0	0	0	0	0	0	0	1	0	0	0	1	-1	-1	-1	
39797332	1	-1	-1	1	0	0	0	0	0	0	0	0	0	0	0	0	0	0	0	0	0	0	0	0	0	0	0	0	0	0	0	0	0	0	0	0	0	0	0	0	0	0	0	0	0	0	0	0	0	0	0	0	0	0	0	0	0	0	0	0	0	0	0	0	0	0	0	0	0	0	0	0	0	0	0	0	0	0	0	0	0	0	0	0	0	0	0	0	0	0	0	0	0	0	0	0	0	0	0	0	0	0	0	0	0	0	0	0	0	0	0	0	0	0	0	0	0	0	0	0	0	0	0	0	0	0	0	0	39797332	49	male	independent	master	married	employee	white	Atheist / Agnostic	yes	yes
42468998	0	0	0	0	0	1	0	1	0	1	0	0	0	0	0	1	0	0	1	1	0	0	1	0	0	0	1	0	0	0	0	1	0	0	0	0	1	0	-1	0	1	1	1	1	0	0	1	0	0	-1	0	0	0	0	0	0	-1	-1	1	-1	-1	1	-1	0	0	0	0	0	-1	1	0	-1	0	0	0	-1	1	0	0	0	1	0	1	-1	0	0	1	0	0	1	-1	0	0	0	0	0	0	0	0	-1	0	0	0	1	1	-1	1	1	0	-1	0	0	-1	0	-1	0	0	0	0	0	0	0	0	0	1	0	0	-1	
27914150	0	0	0	-1	0	0	0	0	0	0	0	0	0	0	0	0	0	0	0	0	0	0	0	0	0	0	0	1	0	0	0	0	0	1	0	0	0	0	0	0	0	0	0	0	0	0	0	0	0	0	0	0	1	0	0	0	0	0	0	0	0	0	0	0	0	0	0	0	0	0	0	0	0	0	0	0	-1	0	0	0	0	0	0	0	0	0	0	0	0	0	1	0	0	0	0	0	0	0	0	0	1	0	0	1	0	0	0	0	0	0	0	0	0	0	0	0	0	0	0	0	0	0	0	0	0	0	0	0	
43976334	1	1	0	0	1	0	1	-1	1	1	0	1	1	1	0	1	1	0	-1	0	1	1	1	1	0	0	0	-1	1	1	1	0	0	0	0	0	0	1	1	0	1	1	1	0	-1	0	0	1	1	1	-1	0	0	1	1	0	0	1	0	0	1	1	1	1	1	0	1	1	1	1	1	1	1	1	-1	1	1	0	1	1	0	1	0	-1	0	-1	1	1	1	1	0	1	1	1	1	0	0	1	0	0	1	1	1	0	0	1	1	1	1	0	1	1	1	1	1	1	1	1	1	1	1	1	0	1	1	0	0	0	
38548574	0	0	0	0	1	1	-1	-1	0	0	0	0	0	0	0	0	0	0	0	1	0	0	0	0	0	0	0	0	0	0	0	0	0	0	0	-1	1	0	0	0	0	0	0	1	0	0	0	0	0	0	0	0	0	0	0	-1	0	0	0	-1	0	0	0	0	0	0	0	0	0	0	0	0	0	0	0	0	0	0	0	0	1	0	0	0	0	0	0	0	0	0	0	0	0	0	0	0	0	0	0	0	0	0	0	0	0	0	0	0	0	0	0	0	0	0	0	0	0	-1	0	0	0	0	0	0	0	0	0	0	
27748798	0	0	0	0	0	0	0	1	0	0	0	0	0	0	0	0	0	0	0	0	0	0	0	0	0	0	1	0	0	0	0	0	0	0	0	0	0	1	0	0	0	0	0	0	0	0	0	-1	0	0	0	0	0	0	0	-1	0	0	0	0	0	0	0	0	0	0	0	0	0	0	0	0	0	0	1	0	0	-1	0	0	0	0	0	0	1	0	0	0	0	0	0	0	0	0	0	0	0	0	0	0	0	0	0	0	0	0	0	0	0	0	0	0	0	0	0	0	0	0	0	0	0	0	0	0	0	0	0	0	
1933319	0	0	0	0	0	0	0	0	0	0	0	0	0	0	0	0	0	0	0	0	-1	0	0	0	0	0	0	0	0	0	0	1	0	1	0	0	0	1	0	0	0	0	1	0	0	0	0	0	0	-1	0	0	0	0	0	0	0	-1	0	0	0	0	0	0	0	0	0	0	0	0	0	0	0	0	0	0	0	0	0	-1	0	0	0	0	0	0	0	0	0	0	0	1	0	0	0	0	0	1	0	0	0	0	0	0	0	0	0	0	0	0	-1	1	-1	1	0	-1	1	0	-1	0	0	0	0	0	0	0	-1	0	1933319	37	male	independent	some_college	single_living_alone	employee	white	Protestant	yes	yes
39147083	0	0	0	0	0	0	0	0	0	0	0	0	0	0	0	0	0	0	0	0	0	0	0	0	0	0	0	0	0	0	0	0	0	0	0	0	0	0	0	0	0	0	0	0	0	0	0	0	1	-1	-1	1	0	0	0	0	0	0	0	0	0	0	0	0	0	0	0	0	0	0	0	0	0	0	0	0	0	0	0	0	0	0	0	0	0	0	0	0	0	0	0	0	0	0	0	0	0	0	0	0	0	0	0	0	0	0	0	0	0	0	0	0	0	0	0	0	0	0	0	0	0	0	0	0	0	0	0	0	
43869373	-1	0	-1	0	1	-1	0	0	0	0	1	-1	0	0	0	0	0	0	0	0	1	1	1	-1	0	1	0	-1	0	0	0	-1	0	0	0	0	0	-1	0	0	0	0	0	0	0	0	0	0	-1	0	1	0	0	0	-1	0	0	0	0	-1	0	0	1	0	-1	1	0	0	1	0	0	0	0	0	0	0	-1	0	1	0	0	-1	0	0	-1	0	0	0	0	0	0	0	0	1	0	1	0	0	0	0	1	1	0	0	-1	0	0	0	-1	0	0	-1	1	1	0	0	0	0	0	0	0	0	0	0	0	0	0	0	43869373	23	male	independent	associate_degree	single_living_alone	employee	black_or_african_american	Roman Catholic	no	yes
43891892	1	1	1	-1	-1	1	0	0	1	1	0	1	1	0	-1	0	0	-1	0	-1	1	0	0	0	0	1	1	0	-1	-1	1	1	0	0	0	-1	1	1	-1	1	1	0	0	1	0	-1	1	0	0	0	0	0	0	0	1	0	1	-1	1	0	-1	1	-1	1	0	0	0	0	0	1	-1	-1	1	1	-1	0	0	0	0	1	1	1	0	-1	0	0	0	1	0	0	0	1	0	0	0	0	1	0	0	1	0	-1	0	1	1	-1	1	0	0	1	-1	1	1	0	-1	-1	0	0	0	0	1	0	0	0	1	0	-1	1	43891892	25	male	none	bachelor	single_living_alone	student	white	Roman Catholic	no	yes
43837109	0	1	0	1	0	0	0	1	1	0	0	0	0	0	1	0	0	0	1	0	0	1	1	1	0	1	0	1	0	1	0	0	1	1	0	0	0	0	0	0	0	0	0	0	1	1	0	0	0	0	1	0	1	0	0	1	-1	0	0	0	0	0	0	0	1	0	-1	0	1	0	1	0	0	1	1	1	1	0	0	1	0	0	0	1	1	-1	1	1	1	0	1	1	0	0	0	0	1	1	1	1	1	0	1	1	1	1	0	0	0	0	0	0	1	0	0	0	0	1	0	0	0	1	0	1	0	0	0	1	
19302668	-1	1	0	0	1	0	0	0	0	0	0	1	-1	0	0	-1	-1	0	-1	0	-1	-1	1	-1	-1	1	1	0	1	-1	1	1	0	0	0	0	0	1	0	1	0	0	0	-1	0	1	-1	0	0	-1	0	1	1	1	-1	0	0	0	0	-1	-1	0	-1	1	0	1	-1	-1	-1	1	0	0	0	0	0	0	1	-1	1	1	1	1	0	0	-1	0	1	0	0	0	0	0	1	1	-1	1	0	-1	-1	0	1	1	0	0	1	0	0	0	1	0	0	1	1	-1	0	0	-1	1	1	1	1	1	0	-1	0	0	0	0	19302668	44	female	democrat	high_school	married	employee	white	other:Christian	no	yes
20244740	0	0	0	0	0	0	0	0	-1	0	0	1	1	0	-1	1	0	1	0	0	0	0	0	0	0	0	0	0	0	0	0	0	1	-1	-1	0	0	0	1	0	0	0	0	0	0	0	1	0	0	0	0	1	0	0	0	0	1	1	-1	-1	0	0	0	0	1	-1	-1	0	0	0	0	0	0	0	0	0	0	0	0	0	0	0	0	0	0	1	0	-1	0	0	-1	0	0	0	0	-1	0	0	-1	0	0	0	-1	0	0	0	1	1	0	0	1	0	0	0	0	0	0	0	0	0	0	-1	0	0	0	1	0	0	
33708599	0	1	0	1	0	0	0	1	0	0	0	0	0	0	1	0	0	0	0	0	1	1	0	0	0	0	0	-1	0	0	0	1	-1	-1	0	0	0	1	0	0	0	0	-1	0	1	1	1	1	0	-1	-1	0	1	0	1	1	0	1	0	0	-1	0	1	0	1	0	0	0	0	0	1	0	0	0	1	0	1	0	0	1	0	1	0	1	-1	0	0	0	0	1	1	-1	0	0	0	0	0	-1	0	0	1	0	-1	-1	0	1	0	0	0	0	1	1	1	-1	1	1	1	-1	-1	0	0	0	0	0	0	0	1	0	33708599	31	female	none	bachelor	single_living_with_partner	employee	white	other:Non religious	yes	yes
39021669	0	0	1	0	1	1	0	0	0	1	1	0	0	0	0	0	0	0	-1	0	-1	-1	1	-1	0	0	0	-1	-1	0	0	1	1	0	1	-1	0	1	0	0	0	0	1	0	0	0	1	0	0	-1	0	0	0	0	0	0	-1	-1	1	-1	0	0	0	0	-1	-1	-1	-1	0	0	0	0	-1	1	1	1	0	0	1	0	0	0	0	-1	0	0	1	0	0	0	0	1	0	1	0	0	0	1	0	0	1	0	0	-1	0	0	0	0	0	-1	-1	0	1	-1	0	-1	1	0	-1	0	0	0	0	0	1	-1	-1	-1	39021669	43	female	democrat	vocational_secondary_certification	single_living_with_partner	employee	other	Roman Catholic	yes	yes
34070076	0	0	0	-1	0	0	-1	0	0	-1	0	0	0	1	0	0	0	0	1	0	-1	0	0	1	0	0	0	0	-1	0	0	1	1	0	0	0	0	0	-1	0	0	1	0	0	0	0	1	0	0	0	0	0	0	0	0	0	1	0	0	0	0	0	0	0	0	1	0	1	0	0	0	-1	0	0	0	-1	0	0	0	0	0	0	0	-1	0	1	1	0	0	0	0	0	-1	0	0	0	0	0	0	0	0	0	0	1	0	0	-1	-1	0	1	-1	0	0	-1	1	0	0	0	0	0	0	0	-1	0	0	0	0	0	34070076	30	male	none	bachelor	single_living_alone	employee	asien	Roman Catholic	yes	yes
43847840	1	1	1	0	0	1	0	0	0	0	0	0	-1	1	-1	1	0	1	0	0	1	0	0	0	1	1	0	1	0	0	0	1	1	1	1	-1	0	1	0	0	0	0	-1	0	1	-1	1	1	1	-1	1	0	0	0	0	0	1	1	1	-1	0	0	0	0	1	1	-1	1	0	1	0	0	0	0	0	0	0	0	0	1	0	1	0	0	0	1	0	0	0	0	0	1	0	1	0	1	0	1	1	0	1	0	-1	0	0	0	0	0	1	0	-1	1	1	-1	1	1	1	0	-1	0	0	1	0	0	0	0	1	0	43847840	31	male	democrat	bachelor	single_living_alone	selfemployed	black_or_african_american	Roman Catholic	yes	yes
31888345	0	0	0	0	0	1	0	0	0	0	0	-1	0	1	0	0	0	1	0	0	0	0	0	0	0	0	0	0	0	0	1	0	0	0	-1	-1	1	0	0	0	0	0	0	0	0	0	0	0	0	0	0	1	0	0	1	-1	0	0	1	0	-1	0	1	0	0	0	0	0	0	0	0	0	-1	1	1	0	0	0	0	0	1	1	1	-1	0	0	0	0	0	0	-1	0	0	0	0	0	0	0	0	0	0	1	0	0	0	-1	0	0	0	0	0	0	0	0	0	0	0	0	0	0	0	0	0	0	0	0	1	0	31888345	23	female	republican	bachelor	single_living_with_parents	unemployedseeking_employment	asien	Atheist / Agnostic	yes	yes
43855522	0	1	0	1	1	1	1	0	0	0	0	0	0	0	-1	0	0	0	0	1	0	0	0	0	0	0	0	1	0	0	0	0	1	1	0	1	1	0	0	0	0	0	0	1	-1	0	0	0	0	0	1	0	1	0	0	0	0	0	0	1	0	0	0	0	1	0	0	0	0	0	0	0	0	0	1	1	-1	0	0	1	1	0	0	1	1	0	0	0	0	0	1	0	1	1	1	1	0	-1	0	0	-1	0	1	1	0	0	0	0	0	0	0	0	1	0	0	0	0	1	0	0	0	1	0	0	0	0	0	1	43855522	26	male	democrat	bachelor	single_living_alone	employee	white	Roman Catholic	yes	yes
43943585	0	0	0	0	0	0	0	-1	0	0	0	0	0	0	0	0	0	0	0	0	0	0	0	0	0	0	0	0	0	0	0	0	1	1	0	0	0	0	0	0	0	0	0	0	1	0	0	0	0	0	0	0	1	0	0	1	0	0	0	0	0	0	0	0	0	0	0	0	0	0	0	0	0	-1	1	0	0	0	0	1	0	0	0	-1	0	0	0	0	0	0	-1	0	0	0	0	0	0	0	0	0	1	0	0	0	1	0	0	0	0	0	0	0	0	0	0	0	0	0	0	0	0	0	0	0	0	0	0	0	43943585	27	female	independent	associate_degree	single_living_alone	civil_servant	white	Atheist / Agnostic	yes	no
30408589	0	1	0	0	1	0	1	1	1	0	0	1	-1	1	0	-1	1	0	1	0	1	0	1	-1	0	0	0	-1	0	0	1	0	0	0	0	0	1	1	-1	0	0	0	0	0	-1	-1	0	-1	0	1	-1	0	0	0	-1	0	0	1	0	0	0	1	1	0	-1	0	-1	1	0	-1	-1	1	-1	-1	-1	1	-1	0	-1	0	0	1	0	-1	0	-1	-1	1	1	0	0	-1	-1	1	0	0	0	-1	0	0	1	0	1	0	0	0	1	-1	0	0	0	1	1	1	1	-1	0	1	-1	0	1	-1	0	-1	-1	0	0	0	
15193250	1	0	0	0	1	0	0	0	0	1	0	0	0	0	0	0	0	0	0	0	0	0	0	0	0	0	0	0	0	0	0	0	0	0	0	0	-1	1	1	1	1	1	-1	1	1	0	0	0	0	0	0	1	0	0	1	0	0	1	0	0	-1	1	1	-1	0	1	0	0	1	0	0	0	1	0	0	0	0	-1	0	0	1	0	0	0	-1	0	-1	0	1	0	0	1	0	0	1	0	0	0	0	0	1	1	-1	0	0	0	0	0	0	1	0	0	0	0	0	0	0	0	0	0	0	0	0	0	0	0	0	1	
43981010	0	1	1	0	1	0	0	0	0	0	0	0	0	0	0	0	0	0	0	1	0	0	0	0	0	0	0	0	0	0	0	0	0	1	0	0	0	0	-1	0	0	0	0	0	0	0	0	0	-1	-1	0	0	0	0	0	0	0	0	0	0	0	0	0	0	0	1	-1	0	0	1	0	0	0	0	0	0	0	0	0	0	0	0	1	0	0	0	0	0	0	0	0	0	0	0	0	0	0	0	1	0	0	0	-1	0	0	0	0	0	0	0	0	0	0	0	0	-1	0	0	0	0	0	0	0	0	0	0	1	0	
19638651	0	0	0	0	1	1	-1	-1	1	0	0	0	1	0	0	0	0	1	0	-1	0	0	0	0	-1	0	1	0	-1	0	0	0	0	0	1	1	0	0	0	0	0	0	1	1	0	0	0	0	0	0	0	0	0	0	0	0	0	0	0	-1	0	0	0	0	0	0	0	0	0	0	0	0	0	0	0	0	0	-1	0	0	0	0	-1	0	0	0	0	0	1	1	0	0	0	0	0	0	0	0	0	1	0	0	0	0	0	0	0	0	1	0	0	0	0	0	0	0	0	-1	0	0	1	0	0	0	1	0	0	0	
11521789	1	-1	1	1	0	1	0	-1	1	1	0	0	1	0	0	0	0	-1	-1	1	0	0	-1	1	1	0	1	0	-1	0	0	1	0	0	1	-1	1	1	-1	0	1	1	0	1	0	0	0	-1	0	0	0	0	0	1	0	0	1	-1	1	0	-1	1	1	-1	0	0	0	0	0	0	0	-1	0	0	0	-1	0	-1	0	0	1	0	1	-1	0	0	1	0	1	1	-1	0	0	0	0	1	0	0	0	1	0	0	0	-1	1	-1	1	1	1	1	0	0	0	0	1	0	0	0	0	0	1	0	0	0	1	0	0	-1	11521789	54	male	republican	some_college	other:Separated	employee	asien	Protestant	yes	yes
43699918	0	1	1	0	1	-1	0	0	1	-1	1	1	0	1	0	0	1	-1	1	0	0	0	0	0	0	0	0	0	-1	1	1	1	0	1	1	0	0	0	1	0	0	0	0	0	1	-1	0	1	0	0	1	1	0	0	0	0	0	0	1	0	1	0	1	-1	0	1	1	0	0	1	1	0	-1	1	-1	0	0	0	0	0	1	0	0	1	0	0	0	0	0	0	0	0	0	1	0	0	1	0	-1	0	0	1	-1	0	0	-1	1	0	0	0	0	0	0	0	0	0	0	0	0	1	0	0	0	-1	0	0	1	0	43699918	23	male	republican	some_college	single_living_with_partner	student	hispanic_american	Protestant	yes	yes
41841195	0	0	0	0	0	0	0	0	0	0	0	0	0	0	0	0	0	0	0	0	0	0	0	0	0	0	0	0	0	0	0	0	0	0	0	0	0	0	0	0	0	0	0	0	0	0	0	0	0	0	0	0	0	0	0	0	0	0	0	0	0	0	0	0	0	0	0	0	0	0	0	0	0	0	0	0	0	0	0	0	0	0	0	0	0	0	0	0	0	0	0	0	1	-1	-1	1	0	0	0	0	0	0	0	0	0	0	0	0	0	0	0	0	0	0	0	0	0	0	0	0	0	0	0	0	0	0	0	0	41841195	32	female	independent	some_college	single_living_with_partner	other:homemaker	white	Atheist / Agnostic	no	yes
40668212	0	0	0	0	0	0	0	1	0	0	0	0	0	0	0	0	0	0	0	0	0	0	1	0	0	0	0	0	0	0	0	0	0	0	0	0	0	0	1	0	0	0	0	0	0	0	0	0	0	0	0	0	0	0	0	0	0	0	0	0	0	0	0	0	0	0	0	0	0	0	0	1	0	0	0	0	0	0	0	0	0	0	0	0	0	0	0	0	0	0	0	0	0	0	0	0	0	0	0	0	0	0	0	0	0	0	0	0	0	0	0	0	0	0	0	0	0	0	0	0	0	0	0	0	0	0	0	0	
34689613	0	0	0	0	0	0	1	0	0	0	0	0	0	0	0	0	1	0	0	0	0	0	0	0	1	-1	-1	1	0	0	0	0	0	0	0	0	-1	0	0	0	0	0	0	0	0	0	0	0	0	0	0	1	0	0	0	0	0	0	-1	0	0	0	0	0	0	0	0	1	0	0	0	0	0	0	0	0	0	0	0	0	0	0	0	0	0	0	0	0	0	-1	0	0	0	0	0	0	1	0	0	0	0	0	0	0	0	-1	0	0	0	0	0	0	0	0	0	0	-1	0	1	0	1	-1	1	1	0	1	0	0	
40790579	1	1	1	1	1	0	0	-1	0	0	0	0	0	0	1	0	0	0	0	0	1	0	0	0	0	0	1	0	0	0	0	1	0	1	0	0	0	1	0	0	0	0	1	0	1	1	1	1	0	1	1	0	0	0	0	-1	0	1	0	0	0	1	0	0	1	0	0	0	0	0	0	0	0	0	1	0	0	1	0	1	0	0	0	0	1	0	0	0	1	0	0	1	0	0	0	0	0	1	0	0	1	1	1	1	0	0	0	0	0	0	1	1	1	1	1	1	1	1	1	0	0	0	0	0	0	0	1	0	40790579	29	male	democrat	bachelor	single_living_alone	employee	other	Muslim	no	no
43943676	0	1	1	0	1	1	-1	-1	0	0	0	0	0	0	0	0	-1	0	0	0	0	0	0	0	1	0	1	-1	1	0	0	1	0	1	0	0	0	1	0	0	0	-1	1	0	0	-1	0	0	0	-1	0	0	0	1	0	0	0	0	0	0	0	-1	0	0	0	0	-1	0	0	0	0	0	0	0	0	0	0	0	0	0	0	1	0	0	0	0	0	0	-1	-1	0	1	1	0	-1	0	0	1	0	-1	1	0	0	1	0	0	0	0	0	0	-1	1	0	0	-1	0	1	1	-1	1	0	0	0	0	1	0	1	0	
43606269	0	1	1	0	1	0	0	0	0	0	0	0	0	0	0	0	1	1	1	1	0	0	0	0	0	0	0	0	0	0	0	0	0	1	1	0	0	0	1	0	0	0	0	0	1	0	0	1	1	1	0	0	0	0	1	0	0	0	0	0	1	0	1	1	0	1	1	0	0	1	1	0	1	1	1	1	0	0	1	0	0	1	1	0	0	0	0	0	0	0	0	1	0	0	0	0	1	0	1	0	0	0	1	0	0	0	0	0	0	0	0	0	0	0	0	1	0	0	0	0	0	0	0	0	1	1	1	1	
43869435	0	0	0	0	1	-1	1	1	1	0	0	0	0	0	-1	0	0	0	-1	1	0	1	1	1	0	-1	0	0	0	-1	0	0	1	0	0	1	-1	0	0	0	0	0	0	1	0	-1	0	0	0	0	0	0	0	0	0	1	1	0	0	1	0	0	0	0	0	0	-1	0	1	0	-1	0	0	1	0	-1	0	0	0	0	1	0	0	0	-1	1	1	1	-1	1	-1	1	1	-1	1	1	1	0	-1	1	0	0	0	0	1	1	0	0	0	0	0	0	0	0	0	0	0	0	0	0	0	1	0	1	0	0	0	1	
43967735	-1	-1	1	0	0	-1	-1	-1	-1	0	0	1	1	-1	0	-1	-1	0	1	0	0	0	-1	0	0	0	0	0	-1	-1	-1	1	1	0	0	0	-1	1	-1	0	0	0	0	0	-1	0	1	1	-1	-1	-1	0	0	0	-1	1	-1	-1	0	0	0	0	-1	0	1	0	-1	1	0	-1	0	1	0	1	1	-1	1	-1	0	-1	0	-1	0	1	0	-1	1	-1	-1	0	0	-1	-1	-1	0	0	0	0	0	0	0	1	1	0	0	0	-1	1	1	0	-1	0	-1	0	1	-1	1	-1	1	0	1	1	0	1	1	0	0	0	
43857136	0	0	0	0	0	0	0	0	1	0	0	0	1	0	0	0	0	-1	0	0	0	0	0	0	0	0	0	0	0	0	0	0	0	0	1	-1	0	0	0	0	0	0	0	-1	0	0	0	0	0	0	0	0	0	0	0	0	0	0	0	0	0	0	0	0	0	0	0	0	0	0	0	0	0	0	0	0	0	1	0	0	0	0	-1	0	0	0	0	0	-1	0	0	0	0	0	0	0	0	0	0	0	0	0	0	0	0	0	0	0	1	0	0	0	0	0	0	0	0	0	0	0	1	0	0	0	0	0	0	0	
31613324	0	0	0	0	1	-1	-1	1	1	0	0	0	0	0	-1	0	0	0	1	1	0	-1	-1	1	0	1	0	0	0	1	0	0	1	0	0	-1	1	0	0	0	0	0	0	-1	0	1	0	0	0	0	0	0	0	0	0	-1	1	0	0	-1	0	0	0	0	0	0	1	0	1	0	1	0	0	1	0	-1	0	0	0	0	1	0	0	0	1	-1	1	1	-1	0	-1	1	1	1	1	1	1	1	1	1	0	0	0	0	1	1	0	0	0	0	0	0	0	0	0	0	0	-1	0	0	0	1	1	1	0	0	0	-1	
43650804	0	0	0	0	0	0	0	0	0	0	0	0	1	1	-1	-1	0	1	0	0	0	-1	1	0	0	0	0	0	0	0	-1	0	0	0	0	0	0	0	0	1	1	-1	0	0	0	0	0	0	0	0	0	0	0	0	0	-1	0	0	0	0	0	0	0	0	0	0	0	0	0	0	0	0	-1	1	0	-1	-1	0	0	1	0	0	0	0	0	-1	0	0	0	0	0	0	0	0	0	1	0	0	1	0	0	0	-1	0	0	0	0	-1	0	0	0	0	0	0	1	0	0	0	0	-1	0	-1	0	0	1	-1	0	0	
43679467	-1	0	1	0	0	0	0	1	0	0	0	0	0	0	1	0	0	0	0	0	1	0	0	0	0	0	-1	1	0	0	0	-1	0	1	0	0	0	1	0	0	0	0	1	0	-1	1	1	1	0	1	1	0	0	0	0	-1	0	1	0	0	0	0	0	0	-1	0	0	0	0	0	0	0	0	0	1	0	1	1	0	-1	0	0	0	0	1	0	0	0	0	0	0	-1	0	0	0	0	0	1	0	0	0	0	1	1	0	0	0	0	0	0	1	1	1	1	0	1	1	-1	1	0	0	0	0	0	0	0	-1	0	43679467	23	female	democrat	bachelor	single_living_with_parents	employee	white	Roman Catholic	yes	yes
18979155	0	0	0	0	0	0	0	0	0	0	0	0	0	0	0	0	-1	1	1	-1	0	0	0	0	0	0	0	0	0	0	0	0	0	0	0	0	0	0	0	0	0	0	0	0	1	0	0	0	0	0	0	0	0	0	0	0	0	0	0	0	0	0	0	-1	0	0	0	0	0	0	0	0	0	0	0	0	0	0	0	0	0	0	0	0	0	0	0	0	0	0	0	0	0	0	0	0	-1	0	0	0	0	0	0	0	0	0	0	0	0	0	0	0	0	0	0	1	0	0	0	0	0	0	0	0	0	0	0	0	18979155	26	female	none	high_school	single_living_with_parents	unemployedseeking_employment	white	Atheist / Agnostic	no	yes
34081916	0	0	0	1	0	0	0	1	0	0	0	0	0	0	0	0	0	0	0	0	0	0	0	0	0	0	0	-1	0	0	0	0	0	0	0	0	0	0	0	0	0	0	0	0	0	0	0	0	0	0	0	0	0	0	0	1	0	0	0	0	0	0	0	0	0	0	0	0	0	0	0	0	0	0	1	0	-1	0	0	0	0	0	0	0	1	0	0	0	0	0	0	0	0	0	0	0	0	0	0	0	0	0	0	1	0	0	0	0	0	0	0	0	0	0	0	0	0	0	0	0	0	0	0	0	0	0	0	0	
12366026	0	0	0	0	-1	0	0	0	0	-1	0	0	0	0	0	0	0	0	0	0	0	0	0	0	0	0	0	0	0	0	0	0	0	0	0	0	1	1	-1	-1	1	0	0	0	1	-1	0	0	0	0	1	-1	1	-1	-1	1	0	-1	0	0	-1	-1	1	1	0	0	0	0	-1	0	1	0	-1	0	1	0	0	-1	1	0	0	0	0	-1	0	-1	0	0	1	0	0	1	0	0	-1	0	0	0	0	0	1	1	1	0	0	0	1	0	0	1	0	0	0	-1	0	-1	0	0	0	0	0	0	0	0	1	0	0	0	12366026	23	female	democrat	master	single_living_alone	employee	white	Atheist / Agnostic	yes	yes
43046630	0	0	0	0	0	0	0	0	0	0	0	0	0	0	0	0	0	0	0	0	0	0	1	0	0	0	0	1	0	0	0	0	0	0	0	0	0	0	0	0	1	-1	0	0	0	0	0	0	0	0	0	0	0	0	0	0	0	0	0	0	0	0	0	0	0	0	0	0	0	0	0	0	1	1	0	1	0	0	0	1	0	0	0	0	0	0	0	1	0	0	0	0	0	0	0	0	0	0	0	0	0	0	0	0	0	0	0	1	0	0	0	0	0	0	-1	0	0	0	0	1	1	0	0	0	1	0	0	0	
35849301	0	0	0	0	0	0	0	0	0	0	0	0	0	0	0	0	-1	0	0	0	0	0	0	0	0	0	0	0	0	0	0	0	0	0	0	0	0	0	0	0	0	0	1	0	0	0	0	0	0	0	0	0	0	0	0	0	0	0	0	0	0	0	0	0	0	0	0	0	0	0	0	0	0	0	0	0	0	0	0	0	0	0	0	0	0	0	0	0	-1	0	0	0	0	0	0	0	0	0	0	0	0	0	0	0	0	0	0	0	0	0	0	0	0	0	0	0	0	0	0	-1	0	0	0	0	0	0	0	0	
43684066	0	-1	0	0	0	1	0	1	0	0	0	0	-1	0	0	-1	-1	0	0	1	0	1	-1	0	1	0	1	0	-1	-1	1	0	1	0	0	0	1	0	-1	1	0	-1	1	-1	0	-1	1	0	0	-1	0	0	1	0	0	0	0	-1	1	-1	-1	-1	-1	0	0	0	-1	0	0	-1	0	-1	0	0	0	0	0	0	0	0	1	1	1	0	0	0	1	0	-1	-1	-1	0	1	0	-1	0	0	0	1	-1	0	0	0	0	-1	-1	1	1	0	0	0	-1	-1	1	0	0	1	1	1	1	1	1	0	0	1	0	0	-1	
43947238	0	1	0	0	0	0	1	1	1	1	1	1	0	1	0	0	0	0	0	0	0	0	0	0	0	0	0	0	0	-1	0	0	0	0	0	0	0	0	0	0	0	1	0	0	0	-1	0	1	1	1	0	0	0	1	0	0	0	0	0	0	0	0	0	0	0	0	0	0	0	1	-1	0	0	0	0	0	0	0	0	0	0	0	0	0	0	0	0	0	0	0	0	0	0	1	0	0	0	0	0	0	0	0	0	0	0	0	1	0	0	0	0	0	0	0	0	0	0	0	0	-1	0	0	0	-1	0	0	0	0	
43840741	0	0	0	0	0	0	1	0	0	0	0	0	0	0	0	0	0	0	0	0	0	0	0	0	0	0	0	0	0	0	0	0	0	0	0	0	-1	0	0	0	0	0	0	0	0	0	0	0	0	0	0	1	0	0	0	0	0	0	0	0	0	0	0	0	0	0	0	0	0	0	0	0	0	0	0	0	0	0	0	0	0	0	0	0	0	0	0	0	0	0	0	0	0	0	0	0	0	0	0	0	0	0	0	0	0	-1	0	0	0	0	0	0	0	0	0	0	0	0	0	0	0	0	0	0	0	0	0	0	43840741	48	female	democrat	vocational_secondary_certification	single_living_with_partner	selfemployed	white	Roman Catholic	no	yes
43797734	0	0	0	0	0	0	0	0	1	1	1	1	0	1	0	1	-1	0	0	0	0	1	0	0	0	0	1	0	0	-1	1	0	1	0	0	0	0	0	0	0	0	0	1	0	0	0	1	1	-1	0	0	0	0	0	0	0	-1	0	0	0	0	0	0	0	0	0	0	0	0	-1	0	0	0	0	0	0	0	0	0	0	0	0	0	0	0	0	0	0	1	0	0	0	1	1	0	0	0	-1	-1	0	0	0	0	0	0	0	0	0	0	0	0	0	0	-1	0	0	1	0	-1	1	1	0	0	-1	0	0	0	0	
15004831	0	0	0	0	0	0	0	0	1	1	-1	1	-1	0	0	-1	-1	0	0	0	-1	-1	0	0	1	0	1	-1	-1	-1	0	0	0	1	0	0	0	0	-1	1	1	0	1	-1	0	0	1	0	1	-1	-1	-1	0	0	0	-1	0	-1	0	-1	-1	0	0	0	0	0	0	0	1	-1	0	0	-1	0	0	0	1	0	0	1	1	1	0	0	0	0	0	-1	-1	0	0	0	0	0	-1	0	0	0	1	0	0	0	-1	0	0	0	0	0	0	0	0	0	-1	0	-1	0	1	1	0	1	1	0	0	0	0	0	-1	0	
43948769	0	0	1	0	1	0	0	0	0	0	-1	0	1	1	-1	1	0	-1	0	1	0	0	0	0	0	0	0	0	0	0	0	0	1	1	1	1	0	0	-1	0	0	0	0	0	0	0	0	1	1	0	0	1	0	0	0	0	-1	1	1	-1	0	0	0	0	1	1	-1	1	0	0	1	0	1	-1	1	1	0	0	1	0	0	0	1	0	0	-1	0	0	0	0	-1	-1	1	0	0	1	0	1	0	0	0	0	1	0	0	0	0	0	0	0	0	0	0	0	0	0	1	0	0	0	0	-1	0	0	1	1	1	-1	
43858972	0	1	0	1	0	0	0	1	1	0	0	0	0	0	1	0	0	0	1	0	0	1	1	1	0	1	0	1	0	1	0	0	1	1	0	0	0	0	0	0	0	0	0	0	1	1	0	0	0	0	1	0	1	0	0	1	-1	0	0	0	0	0	0	0	1	0	-1	0	1	0	1	0	0	1	1	1	1	0	0	1	0	0	0	1	1	1	1	1	1	1	1	1	0	0	0	0	1	1	1	1	1	0	1	1	1	1	0	0	0	0	0	0	1	0	0	0	0	1	0	0	0	1	0	1	0	0	0	1	
43836952	0	0	1	0	1	1	1	0	0	0	1	0	0	0	0	0	0	0	0	0	-1	1	1	1	1	-1	1	1	0	0	0	1	0	0	0	0	-1	0	0	0	0	0	0	0	0	0	0	0	0	0	1	1	0	0	0	0	0	0	0	1	0	0	0	0	1	0	0	0	0	0	0	0	0	0	0	0	0	0	1	0	0	0	0	0	0	0	0	0	0	0	0	0	0	0	0	0	0	0	0	0	-1	0	0	0	1	1	0	0	-1	0	0	0	0	0	0	0	0	0	0	0	1	1	-1	1	0	0	0	0	
29738307	0	1	0	0	0	0	0	0	0	0	0	0	0	0	0	0	0	0	0	0	0	0	0	0	0	0	0	0	0	0	0	0	0	0	0	0	0	0	0	0	0	0	0	0	0	0	0	0	0	-1	0	0	0	0	0	0	0	0	0	0	0	0	0	0	0	0	0	0	0	-1	0	0	0	0	0	0	0	0	0	0	0	0	0	0	0	0	0	0	0	0	0	0	0	0	0	0	0	0	0	0	0	0	0	0	0	0	0	0	0	0	0	0	0	0	0	-1	0	0	0	0	0	0	0	0	0	0	0	0	29738307	21	female	democrat	some_college	single_living_with_parents	student	white	Atheist / Agnostic	yes	yes
30501721	-1	0	1	0	1	1	0	0	0	0	1	1	0	0	0	-1	-1	0	0	0	-1	0	1	1	-1	1	1	-1	1	0	-1	1	0	0	0	0	0	1	0	0	0	0	1	-1	0	0	1	0	1	-1	1	0	0	0	1	0	0	0	0	-1	0	0	-1	0	1	1	0	0	-1	-1	0	0	0	0	0	0	-1	0	1	0	1	1	0	0	1	0	0	0	1	0	0	0	0	1	0	1	0	0	1	0	1	-1	0	0	1	0	0	0	1	0	0	1	1	-1	0	0	0	0	1	1	1	0	0	0	0	0	0	0	30501721	32	female	none	vocational_secondary_certification	single_living_with_partner	other:Homemaker	white	other:Christian/Southern Baptist	yes	yes
43642386	0	0	0	-1	0	0	0	0	1	0	0	0	0	0	-1	0	-1	1	-1	1	0	1	1	1	0	1	0	-1	-1	-1	-1	1	1	1	0	0	0	0	0	0	0	0	0	0	1	-1	0	0	0	0	0	0	1	0	0	0	0	0	0	0	0	0	0	-1	0	0	0	0	-1	0	1	-1	0	0	0	-1	-1	0	0	1	0	0	0	-1	0	0	0	-1	0	1	-1	0	0	0	0	0	1	-1	1	1	1	0	0	-1	1	-1	0	0	1	-1	-1	1	0	0	0	-1	0	-1	0	0	0	1	1	-1	0	0	0	-1	43642386	34	male	democrat	bachelor	married	selfemployed	hispanic_american	Protestant	yes	yes
10959404	0	0	0	0	0	0	0	0	0	0	0	0	0	0	0	0	0	0	0	0	0	0	0	0	0	0	0	0	0	0	0	0	0	0	0	0	0	0	0	0	0	0	0	0	0	0	0	0	0	0	0	0	0	0	0	0	0	0	0	0	0	0	0	0	0	0	0	0	0	0	0	0	1	-1	1	-1	0	0	0	0	0	0	0	0	0	0	0	0	0	0	0	0	0	0	0	0	0	0	0	0	0	0	0	0	0	0	0	0	0	0	0	0	0	0	0	0	0	0	0	0	0	0	0	0	1	-1	1	-1	
43641877	1	1	0	0	1	0	0	0	0	0	0	0	1	0	0	1	1	0	1	0	0	0	0	0	0	0	0	1	0	1	0	0	0	0	-1	0	1	1	1	1	1	0	0	0	1	1	0	0	0	0	0	0	1	1	0	0	0	0	0	0	1	1	0	1	1	0	-1	1	0	1	1	1	0	1	0	0	1	1	1	1	0	1	0	0	0	0	1	1	1	0	0	1	1	0	1	0	0	0	0	0	1	1	1	1	0	0	0	0	0	0	0	1	1	0	0	0	1	1	1	1	1	1	0	1	0	0	1	0	
43584008	0	0	0	0	0	0	0	0	0	0	0	0	0	0	-1	0	0	0	0	0	0	0	1	0	0	0	0	0	0	0	0	0	0	0	0	0	0	0	0	0	0	0	0	0	0	0	0	0	0	0	0	0	0	0	0	0	0	0	0	0	0	0	0	0	0	0	0	0	1	0	0	0	0	0	0	0	0	0	0	0	0	0	0	0	0	0	0	0	0	0	0	0	0	0	0	0	1	-1	1	1	0	0	0	0	0	0	0	0	0	0	0	0	0	0	0	0	0	-1	0	0	0	0	0	0	0	0	0	0	43584008	29	female	democrat	master	single_living_with_partner	student	white	Atheist / Agnostic	yes	yes
43851278	0	0	0	0	1	1	1	1	1	0	0	0	0	0	-1	0	0	0	1	1	0	1	1	-1	0	1	0	0	0	-1	0	0	1	0	0	1	1	0	0	0	0	0	0	1	0	1	0	0	0	0	0	0	0	0	0	1	1	0	0	1	0	0	0	0	0	0	1	0	1	0	-1	0	0	-1	0	1	0	0	0	0	1	0	0	0	1	1	1	1	1	1	1	-1	1	-1	1	1	1	1	-1	1	0	0	0	0	1	1	0	0	0	0	0	0	0	0	0	0	0	1	0	0	0	-1	1	1	0	0	0	1	43851278	25	male	democrat	bachelor	single_living_with_parents	employee	black_or_african_american	Protestant	yes	yes
25358609	0	-1	0	-1	0	0	0	0	0	0	0	0	0	0	-1	0	0	0	0	0	0	0	0	0	0	0	0	0	0	0	0	0	0	0	0	0	0	0	0	0	0	0	0	0	0	0	0	0	0	0	1	0	0	0	0	0	0	0	0	0	0	0	0	0	1	0	0	0	0	0	0	0	0	0	0	0	0	0	0	0	0	0	0	0	0	0	0	0	0	0	0	0	0	0	0	0	0	0	0	0	0	0	-1	0	0	0	0	0	0	0	0	0	1	0	0	0	0	-1	0	0	0	0	0	0	0	0	0	0	25358609	47	female	democrat	bachelor	single_living_alone	unemployedseeking_employment	asien	Buddhist	yes	yes
39531214	-1	0	1	0	0	0	-1	0	1	0	0	1	1	0	0	1	-1	1	0	0	0	0	0	0	0	1	1	-1	1	0	0	0	0	0	1	1	-1	-1	0	0	0	0	0	1	0	0	0	0	1	0	0	-1	0	1	1	0	0	0	1	-1	0	0	1	1	-1	1	0	-1	-1	1	0	0	0	0	0	0	-1	1	0	0	0	1	1	0	1	0	0	0	1	-1	0	0	0	0	0	1	-1	0	0	0	-1	1	0	0	-1	-1	0	0	1	0	0	1	-1	-1	0	0	-1	0	1	0	1	1	1	1	0	-1	0	0	
27947324	0	0	0	1	0	1	0	0	0	-1	0	-1	0	0	0	0	0	0	-1	0	0	0	0	-1	0	1	0	-1	1	0	1	1	1	1	0	0	0	0	0	0	0	0	0	0	1	0	1	0	0	0	0	0	1	0	-1	0	-1	0	1	0	0	0	0	0	0	0	0	0	0	0	0	-1	1	0	0	-1	-1	0	0	1	0	0	0	-1	0	0	1	0	0	0	-1	0	1	1	-1	1	1	0	0	1	1	-1	0	-1	0	-1	0	0	0	-1	0	0	0	-1	-1	0	0	0	0	0	0	0	0	0	0	0	0	0	27947324	40	male	democrat	bachelor	married	employee	hispanic_american	Roman Catholic	yes	yes
8921119	0	0	0	0	0	0	0	0	0	0	0	0	1	1	-1	-1	0	1	0	0	0	0	0	0	0	0	0	0	0	0	0	0	-1	-1	1	-1	1	0	0	0	1	1	-1	-1	0	0	0	1	0	0	0	1	0	0	0	0	1	-1	1	-1	-1	1	0	0	1	1	1	1	0	0	1	0	1	-1	1	-1	0	0	1	0	1	0	-1	0	0	-1	1	0	0	0	1	-1	0	0	0	1	0	0	1	0	0	0	-1	0	1	-1	1	1	0	0	0	0	0	0	0	0	0	0	0	0	0	-1	0	0	1	-1	1	1	
39513281	0	0	0	0	0	0	0	0	0	0	0	0	0	0	0	0	1	0	0	0	0	0	0	0	0	0	0	0	0	0	0	0	0	0	0	0	0	0	0	0	0	0	0	0	0	0	0	0	0	0	0	0	0	0	0	0	0	0	1	0	0	0	0	0	0	0	0	0	0	0	0	0	0	0	0	0	0	0	0	0	0	0	0	0	0	0	0	0	0	0	0	0	0	0	0	0	0	0	0	0	0	0	0	0	0	0	0	0	0	0	0	0	0	0	0	0	0	0	-1	0	0	0	0	0	0	-1	0	0	
42864658	0	0	0	0	0	0	0	0	0	0	0	0	0	0	0	0	0	0	0	0	0	0	0	0	0	0	0	0	0	0	0	0	0	-1	0	0	0	0	0	0	0	0	0	0	0	0	0	0	0	0	0	0	1	0	0	0	0	0	0	0	0	0	0	0	0	0	0	0	0	0	0	0	0	0	0	0	0	0	0	0	0	0	0	0	0	0	0	0	0	0	-1	0	0	0	0	0	0	0	0	0	1	0	0	0	0	0	0	0	0	0	0	0	0	0	0	0	0	0	0	0	0	0	0	0	0	0	0	0	42864658	38	male	democrat	some_college	married	employee	white	Protestant	yes	yes
35330747	-1	0	1	1	1	0	-1	0	0	1	0	0	0	0	0	0	0	0	0	1	-1	0	0	0	0	0	0	0	0	0	0	0	0	1	0	0	0	0	-1	0	0	1	0	0	0	0	0	0	-1	0	1	-1	1	1	1	-1	0	-1	0	0	0	0	0	0	0	1	-1	0	0	0	0	1	1	1	1	-1	0	-1	0	0	0	0	-1	0	0	-1	0	0	0	0	0	0	1	0	-1	0	0	0	1	0	1	-1	-1	-1	0	0	0	1	0	1	-1	0	0	0	0	0	0	0	0	0	0	0	-1	0	1	-1	1	1	35330747	22	female	none	some_college	single_living_with_parents	employee	white	Atheist / Agnostic	no	yes
33266010	1	1	1	1	0	0	0	0	0	0	0	0	0	0	1	0	0	0	0	0	1	0	0	0	0	1	1	0	0	0	0	-1	0	-1	0	0	0	1	0	0	0	0	-1	0	1	1	-1	1	0	-1	0	0	0	0	0	0	0	1	0	0	0	0	0	0	0	0	0	0	0	0	0	1	0	0	0	0	0	1	0	1	0	0	0	0	0	0	0	1	0	0	0	1	0	0	0	0	1	1	0	1	0	0	0	0	1	0	0	0	0	0	-1	1	1	-1	0	1	1	0	1	0	0	0	0	0	0	0	1	1	
43904063	0	0	0	0	0	0	-1	-1	1	1	0	1	0	-1	0	0	0	0	0	0	0	0	0	0	0	0	0	0	0	1	0	0	0	0	0	0	0	0	0	0	0	1	0	0	0	1	0	-1	1	0	0	0	0	-1	0	0	0	0	0	0	0	0	0	0	0	0	0	0	0	0	1	0	0	0	0	0	0	0	0	0	0	0	0	0	0	0	0	0	0	0	0	0	-1	-1	0	0	0	1	0	0	0	0	0	0	0	0	1	0	0	0	0	0	0	0	0	-1	-1	0	0	1	0	0	0	-1	0	0	0	0	
37292698	0	0	0	0	0	0	-1	0	1	0	0	1	1	1	-1	1	0	0	0	0	-1	0	0	0	0	0	0	0	0	0	0	0	0	0	0	1	-1	0	0	0	0	-1	0	0	0	0	-1	0	0	0	0	0	0	0	0	1	0	0	0	0	0	0	0	0	0	1	0	0	0	0	0	0	0	0	0	0	0	0	0	0	1	0	0	0	0	-1	0	-1	0	0	0	0	1	0	0	1	0	0	1	0	0	0	0	0	0	0	0	-1	0	0	-1	0	0	0	0	0	0	0	0	0	0	0	0	0	0	1	0	0	
34093227	0	0	0	0	0	0	0	0	1	0	0	-1	0	1	0	0	0	-1	0	0	0	0	0	0	0	0	0	0	0	0	0	0	0	0	0	-1	0	0	0	0	0	0	0	0	0	0	0	0	0	0	0	-1	0	0	0	0	0	0	0	0	0	0	0	0	0	0	0	0	0	0	0	0	0	0	0	0	0	0	0	0	0	0	0	0	0	0	0	0	0	0	-1	0	0	0	0	0	0	0	0	0	0	0	0	0	0	0	0	0	0	0	-1	0	0	0	0	0	0	0	0	0	0	0	0	0	0	0	0	0	
18666417	0	0	0	0	0	0	0	0	1	0	0	0	1	1	-1	1	0	-1	0	-1	0	0	0	0	0	0	0	0	0	0	0	0	0	0	1	1	0	0	0	0	0	0	0	1	0	1	0	0	0	0	0	0	0	0	0	0	-1	0	0	0	0	0	1	0	0	0	0	0	0	0	1	0	0	-1	1	0	0	-1	0	0	0	0	-1	0	0	-1	0	0	1	0	0	0	0	0	0	-1	0	0	-1	0	0	0	-1	0	0	0	1	0	1	0	0	0	0	0	0	-1	0	0	0	0	1	1	0	0	0	1	1	0	18666417	57	female	democrat	some_college	single_living_alone	retired	white	Roman Catholic	no	yes
43994669	0	0	0	0	0	0	0	0	-1	0	0	1	1	1	1	1	0	0	0	0	0	0	0	0	0	0	0	0	0	0	0	0	1	-1	1	0	0	0	1	0	0	0	0	0	0	0	1	0	0	0	0	1	0	0	0	0	1	1	-1	1	0	0	0	0	-1	1	1	0	0	0	0	0	0	0	0	0	0	0	0	0	0	0	0	0	0	1	0	1	0	0	1	0	0	0	0	1	0	0	-1	0	0	0	-1	0	0	0	1	1	0	0	1	0	0	0	0	0	0	0	0	0	0	-1	0	0	0	0	0	0	43994669	24	male	none	associate_degree	single_living_with_partner	selfemployed	white	Atheist / Agnostic	yes	yes
43989034	1	0	1	0	0	1	1	-1	0	0	0	1	0	0	0	1	-1	0	0	0	0	1	1	0	0	1	1	-1	-1	0	-1	1	0	0	0	0	0	1	0	1	0	1	1	1	0	0	1	0	-1	-1	-1	0	0	1	1	0	0	0	0	-1	0	0	-1	0	1	1	0	0	1	-1	0	0	0	1	0	-1	-1	0	0	0	1	1	0	0	1	0	0	-1	1	0	0	0	0	1	0	1	0	0	-1	0	1	-1	0	0	1	0	0	1	1	0	0	1	1	1	0	0	0	0	-1	1	1	0	0	0	1	0	0	0	
43907115	0	-1	0	0	1	1	1	1	0	0	0	0	0	0	0	0	0	0	0	1	0	0	0	0	0	0	0	0	0	0	0	0	0	0	0	0	0	0	0	0	0	0	0	1	0	0	0	0	0	-1	0	0	0	0	0	0	0	0	0	-1	0	0	0	0	0	0	0	0	0	1	0	0	0	0	0	0	0	0	0	0	0	0	0	0	0	0	0	0	0	0	0	0	0	0	0	0	0	0	0	0	0	0	0	0	0	0	0	0	0	0	0	0	0	0	0	-1	0	-1	0	0	0	0	0	0	0	0	0	0	43907115	21	male	democrat	high_school	married	student	american_indian_or_alaska_native	Muslim	yes	yes
43942953	0	1	1	0	1	0	0	0	0	0	0	0	0	0	0	0	1	1	1	1	0	0	0	0	0	0	0	0	0	0	0	0	1	1	1	1	0	0	1	0	0	0	0	0	1	0	0	1	1	1	0	0	0	0	1	0	1	1	1	-1	1	0	1	1	1	0	0	1	0	1	1	0	1	1	1	1	0	0	1	0	0	1	1	0	0	0	0	0	0	0	0	1	0	0	0	0	1	0	1	0	0	0	1	0	0	0	0	0	0	0	0	0	0	0	0	1	0	0	0	0	0	1	0	0	1	1	1	1	
38198526	1	0	1	1	0	0	0	0	0	0	0	0	0	0	-1	0	-1	1	1	-1	0	0	0	0	0	1	1	0	0	0	0	0	1	-1	1	1	0	1	0	0	0	0	0	0	1	0	0	1	0	-1	0	0	0	0	0	0	1	1	1	1	0	0	0	-1	1	1	1	-1	0	-1	1	1	1	-1	1	-1	0	-1	1	0	0	0	0	0	0	0	0	1	0	0	0	1	0	0	0	0	1	0	0	1	0	0	0	0	1	0	0	0	0	0	0	0	0	0	0	1	0	0	0	0	0	0	0	0	1	1	1	1	38198526	49	male	democrat	some_college	single_living_with_partner	selfemployed	white	Atheist / Agnostic	no	yes
29571331	-1	0	1	0	-1	-1	0	0	0	0	-1	-1	0	0	0	-1	0	0	0	0	0	0	0	0	1	-1	0	-1	-1	0	0	1	0	0	0	0	0	-1	0	0	0	0	0	-1	0	0	1	0	1	-1	1	0	0	0	-1	0	0	0	0	-1	0	0	-1	0	-1	1	0	0	-1	-1	0	0	0	0	0	0	-1	0	-1	0	1	1	0	0	1	0	0	0	0	0	0	0	0	0	0	1	0	0	0	0	0	1	0	0	-1	0	0	0	1	0	0	1	1	1	0	0	0	0	0	0	0	0	0	0	0	0	0	0	29571331	21	male	democrat	high_school	single_living_with_parents	unemployedseeking_employment	black_or_african_american	Roman Catholic	no	yes
43884123	0	0	1	0	1	1	0	0	0	-1	0	1	0	0	1	0	0	0	0	0	1	1	-1	1	1	-1	1	0	1	-1	-1	1	0	-1	1	0	0	0	-1	0	-1	0	0	0	1	0	0	-1	1	0	1	1	1	0	0	-1	1	1	1	0	0	1	0	0	0	-1	-1	0	1	1	-1	-1	1	-1	0	0	0	-1	1	0	1	0	0	-1	0	-1	0	1	0	0	0	1	0	0	0	-1	0	0	1	0	1	0	1	-1	-1	-1	1	0	1	0	-1	1	0	1	0	0	0	0	0	0	1	1	-1	-1	1	0	1	1	
13581319	1	0	0	0	0	0	0	1	0	1	0	1	0	0	0	0	-1	0	1	-1	0	0	1	1	-1	1	0	0	1	0	0	1	0	0	0	0	-1	1	1	0	1	1	-1	1	0	0	0	0	1	0	-1	0	0	0	1	0	1	1	1	-1	-1	1	1	0	1	1	0	0	0	0	0	-1	0	0	1	-1	0	0	1	0	1	1	-1	-1	-1	0	-1	0	0	0	-1	0	0	-1	0	1	0	0	0	0	1	1	0	1	1	-1	1	-1	1	1	0	1	0	-1	1	0	0	0	-1	0	0	0	0	0	0	1	0	-1	
43984981	0	1	1	0	0	0	0	0	0	0	0	0	0	0	0	0	-1	0	-1	0	0	-1	0	0	0	0	0	0	0	0	1	0	0	0	0	0	0	0	0	0	1	0	0	0	0	1	0	0	0	0	0	0	1	1	0	-1	0	0	0	0	0	0	0	1	-1	0	-1	-1	0	0	1	0	-1	0	0	0	-1	-1	1	1	0	1	0	0	0	0	1	0	0	-1	0	0	1	0	-1	1	1	0	0	0	0	0	0	0	0	0	1	0	0	0	0	-1	0	0	-1	-1	0	-1	-1	1	0	0	0	-1	0	0	0	0	
40407716	0	0	0	0	0	0	0	0	0	0	0	0	0	0	0	0	0	0	0	0	0	0	0	0	0	0	0	0	0	0	0	0	1	0	0	0	0	0	0	0	0	0	0	0	1	0	0	0	0	0	0	0	0	0	0	0	0	0	0	0	0	0	0	0	0	0	0	0	0	0	0	0	0	0	0	0	0	0	0	1	0	0	0	-1	0	0	0	0	0	0	0	0	0	0	0	0	0	0	0	0	0	0	0	0	0	0	0	0	0	0	0	0	0	0	0	0	0	0	0	0	0	0	0	0	0	0	0	0	
34824899	0	0	0	0	0	0	0	0	0	0	0	0	0	0	0	0	0	0	0	0	0	0	0	0	0	0	0	0	0	0	0	0	0	1	0	0	0	0	0	0	0	0	0	0	0	0	0	0	0	0	0	0	1	0	0	0	0	0	0	0	0	0	0	0	0	0	0	0	0	0	0	0	0	0	0	0	0	0	0	0	0	0	0	0	0	0	0	0	0	0	-1	0	0	0	0	0	0	0	0	0	1	0	0	0	0	0	0	0	0	0	0	0	0	0	0	0	0	0	0	0	0	0	0	0	0	0	0	0	34824899	41	female	independent	master	single_living_alone	employee	white	Protestant	no	yes
43936844	1	0	0	0	0	-1	0	1	0	1	0	1	0	0	0	0	0	0	0	0	0	0	1	0	0	0	0	0	-1	1	1	1	1	-1	1	1	0	0	1	0	0	0	0	0	0	0	0	0	0	0	1	0	1	1	0	1	1	0	1	-1	-1	0	1	-1	1	1	1	-1	-1	1	1	-1	1	0	1	0	0	0	-1	0	1	1	-1	-1	0	-1	0	0	0	0	1	0	0	0	1	0	0	0	0	0	0	1	0	0	1	0	-1	1	1	1	-1	1	0	-1	0	0	0	0	0	0	0	0	0	0	1	0	0	0	
43936834	0	0	0	-1	0	-1	0	0	0	0	0	1	0	0	-1	0	0	0	0	0	0	0	0	0	0	1	0	-1	-1	-1	0	1	1	1	0	0	0	0	0	0	0	0	1	0	1	0	0	0	0	0	0	0	1	0	-1	0	0	0	1	0	0	0	0	0	0	0	0	-1	0	0	0	-1	-1	1	0	0	-1	0	0	1	1	1	1	-1	1	0	0	-1	0	-1	-1	0	0	0	0	0	1	0	0	1	-1	-1	0	-1	0	-1	0	0	1	1	-1	1	0	0	0	0	1	0	0	0	1	1	-1	-1	1	0	0	-1	43936834	29	male	democrat	some_college	married	employee	hispanic_american	Roman Catholic	yes	no
13900808	0	0	0	0	0	0	0	0	0	0	0	0	0	0	0	0	0	0	0	0	0	0	0	0	0	1	0	0	0	0	0	0	0	0	0	0	0	0	0	0	0	0	0	0	0	0	0	0	0	0	0	0	0	0	0	0	0	0	0	0	0	0	0	0	0	0	0	0	0	0	0	-1	0	0	0	0	0	0	0	0	0	0	0	0	0	0	0	0	0	0	0	0	0	0	0	0	1	0	0	1	0	0	0	0	0	0	0	0	0	0	0	0	0	0	0	0	0	0	0	0	0	0	0	0	0	0	0	0	
12115558	0	0	0	1	0	1	-1	0	1	0	0	1	0	0	-1	-1	0	1	0	0	-1	0	0	0	1	0	1	0	-1	0	0	0	0	0	0	-1	0	0	-1	1	0	1	-1	0	0	0	1	0	0	0	0	1	1	0	0	0	0	0	0	0	0	0	0	0	0	-1	0	-1	-1	-1	-1	-1	0	0	0	0	-1	-1	1	1	0	0	0	0	0	-1	0	-1	0	1	-1	0	1	0	0	1	0	0	1	1	1	-1	-1	-1	0	0	-1	1	0	0	-1	0	1	0	0	0	0	0	0	0	0	-1	1	0	1	-1	0	0	12115558	64	female	democrat	bachelor	married	retired	white	Roman Catholic	yes	yes
43866745	0	-1	0	-1	0	1	0	-1	1	0	0	0	1	0	-1	0	0	-1	0	0	0	0	0	0	1	0	1	0	-1	0	0	0	0	0	-1	-1	0	0	0	0	0	0	1	-1	0	0	0	0	0	0	1	0	0	0	0	-1	0	0	0	0	0	0	0	0	-1	0	0	0	0	0	0	0	0	0	1	0	0	-1	0	0	0	0	1	0	1	0	0	0	-1	-1	0	0	0	0	0	0	0	0	0	1	0	0	-1	0	0	0	0	0	1	0	0	0	-1	0	0	0	0	-1	0	0	1	0	0	0	1	0	0	0	43866745	43	female	none	associate_degree	married	employee	white	Protestant	yes	yes
43954811	0	0	0	0	0	0	0	0	0	0	0	0	0	0	0	0	0	0	0	0	0	0	0	0	0	0	0	0	0	0	0	0	0	0	0	0	0	0	0	0	0	0	0	0	0	0	0	0	0	0	0	0	0	0	0	0	0	0	0	0	0	0	0	0	0	0	0	1	0	0	0	0	0	0	0	0	0	0	0	0	0	0	0	0	0	0	0	0	0	-1	0	0	0	0	0	0	1	0	0	0	0	0	0	0	0	0	0	0	0	0	0	0	0	0	0	0	1	0	0	0	0	0	0	0	0	0	0	0	
43992695	0	0	0	0	0	0	0	0	0	0	0	0	0	0	0	0	0	0	0	0	0	0	0	0	0	0	0	0	0	0	0	0	0	0	0	0	0	0	0	0	0	0	0	0	0	0	0	0	0	0	0	0	0	0	0	0	0	0	0	0	0	0	0	0	0	0	0	0	0	0	0	0	0	0	0	0	0	0	0	0	1	1	1	-1	0	0	0	0	0	0	0	0	0	0	0	0	0	0	0	0	0	0	0	0	0	0	0	0	0	0	0	0	0	0	0	0	0	0	0	0	0	0	0	0	0	0	0	0	
43806326	0	0	0	0	1	1	-1	1	1	0	0	0	0	0	1	0	0	0	1	1	0	-1	1	1	0	1	0	0	0	1	0	0	1	0	0	1	-1	0	0	0	0	0	0	1	0	1	0	0	0	0	0	0	0	0	0	1	1	0	0	1	0	0	0	0	0	0	1	0	1	0	1	0	0	-1	0	1	0	0	0	0	1	0	0	0	1	1	1	-1	1	1	1	-1	-1	1	1	1	-1	0	1	0	0	0	0	0	1	1	0	0	0	0	0	0	0	0	0	0	0	-1	0	0	0	1	0	1	0	0	0	1	43806326	26	male	democrat	bachelor	single_living_with_parents	employee	white	Protestant	yes	yes
43986037	0	0	0	0	0	0	0	0	0	0	0	0	0	0	0	0	0	0	0	0	0	0	0	0	0	0	0	0	0	0	0	0	1	0	0	0	0	0	0	0	0	0	0	0	0	0	1	1	0	0	0	0	0	0	0	0	-1	0	0	0	0	0	0	0	0	0	0	0	0	0	1	0	0	0	0	0	0	0	1	0	0	0	0	0	0	0	0	0	0	0	0	-1	0	0	0	0	0	0	0	0	0	0	0	0	0	0	0	0	0	0	0	0	0	-1	0	0	0	0	0	0	0	0	0	0	0	0	0	0	43986037	55	female	republican	some_college	married	selfemployed	white	Protestant	yes	yes
43498598	0	-1	1	1	-1	0	0	1	0	1	0	0	-1	0	0	1	-1	0	-1	0	0	1	0	1	0	0	1	-1	1	0	0	0	0	0	1	0	1	-1	1	0	1	1	0	0	1	1	0	1	0	0	1	1	1	-1	-1	1	0	1	1	0	1	0	1	0	1	0	1	1	1	-1	1	0	0	0	1	1	1	1	0	1	0	1	1	1	0	1	0	1	1	0	1	1	1	0	0	0	0	0	0	0	1	1	-1	0	1	1	-1	1	0	0	0	1	-1	1	0	0	1	-1	1	1	1	1	0	1	0	0	1	0	
37799090	0	0	0	1	0	0	-1	0	1	0	0	1	1	1	-1	-1	0	-1	0	0	-1	0	0	0	0	0	0	0	0	0	0	0	1	-1	1	-1	0	0	-1	0	0	-1	0	0	0	0	1	0	0	0	0	0	0	0	0	0	-1	-1	1	-1	0	0	0	0	1	1	-1	-1	0	0	0	-1	0	0	0	0	0	0	0	0	0	0	0	0	0	-1	0	-1	0	0	0	0	1	0	0	0	0	0	0	0	0	0	-1	0	0	0	-1	1	0	0	-1	0	0	0	0	0	0	0	0	0	0	1	-1	0	0	-1	0	0	37799090	24	female	independent	high_school	single_living_with_partner	unemployedseeking_employment	white	Buddhist	no	yes
38858920	0	0	0	0	0	0	0	0	0	0	0	0	0	0	0	0	0	0	0	0	0	0	0	0	-1	1	1	-1	0	0	0	0	0	0	0	0	0	0	0	0	0	0	0	0	0	0	0	0	0	0	0	0	0	0	0	0	0	0	0	0	0	0	0	0	0	0	0	1	0	0	0	0	0	0	0	0	0	0	0	0	0	0	0	0	1	-1	1	-1	-1	-1	-1	1	0	0	0	0	1	0	0	0	0	0	0	0	0	0	0	0	0	0	0	0	0	0	0	0	1	0	0	0	0	0	0	0	0	0	0	0	38858920	41	female	republican	doc	single_living_alone	unemployedseeking_employment	white	Roman Catholic	yes	yes
34554100	-1	0	1	0	1	1	0	0	0	0	1	1	0	0	0	-1	-1	0	0	0	0	-1	0	0	-1	1	1	-1	-1	0	-1	1	0	0	0	0	0	1	0	0	0	0	1	-1	0	0	1	0	1	-1	1	0	0	0	1	0	0	0	0	-1	0	0	-1	0	1	1	0	0	-1	1	0	0	0	0	0	0	-1	0	1	0	1	1	0	0	1	0	0	0	1	0	0	0	0	1	0	1	0	0	1	0	1	-1	0	0	-1	0	0	0	1	0	0	1	1	-1	0	0	0	0	-1	1	-1	0	0	0	0	0	0	0	34554100	30	female	independent	high_school	single_living_with_partner	selfemployed	white	other:baptist	no	yes
43944033	0	0	0	1	0	0	1	0	0	0	0	0	0	0	0	0	0	0	0	0	1	0	0	0	1	-1	-1	-1	0	0	0	0	0	0	0	0	-1	0	0	0	0	1	0	0	0	0	0	0	0	0	0	1	0	0	0	0	0	0	0	0	0	0	0	0	0	1	0	1	0	0	0	1	0	0	0	0	0	0	0	0	0	0	0	0	0	1	0	0	0	1	0	0	-1	0	0	0	1	0	0	0	0	0	0	0	0	1	0	1	0	0	1	0	0	0	0	0	1	0	0	0	-1	1	0	1	0	0	0	0	
43876255	0	0	0	1	0	0	-1	0	0	0	0	0	0	0	0	0	0	0	0	0	1	0	0	0	0	0	0	0	0	0	0	0	0	0	0	0	0	0	0	0	0	-1	0	0	0	0	0	0	0	0	0	0	0	0	0	0	0	0	0	0	0	0	0	0	0	-1	0	0	0	0	0	-1	0	0	0	0	0	0	0	0	0	0	0	0	0	-1	0	0	0	0	0	0	1	0	0	0	0	0	0	0	0	0	0	0	0	0	0	1	0	0	-1	0	0	0	0	0	0	0	0	0	0	0	-1	0	0	0	0	0	43876255	27	male	independent	associate_degree	married	employee	white	Protestant	no	yes
43811734	-1	0	1	0	0	1	0	0	0	0	0	-1	0	0	0	-1	-1	0	0	0	0	-1	0	0	1	1	1	-1	1	0	1	1	0	0	0	0	0	1	0	0	0	0	1	-1	0	0	-1	0	1	-1	1	0	0	0	1	0	0	0	0	-1	0	0	-1	0	-1	1	0	0	1	-1	0	0	0	0	0	0	1	0	0	0	1	1	0	0	1	0	0	0	-1	0	0	0	0	1	0	1	0	0	1	0	1	-1	0	0	-1	0	0	0	1	0	0	1	-1	1	0	0	0	0	-1	1	1	0	0	0	0	0	0	0	
43393412	0	0	0	0	0	1	0	0	0	0	0	-1	0	0	0	0	0	0	0	0	0	0	0	0	0	0	0	0	-1	-1	1	1	0	0	0	0	0	0	0	0	0	0	0	0	0	0	0	0	0	0	0	0	0	0	1	0	0	0	1	0	0	0	0	0	0	0	0	0	0	0	0	0	1	0	0	0	0	0	0	0	1	1	1	-1	0	0	0	0	0	0	0	0	0	0	0	0	0	0	0	0	0	-1	0	0	0	-1	0	0	1	-1	1	-1	0	0	0	0	0	0	0	0	0	0	0	0	0	0	0	0	
43916681	0	-1	1	0	1	1	0	0	0	0	0	1	0	0	1	0	-1	-1	1	0	0	0	0	0	0	0	0	0	1	1	0	-1	0	1	1	0	0	0	1	0	0	0	0	0	-1	0	0	0	1	1	0	0	0	0	0	0	0	0	1	0	1	0	1	-1	0	1	1	0	0	1	0	0	-1	-1	-1	0	0	0	0	0	1	0	1	-1	0	0	0	1	0	0	0	0	0	0	0	0	-1	0	1	0	0	1	1	0	1	-1	0	0	1	-1	1	1	0	0	0	0	0	0	0	0	0	0	0	0	0	0	0	1	43916681	24	male	none	associate_degree	single_living_with_parents	student	hispanic_american	Roman Catholic	yes	yes
43859850	0	0	0	0	0	0	0	0	0	0	0	0	0	0	0	0	0	0	0	0	0	-1	0	0	0	0	0	0	0	0	0	0	0	0	0	0	0	0	0	0	0	0	0	0	0	0	0	0	0	0	0	0	0	0	0	0	0	0	0	0	0	0	0	0	0	0	0	0	0	0	-1	0	0	0	0	0	0	0	0	0	0	0	0	0	0	0	0	0	0	-1	0	0	0	0	0	0	0	0	0	0	0	0	0	0	0	-1	0	0	0	0	0	0	0	0	0	0	0	0	0	0	0	0	0	0	0	0	0	0	
31349958	-1	-1	0	0	1	1	0	1	1	1	-1	0	1	1	-1	-1	0	-1	0	1	1	0	1	0	0	1	0	1	0	0	1	0	1	0	1	1	-1	0	1	0	1	-1	0	1	1	0	0	-1	1	0	-1	0	1	1	1	0	-1	-1	1	-1	0	-1	1	-1	-1	0	0	1	0	-1	1	0	-1	-1	1	1	1	1	0	0	1	-1	-1	0	1	0	0	0	-1	1	0	1	0	0	1	1	0	0	1	0	0	-1	0	0	1	0	-1	-1	1	0	0	0	-1	-1	-1	0	1	0	0	1	1	0	-1	1	0	0	0	-1	31349958	37	female	republican	vocational_secondary_certification	single_living_alone	unemployedseeking_employment	white	Atheist / Agnostic	yes	yes
31585018	0	0	0	0	0	0	0	0	0	0	0	0	0	0	0	0	0	0	0	0	0	0	0	0	-1	-1	1	-1	0	0	0	0	0	0	0	0	0	0	0	0	0	0	0	0	0	0	0	0	0	0	0	0	0	0	0	0	0	0	0	0	0	0	0	0	0	0	0	-1	0	0	0	0	0	0	0	0	0	0	0	0	0	0	0	0	0	0	0	0	0	-1	0	0	0	0	0	0	1	0	0	0	0	0	0	0	0	0	0	0	0	0	0	0	0	0	0	0	1	0	0	0	-1	1	-1	-1	0	0	0	0	31585018	30	female	democrat	associate_degree	married	unemployedseeking_employment	white	Atheist / Agnostic	no	yes
43912578	0	0	1	1	0	0	1	0	0	0	0	0	0	0	0	0	-1	0	0	0	1	0	0	0	1	1	1	-1	0	0	0	0	0	0	0	0	-1	0	0	0	0	1	0	0	0	0	0	0	0	0	0	1	0	1	0	0	0	0	1	0	0	0	0	-1	0	-1	0	1	0	0	0	-1	0	0	0	0	0	0	0	0	0	0	0	0	0	-1	0	0	0	1	0	0	1	0	0	1	1	0	0	0	0	0	0	0	0	-1	0	1	0	0	1	0	0	0	0	0	1	0	1	0	1	1	-1	1	0	1	0	0	
43938234	1	0	0	0	0	0	0	1	0	0	0	0	0	0	0	1	0	0	0	0	0	0	1	0	1	1	0	0	-1	0	0	1	0	0	0	0	-1	1	-1	0	1	1	1	1	0	0	0	0	1	0	1	0	0	0	1	0	0	-1	0	1	1	-1	1	0	1	1	0	0	0	-1	0	1	0	0	0	0	0	0	0	0	1	1	0	0	1	0	-1	0	0	0	0	0	0	1	0	0	0	0	0	0	1	0	0	0	1	0	0	0	1	0	0	0	0	-1	0	0	0	0	0	0	0	0	0	0	0	0	0	-1	
43651516	0	0	0	0	0	0	0	0	0	0	0	0	-1	-1	0	0	0	0	0	0	1	0	0	0	0	0	0	0	0	0	0	1	0	-1	0	0	0	1	1	0	0	0	1	0	1	1	1	1	0	-1	0	0	0	0	0	0	0	-1	0	0	0	0	0	0	0	0	0	-1	0	0	0	0	1	-1	1	-1	0	0	0	1	0	0	0	0	0	0	0	-1	0	0	0	1	0	0	0	0	0	1	0	0	0	0	0	0	0	0	1	1	0	0	1	1	1	-1	1	1	1	0	-1	0	0	0	0	0	1	1	1	-1	
43959216	0	0	0	0	1	-1	1	1	-1	0	0	0	0	0	-1	0	0	0	1	1	0	1	1	-1	0	-1	0	0	0	-1	0	0	1	0	0	1	1	0	0	0	0	0	0	-1	0	-1	0	0	0	0	0	0	0	0	0	-1	1	0	0	1	0	0	0	0	0	0	1	0	-1	0	-1	0	0	1	0	1	0	0	0	0	-1	0	0	0	1	-1	-1	1	1	-1	1	1	1	1	-1	1	1	0	1	0	0	0	0	0	1	-1	0	0	0	0	0	0	0	0	0	0	0	0	0	0	0	1	0	1	0	0	0	-1	
41127744	0	0	1	0	1	0	0	0	0	0	0	0	0	1	0	0	0	-1	0	1	0	0	0	0	0	0	0	0	0	0	0	0	0	-1	0	0	0	0	-1	0	0	0	0	0	0	0	0	1	1	0	0	1	0	0	0	0	0	0	0	0	0	0	0	0	0	-1	-1	0	0	0	1	0	1	1	-1	-1	0	0	1	0	0	0	1	0	0	0	0	0	0	0	1	-1	0	0	0	0	0	0	-1	0	0	0	1	0	0	0	0	0	0	0	0	0	0	0	0	0	0	0	0	0	0	0	0	0	1	1	1	-1	
43842980	1	0	1	0	1	1	0	0	0	0	1	1	0	0	0	1	0	0	0	0	0	0	0	0	1	1	0	-1	1	0	0	1	0	0	0	0	0	1	0	0	0	0	0	1	0	0	1	0	1	1	1	0	0	1	1	0	0	0	1	0	0	1	1	1	1	1	0	0	1	1	0	0	0	0	0	0	1	0	1	0	1	1	1	0	1	0	0	0	0	0	-1	0	1	0	0	1	0	-1	0	0	1	-1	0	0	1	-1	1	1	1	0	0	1	1	1	0	0	1	0	0	0	0	0	0	0	0	0	0	0	
6363996	0	0	0	0	0	0	1	0	0	0	0	0	0	0	0	0	-1	0	0	0	0	0	0	0	0	0	0	0	0	0	0	0	0	0	0	0	-1	0	0	0	0	0	0	0	0	0	0	0	0	0	0	1	0	0	0	0	0	0	1	0	0	0	0	0	0	0	0	0	0	0	0	0	0	0	0	0	0	0	0	0	0	0	0	0	0	0	0	0	0	0	0	0	0	0	0	0	0	0	0	0	0	0	0	0	0	1	0	0	0	0	0	0	0	0	0	0	0	0	-1	0	0	0	0	0	0	1	0	0	
42013631	0	-1	0	-1	0	0	0	-1	1	0	0	0	0	0	-1	0	0	0	-1	0	0	0	-1	-1	0	1	0	-1	0	-1	0	0	1	1	0	0	0	0	0	0	0	0	0	0	1	1	0	0	0	0	-1	0	1	0	0	-1	1	0	0	0	0	0	0	0	-1	0	1	0	-1	0	0	0	0	0	1	-1	-1	0	0	1	0	0	0	-1	1	-1	1	-1	-1	-1	-1	1	0	0	0	0	1	1	1	1	1	0	-1	-1	0	0	0	0	0	0	0	0	-1	0	0	0	0	-1	0	0	0	1	0	-1	0	0	0	-1	42013631	23	male	independent	some_college	single_living_alone	employee	white	Atheist / Agnostic	no	yes
8308030	0	0	1	0	1	0	0	0	0	1	0	0	0	0	0	1	-1	0	1	-1	0	1	0	-1	0	0	1	0	-1	0	-1	1	-1	-1	0	0	0	0	1	0	0	0	-1	-1	0	0	1	0	-1	-1	0	0	0	0	0	0	1	0	0	-1	0	0	1	0	0	1	1	0	0	1	0	0	0	0	0	-1	0	0	0	0	1	0	-1	-1	0	0	-1	0	1	0	0	0	0	0	0	0	0	0	1	0	0	0	-1	1	0	0	-1	0	0	1	0	0	0	-1	1	0	0	0	-1	-1	-1	0	0	0	0	0	1	0	
43861467	0	0	1	0	1	1	1	0	0	0	1	0	0	0	0	0	0	0	0	0	1	1	1	1	1	-1	1	0	0	0	0	0	0	0	0	0	1	0	0	0	0	0	0	0	0	0	0	0	0	0	0	1	0	0	0	0	0	0	0	0	0	0	0	0	0	0	0	0	0	0	0	0	0	0	0	0	0	0	1	0	0	0	0	0	0	0	0	0	0	0	0	0	0	1	0	0	0	0	0	0	1	0	0	0	0	-1	0	0	0	0	0	0	0	0	0	0	0	0	0	0	0	0	0	0	0	0	0	0	43861467	32	male	democrat	bachelor	single_living_with_parents	unemployedseeking_employment	black_or_african_american	Roman Catholic	yes	yes
39174418	0	0	0	0	0	0	0	-1	0	0	0	0	0	0	0	0	0	0	0	0	0	0	0	0	0	0	0	0	0	0	0	0	0	0	0	0	0	0	0	0	0	0	0	0	0	0	0	0	0	0	0	0	0	0	0	1	0	0	0	0	0	0	0	0	0	0	0	0	0	0	0	0	0	0	1	0	0	0	0	0	0	0	0	0	-1	0	0	0	0	0	0	0	0	0	0	0	0	0	0	0	0	0	0	0	0	0	0	0	0	0	0	0	0	0	0	0	0	0	0	0	0	0	0	0	0	0	0	0	
18386513	0	0	0	0	0	0	0	0	0	0	0	0	1	-1	0	0	0	0	0	0	0	0	0	0	0	0	0	0	0	0	0	0	0	0	0	0	0	0	-1	0	0	0	0	0	0	0	1	0	0	0	0	0	0	0	0	0	0	0	0	0	0	0	0	0	0	0	0	-1	0	0	0	0	0	0	0	0	0	0	0	0	0	0	0	0	0	0	0	-1	0	0	0	0	0	0	0	0	0	0	0	0	0	0	0	0	0	0	1	1	0	0	0	0	0	0	0	0	0	0	0	0	0	0	0	0	0	0	0	0	18386513	50	female	republican	high_school	married	selfemployed	white	other:Christian	yes	yes
39675153	0	0	0	0	0	0	0	0	0	0	0	0	0	0	0	0	0	0	0	0	0	0	0	0	0	0	0	0	0	0	0	0	0	0	0	0	0	0	0	0	0	0	0	0	0	0	0	0	0	0	0	0	0	0	-1	0	0	0	0	0	-1	0	1	0	0	0	0	0	0	0	0	0	0	0	0	0	0	0	0	0	0	1	0	0	0	0	0	0	0	0	0	0	0	0	0	0	0	0	0	0	0	0	0	0	0	0	0	0	0	0	0	0	0	0	0	0	0	0	0	0	0	0	0	0	0	0	0	0	
42768322	0	0	0	0	0	0	0	0	0	0	0	0	0	1	0	0	-1	-1	-1	1	0	0	0	0	0	0	0	0	0	0	0	0	0	0	0	0	0	0	0	0	0	0	0	0	1	0	0	-1	0	0	0	1	0	0	0	0	0	0	0	0	0	0	0	1	0	0	0	0	0	0	-1	0	0	0	0	0	0	0	1	0	0	0	0	0	0	0	0	0	0	0	-1	1	0	0	0	0	-1	0	0	0	0	0	0	0	0	0	0	0	0	0	0	0	0	0	0	-1	0	0	0	0	0	0	0	0	0	0	0	0	
43945424	0	0	0	0	0	0	1	-1	1	1	0	-1	0	-1	0	0	0	0	0	0	0	0	0	0	0	0	0	0	0	-1	0	0	0	0	0	0	0	0	0	0	0	1	0	0	0	1	0	-1	0	1	-1	1	0	-1	0	0	0	0	0	0	0	0	0	0	0	0	0	0	0	0	-1	0	0	0	0	0	0	0	0	0	0	0	0	0	0	0	0	0	0	0	0	0	1	-1	0	0	0	1	0	0	0	0	0	0	0	0	-1	0	0	0	0	0	0	0	0	1	-1	0	0	1	0	0	0	1	0	0	0	0	
29301997	0	0	0	0	1	1	-1	-1	0	0	0	0	0	0	0	0	0	0	0	1	0	0	0	0	0	0	0	0	0	0	0	0	0	0	0	0	0	0	0	0	0	0	0	-1	0	0	0	0	0	0	0	0	0	0	0	0	0	0	0	-1	0	0	0	0	0	0	0	0	0	0	0	0	0	0	0	0	0	0	0	0	0	0	0	0	0	0	0	0	0	0	0	0	0	0	0	0	0	0	0	0	0	0	0	0	0	0	0	0	0	0	0	0	0	0	0	0	0	-1	0	0	0	0	0	0	0	0	0	0	
41545007	0	1	1	0	0	0	-1	0	1	0	0	1	0	0	0	-1	0	1	-1	0	-1	-1	1	0	1	1	1	-1	0	-1	-1	0	1	-1	1	-1	0	1	-1	1	1	1	0	-1	1	-1	0	0	1	-1	1	-1	1	1	-1	-1	0	-1	1	0	-1	0	0	1	1	0	-1	-1	1	0	0	-1	-1	0	0	-1	-1	-1	1	1	0	1	1	-1	-1	-1	-1	0	-1	-1	-1	-1	1	0	-1	1	1	0	0	0	1	-1	0	-1	1	-1	0	1	1	0	0	1	-1	0	-1	0	1	-1	0	1	1	1	0	-1	1	-1	0	0	
43917255	0	0	0	0	0	1	0	0	1	0	0	0	1	0	-1	0	0	1	0	0	0	0	0	0	1	1	1	0	0	0	0	0	0	0	-1	-1	0	0	0	0	0	0	0	-1	0	0	0	0	0	0	0	0	0	0	0	0	0	0	0	0	0	0	0	0	0	0	0	0	0	0	0	-1	0	0	0	0	0	-1	0	0	0	0	1	0	0	0	0	-1	1	0	0	0	0	0	0	0	1	0	0	1	0	0	0	0	1	0	0	0	1	0	0	0	0	0	0	0	0	0	0	0	1	0	0	0	0	0	0	1	43917255	30	female	democrat	bachelor	single_living_alone	employee	white	Atheist / Agnostic	yes	yes
43974080	0	0	0	0	0	0	0	0	0	0	0	0	0	0	0	-1	-1	0	0	0	0	-1	0	0	1	0	1	0	1	0	1	0	0	0	0	0	0	0	0	0	0	0	1	-1	0	0	1	0	0	-1	0	0	0	0	0	0	0	0	0	-1	0	0	0	0	0	0	0	0	1	1	0	0	0	0	0	0	-1	0	0	0	1	0	0	0	0	0	0	0	-1	0	0	0	0	0	0	0	0	0	1	0	0	0	0	0	0	0	0	0	0	0	0	0	-1	0	0	0	0	0	-1	1	1	0	0	0	0	0	0	0	
41192746	0	0	0	0	0	0	0	0	0	0	0	0	0	0	0	0	0	0	0	0	-1	-1	-1	-1	1	0	0	0	0	0	0	0	0	0	0	0	0	0	0	0	0	0	0	0	0	0	0	0	0	0	0	0	0	0	0	0	0	0	0	0	0	0	0	0	0	0	0	0	-1	0	0	0	0	0	0	0	-1	0	0	0	0	0	0	0	0	0	0	0	0	0	0	0	0	0	0	0	0	0	0	0	0	0	0	0	0	0	0	0	0	0	0	0	-1	0	0	0	0	0	0	0	0	0	0	0	0	0	0	0	
41986015	0	0	0	0	0	0	0	0	0	0	0	0	-1	1	-1	1	0	-1	0	0	0	0	0	0	0	0	0	0	0	0	0	0	0	0	0	0	0	0	0	0	0	0	0	0	0	0	0	0	0	0	0	1	0	0	0	0	0	0	0	0	0	0	0	0	0	0	0	0	0	0	0	0	0	0	0	0	0	0	0	0	0	0	0	0	0	-1	0	0	0	0	-1	0	0	0	0	1	0	0	1	0	0	0	-1	0	0	0	0	0	0	0	0	0	0	0	0	0	0	0	0	0	0	-1	0	0	0	0	0	0	41986015	62	female	none	bachelor	single_living_alone	retired	hispanic_american	Roman Catholic	yes	no
19838540	0	0	0	0	0	1	0	1	0	1	0	0	0	0	0	1	-1	0	1	1	0	1	1	1	-1	0	1	0	-1	0	-1	1	1	-1	0	0	-1	1	-1	0	1	1	0	1	0	0	-1	0	0	-1	0	0	0	0	0	0	1	-1	1	0	-1	1	-1	0	0	0	0	0	0	-1	0	1	0	0	0	1	0	0	0	0	1	0	-1	-1	0	0	-1	0	1	0	-1	-1	0	0	0	0	0	-1	-1	1	0	0	0	1	1	1	1	-1	0	1	1	0	0	-1	1	0	1	0	0	1	1	0	0	0	0	0	1	-1	
6413571	0	1	0	1	0	0	0	0	0	0	0	0	0	0	-1	0	0	0	0	0	0	0	0	0	0	0	0	0	0	0	0	0	0	0	0	0	0	0	0	0	0	0	0	0	0	0	0	0	0	0	1	0	0	0	0	0	0	0	0	0	0	0	0	0	-1	0	0	0	0	0	0	0	0	0	0	0	0	0	0	0	0	0	0	0	0	0	0	0	0	0	0	0	0	0	0	0	0	0	0	0	0	0	-1	0	0	0	0	0	0	0	0	0	-1	0	0	0	0	1	0	0	0	0	0	0	0	0	0	0	
41676062	0	0	0	0	0	0	0	0	0	0	0	0	0	0	0	0	0	0	0	0	0	0	0	0	0	0	0	0	0	0	0	0	1	1	1	-1	1	0	0	0	1	-1	-1	-1	0	0	0	0	0	0	0	0	0	0	0	0	1	-1	1	-1	-1	1	0	0	1	1	1	1	0	0	0	0	0	0	0	0	0	0	0	0	1	0	0	0	0	0	1	0	0	0	0	0	0	0	0	0	0	0	0	0	0	0	0	0	0	0	0	0	0	0	0	0	0	0	0	0	0	0	0	0	0	0	0	0	0	0	0	-1	
39501628	0	0	0	1	0	0	-1	0	1	0	1	1	1	1	0	-1	-1	0	0	0	-1	0	0	0	0	0	0	0	0	-1	0	0	0	0	0	-1	0	0	-1	0	-1	1	0	0	0	0	-1	0	0	0	0	0	0	0	0	0	0	0	1	0	-1	0	0	0	0	-1	0	1	0	0	0	-1	1	1	0	-1	-1	-1	1	1	0	0	0	0	0	-1	0	-1	0	0	0	0	1	0	0	0	0	1	0	0	0	0	0	0	0	0	1	1	0	0	-1	0	0	0	-1	0	1	0	-1	-1	0	0	-1	0	0	-1	0	0	
43888123	-1	0	0	0	0	0	0	0	0	0	0	-1	0	0	0	0	0	0	0	0	0	0	0	0	-1	1	0	0	0	0	0	0	0	0	0	0	0	1	0	0	0	0	0	0	0	0	0	0	-1	0	0	0	0	0	1	0	0	0	0	0	0	0	1	0	0	1	0	0	0	0	0	0	0	0	0	0	0	0	0	0	0	1	0	0	1	0	0	0	0	0	0	0	0	0	0	1	0	0	0	0	0	1	0	0	0	0	0	0	1	0	0	1	0	1	0	0	0	0	0	0	0	0	0	0	0	0	0	0	43888123	23	female	democrat	bachelor	single_living_with_partner	student	white	Protestant	no	yes
43934710	0	0	0	0	0	0	0	0	0	0	0	0	-1	0	0	1	0	0	0	0	0	0	0	0	0	0	0	0	0	-1	0	0	0	0	0	0	0	0	0	0	0	0	0	0	0	0	0	0	0	0	0	0	0	0	0	0	0	0	0	0	-1	0	0	0	0	0	0	0	0	0	0	0	0	0	0	0	0	0	0	0	0	0	0	0	0	0	0	0	0	0	0	0	0	0	0	0	0	0	0	0	0	0	0	0	0	0	0	0	0	0	0	0	0	0	0	0	0	0	0	0	0	0	0	0	0	0	0	0	
22345789	0	0	0	0	1	0	0	0	1	0	1	0	1	1	0	0	1	1	0	0	-1	0	0	0	0	0	0	-1	0	0	0	0	-1	0	1	1	0	0	1	1	0	0	1	1	0	0	1	0	0	0	0	0	0	0	0	0	1	-1	0	0	0	0	0	0	0	0	0	1	0	0	0	0	0	0	0	0	0	-1	1	1	1	1	-1	1	0	-1	0	-1	1	0	0	0	0	-1	0	1	0	0	1	0	0	0	0	0	0	0	1	0	1	0	0	1	0	-1	0	0	0	0	0	-1	1	1	1	1	0	1	0	0	22345789	62	female	independent	associate_degree	single_living_alone	employee	white	other:Christian	no	yes
16854635	1	0	1	1	0	1	0	0	1	0	0	0	0	0	-1	0	0	0	0	0	1	0	0	0	-1	0	1	0	0	0	0	1	0	-1	1	1	0	1	0	0	0	0	1	1	1	1	1	-1	0	-1	-1	0	0	0	0	0	0	-1	0	0	0	0	0	0	1	0	0	0	0	0	0	0	0	0	0	0	0	-1	0	1	0	0	-1	0	0	0	0	0	1	0	0	1	0	0	0	0	0	1	0	1	0	0	-1	0	0	0	0	0	0	0	-1	1	1	-1	1	-1	1	-1	-1	0	1	0	0	0	0	0	1	0	
40107272	0	0	1	0	0	0	0	-1	0	-1	0	0	0	0	-1	0	0	0	1	1	0	0	-1	-1	0	0	-1	0	-1	-1	1	1	0	0	0	0	0	1	-1	0	0	0	0	0	0	0	0	-1	0	0	0	0	0	1	0	0	1	0	0	0	0	0	1	1	0	0	0	0	0	0	0	1	0	0	0	-1	0	-1	0	0	0	0	0	-1	0	0	1	1	0	0	0	0	0	0	0	1	0	0	0	0	0	0	0	-1	-1	0	-1	0	1	0	-1	1	0	0	-1	0	0	0	0	0	1	-1	-1	1	0	0	0	1	
43942386	0	0	1	1	0	0	0	0	0	1	0	0	0	0	0	0	-1	0	1	0	0	0	0	1	1	1	1	-1	1	0	0	1	0	0	0	0	1	0	0	0	0	1	0	0	0	0	0	0	0	0	0	1	0	1	0	0	0	0	1	0	0	-1	0	1	0	1	0	1	0	0	0	1	0	0	0	1	0	0	0	0	0	0	1	1	0	1	1	0	0	1	-1	0	1	0	0	1	1	0	0	0	0	0	0	1	1	-1	1	1	0	1	-1	0	0	0	1	0	1	0	1	0	1	1	0	-1	0	-1	0	0	
20430407	0	0	0	0	0	0	0	0	1	-1	0	1	0	-1	0	0	0	0	-1	0	0	-1	-1	0	0	0	0	0	0	-1	1	0	0	0	0	0	0	0	0	1	0	-1	0	0	0	0	0	-1	-1	0	0	0	1	1	0	-1	0	0	0	0	0	0	0	1	-1	0	0	1	0	0	0	0	0	1	0	-1	-1	-1	1	1	0	0	0	0	0	0	1	0	0	0	0	0	0	1	0	0	0	0	0	0	0	0	0	0	0	0	0	1	0	0	0	0	0	0	0	0	0	0	0	1	0	0	0	0	1	0	0	0	
36276573	0	0	0	0	0	0	0	0	0	0	0	0	0	0	0	0	0	0	0	0	0	0	0	0	0	0	0	0	0	0	0	0	0	0	0	0	0	0	0	0	0	0	0	0	0	0	0	0	0	0	0	0	0	0	0	0	0	0	0	0	0	0	0	0	0	0	0	0	0	0	0	0	1	-1	1	-1	0	0	0	0	0	0	0	0	0	0	0	0	0	0	0	0	0	0	0	0	0	0	0	0	0	0	0	0	0	0	0	0	0	0	0	0	0	0	0	0	0	0	0	0	0	0	0	0	1	1	1	1	
43941355	-1	1	1	-1	0	0	0	0	0	0	0	0	0	0	0	0	0	0	0	0	0	0	0	0	0	1	0	0	0	0	0	0	0	0	-1	-1	1	0	0	0	0	0	0	0	0	0	0	1	1	-1	1	1	0	0	-1	-1	1	0	0	0	-1	0	1	0	0	0	-1	0	0	0	1	0	0	1	1	0	0	0	1	0	1	1	0	0	0	0	0	0	0	0	0	1	1	1	-1	1	0	0	0	0	0	0	0	0	0	0	0	0	0	0	0	0	0	0	0	0	0	0	0	0	0	0	-1	0	0	0	-1	0	43941355	21	male	republican	associate_degree	single_living_alone	civil_servant	white	Atheist / Agnostic	yes	yes
43875818	1	0	0	0	0	0	0	0	0	0	0	0	0	0	0	0	0	0	0	0	0	0	0	0	0	0	0	0	0	0	0	0	0	0	0	0	0	0	0	0	0	0	0	0	0	0	0	0	0	0	0	0	0	0	0	0	0	0	0	0	0	0	0	0	0	0	0	0	0	0	0	0	0	0	1	0	0	0	1	0	0	0	0	0	0	0	0	0	0	0	0	0	0	0	0	0	0	0	0	0	0	1	0	0	0	0	0	0	0	0	0	0	0	0	0	0	0	0	0	0	0	0	0	0	0	0	0	0	
34557302	1	0	-1	0	1	-1	1	0	0	0	0	0	0	0	0	0	-1	0	0	0	0	0	0	0	0	-1	-1	-1	-1	0	0	0	0	0	0	0	-1	1	1	1	1	1	1	1	1	1	1	1	0	0	-1	1	1	1	1	1	0	1	1	0	-1	0	0	1	0	0	0	-1	1	1	1	-1	0	0	1	0	0	0	1	0	1	0	0	0	0	1	-1	0	1	1	0	1	0	0	1	1	1	0	0	1	0	1	0	-1	0	-1	0	0	0	0	0	0	0	0	0	0	1	0	-1	0	1	1	1	1	1	1	0	-1	34557302	36	female	independent	master	married	other:homemaker	white	Roman Catholic	yes	yes
43762146	0	1	1	0	1	0	0	0	0	0	0	0	0	0	0	0	1	1	1	1	0	0	0	0	0	0	0	0	0	0	0	0	0	1	1	0	0	0	1	0	0	0	0	0	1	0	0	1	1	1	0	0	0	0	1	0	0	0	0	0	1	0	1	1	0	1	1	0	0	1	1	0	1	1	1	1	0	0	1	0	0	1	1	0	0	0	0	0	0	0	0	1	0	0	0	0	1	0	1	0	0	0	1	0	0	0	0	0	0	0	0	0	0	0	0	1	0	0	0	0	0	0	0	0	1	1	1	1	
40212251	0	0	1	-1	1	0	-1	0	0	0	0	0	1	1	-1	1	0	0	0	1	-1	0	0	0	0	0	0	0	0	0	0	0	1	-1	1	1	0	0	0	0	0	-1	0	0	0	0	0	-1	1	0	0	0	0	0	0	0	1	-1	1	-1	0	0	0	0	1	1	0	1	0	0	1	-1	1	-1	1	1	0	0	1	0	0	0	1	0	0	0	0	0	0	0	0	1	1	0	0	1	0	0	1	0	0	0	0	0	0	0	0	1	0	0	-1	0	0	0	0	0	0	0	0	0	0	0	-1	0	1	-1	1	1	
43961825	0	0	0	0	0	0	1	1	1	-1	1	1	0	1	0	0	0	0	0	0	0	0	1	0	0	0	0	0	0	-1	0	0	0	0	0	0	0	0	0	-1	0	0	0	0	0	-1	0	-1	1	-1	-1	-1	0	-1	0	0	0	0	0	0	0	0	0	0	0	0	0	0	0	0	-1	0	0	-1	0	-1	0	0	0	0	0	0	0	0	0	0	0	0	0	0	0	0	-1	1	0	0	0	1	0	0	0	0	0	0	0	0	-1	1	0	0	0	0	0	0	0	1	1	0	0	-1	0	0	0	1	1	0	0	0	43961825	25	female	democrat	vocational_secondary_certification	single_living_alone	employee	american_indian_or_alaska_native	Protestant	yes	yes
20512953	1	-1	-1	1	0	-1	0	0	0	0	0	1	0	0	1	0	1	1	1	-1	0	0	0	0	0	-1	-1	0	-1	1	-1	1	0	0	1	0	0	1	0	0	0	0	0	0	1	0	0	1	0	0	0	0	0	0	1	0	0	0	1	0	1	0	1	-1	0	0	0	0	0	0	0	1	1	-1	1	0	0	1	0	0	-1	0	-1	1	0	0	0	1	0	0	0	0	0	0	0	0	1	0	0	1	0	1	0	0	1	1	0	0	1	1	1	1	0	0	0	1	0	0	0	0	0	0	0	0	0	0	1	1	20512953	38	female	democrat	bachelor	single_living_with_parents	employee	white	Atheist / Agnostic	yes	yes
43722521	1	-1	1	-1	0	0	0	0	0	0	0	0	0	0	-1	0	0	0	0	0	-1	-1	-1	1	0	1	1	0	0	0	0	0	0	0	0	0	0	1	0	0	0	0	0	0	0	0	0	-1	0	0	0	0	0	0	0	0	0	0	0	0	0	0	0	0	0	0	0	0	0	0	0	1	0	0	0	0	0	-1	0	0	0	0	0	0	0	0	0	-1	0	0	0	0	0	0	0	0	1	0	0	1	0	0	0	0	1	0	0	0	1	1	-1	1	0	0	0	0	0	0	0	0	0	0	0	0	0	0	0	-1	43722521	27	female	democrat	master	single_living_alone	employee	white	Atheist / Agnostic	yes	yes
15448937	0	0	0	0	0	0	0	0	0	0	0	0	1	1	-1	1	0	1	0	0	0	0	0	0	0	0	0	0	0	0	0	0	0	0	0	0	0	0	0	0	0	0	0	0	0	0	0	0	0	0	0	1	0	0	0	0	0	0	0	0	0	0	0	0	0	0	0	0	0	0	0	0	0	0	0	0	0	0	0	0	0	0	0	0	0	1	0	0	0	0	-1	0	0	0	0	1	0	0	1	0	0	0	0	0	0	0	0	0	0	0	0	0	0	0	0	0	0	0	0	0	0	0	0	0	0	-1	0	0	15448937	40	male	republican	high_school	single_living_with_partner	employee	white	Atheist / Agnostic	no	yes
43918613	0	0	0	-1	0	1	0	0	0	0	0	1	0	0	-1	0	-1	-1	1	-1	0	0	0	0	0	1	0	-1	-1	-1	-1	1	0	-1	1	0	0	0	0	0	0	0	0	0	1	0	0	0	0	0	0	0	1	0	1	0	0	0	1	0	-1	0	-1	1	0	0	0	0	0	0	0	-1	1	-1	1	0	1	0	0	0	1	1	-1	-1	0	0	0	-1	0	0	-1	0	0	0	0	0	1	0	0	1	1	-1	0	1	1	1	0	0	1	1	-1	1	0	0	0	-1	0	0	0	0	0	0	0	0	0	0	1	1	
38671298	1	1	1	1	0	0	0	0	1	0	0	0	1	0	0	0	-1	0	-1	1	-1	0	0	0	0	0	1	0	0	0	0	0	1	1	0	0	0	1	0	0	0	0	0	-1	1	-1	1	0	0	1	0	0	0	1	0	0	1	1	1	1	0	0	0	1	-1	1	-1	-1	0	-1	0	0	0	0	0	0	0	-1	0	1	1	0	1	0	0	0	0	0	-1	0	0	0	0	0	0	1	1	0	0	0	0	0	-1	0	0	0	0	0	1	0	0	1	0	0	0	-1	0	0	0	0	1	-1	0	0	0	1	0	0	
39911407	0	0	0	0	0	0	0	0	0	0	0	0	0	0	0	0	0	0	0	1	0	0	0	0	0	0	0	0	0	0	0	0	0	0	0	0	0	0	0	0	0	0	0	0	0	0	0	0	0	0	0	0	0	0	0	0	1	0	0	0	0	0	-1	0	0	0	0	0	0	0	0	0	0	0	0	0	0	0	0	0	0	0	0	0	0	0	0	0	0	0	0	0	0	0	0	0	0	0	0	0	0	0	0	0	0	0	-1	0	0	0	0	0	0	0	0	0	0	0	0	0	0	0	0	0	0	0	0	0	39911407	25	male	democrat	bachelor	single_living_with_parents	employee	white	Atheist / Agnostic	yes	yes
38806465	0	0	0	0	0	0	0	0	1	0	0	0	0	0	-1	0	0	0	1	0	0	1	1	-1	0	1	0	0	0	-1	0	0	1	0	0	0	0	0	0	0	0	0	0	0	1	1	0	0	0	0	0	0	0	0	0	0	1	0	0	0	0	0	0	0	0	0	-1	0	-1	0	1	0	0	1	0	-1	0	0	0	1	0	0	0	-1	0	-1	1	-1	1	1	-1	1	0	0	0	0	1	0	1	1	0	0	0	0	1	-1	0	0	0	0	0	0	0	0	0	0	0	1	0	0	0	1	-1	1	0	0	0	-1	
43987213	0	0	0	-1	0	0	-1	0	1	0	0	1	1	1	0	0	-1	0	0	0	-1	0	0	0	-1	-1	-1	-1	0	0	0	0	0	0	0	1	-1	0	-1	0	0	-1	0	0	0	0	1	0	0	0	0	-1	0	0	0	0	0	0	1	0	0	0	0	0	0	-1	0	-1	0	0	0	-1	0	0	0	0	0	0	0	0	0	0	0	0	0	-1	0	-1	0	-1	0	0	1	0	0	0	-1	0	0	0	0	0	0	0	0	-1	-1	1	0	0	-1	0	0	0	0	0	-1	0	-1	0	0	0	-1	0	0	-1	0	0	
36293563	-1	0	0	0	1	0	0	0	0	0	-1	0	0	0	0	0	0	0	0	0	0	0	0	0	0	0	0	0	0	0	0	0	1	0	0	0	1	0	0	0	1	-1	1	-1	0	0	1	0	0	0	0	0	0	0	0	0	-1	-1	0	0	-1	-1	0	0	0	0	0	0	0	0	0	0	0	0	1	0	0	0	1	0	1	0	0	0	0	0	1	0	0	0	0	0	0	1	0	0	0	0	0	0	0	-1	0	0	0	0	0	0	0	0	0	0	0	1	0	0	0	0	0	0	0	0	0	0	0	0	0	-1	36293563	38	female	republican	master	married	employee	white	Protestant	no	yes
43913997	0	1	1	-1	0	1	0	-1	1	0	0	1	0	0	-1	0	0	0	-1	0	0	0	0	-1	0	0	0	0	0	-1	1	0	1	1	-1	-1	0	0	0	0	0	0	0	0	0	-1	0	0	0	0	1	0	0	1	-1	-1	-1	-1	1	-1	-1	0	-1	1	-1	-1	-1	1	0	0	0	0	-1	1	1	0	0	0	0	0	0	1	0	0	1	0	0	0	0	0	0	0	0	0	0	1	0	0	0	1	0	-1	-1	0	0	-1	0	0	0	0	0	0	-1	0	0	0	0	-1	0	0	0	0	-1	-1	0	0	-1	0	
38202325	0	0	0	0	1	1	-1	-1	1	1	0	0	0	0	-1	0	0	0	-1	1	-1	-1	1	-1	0	1	0	0	1	-1	0	1	1	0	0	-1	-1	0	0	0	0	-1	0	1	0	-1	0	0	0	0	0	0	0	1	0	-1	1	0	1	-1	0	1	0	0	1	0	1	0	-1	0	1	0	0	-1	0	-1	0	0	0	0	1	0	1	-1	1	-1	1	-1	-1	-1	-1	1	1	1	-1	1	1	-1	1	1	1	0	0	-1	1	0	1	1	0	1	0	0	0	0	-1	0	0	-1	0	0	0	-1	1	-1	0	0	0	1	
43620110	0	0	0	0	0	0	0	0	0	0	0	0	0	0	0	1	-1	0	0	0	-1	1	0	0	0	0	1	0	-1	-1	0	1	0	1	0	0	0	1	0	0	0	0	1	0	1	1	-1	-1	0	-1	0	0	0	0	0	0	0	-1	0	0	0	0	0	0	0	0	0	0	0	1	0	0	0	0	0	0	0	0	0	1	1	1	1	-1	0	0	0	0	-1	0	0	1	0	0	0	0	0	1	-1	0	0	0	0	0	0	0	0	0	1	-1	-1	1	1	-1	1	-1	1	0	-1	1	1	0	0	0	0	0	1	0	
43498762	0	0	0	0	0	0	0	-1	1	0	0	1	1	1	0	0	0	0	0	0	0	0	-1	0	0	0	0	0	0	0	0	0	0	0	0	-1	-1	0	-1	0	1	-1	1	-1	0	0	1	0	0	0	0	0	0	0	0	0	0	-1	0	0	-1	-1	0	0	0	0	0	1	0	0	0	-1	0	0	0	0	0	0	0	0	1	0	0	0	0	0	1	-1	0	0	0	0	0	0	0	0	0	0	0	0	0	0	0	0	0	0	1	1	0	0	-1	0	0	0	0	0	0	0	0	0	0	0	0	0	0	0	0	-1	
38153196	0	0	0	0	0	1	0	1	0	1	0	0	0	0	0	0	0	0	-1	1	0	0	-1	-1	1	0	1	0	1	0	0	1	1	0	0	-1	1	0	-1	0	1	-1	1	-1	0	0	1	0	0	0	0	0	0	0	0	-1	-1	-1	1	0	-1	-1	-1	0	0	0	0	0	0	0	0	-1	0	0	0	-1	0	0	0	0	1	0	1	-1	0	0	1	0	0	-1	-1	0	1	1	-1	1	0	0	0	1	0	0	0	1	1	-1	1	1	0	-1	0	0	0	1	-1	0	0	0	0	0	0	0	0	0	1	0	0	-1	
43990834	0	0	0	0	0	0	1	1	-1	1	0	-1	0	1	0	0	0	0	0	0	0	-1	0	0	0	0	0	-1	0	-1	1	0	0	0	0	0	0	0	0	-1	0	-1	0	0	0	-1	0	1	0	-1	1	1	0	1	0	-1	0	0	0	0	0	0	0	0	0	0	0	0	0	0	-1	0	0	0	0	0	-1	0	0	0	0	0	0	0	0	0	0	-1	0	0	0	0	-1	-1	0	0	0	-1	0	0	0	0	0	0	0	0	-1	0	0	0	0	0	0	0	0	1	1	0	0	-1	-1	0	0	-1	0	0	0	0	43990834	90	female	independent	bachelor	single_living_with_partner	unemployedseeking_employment	white	Jewish	no	no
43930419	0	0	0	0	0	0	0	0	0	0	0	0	0	0	0	0	-1	0	0	0	0	0	0	0	0	0	0	0	1	0	0	0	0	0	0	0	0	0	0	0	0	0	1	0	0	0	0	0	0	0	0	0	0	0	0	0	0	0	1	0	0	0	0	0	0	0	0	0	0	0	0	0	0	0	0	0	0	0	0	0	0	0	0	0	0	0	0	0	0	-1	0	0	0	0	0	0	0	0	0	0	0	0	0	0	0	0	0	0	0	0	0	0	0	0	0	0	0	0	-1	0	0	0	0	0	1	-1	0	0	
20623511	0	0	0	0	0	0	0	0	1	0	0	1	0	0	0	0	0	0	0	0	0	0	0	0	0	0	0	0	0	0	0	0	0	0	0	-1	0	0	0	0	0	0	0	0	0	0	0	0	0	0	0	0	0	0	0	0	0	0	0	0	0	0	0	0	0	0	0	0	0	0	0	0	0	0	0	0	0	0	0	0	0	0	0	0	0	0	0	0	0	0	0	0	0	0	0	0	0	0	0	0	0	0	0	0	0	0	0	0	0	0	-1	0	0	0	0	0	0	0	0	0	0	0	0	0	0	0	0	0	20623511	40	female	none	vocational_secondary_certification	married	employee	white	Roman Catholic	yes	yes
36968345	0	0	0	0	0	0	0	0	0	0	0	0	0	0	0	0	0	0	0	0	0	0	0	0	0	0	0	0	0	0	0	1	0	0	0	0	0	0	0	0	0	0	0	0	0	0	0	0	0	0	-1	0	0	0	0	0	0	0	0	1	0	0	0	0	1	0	0	0	0	0	0	0	0	0	0	0	0	0	0	0	0	0	0	0	0	0	0	0	0	0	0	0	0	-1	0	0	0	0	0	0	1	0	0	0	1	0	0	0	1	0	0	0	0	0	0	0	0	0	0	0	0	0	0	0	0	0	0	0	36968345	39	female	democrat	doc	married	other:parent	white	Atheist / Agnostic	yes	yes
43946798	0	-1	1	0	1	-1	0	0	0	0	0	1	0	0	0	0	-1	-1	1	1	0	0	0	0	0	0	0	0	0	0	1	0	0	-1	1	0	0	0	-1	0	0	0	0	0	1	0	0	0	1	1	0	0	0	0	0	0	0	0	1	0	1	0	1	1	0	-1	1	0	0	-1	0	0	1	1	1	0	0	0	0	0	0	1	1	0	0	0	0	0	0	0	0	0	0	0	0	0	1	0	1	0	0	1	-1	0	0	1	0	0	0	0	0	0	0	0	0	0	0	0	0	0	0	0	0	0	0	0	1	0	
20328071	-1	0	1	0	1	1	0	0	0	0	1	1	0	0	0	-1	-1	0	0	0	0	-1	0	0	1	1	1	1	-1	0	1	1	0	0	0	0	0	1	0	0	0	0	1	-1	0	0	1	0	1	-1	-1	0	0	0	1	0	0	0	0	-1	0	0	1	0	1	1	0	0	-1	-1	0	0	0	0	0	0	1	0	1	0	1	1	0	0	1	0	0	0	1	0	0	0	0	1	0	1	0	0	1	0	1	1	0	0	1	0	0	0	1	0	0	1	1	-1	0	0	0	0	1	-1	1	0	0	0	0	0	0	0	
43589420	0	0	0	0	0	0	0	0	0	0	0	1	0	0	0	0	0	0	0	0	0	0	0	0	0	0	0	0	0	0	0	0	0	0	0	0	0	0	0	0	0	0	0	0	0	0	0	0	0	0	0	0	0	0	-1	0	0	0	0	0	0	0	-1	0	0	-1	0	0	0	0	0	0	0	0	0	0	0	0	0	0	0	0	0	0	1	0	0	0	0	0	0	0	0	0	0	1	0	0	0	0	0	-1	0	0	0	0	0	0	0	0	0	1	0	0	0	0	0	0	0	0	0	0	0	0	0	0	0	0	
43811627	0	0	0	0	0	0	0	0	1	0	0	1	1	1	-1	-1	0	1	0	0	0	0	0	0	0	0	0	0	0	0	0	0	0	0	0	-1	0	0	1	0	0	0	0	0	0	0	1	0	0	0	0	-1	0	0	0	0	0	0	0	0	0	0	0	0	0	0	0	-1	0	0	0	0	0	0	0	0	0	0	0	0	0	0	0	0	0	-1	0	-1	0	0	1	0	0	0	0	1	0	0	1	0	0	0	-1	0	0	0	1	1	0	0	-1	0	0	0	0	0	0	0	0	0	0	1	0	0	0	-1	0	0	
43787047	0	0	0	0	0	0	0	0	0	0	0	0	0	0	0	0	0	0	0	0	0	0	0	0	0	0	0	0	0	0	0	0	1	0	0	0	0	0	0	0	0	0	0	0	0	0	1	0	0	0	0	0	0	0	0	0	-1	0	0	0	0	0	0	0	0	0	0	0	0	0	0	0	0	0	0	0	0	0	0	0	0	0	0	0	0	0	0	0	0	0	0	0	0	0	0	0	0	0	0	0	0	0	0	0	0	0	0	0	0	0	0	0	0	1	0	0	0	0	0	0	0	0	0	0	0	0	0	0	43787047	22	female	democrat	bachelor	single_living_with_parents	student	asien	Atheist / Agnostic	yes	yes
37177227	0	-1	0	1	0	0	0	1	0	0	0	0	0	0	-1	0	0	0	0	0	0	0	0	0	0	0	0	1	0	0	0	0	0	0	0	0	0	0	0	0	0	0	0	0	1	1	-1	-1	0	0	-1	0	0	0	0	-1	0	0	0	0	0	0	0	0	1	0	0	0	0	0	0	0	0	0	1	0	-1	0	0	0	0	0	0	0	-1	0	0	0	0	0	0	0	0	0	0	0	0	0	0	0	0	0	1	1	0	0	0	0	0	0	0	0	1	0	0	0	0	-1	0	0	0	0	0	0	0	0	0	0	37177227	32	male	democrat	master	married	employee	white	Roman Catholic	no	yes
43963742	0	0	0	0	0	0	0	0	0	0	0	0	0	0	0	0	0	0	0	0	0	-1	0	0	0	0	0	0	0	0	-1	0	0	0	0	0	0	0	0	0	0	0	0	0	0	0	0	0	0	0	0	0	0	0	0	1	0	0	0	0	0	0	0	0	0	0	0	0	0	0	0	0	0	0	0	0	-1	0	0	0	0	0	0	0	0	0	0	0	0	0	0	0	0	0	0	0	0	0	0	0	0	0	0	0	0	0	0	0	0	0	0	0	0	0	0	0	0	0	0	0	0	0	0	0	0	0	0	0	
43935069	0	-1	0	0	0	0	0	0	0	0	0	0	0	0	0	-1	-1	0	-1	0	0	-1	-1	0	-1	0	-1	-1	0	0	-1	0	0	1	0	0	-1	1	-1	0	-1	-1	0	0	0	1	0	-1	0	0	0	0	1	-1	0	-1	0	0	0	0	0	0	0	-1	-1	0	-1	-1	-1	-1	1	0	-1	-1	0	-1	-1	0	-1	-1	0	1	0	0	0	0	-1	-1	0	0	0	-1	1	0	1	0	0	0	-1	0	-1	-1	0	-1	0	0	0	-1	0	0	0	1	0	0	-1	0	-1	-1	-1	-1	-1	-1	0	-1	-1	0	1	0	
20398835	0	1	0	1	0	0	0	0	0	0	0	0	0	0	-1	-1	0	0	0	1	0	-1	0	0	0	0	1	0	0	0	-1	0	0	0	0	0	0	0	0	0	0	0	0	0	0	0	0	0	0	0	1	0	0	0	0	0	1	0	0	0	0	0	-1	0	-1	0	0	0	0	-1	0	0	0	0	0	0	0	0	0	0	0	0	0	0	0	0	0	0	0	0	0	0	0	0	0	0	0	0	1	0	0	0	-1	0	0	0	1	0	0	0	0	0	-1	0	0	0	0	-1	1	0	1	0	0	0	0	0	0	0	
43853132	-1	0	1	0	1	0	0	-1	-1	0	0	-1	0	0	-1	1	0	-1	0	1	1	1	0	0	1	0	-1	0	0	-1	1	0	-1	0	1	-1	1	-1	1	1	0	-1	0	0	1	0	1	0	0	0	1	-1	0	0	0	-1	0	-1	1	0	0	0	1	0	-1	0	0	-1	1	1	-1	0	0	0	1	1	-1	0	0	1	-1	-1	0	0	0	-1	0	1	0	1	1	-1	0	1	0	1	0	0	0	-1	-1	0	1	1	0	0	-1	1	-1	0	0	1	-1	-1	1	0	0	0	0	0	1	1	0	-1	-1	0	0	1	
43718472	0	-1	0	0	0	0	0	0	0	0	0	0	0	0	0	0	-1	1	-1	1	0	0	0	0	0	0	0	0	0	0	0	0	0	0	0	0	0	0	0	0	0	0	0	0	1	0	0	0	0	-1	0	0	0	0	0	0	0	0	0	0	0	0	0	1	0	0	0	0	0	1	0	0	0	0	0	0	0	0	0	0	0	0	0	0	0	0	0	0	0	0	0	0	0	0	0	0	1	0	0	0	0	0	0	0	0	0	0	0	0	0	0	0	0	0	0	-1	0	0	0	0	0	0	0	0	0	0	0	0	
43605836	0	0	0	0	1	1	1	1	0	0	0	0	0	0	0	0	0	0	0	1	0	0	0	0	0	0	0	0	0	0	0	0	0	0	0	0	0	0	0	0	0	0	0	1	0	0	0	0	0	0	0	0	0	0	0	0	0	0	0	1	0	0	0	0	0	0	0	0	0	0	0	0	0	0	0	0	0	0	0	0	0	0	0	0	0	0	0	0	0	0	0	0	0	0	0	0	0	0	0	0	0	0	0	0	0	0	0	0	0	0	0	0	0	0	0	0	0	1	0	0	0	0	0	0	0	0	0	0	
15577915	0	-1	0	1	0	0	0	0	0	0	0	0	0	0	-1	0	0	-1	0	0	0	0	0	0	0	-1	0	0	0	0	0	0	1	-1	1	0	1	0	0	0	0	0	0	0	0	0	0	0	0	0	1	0	0	0	0	1	-1	1	1	1	0	0	0	0	1	1	1	1	0	0	0	0	0	0	0	0	0	0	0	0	1	0	0	0	-1	1	-1	-1	1	1	1	1	1	-1	1	1	0	0	0	0	0	0	-1	0	0	0	0	0	0	0	0	0	1	0	0	0	0	-1	0	0	0	-1	-1	0	0	-1	0	0	
41193378	-1	0	0	0	1	0	0	0	0	1	-1	0	0	0	0	0	0	0	0	0	-1	-1	-1	-1	0	1	0	0	0	0	0	0	0	0	0	0	0	0	0	0	0	0	0	0	0	0	0	0	0	0	1	-1	1	1	-1	-1	0	-1	0	0	-1	-1	-1	1	0	0	0	0	-1	-1	1	-1	-1	0	0	0	0	-1	1	0	0	0	0	-1	0	-1	0	0	0	0	0	0	0	1	-1	0	1	0	0	1	0	0	0	0	0	0	0	0	0	-1	0	0	0	1	0	0	0	0	0	0	0	0	0	0	1	0	0	0	
43831115	0	0	0	0	0	1	0	0	0	0	0	1	0	0	0	0	0	0	0	0	0	0	0	0	0	0	0	0	0	0	1	0	0	0	0	0	0	0	0	0	0	0	0	0	0	0	0	0	0	0	0	0	0	0	1	0	0	0	1	0	0	0	0	0	0	0	0	0	0	0	0	0	1	0	0	0	0	0	0	0	0	0	0	0	0	0	0	0	0	0	0	0	0	0	0	0	0	0	0	0	0	1	0	0	0	1	0	0	0	0	0	0	0	0	0	0	0	0	0	0	0	0	0	0	0	0	0	0	
18212596	0	0	0	0	-1	-1	-1	-1	0	0	0	0	0	0	0	0	0	0	0	-1	0	0	0	0	0	0	0	0	0	0	0	0	0	0	0	0	0	0	0	0	0	0	0	-1	0	0	0	0	0	0	0	0	0	0	0	0	0	0	0	1	0	0	0	0	0	0	0	0	0	0	0	0	0	0	0	0	0	0	0	0	0	0	0	0	0	0	0	0	0	0	0	0	0	0	0	0	0	0	0	0	0	0	0	0	0	0	0	0	0	0	0	0	0	0	0	0	0	-1	0	0	0	0	0	0	0	0	0	0	18212596	34	female	none	vocational_secondary_certification	other:Single living with children	unemployedseeking_employment	black_or_african_american	Atheist / Agnostic	no	yes
13095205	-1	0	1	0	0	1	0	-1	1	-1	0	0	1	0	0	0	0	1	-1	1	0	0	-1	-1	0	1	1	-1	0	0	0	1	1	0	-1	-1	1	0	-1	0	1	-1	1	-1	0	0	1	0	0	0	0	-1	0	1	0	0	-1	-1	1	0	-1	-1	-1	0	0	0	0	0	0	0	0	-1	-1	0	0	-1	0	-1	0	0	1	0	1	-1	0	0	1	0	-1	-1	-1	0	0	0	-1	1	0	0	0	-1	1	0	0	-1	-1	-1	1	1	1	-1	0	0	0	0	-1	0	0	0	0	0	1	0	0	0	1	0	0	-1	
43932026	0	0	0	1	0	0	1	0	1	0	0	1	1	1	0	0	1	0	0	0	1	0	0	0	1	1	1	-1	0	0	0	0	0	0	0	1	1	0	-1	0	0	1	0	0	0	0	1	0	0	0	0	1	0	0	0	0	0	0	1	0	0	0	0	0	0	1	0	1	0	0	0	1	0	0	0	0	0	0	0	0	0	0	0	0	0	1	0	1	0	1	0	0	1	0	0	0	1	0	0	0	0	0	0	0	0	1	1	1	0	0	1	0	0	0	0	0	1	0	1	0	1	1	0	1	0	1	0	0	
43939704	0	1	1	-1	1	0	0	0	0	1	0	0	0	0	-1	0	0	0	0	0	-1	0	0	0	0	1	1	0	0	0	0	1	0	1	0	0	1	1	-1	1	1	0	-1	0	1	1	-1	0	0	-1	0	1	0	0	0	0	0	1	0	0	-1	1	1	1	0	0	0	0	-1	0	0	-1	1	0	0	0	0	0	0	1	0	0	0	-1	0	0	0	-1	-1	0	0	0	0	0	1	0	1	-1	0	1	0	0	0	1	-1	0	0	0	0	0	-1	1	1	0	-1	-1	1	0	-1	0	0	0	0	0	1	0	1	-1	
43851130	0	0	0	0	1	1	-1	1	1	0	0	0	0	0	1	0	0	0	1	1	0	1	1	1	0	1	0	0	0	1	0	0	0	0	0	-1	1	0	0	0	0	0	0	1	1	-1	0	0	0	0	0	0	0	0	0	1	1	0	0	1	0	0	0	0	0	0	1	0	1	0	-1	0	0	1	0	1	0	0	0	1	1	0	0	1	1	1	-1	1	1	1	1	-1	-1	1	1	1	1	0	1	-1	0	0	0	0	1	1	0	0	0	0	0	0	0	0	0	0	0	0	0	0	0	1	1	1	0	0	0	1	43851130	25	male	democrat	bachelor	single_living_alone	employee	white	Roman Catholic	yes	yes
21088425	-1	0	1	1	1	0	-1	-1	1	1	0	1	-1	1	-1	-1	-1	0	-1	0	-1	-1	-1	0	0	1	1	-1	-1	-1	1	1	0	-1	0	0	1	1	-1	1	1	-1	1	0	1	1	1	1	1	-1	1	1	1	1	1	-1	0	-1	1	0	-1	-1	-1	1	-1	0	-1	-1	-1	-1	0	-1	1	-1	1	-1	0	-1	1	1	1	1	1	-1	0	-1	-1	-1	1	0	0	1	1	1	-1	0	1	0	0	1	-1	0	-1	-1	1	0	1	1	1	1	-1	1	1	-1	-1	-1	1	-1	0	0	-1	1	0	1	1	-1	-1	-1	21088425	56	female	democrat	high_school	single_living_alone	other:disabled	white	Protestant	no	yes
43102561	0	0	1	1	0	0	1	0	1	0	0	1	1	0	0	0	-1	0	0	0	0	0	0	0	-1	1	1	-1	0	0	0	0	0	0	0	1	-1	0	0	0	0	1	0	0	0	0	1	0	0	0	0	1	0	1	0	0	0	0	1	0	0	0	0	-1	0	-1	0	-1	0	0	0	-1	0	0	0	0	0	0	0	0	0	0	0	0	0	-1	0	-1	0	1	0	0	1	0	0	1	1	0	0	0	0	0	0	0	0	-1	0	1	0	0	-1	0	0	0	0	0	1	0	-1	0	1	1	1	1	0	-1	0	0	43102561	34	male	independent	master	married	selfemployed	hispanic_american	Protestant	yes	no
43780975	0	-1	0	0	0	0	1	1	-1	1	0	1	0	-1	0	1	1	0	0	0	0	1	-1	0	0	0	0	-1	1	-1	1	0	0	0	0	0	0	0	0	1	1	0	1	1	0	1	-1	1	1	1	1	-1	1	1	0	1	0	0	0	1	0	0	0	0	0	0	-1	0	0	1	-1	0	-1	1	0	1	-1	0	0	-1	-1	1	0	0	0	0	0	1	1	0	0	0	1	1	1	0	0	1	0	0	0	0	0	0	0	0	-1	1	0	0	0	-1	1	0	-1	1	1	-1	-1	0	1	1	0	1	1	0	0	0	
6377879	0	0	0	0	0	0	0	0	0	0	0	0	0	0	0	0	0	0	-1	0	0	0	0	0	0	0	0	0	0	0	0	0	0	0	0	0	0	0	0	0	0	0	0	0	0	0	0	0	0	0	0	0	1	1	0	0	0	0	0	0	0	0	0	-1	1	0	0	1	0	0	0	0	0	0	0	0	0	0	0	0	0	0	0	0	0	0	1	0	0	0	0	0	0	0	0	0	0	0	0	0	0	0	0	0	0	0	0	0	0	0	0	0	0	0	0	0	0	0	0	0	0	0	0	1	0	0	0	0	
43608431	0	0	0	0	0	0	0	0	0	0	0	0	0	0	0	0	0	0	0	0	0	0	0	0	0	0	0	0	0	0	0	0	0	0	0	0	0	0	0	0	0	0	0	0	0	0	0	0	0	0	0	0	0	0	0	0	0	0	0	0	0	0	0	0	0	0	0	0	0	0	0	0	0	0	0	0	0	0	0	0	0	0	0	0	0	0	0	0	0	0	0	0	0	0	0	0	0	0	0	0	0	0	0	0	0	0	0	0	0	0	0	0	-1	1	-1	-1	0	0	0	0	0	0	0	0	0	0	0	0	
43822436	0	0	0	0	0	0	0	0	1	0	0	1	1	1	0	0	0	1	0	0	0	0	0	0	0	0	0	0	0	0	0	0	0	0	0	-1	0	0	1	0	0	0	0	0	0	0	1	0	0	0	0	1	0	0	0	0	0	0	0	0	0	0	0	0	0	0	0	1	0	0	0	0	0	0	0	0	0	0	0	0	0	0	0	0	0	0	0	-1	0	0	-1	0	0	0	0	0	0	0	0	0	0	0	0	0	0	0	1	1	0	0	-1	0	0	0	0	0	0	0	0	0	0	0	0	0	0	0	0	0	43822436	19	female	independent	some_college	single_living_with_parents	student	white	Roman Catholic	yes	yes
21785776	1	0	0	0	0	0	0	0	0	1	0	0	0	0	0	0	0	0	0	0	0	0	0	0	0	0	0	0	0	0	0	0	0	0	0	0	0	0	0	0	0	0	0	0	0	0	0	0	0	0	-1	1	1	1	1	1	0	1	0	0	-1	1	1	-1	0	0	0	0	-1	-1	1	1	1	0	0	0	0	1	0	0	0	0	0	1	0	1	0	0	0	0	0	0	0	0	1	0	0	0	0	0	1	1	-1	-1	0	0	0	0	0	1	0	0	0	-1	0	0	0	0	0	0	0	0	0	0	1	0	0	0	
42870640	0	0	1	0	1	0	0	0	0	0	0	0	0	0	0	0	0	0	0	-1	0	0	0	0	0	0	0	0	0	0	0	0	0	0	0	0	0	0	0	0	0	0	0	0	0	0	0	0	1	0	0	0	0	0	0	0	0	0	0	0	0	0	0	0	0	1	1	0	0	0	0	0	1	-1	1	-1	0	0	0	0	0	0	-1	0	0	0	0	0	0	0	0	0	0	0	0	0	0	0	1	0	0	0	0	0	0	0	0	0	0	0	0	0	0	0	0	0	0	0	0	0	0	0	0	0	1	1	1	1	
